Pressure(Pa),Temperature(K),H2S_mole_frac,CO2_mole_frac,H2S_uptake,CO2_uptake,H2S_Error,CO2_Error
0.1,300,0.02,0.98,0.00008,0.00012,0.00023,0.000734
0.1,300,0.04,0.96,7.02661E-05,0.000272778,0.000281064,0.000727407
0.1,300,0.06,0.94,0,0.000363704,0,0.000680427
0.1,300,0.08,0.92,0.000210798,0.000181852,0.000843193,0.000445444
0.1,300,0.1,0.9,0.000210798,9.09259E-05,0.000843193,0.000363704
0.1,300,0.12,0.88,0.000210798,9.09259E-05,0.000843193,0.000363704
0.1,300,0.14,0.86,0.000210798,9.09259E-05,0.000843193,0.000363704
0.1,300,0.16,0.84,0.000210798,9.09259E-05,0.000843193,0.000363704
0.1,300,0.18,0.82,0.000210798,9.09259E-05,0.000843193,0.000363704
0.1,300,0.2,0.8,0.000210798,9.09259E-05,0.000843193,0.000363704
0.1,300,0.22,0.78,0.000210798,9.09259E-05,0.000843193,0.000363704
0.1,300,0.24,0.76,0.000210798,9.09259E-05,0.000843193,0.000363704
0.1,300,0.26,0.74,0.000210798,9.09259E-05,0.000843193,0.000363704
0.1,300,0.28,0.72,7.02661E-05,0.000272778,0.000281064,0.000445444
0.1,300,0.3,0.7,7.02661E-05,0.000272778,0.000281064,0.000445444
0.1,300,0.32,0.68,7.02661E-05,0.000272778,0.000281064,0.000445444
0.1,300,0.34,0.66,7.02661E-05,0.000272778,0.000281064,0.000445444
0.1,300,0.36,0.64,7.02661E-05,0.000272778,0.000281064,0.000445444
0.1,300,0.38,0.62,7.02661E-05,0.000272778,0.000281064,0.000445444
0.1,300,0.4,0.6,7.02661E-05,0.000272778,0.000281064,0.000445444
0.1,300,0.42,0.58,7.02661E-05,0.000272778,0.000281064,0.000445444
0.1,300,0.44,0.56,7.02661E-05,0.000272778,0.000281064,0.000445444
0.1,300,0.46,0.54,7.02661E-05,0.000181852,0.000281064,0.000445444
0.1,300,0.48,0.52,7.02661E-05,0.000181852,0.000281064,0.000445444
0.1,300,0.5,0.5,7.02661E-05,0.000181852,0.000281064,0.000445444
0.1,300,0.52,0.48,7.02661E-05,9.09259E-05,0.000281064,0.000363704
0.1,300,0.54,0.46,0.000140532,9.09259E-05,0.000344232,0.000363704
0.1,300,0.56,0.44,0.000140532,9.09259E-05,0.000344232,0.000363704
0.1,300,0.58,0.42,0.000140532,9.09259E-05,0.000344232,0.000363704
0.1,300,0.6,0.4,0.000140532,9.09259E-05,0.000344232,0.000363704
0.1,300,0.62,0.38,0.000210798,9.09259E-05,0.000344232,0.000363704
0.1,300,0.64,0.36,0.000210798,9.09259E-05,0.000344232,0.000363704
0.1,300,0.66,0.34,0.000210798,9.09259E-05,0.000344232,0.000363704
0.1,300,0.68,0.32,0.000210798,9.09259E-05,0.000344232,0.000363704
0.1,300,0.7,0.3,0.000210798,9.09259E-05,0.000344232,0.000363704
0.1,300,0.72,0.28,0.000210798,0,0.000344232,0
0.1,300,0.74,0.26,0.000210798,0,0.000344232,0
0.1,300,0.76,0.24,0.000210798,0,0.000344232,0
0.1,300,0.78,0.22,0.000210798,0,0.000344232,0
0.1,300,0.8,0.2,0.000210798,0,0.000344232,0
0.1,300,0.82,0.18,0.000210798,0,0.000344232,0
0.1,300,0.84,0.16,0.000421597,0,0.001032697,0
0.1,300,0.86,0.14,0.000421597,0,0.001032697,0
0.1,300,0.88,0.12,0.000421597,0,0.001032697,0
0.1,300,0.9,0.1,0.000421597,0,0.001032697,0
0.1,300,0.92,0.08,0.000421597,0,0.001032697,0
0.1,300,0.94,0.06,0.000421597,0,0.001032697,0
0.1,300,0.96,0.04,0.000421597,0,0.001032697,0
0.1,300,0.98,0.02,0.000421597,0,0.001032697,0
200000.098,300,0.02,0.98,10.03512281,243.2682513,0.321450427,3.929401129
200000.098,300,0.04,0.96,19.44656375,234.2642262,0.462910013,2.728946831
200000.098,300,0.06,0.94,28.74466548,230.1933842,1.202296282,3.041377796
200000.098,300,0.08,0.92,38.18603977,227.3614071,0.869085939,3.993646877
200000.098,300,0.1,0.9,48.16635503,224.6844586,1.090553267,4.810894131
200000.098,300,0.12,0.88,58.00220319,222.2549194,1.812243514,5.786233728
200000.098,300,0.14,0.86,68.89548583,217.145522,2.216582311,2.503164025
200000.098,300,0.16,0.84,79.16649193,215.6668856,2.274965614,5.030938922
200000.098,300,0.18,0.82,89.97440127,211.1631455,0.992777975,3.117740259
200000.098,300,0.2,0.8,100.7728949,206.2015936,2.39158218,3.869547062
200000.098,300,0.22,0.78,113.6289907,203.6185715,2.452844615,4.452404925
200000.098,300,0.24,0.76,125.8439084,199.6308357,3.158694692,3.112910678
200000.098,300,0.26,0.74,138.1423021,195.8446825,3.034976115,6.981882345
200000.098,300,0.28,0.72,150.7899887,191.6580009,2.285116933,1.397214529
200000.098,300,0.3,0.7,165.8219444,187.2005421,4.352576682,3.402820246
200000.098,300,0.32,0.68,180.2920524,181.3112736,5.950484531,2.965034345
200000.098,300,0.34,0.66,195.862387,176.5601242,3.393506155,1.404149508
200000.098,300,0.36,0.64,211.8213633,171.066656,6.806798211,1.868816113
200000.098,300,0.38,0.62,225.469358,165.8947926,4.19671392,1.79263825
200000.098,300,0.4,0.6,240.8794156,158.4886078,3.230274661,2.125911098
200000.098,300,0.42,0.58,257.0120194,153.1390753,9.668378594,2.425281587
200000.098,300,0.44,0.56,272.9577857,145.7586225,7.343749161,1.569052406
200000.098,300,0.46,0.54,289.0394466,138.5257425,4.267517762,3.14979207
200000.098,300,0.48,0.52,303.8473238,131.8645133,4.509672469,1.671106903
200000.098,300,0.5,0.5,315.3557861,125.733382,7.930974259,3.529743179
200000.098,300,0.52,0.48,333.1094288,117.8079196,8.252043087,3.521582696
200000.098,300,0.54,0.46,345.1432004,111.0041187,7.610483296,2.06880134
200000.098,300,0.56,0.44,358.5200382,104.0017358,6.601959052,2.152337237
200000.098,300,0.58,0.42,371.076941,96.99298797,12.24288323,3.690438027
200000.098,300,0.6,0.4,380.1537045,91.63972746,8.067243527,1.471249942
200000.098,300,0.62,0.38,395.948469,84.03541523,6.368158128,2.02025342
200000.098,300,0.64,0.36,406.3474999,77.38146018,3.897229568,1.313908361
200000.098,300,0.66,0.34,414.7171757,72.46909921,3.266105178,1.011852316
200000.098,300,0.68,0.32,424.9595835,65.52045341,4.406895639,0.7376431
200000.098,300,0.7,0.3,433.9472496,60.0438065,10.08859864,2.415582628
200000.098,300,0.72,0.28,444.0283264,55.57334525,7.149063599,0.890670637
200000.098,300,0.74,0.26,450.0705081,49.56623683,5.638863063,2.466634346
200000.098,300,0.76,0.24,460.8003518,44.99166546,4.110546758,2.540199397
200000.098,300,0.78,0.22,467.6536852,40.18132331,4.712694657,1.243106684
200000.098,300,0.8,0.2,475.7802403,35.54564976,3.828834763,0.819936591
200000.098,300,0.82,0.18,478.781235,31.56082357,5.700110689,0.837636421
200000.098,300,0.84,0.16,484.4835395,28.071998,4.947803856,0.989453112
200000.098,300,0.86,0.14,494.5668649,23.61899452,4.443936695,0.736081247
200000.098,300,0.88,0.12,499.162127,19.85684579,7.291536271,1.243504385
200000.098,300,0.9,0.1,502.4228955,16.37965872,5.065635926,0.949890602
200000.098,300,0.92,0.08,508.5294409,12.9662107,6.04967652,0.559756248
200000.098,300,0.94,0.06,514.0995749,9.345451687,6.286839169,0.394769672
200000.098,300,0.96,0.04,518.5775629,6.188960163,3.827949773,0.235337789
200000.098,300,0.98,0.02,524.4187132,3.055472884,7.137003506,0.107551736
400000.096,300,0.02,0.98,18.73132516,421.7108137,0.560861604,6.688129267
400000.096,300,0.04,0.96,37.73549356,406.3068805,0.671853034,4.106788838
400000.096,300,0.06,0.94,56.61409646,397.3317698,1.07468497,2.363505946
400000.096,300,0.08,0.92,75.28295505,388.280918,1.49468983,4.094526097
400000.096,300,0.1,0.9,94.40531103,378.5779458,1.21627621,2.891345594
400000.096,300,0.12,0.88,112.9117847,365.1977496,2.494614244,6.094327491
400000.096,300,0.14,0.86,132.4930485,354.074879,3.184236616,2.003710982
400000.096,300,0.16,0.84,151.5385334,340.8549852,1.015116334,3.172261209
400000.096,300,0.18,0.82,169.0808859,328.8905048,4.450629944,4.652970802
400000.096,300,0.2,0.8,187.1701195,316.7930907,3.604180916,3.245933001
400000.096,300,0.22,0.78,207.1290636,301.5407309,5.442233757,1.329918617
400000.096,300,0.24,0.76,227.9349953,288.7307309,5.375602093,4.367456944
400000.096,300,0.26,0.74,244.4672024,276.7874362,4.729950206,2.447734377
400000.096,300,0.28,0.72,265.2857117,262.4159662,3.493393199,4.022186284
400000.096,300,0.3,0.7,283.634438,247.479301,5.353335322,5.2584116
400000.096,300,0.32,0.68,296.3710111,236.2368629,7.65795351,6.408527181
400000.096,300,0.34,0.66,313.1738833,222.9511387,5.645224024,3.738259017
400000.096,300,0.36,0.64,329.5872704,209.6314083,5.813078524,3.492079212
400000.096,300,0.38,0.62,343.3141037,197.7718563,3.932813218,3.127293666
400000.096,300,0.4,0.6,358.3655934,185.7769158,3.588792904,3.69464484
400000.096,300,0.42,0.58,369.3572485,175.1464088,3.981972028,3.976487068
400000.096,300,0.44,0.56,387.1080103,162.6489209,3.309540315,1.968569756
400000.096,300,0.46,0.54,399.6650536,152.4306718,6.475520509,3.929222157
400000.096,300,0.48,0.52,410.6007067,142.096765,6.700171895,4.902411168
400000.096,300,0.5,0.5,423.3526681,133.6834853,4.319416607,3.110147507
400000.096,300,0.52,0.48,431.0645127,124.5582561,3.826217219,3.308533189
400000.096,300,0.54,0.46,441.7151665,115.9552141,6.966421492,5.441743287
400000.096,300,0.56,0.44,452.1633837,107.7446991,6.498369495,1.071031178
400000.096,300,0.58,0.42,461.0006101,99.60101465,8.923646578,5.554011759
400000.096,300,0.6,0.4,471.5585127,91.63054395,2.254817611,0.843677415
400000.096,300,0.62,0.38,479.8661435,84.43403424,5.378593438,1.965144141
400000.096,300,0.64,0.36,486.8518583,77.74434532,8.323592525,3.477381258
400000.096,300,0.66,0.34,493.2392572,72.52156343,7.303537948,3.499706936
400000.096,300,0.68,0.32,500.3390841,66.65720862,7.461919121,2.278022485
400000.096,300,0.7,0.3,508.9912999,59.22347332,2.552338997,1.384251265
400000.096,300,0.72,0.28,511.6354131,55.02860838,8.352012621,2.850000913
400000.096,300,0.74,0.26,515.6301812,50.1447072,9.265331401,2.464277913
400000.096,300,0.76,0.24,525.2276165,44.38464436,6.146873086,1.842683236
400000.096,300,0.78,0.22,530.2908509,40.20250904,4.26076938,1.528476387
400000.096,300,0.8,0.2,536.549171,34.76496025,8.712364288,2.016520891
400000.096,300,0.82,0.18,540.5749265,30.90661195,4.218474548,1.870864297
400000.096,300,0.84,0.16,545.44254,27.48689004,4.639016649,1.849886738
400000.096,300,0.86,0.14,551.8273391,22.95132587,4.963184529,0.401985558
400000.096,300,0.88,0.12,553.5026234,19.73964234,5.991821236,1.118348618
400000.096,300,0.9,0.1,558.8264747,15.84528739,5.232976116,0.646619721
400000.096,300,0.92,0.08,561.7289564,13.01030974,6.639341539,0.945723031
400000.096,300,0.94,0.06,564.5521076,9.474293643,3.587554978,0.53014276
400000.096,300,0.96,0.04,568.6603554,6.308800458,4.369961458,0.311099587
400000.096,300,0.98,0.02,573.1477592,3.124485618,2.519010548,0.181204648
600000.094,300,0.02,0.98,24.81826628,508.8417092,0.405516935,4.837307558
600000.094,300,0.04,0.96,48.33112902,487.1416142,0.625624636,3.697780946
600000.094,300,0.06,0.94,71.60297906,471.1752136,1.261823008,4.262016114
600000.094,300,0.08,0.92,93.37485873,454.0619649,3.735014399,4.258432379
600000.094,300,0.1,0.9,116.5381476,434.9335263,2.491497395,2.843712571
600000.094,300,0.12,0.88,139.0374219,416.2277111,1.877329349,3.056057044
600000.094,300,0.14,0.86,160.5123571,400.0478165,3.650866409,2.422001041
600000.094,300,0.16,0.84,182.294074,381.9268364,2.379165794,6.28539962
600000.094,300,0.18,0.82,203.5548381,361.7074692,2.241228248,4.402772124
600000.094,300,0.2,0.8,223.7862039,345.2696179,3.038168017,4.127354431
600000.094,300,0.22,0.78,243.6633583,326.9264151,6.664111649,4.339814057
600000.094,300,0.24,0.76,261.683169,312.2247933,6.120235757,4.136666821
600000.094,300,0.26,0.74,282.1126149,293.7905736,5.153306375,5.968163089
600000.094,300,0.28,0.72,299.6529999,277.8515416,5.956478799,4.980054245
600000.094,300,0.3,0.7,319.8630751,259.5082479,8.509477398,8.691715132
600000.094,300,0.32,0.68,335.1368867,243.7651611,4.806301463,5.977219498
600000.094,300,0.34,0.66,347.0460766,231.8284131,5.677100945,5.592351396
600000.094,300,0.36,0.64,364.764516,216.8679254,4.760799895,4.142651125
600000.094,300,0.38,0.62,378.2869451,203.6753093,7.392620028,3.01554285
600000.094,300,0.4,0.6,393.2164529,190.7872948,10.8305611,7.046077384
600000.094,300,0.42,0.58,407.4007184,179.735892,8.11408698,6.885333181
600000.094,300,0.44,0.56,419.0449348,167.9232578,7.845920361,8.484052806
600000.094,300,0.46,0.54,431.6519373,154.3283856,5.094043194,2.625337882
600000.094,300,0.48,0.52,445.2394329,142.5553042,9.789716241,7.557201309
600000.094,300,0.5,0.5,453.6269563,133.5266382,8.002367062,5.760028095
600000.094,300,0.52,0.48,465.413602,123.8253027,6.75955608,4.663963115
600000.094,300,0.54,0.46,470.4575132,117.2241756,5.830946454,3.542771841
600000.094,300,0.56,0.44,480.9719211,108.2821619,6.267299726,3.592933887
600000.094,300,0.58,0.42,489.6345362,100.4869054,3.445166694,2.894366813
600000.094,300,0.6,0.4,498.4806162,92.35094961,3.466348797,6.064097633
600000.094,300,0.62,0.38,503.128859,86.29446843,5.847472519,2.561863438
600000.094,300,0.64,0.36,511.2674998,78.94774919,4.076817123,2.746802434
600000.094,300,0.66,0.34,518.0595612,72.38799333,7.76379351,3.074429986
600000.094,300,0.68,0.32,525.733673,64.95125748,6.42179619,3.839294923
600000.094,300,0.7,0.3,534.0679346,59.42405578,3.312639391,1.541036813
600000.094,300,0.72,0.28,537.3431779,55.60489653,5.489608492,2.538252474
600000.094,300,0.74,0.26,541.7922163,49.76645559,6.984289513,2.761726954
600000.094,300,0.76,0.24,544.2532864,45.39346687,5.754699918,1.950232782
600000.094,300,0.78,0.22,550.9866756,40.92273284,6.168042192,1.613882539
600000.094,300,0.8,0.2,556.7993681,36.219956,6.908289429,2.251937354
600000.094,300,0.82,0.18,559.5887213,32.74667875,3.963933975,2.924151084
600000.094,300,0.84,0.16,562.1085338,28.48834755,3.064303078,0.993677296
600000.094,300,0.86,0.14,570.3300184,23.46760295,5.603048332,0.867684825
600000.094,300,0.88,0.12,574.4306775,19.83875154,5.289420804,0.840485678
600000.094,300,0.9,0.1,576.7525504,16.47640385,3.251045908,1.511224654
600000.094,300,0.92,0.08,579.6562969,12.74416972,4.191225714,0.539479966
600000.094,300,0.94,0.06,584.2032159,9.546579708,1.470298144,0.474126435
600000.094,300,0.96,0.04,585.908012,6.334987108,3.895880239,0.237268506
600000.094,300,0.98,0.02,589.5735834,3.196589832,2.961686182,0.261534411
800000.092,300,0.02,0.98,27.669805,551.8628292,0.974141486,5.297583386
800000.092,300,0.04,0.96,55.19682929,529.8558594,1.112772823,3.334402297
800000.092,300,0.06,0.94,80.72386969,506.7300468,2.233839961,4.424969718
800000.092,300,0.08,0.92,106.3292568,484.1149648,1.632191403,2.734583883
800000.092,300,0.1,0.9,130.1904988,460.4711475,3.186019078,3.157858245
800000.092,300,0.12,0.88,154.422254,440.0050984,1.526465088,4.214375283
800000.092,300,0.14,0.86,175.169654,420.9423992,2.543305078,2.229326117
800000.092,300,0.16,0.84,200.3353159,396.9616106,4.818502255,4.903923961
800000.092,300,0.18,0.82,218.0824238,380.3381797,0.935005785,3.579721007
800000.092,300,0.2,0.8,243.6356734,355.2803742,8.449836928,10.04548996
800000.092,300,0.22,0.78,263.5482419,336.416348,3.431655281,3.798975564
800000.092,300,0.24,0.76,280.4168832,319.3539269,2.849342207,4.135099731
800000.092,300,0.26,0.74,302.6461248,298.7058442,7.557927522,8.547045248
800000.092,300,0.28,0.72,319.485957,283.41475,6.299362759,5.656100566
800000.092,300,0.3,0.7,333.8297968,269.4048012,10.41991594,8.259544226
800000.092,300,0.32,0.68,351.6650184,250.6575238,5.126717019,3.94692291
800000.092,300,0.34,0.66,370.8841308,232.3185036,5.417934544,6.048105368
800000.092,300,0.36,0.64,386.3378236,218.0545079,3.679069337,4.405837988
800000.092,300,0.38,0.62,402.098509,201.580741,7.313386233,5.984595428
800000.092,300,0.4,0.6,413.3283663,192.6266342,7.856277727,6.482011982
800000.092,300,0.42,0.58,427.3086493,178.5217589,9.198832818,8.337255471
800000.092,300,0.44,0.56,439.8809404,166.7559515,7.926813572,7.105492934
800000.092,300,0.46,0.54,447.4265354,158.1234495,9.180193007,5.762298102
800000.092,300,0.48,0.52,460.7820826,143.3241733,13.23270669,9.748787268
800000.092,300,0.5,0.5,469.637016,134.9690862,3.976856966,4.292263285
800000.092,300,0.52,0.48,479.1637636,125.7329274,7.074597929,3.751092131
800000.092,300,0.54,0.46,486.130085,117.5520542,7.761509175,4.278877831
800000.092,300,0.56,0.44,498.4974098,107.6365883,4.108768716,2.199970386
800000.092,300,0.58,0.42,504.8933109,99.95262499,3.701872695,2.419472635
800000.092,300,0.6,0.4,510.2942441,94.88214393,8.136427266,2.730492197
800000.092,300,0.62,0.38,520.0736686,85.31383294,5.513362459,5.16095487
800000.092,300,0.64,0.36,525.2952828,79.40101464,5.046258867,1.505009084
800000.092,300,0.66,0.34,532.328919,72.52701898,4.401013651,4.253269897
800000.092,300,0.68,0.32,535.9675083,67.63557096,4.060447583,3.421523801
800000.092,300,0.7,0.3,544.8881405,60.25202674,6.697817399,3.346099732
800000.092,300,0.72,0.28,548.2489679,55.6434491,7.509632724,3.670816253
800000.092,300,0.74,0.26,554.3035164,49.70762655,4.718631821,2.740492498
800000.092,300,0.76,0.24,559.8917088,45.41428889,3.519212925,1.72764328
800000.092,300,0.78,0.22,565.7563982,40.92582432,6.199010125,2.532209881
800000.092,300,0.8,0.2,567.7370589,36.58247744,3.959230674,1.867235499
800000.092,300,0.82,0.18,571.4004521,31.78450121,3.212657594,1.868069346
800000.092,300,0.84,0.16,575.8297458,28.20620458,2.500674418,1.808786855
800000.092,300,0.86,0.14,577.5373525,24.63109036,5.762768298,1.679637969
800000.092,300,0.88,0.12,583.459098,20.57152311,4.332749031,1.410247499
800000.092,300,0.9,0.1,586.3149932,16.82665029,5.001935039,1.174261797
800000.092,300,0.92,0.08,589.1680778,13.00758197,1.728051328,0.266428993
800000.092,300,0.94,0.06,594.1873256,9.623230215,2.48861107,1.358584789
800000.092,300,0.96,0.04,597.8251419,6.49956293,4.289728447,0.412285842
800000.092,300,0.98,0.02,599.2615917,3.183041878,1.605320403,0.497147062
1000000.09,300,0.02,0.98,30.5195168,580.5008408,0.732573117,4.018406162
1000000.09,300,0.04,0.96,58.64584063,554.3451054,1.810471661,2.153141107
1000000.09,300,0.06,0.94,84.93491684,529.0192505,1.631941872,0.76965675
1000000.09,300,0.08,0.92,111.1162049,505.3999832,3.466929494,5.083795632
1000000.09,300,0.1,0.9,137.482363,479.8253551,3.222895106,5.359853591
1000000.09,300,0.12,0.88,161.4121145,457.5448803,3.734485178,4.582073328
1000000.09,300,0.14,0.86,185.8883254,432.8118621,4.383251745,4.735711434
1000000.09,300,0.16,0.84,207.3134419,411.3961832,4.933837034,4.653669291
1000000.09,300,0.18,0.82,229.6473801,390.2413706,6.139528987,3.799359478
1000000.09,300,0.2,0.8,253.2787114,366.785679,5.769819674,5.829007553
1000000.09,300,0.22,0.78,275.928847,344.8848197,10.85602864,10.85555414
1000000.09,300,0.24,0.76,293.2964478,326.5097018,9.675492913,7.412814579
1000000.09,300,0.26,0.74,311.6698375,307.8621701,6.96364658,8.929675777
1000000.09,300,0.28,0.72,333.8503848,285.5811497,5.871223835,2.572014022
1000000.09,300,0.3,0.7,351.6656508,268.4391685,3.655199781,3.650129649
1000000.09,300,0.32,0.68,366.8088378,252.5930628,2.426760693,3.844229217
1000000.09,300,0.34,0.66,382.5983323,238.2715111,7.741253283,5.543555135
1000000.09,300,0.36,0.64,393.3505909,223.3569409,6.529061367,6.968878871
1000000.09,300,0.38,0.62,409.0864021,209.1061295,11.06604978,11.49109917
1000000.09,300,0.4,0.6,425.6289383,193.4824285,8.436140179,7.688177122
1000000.09,300,0.42,0.58,435.4831259,183.7293561,6.547823926,4.94961955
1000000.09,300,0.44,0.56,446.7435489,168.5821066,6.398855022,5.257705092
1000000.09,300,0.46,0.54,461.7162703,156.2054593,7.317453669,5.533930341
1000000.09,300,0.48,0.52,471.5254174,146.5840476,4.755609037,5.073524417
1000000.09,300,0.5,0.5,482.964246,133.3842483,9.51268488,8.719918886
1000000.09,300,0.52,0.48,489.407366,127.7767591,4.811079901,5.933146505
1000000.09,300,0.54,0.46,498.6035116,117.4240306,7.58787138,5.258779065
1000000.09,300,0.56,0.44,508.2249076,107.2569728,6.992370132,7.189087757
1000000.09,300,0.58,0.42,514.2363127,101.502911,6.480473509,4.387871631
1000000.09,300,0.6,0.4,520.6267331,94.16582994,6.402154882,5.716156631
1000000.09,300,0.62,0.38,528.4895092,86.06842672,5.778717619,1.410045769
1000000.09,300,0.64,0.36,533.9172841,80.03140369,4.828947114,2.502751772
1000000.09,300,0.66,0.34,539.0126301,74.6588669,3.199176397,1.90366055
1000000.09,300,0.68,0.32,545.2998999,68.40207604,3.739360179,3.339115096
1000000.09,300,0.7,0.3,551.6446473,62.1380111,5.366088453,4.074697035
1000000.09,300,0.72,0.28,558.6634574,55.13971979,6.806353651,3.040979913
1000000.09,300,0.74,0.26,560.7393989,51.41012251,2.994165044,2.357276426
1000000.09,300,0.76,0.24,565.7053148,46.58786908,2.952029253,2.591292853
1000000.09,300,0.78,0.22,570.6211309,42.0698536,1.645748982,2.768553666
1000000.09,300,0.8,0.2,574.800488,37.02974179,3.937494999,2.985543136
1000000.09,300,0.82,0.18,580.4707512,32.30241496,4.145436578,1.445413317
1000000.09,300,0.84,0.16,583.8510423,28.64010283,3.918925827,1.339731947
1000000.09,300,0.86,0.14,584.2308305,26.01670967,1.45149841,1.001724214
1000000.09,300,0.88,0.12,588.9019801,21.05697632,3.940001449,1.071920339
1000000.09,300,0.9,0.1,594.9885699,17.18244322,5.75909112,1.389282597
1000000.09,300,0.92,0.08,595.8779981,13.75762945,4.927072049,0.589183744
1000000.09,300,0.94,0.06,599.5626117,10.27353203,2.950875438,0.771550566
1000000.09,300,0.96,0.04,604.9985374,6.583578432,3.526685695,0.672831865
1000000.09,300,0.98,0.02,605.9314604,3.425086539,1.290400891,0.12734219
1200000.088,300,0.02,0.98,31.74608178,601.1182814,0.647948908,5.197527122
1200000.088,300,0.04,0.96,61.52393994,571.7673202,1.601702064,2.021031678
1200000.088,300,0.06,0.94,89.13408902,545.3911805,1.483728388,2.021391663
1200000.088,300,0.08,0.92,115.8349948,519.2163508,2.772261662,2.780737384
1200000.088,300,0.1,0.9,144.3487659,490.5939785,4.768168523,7.181524223
1200000.088,300,0.12,0.88,167.7383116,467.4765311,4.251606329,5.32446084
1200000.088,300,0.14,0.86,191.5997645,442.1347641,3.906202536,3.435215267
1200000.088,300,0.16,0.84,215.3,418.23,5.48,2.45
1200000.088,300,0.18,0.82,238.8152787,394.5772616,7.167197796,7.448861679
1200000.088,300,0.2,0.8,259.2697393,374.6207611,7.178933185,6.683375555
1200000.088,300,0.22,0.78,280.3806961,351.6630704,6.422779392,6.557112357
1200000.088,300,0.24,0.76,301.6139159,330.8393189,2.551638288,4.492707995
1200000.088,300,0.26,0.74,322.1675923,310.9594689,8.46751699,9.063790244
1200000.088,300,0.28,0.72,340.1323846,291.8082988,1.981949612,4.676681914
1200000.088,300,0.3,0.7,357.240844,273.0986646,7.914463714,6.855482814
1200000.088,300,0.32,0.68,370.3550974,258.7026447,4.804332684,3.709156836
1200000.088,300,0.34,0.66,391.5163647,237.4868209,8.544987106,7.973569698
1200000.088,300,0.36,0.64,404.0010339,223.8331197,6.097280795,7.196282856
1200000.088,300,0.38,0.62,420.8335583,205.7854259,5.104680644,2.862485417
1200000.088,300,0.4,0.6,429.2203088,197.0335383,6.87590175,7.057778165
1200000.088,300,0.42,0.58,448.3658526,179.7287088,7.385010767,6.670148667
1200000.088,300,0.44,0.56,454.8727741,170.4775473,6.922490458,4.341628265
1200000.088,300,0.46,0.54,468.2873449,158.0780775,6.782112633,6.475870768
1200000.088,300,0.48,0.52,477.2046043,149.4515767,9.140225266,9.110846021
1200000.088,300,0.5,0.5,489.8554528,135.8681612,4.740336266,4.400941034
1200000.088,300,0.52,0.48,494.6225156,129.4034229,6.458679358,5.565558639
1200000.088,300,0.54,0.46,504.6249647,119.0358735,12.24446421,10.32617287
1200000.088,300,0.56,0.44,513.8096569,110.7232487,4.065595079,4.282499655
1200000.088,300,0.58,0.42,520.6071288,101.3757967,3.695185257,5.643971631
1200000.088,300,0.6,0.4,526.0509244,96.7603996,3.983595431,4.053022585
1200000.088,300,0.62,0.38,535.9701784,86.23909458,2.820295873,2.523604719
1200000.088,300,0.64,0.36,540.7172153,81.51285886,13.63206121,9.663670366
1200000.088,300,0.66,0.34,547.1318775,73.60330849,6.541113696,4.272604435
1200000.088,300,0.68,0.32,550.7673751,69.14121242,3.216873716,4.662059978
1200000.088,300,0.7,0.3,558.910794,62.21366143,2.144099925,4.079838162
1200000.088,300,0.72,0.28,564.2205921,55.47278124,5.809464065,3.565815271
1200000.088,300,0.74,0.26,569.5209043,50.7809155,6.190180448,3.91597322
1200000.088,300,0.76,0.24,571.0290958,47.91293176,5.823890127,2.446107513
1200000.088,300,0.78,0.22,576.9445174,42.26698088,6.222217215,4.620235057
1200000.088,300,0.8,0.2,581.3568769,37.32906974,5.719087285,0.609567836
1200000.088,300,0.82,0.18,587.1468033,32.32087291,2.464218658,2.424310132
1200000.088,300,0.84,0.16,588.4120146,29.63492275,4.524992808,1.988341927
1200000.088,300,0.86,0.14,592.0073902,25.44596799,4.696586937,2.131961809
1200000.088,300,0.88,0.12,596.6718645,20.89276421,5.681257868,2.043024149
1200000.088,300,0.9,0.1,599.5042205,17.5553302,5.959749804,0.550270435
1200000.088,300,0.92,0.08,601.0192981,14.21362268,4.131045572,0.7618981
1200000.088,300,0.94,0.06,605.8412387,9.982932951,6.514575042,0.529584481
1200000.088,300,0.96,0.04,610.1097635,6.673958746,5.183372342,0.524678347
1200000.088,300,0.98,0.02,611.6948261,3.469549289,4.661572324,0.360215472
1400000.086,300,0.02,0.98,33.05345277,615.4333774,0.850691799,3.000030134
1400000.086,300,0.04,0.96,63.17919837,586.3685598,1.726702049,3.251976182
1400000.086,300,0.06,0.94,92.96471553,556.7416386,2.785044805,1.579367375
1400000.086,300,0.08,0.92,121.0036283,527.0541607,3.371010111,5.331870952
1400000.086,300,0.1,0.9,146.4128325,501.2012994,3.847195209,6.314035152
1400000.086,300,0.12,0.88,171.9505533,475.906723,2.174769504,4.637277755
1400000.086,300,0.14,0.86,196.4867012,448.8631875,6.927756927,7.946717273
1400000.086,300,0.16,0.84,222.9591719,423.5316042,6.336973011,5.875206737
1400000.086,300,0.18,0.82,244.9235105,399.8355046,6.242221421,5.94540467
1400000.086,300,0.2,0.8,267.9023509,376.9418257,8.650422931,10.67565232
1400000.086,300,0.22,0.78,290.6259146,352.1814387,11.79911857,13.61175712
1400000.086,300,0.24,0.76,308.8362166,334.1301989,5.050982109,4.357579246
1400000.086,300,0.26,0.74,327.6038693,313.3263602,9.089149003,8.406339325
1400000.086,300,0.28,0.72,347.3201144,294.3298549,5.981037577,6.610640799
1400000.086,300,0.3,0.7,363.894973,274.7807023,11.39638698,9.481579377
1400000.086,300,0.32,0.68,382.6085209,256.0901626,8.764221161,6.979334164
1400000.086,300,0.34,0.66,396.3315597,241.5816673,10.23938604,9.241069208
1400000.086,300,0.36,0.64,411.0142929,225.3033,3.442907379,3.227887049
1400000.086,300,0.38,0.62,425.8483793,210.2048777,3.299004192,2.336319169
1400000.086,300,0.4,0.6,436.3684085,197.9344318,2.894314655,1.680480241
1400000.086,300,0.42,0.58,448.638485,185.7333623,8.303361089,5.643250485
1400000.086,300,0.44,0.56,462.5929804,170.6073894,6.725739425,4.180859826
1400000.086,300,0.46,0.54,470.4483084,162.1811073,5.878822317,4.884439842
1400000.086,300,0.48,0.52,483.4556871,148.9618499,9.392359328,9.105413743
1400000.086,300,0.5,0.5,493.449915,137.206499,6.111218764,5.272205075
1400000.086,300,0.52,0.48,502.0644681,128.0305332,5.356823339,4.974967307
1400000.086,300,0.54,0.46,507.4134747,120.9190391,1.634998094,3.9745969
1400000.086,300,0.56,0.44,517.0371895,111.4859349,4.439880189,4.640185358
1400000.086,300,0.58,0.42,520.6863187,107.9539196,5.628291605,2.409857913
1400000.086,300,0.6,0.4,532.5747098,95.5540861,4.396680678,3.526935391
1400000.086,300,0.62,0.38,537.3669981,89.20227771,4.141071661,3.566136366
1400000.086,300,0.64,0.36,546.083929,81.25599328,5.246906985,4.441157579
1400000.086,300,0.66,0.34,550.7765097,76.0279377,7.834420852,7.155874296
1400000.086,300,0.68,0.32,554.7674834,69.77751165,3.823905922,3.69419687
1400000.086,300,0.7,0.3,563.676592,62.89796951,4.666598958,4.12529581
1400000.086,300,0.72,0.28,565.3055709,59.02161789,5.216297096,3.835318172
1400000.086,300,0.74,0.26,572.6495023,53.02423853,2.602936369,2.341904885
1400000.086,300,0.76,0.24,575.9468091,47.79800146,7.489141971,2.541992855
1400000.086,300,0.78,0.22,579.445358,43.70906516,3.648134345,1.784732118
1400000.086,300,0.8,0.2,586.5938793,37.89353754,4.236365582,3.074600859
1400000.086,300,0.82,0.18,587.9244381,34.17657896,4.363392859,2.404242729
1400000.086,300,0.84,0.16,593.4308408,28.30540471,4.110636765,1.523841341
1400000.086,300,0.86,0.14,595.667762,26.11690998,4.673333618,2.16608707
1400000.086,300,0.88,0.12,599.8563942,21.14844775,4.868682292,2.706519934
1400000.086,300,0.9,0.1,604.1116387,18.15998723,4.309766659,1.045493867
1400000.086,300,0.92,0.08,606.9372493,13.77872426,1.719886266,1.521572794
1400000.086,300,0.94,0.06,612.0012566,10.73825414,2.47779376,0.41245778
1400000.086,300,0.96,0.04,613.2401181,6.642862099,5.045676592,0.586618753
1400000.086,300,0.98,0.02,616.782232,3.404628219,3.712727404,0.324396893
1600000.084,300,0.02,0.98,33.82321785,626.3742144,0.974137837,3.130250507
1600000.084,300,0.04,0.96,64.91055498,596.540164,2.236538547,3.767568166
1600000.084,300,0.06,0.94,96.58665173,562.5918999,1.916985798,2.509972418
1600000.084,300,0.08,0.92,123.4372946,535.443345,3.650147435,5.924865865
1600000.084,300,0.1,0.9,151.4107194,505.9524488,5.844812003,7.943508329
1600000.084,300,0.12,0.88,178.6876666,477.9190943,3.599799976,3.12299103
1600000.084,300,0.14,0.86,204.8440102,450.783269,4.306048182,2.888505501
1600000.084,300,0.16,0.84,227.1530039,426.7725659,6.65057038,6.773471014
1600000.084,300,0.18,0.82,249.1806522,403.2865959,10.86473903,12.34749286
1600000.084,300,0.2,0.8,273.7237564,379.17251,8.942142289,9.106173361
1600000.084,300,0.22,0.78,293.3187222,357.0203316,8.634506187,7.129495118
1600000.084,300,0.24,0.76,311.606879,338.2624159,10.95883789,11.61919046
1600000.084,300,0.26,0.74,333.6557477,313.674879,8.541369994,8.291366601
1600000.084,300,0.28,0.72,349.8405592,297.5381742,6.607379197,9.094200809
1600000.084,300,0.3,0.7,367.9197447,276.2201497,8.044573145,8.205190703
1600000.084,300,0.32,0.68,385.7891157,259.0215217,8.678567138,8.112927582
1600000.084,300,0.34,0.66,398.7209583,245.4693847,7.536833146,5.903129005
1600000.084,300,0.36,0.64,419.2207406,222.0455171,6.14899717,6.417570625
1600000.084,300,0.38,0.62,430.6556343,210.4531963,4.939041707,2.971477002
1600000.084,300,0.4,0.6,442.4846506,197.2699455,9.652250833,10.17661664
1600000.084,300,0.42,0.58,453.5013907,185.7382723,6.040072668,7.615940917
1600000.084,300,0.44,0.56,468.229024,171.0637463,6.263025515,7.207951602
1600000.084,300,0.46,0.54,475.6407621,161.3655932,6.854205379,8.109370772
1600000.084,300,0.48,0.52,488.4787292,149.7499954,4.089540395,6.313041139
1600000.084,300,0.5,0.5,498.5779347,137.6736762,2.552980753,3.79362736
1600000.084,300,0.52,0.48,500.7968678,134.0954704,9.071603055,6.723944737
1600000.084,300,0.54,0.46,512.3378633,123.7432875,8.286287097,7.485749215
1600000.084,300,0.56,0.44,520.8417473,112.9262007,12.27273901,9.812733634
1600000.084,300,0.58,0.42,529.6399058,103.9345415,4.115645798,3.670988742
1600000.084,300,0.6,0.4,533.6886382,98.35042026,3.223367036,5.753397623
1600000.084,300,0.62,0.38,542.044823,90.09235103,5.863559883,3.865314755
1600000.084,300,0.64,0.36,545.7389927,84.86265878,5.032982786,6.455935917
1600000.084,300,0.66,0.34,554.5131904,76.38182118,1.717856613,4.325638388
1600000.084,300,0.68,0.32,560.3539191,69.85934493,4.557507484,4.275458613
1600000.084,300,0.7,0.3,566.1174957,62.66529022,5.622998642,3.32762475
1600000.084,300,0.72,0.28,570.0301227,59.60081567,4.473551101,3.065582483
1600000.084,300,0.74,0.26,575.9923415,53.57088485,4.822293836,5.179069701
1600000.084,300,0.76,0.24,578.6520538,49.3830212,1.441161616,2.612570787
1600000.084,300,0.78,0.22,582.8229088,43.66432963,4.941370775,2.785298657
1600000.084,300,0.8,0.2,586.9934124,39.3925414,1.873470148,1.923726367
1600000.084,300,0.82,0.18,591.949772,34.65639477,5.69210949,2.976886661
1600000.084,300,0.84,0.16,594.9393133,30.4768963,4.687052699,1.310551532
1600000.084,300,0.86,0.14,600.9818463,25.11990783,2.205641127,1.661404336
1600000.084,300,0.88,0.12,604.1768457,21.58480099,2.092617008,1.125383329
1600000.084,300,0.9,0.1,606.5652606,17.63561774,1.38833613,1.581106306
1600000.084,300,0.92,0.08,610.0501779,14.42056996,4.725303633,1.672939774
1600000.084,300,0.94,0.06,613.8876905,10.11859435,3.800136906,0.775582713
1600000.084,300,0.96,0.04,615.8262618,6.772886091,4.097698838,0.686194728
1600000.084,300,0.98,0.02,618.6125233,3.512466299,2.105908832,0.547816699
1800000.082,300,0.02,0.98,34.57028699,637.2974117,1.007223685,4.527339974
1800000.082,300,0.04,0.96,65.7044916,604.7107625,1.122643371,3.68066062
1800000.082,300,0.06,0.94,96.29097199,574.3067888,1.891648058,3.279042559
1800000.082,300,0.08,0.92,125.8392708,543.0355641,4.671904625,3.765463027
1800000.082,300,0.1,0.9,151.0127322,515.4080117,2.479115779,3.671390463
1800000.082,300,0.12,0.88,181.2364287,485.4499384,6.510303926,6.36062481
1800000.082,300,0.14,0.86,202.4228513,461.7071938,3.928477502,3.895736405
1800000.082,300,0.16,0.84,229.1423074,432.2164795,2.73027682,3.863310679
1800000.082,300,0.18,0.82,251.9520875,408.3062494,6.756259445,7.697673035
1800000.082,300,0.2,0.8,272.9804114,385.1597057,4.639249215,4.861880413
1800000.082,300,0.22,0.78,297.1429545,360.7280158,9.617666427,8.661915833
1800000.082,300,0.24,0.76,318.4560668,337.0593757,9.169879661,7.446258302
1800000.082,300,0.26,0.74,334.3324804,319.0386869,7.846899481,7.797320494
1800000.082,300,0.28,0.72,358.1282345,294.19974,6.545940424,7.250536462
1800000.082,300,0.3,0.7,372.2396341,279.3280868,8.701377101,6.971328794
1800000.082,300,0.32,0.68,389.9947524,259.7786614,9.622847098,8.359488249
1800000.082,300,0.34,0.66,406.8963484,242.8181682,6.558359425,3.801166936
1800000.082,300,0.36,0.64,418.6484232,228.5178023,13.67302021,16.21816575
1800000.082,300,0.38,0.62,433.4301614,212.767987,9.391953724,12.48727309
1800000.082,300,0.4,0.6,449.439659,197.6392864,2.343991902,4.106744952
1800000.082,300,0.42,0.58,456.2783771,187.2019969,3.579634333,5.467672659
1800000.082,300,0.44,0.56,472.1916805,171.5201942,8.344740147,8.179760674
1800000.082,300,0.46,0.54,481.2603634,161.6644665,8.34708791,7.829248881
1800000.082,300,0.48,0.52,490.1890763,150.1914405,7.890580367,6.93492302
1800000.082,300,0.5,0.5,497.994445,142.0224786,5.503420901,4.081326993
1800000.082,300,0.52,0.48,506.9017267,132.3136871,4.575035384,3.521719187
1800000.082,300,0.54,0.46,513.3322691,125.7131965,5.814413736,7.729734599
1800000.082,300,0.56,0.44,525.8681623,111.3277239,3.301925168,5.720745326
1800000.082,300,0.58,0.42,534.2965805,102.323517,3.636312958,4.323105481
1800000.082,300,0.6,0.4,536.7121884,99.09492127,4.541994843,4.851635935
1800000.082,300,0.62,0.38,543.5709323,91.13345223,5.465015133,3.736639186
1800000.082,300,0.64,0.36,547.5188329,86.5607903,9.277167247,6.159111632
1800000.082,300,0.66,0.34,556.0717627,76.96338303,3.800287481,3.082549981
1800000.082,300,0.68,0.32,564.9281015,70.3871696,7.344690565,5.709270119
1800000.082,300,0.7,0.3,567.9666183,64.84505606,7.073497853,4.652080805
1800000.082,300,0.72,0.28,571.5825116,59.62854806,2.966787983,4.396368159
1800000.082,300,0.74,0.26,576.3195005,54.32211438,5.18088785,5.637316221
1800000.082,300,0.76,0.24,583.6267529,48.16625123,6.492835437,4.26754069
1800000.082,300,0.78,0.22,586.1569648,45.34736746,4.693518376,3.088096165
1800000.082,300,0.8,0.2,590.3875459,38.90972504,5.300113071,2.351561128
1800000.082,300,0.82,0.18,594.0550145,34.94435699,3.22910558,2.303308041
1800000.082,300,0.84,0.16,599.8870302,30.51444868,1.91244113,1.868422979
1800000.082,300,0.86,0.14,602.2570354,26.68983388,3.370746037,3.544773426
1800000.082,300,0.88,0.12,605.4654556,21.92413633,1.599925679,1.563311956
1800000.082,300,0.9,0.1,608.0642472,18.19181128,5.322098309,0.788575813
1800000.082,300,0.92,0.08,614.8518116,13.8119122,3.831721818,1.188640962
1800000.082,300,0.94,0.06,616.4499437,10.50457466,4.008552678,1.183208429
1800000.082,300,0.96,0.04,619.8469581,6.753700732,3.807561669,0.774455201
1800000.082,300,0.98,0.02,623.3302593,3.420903949,3.202035412,0.397806899
2000000.08,300,0.02,0.98,35.01373632,643.9013576,1.448101062,5.788554246
2000000.08,300,0.04,0.96,67.88365405,609.095117,2.479732149,7.548165086
2000000.08,300,0.06,0.94,98.25701737,578.3098001,2.118196916,3.669996639
2000000.08,300,0.08,0.92,127.5075285,547.7417052,4.998231717,7.86636041
2000000.08,300,0.1,0.9,154.4661703,519.6945299,6.887734567,6.092136028
2000000.08,300,0.12,0.88,181.5540315,488.2958272,5.300642724,4.956359219
2000000.08,300,0.14,0.86,206.0814664,463.8039443,3.285197973,4.755855959
2000000.08,300,0.16,0.84,232.1442155,435.003812,4.762670728,6.132177804
2000000.08,300,0.18,0.82,258.198884,407.4093566,7.600618693,7.41717742
2000000.08,300,0.2,0.8,276.4840195,387.7270885,5.766663127,6.894025045
2000000.08,300,0.22,0.78,297.7629122,365.8603264,7.6915954,11.11466418
2000000.08,300,0.24,0.76,319.6398397,341.0291082,9.131934771,8.442353116
2000000.08,300,0.26,0.74,340.0550216,320.1801703,9.908168893,12.32406818
2000000.08,300,0.28,0.72,357.4269086,300.8761538,5.46740575,5.281183986
2000000.08,300,0.3,0.7,374.8420795,279.5724956,4.029562602,5.171429628
2000000.08,300,0.32,0.68,393.5119218,262.0608098,9.261813352,10.81623505
2000000.08,300,0.34,0.66,406.6891337,247.319817,5.654283589,5.20358065
2000000.08,300,0.36,0.64,424.5152207,226.9513314,8.081471052,5.374733359
2000000.08,300,0.38,0.62,434.3351887,218.2457251,8.38274169,11.4161104
2000000.08,300,0.4,0.6,446.6472141,201.1248386,4.408415799,4.525352357
2000000.08,300,0.42,0.58,459.7765045,188.6870891,14.85659877,16.17519815
2000000.08,300,0.44,0.56,472.2667247,176.1315906,9.876438994,10.64442993
2000000.08,300,0.46,0.54,483.1855139,162.9755266,8.302878198,7.793015273
2000000.08,300,0.48,0.52,491.998358,151.8509285,3.931339885,6.509667954
2000000.08,300,0.5,0.5,500.9489939,142.6097688,15.90672645,13.5616921
2000000.08,300,0.52,0.48,507.8539729,133.1926675,6.650803965,6.866487391
2000000.08,300,0.54,0.46,517.0700038,125.3342175,4.94391084,3.5765253
2000000.08,300,0.56,0.44,527.408887,114.3581922,10.08019246,10.18452844
2000000.08,300,0.58,0.42,533.6341118,107.5855789,7.410794231,8.955502709
2000000.08,300,0.6,0.4,543.0972685,95.58181849,9.207503861,8.778032005
2000000.08,300,0.62,0.38,549.7650995,89.73764922,5.743587126,4.764493804
2000000.08,300,0.64,0.36,552.5168603,85.94067588,2.913414592,2.717679911
2000000.08,300,0.66,0.34,560.5138448,77.66714925,6.109112259,3.576179504
2000000.08,300,0.68,0.32,566.0728064,69.23804847,4.96084518,2.29576223
2000000.08,300,0.7,0.3,572.5698205,64.84969328,3.910443236,2.762909653
2000000.08,300,0.72,0.28,576.1519158,61.3422279,4.311662213,3.877901329
2000000.08,300,0.74,0.26,581.2419918,53.80538267,6.575447119,3.073467216
2000000.08,300,0.76,0.24,583.2543426,50.86593119,3.138673701,3.873122702
2000000.08,300,0.78,0.22,590.2971837,44.04012624,8.973915078,3.971969513
2000000.08,300,0.8,0.2,595.1782181,39.35489809,3.465102977,2.500717377
2000000.08,300,0.82,0.18,597.9384109,34.63793682,1.925784141,1.994968805
2000000.08,300,0.84,0.16,601.5628766,30.84741921,4.045231978,2.540957153
2000000.08,300,0.86,0.14,604.0449562,26.9412439,4.863648584,2.822934096
2000000.08,300,0.88,0.12,607.7831125,22.18100191,2.087197211,1.475128384
2000000.08,300,0.9,0.1,611.2955742,18.38566523,5.485596035,1.166742094
2000000.08,300,0.92,0.08,613.5820329,14.77090733,5.984417396,2.372995154
2000000.08,300,0.94,0.06,618.574158,11.15205777,2.433081681,0.542027703
2000000.08,300,0.96,0.04,620.4265831,7.170595839,3.641435064,0.728078716
2000000.08,300,0.98,0.02,622.3556685,3.618122158,3.066969349,0.333318211
2200000.078,300,0.02,0.98,35.97012816,650.4691149,0.492242286,4.073172346
2200000.078,300,0.04,0.96,68.48161853,616.8128137,2.320757939,3.42814576
2200000.078,300,0.06,0.94,98.4127973,584.9616639,2.065542177,3.757046956
2200000.078,300,0.08,0.92,129.7282182,552.0830517,3.967619677,5.725680838
2200000.078,300,0.1,0.9,157.451847,522.8979392,3.67566162,5.805981188
2200000.078,300,0.12,0.88,185.1231276,490.992052,3.115186988,5.24123858
2200000.078,300,0.14,0.86,208.3814865,466.9224288,4.623390687,6.347609793
2200000.078,300,0.16,0.84,234.9867602,438.9155338,9.195232034,12.3297631
2200000.078,300,0.18,0.82,256.9571416,412.8339939,9.054207927,8.587764977
2200000.078,300,0.2,0.8,279.2966308,389.837387,7.179995559,5.430416668
2200000.078,300,0.22,0.78,301.462633,366.2048445,7.296416337,9.140748044
2200000.078,300,0.24,0.76,319.8574538,345.1719635,6.583410019,8.114642143
2200000.078,300,0.26,0.74,340.1822735,323.1459902,6.248273542,7.656976233
2200000.078,300,0.28,0.72,360.1037658,301.0314551,5.362701411,5.123031229
2200000.078,300,0.3,0.7,381.8489443,279.614867,3.487230871,7.676202114
2200000.078,300,0.32,0.68,398.1218696,261.5552619,6.431627894,5.422363281
2200000.078,300,0.34,0.66,413.1570576,245.0428515,14.72522829,14.9202107
2200000.078,300,0.36,0.64,430.0230286,227.1340015,9.241997975,11.64734447
2200000.078,300,0.38,0.62,440.8406347,212.3088114,5.394458674,6.549260206
2200000.078,300,0.4,0.6,453.4315462,200.4683539,6.522803221,6.621397198
2200000.078,300,0.42,0.58,465.8161565,185.8492927,5.800463184,5.024161796
2200000.078,300,0.44,0.56,472.0462999,180.144331,6.393400435,6.529525873
2200000.078,300,0.46,0.54,488.0536896,161.2152928,7.208788077,7.22580444
2200000.078,300,0.48,0.52,495.8188662,153.1427123,8.434689479,7.895421292
2200000.078,300,0.5,0.5,500.9683873,147.3995617,3.982016054,4.48203485
2200000.078,300,0.52,0.48,515.9810198,132.5394561,3.09050577,5.484800721
2200000.078,300,0.54,0.46,523.7207601,122.290474,6.88438394,4.800647052
2200000.078,300,0.56,0.44,528.1435893,115.5929655,2.643963701,3.050459905
2200000.078,300,0.58,0.42,539.0050414,105.8642613,3.430362283,6.568459454
2200000.078,300,0.6,0.4,542.9267327,101.1673037,9.09348342,7.936535711
2200000.078,300,0.62,0.38,546.9037235,94.09754461,4.95665131,1.124507768
2200000.078,300,0.64,0.36,553.4202715,86.81911069,8.749926539,8.206335796
2200000.078,300,0.66,0.34,560.8163403,79.70425241,4.880954933,3.457992761
2200000.078,300,0.68,0.32,568.0050538,72.21523418,4.974223549,5.669603341
2200000.078,300,0.7,0.3,573.3867341,65.63856611,2.585027606,5.470993938
2200000.078,300,0.72,0.28,574.5061433,62.84259566,5.13736621,4.145436425
2200000.078,300,0.74,0.26,580.8470261,55.96396278,5.829052561,3.779467703
2200000.078,300,0.76,0.24,586.5413906,49.93866918,5.788520799,4.83194795
2200000.078,300,0.78,0.22,587.5086034,46.64033331,4.721366179,3.652818201
2200000.078,300,0.8,0.2,594.4614336,41.15432103,5.322659484,3.325616164
2200000.078,300,0.82,0.18,597.3283606,35.62939249,2.739371563,1.3751656
2200000.078,300,0.84,0.16,599.8984836,32.34842345,2.836280281,1.511053191
2200000.078,300,0.86,0.14,606.3663372,26.78839752,4.25855862,2.700618644
2200000.078,300,0.88,0.12,607.3518192,22.75910858,3.444812656,2.692010566
2200000.078,300,0.9,0.1,612.2157087,19.53442266,2.895102558,1.642718327
2200000.078,300,0.92,0.08,615.4123242,15.51649945,2.954354289,0.976454421
2200000.078,300,0.94,0.06,619.2989528,11.44911258,4.292569164,0.720370165
2200000.078,300,0.96,0.04,621.488866,7.370450898,2.755888719,0.451001107
2200000.078,300,0.98,0.02,625.3652357,3.797427971,4.203108008,0.341430886
2400000.076,300,0.02,0.98,36.25793809,658.4077615,1.517269106,1.758664295
2400000.076,300,0.04,0.96,70.45398785,621.1463406,1.671430218,5.281837897
2400000.076,300,0.06,0.94,100.6458538,588.2243568,2.141775744,4.706715428
2400000.076,300,0.08,0.92,129.9588315,556.2400915,1.651012631,5.004724621
2400000.076,300,0.1,0.9,157.6836549,528.4791509,2.372428106,2.365804825
2400000.076,300,0.12,0.88,183.1619306,498.615004,3.195587451,6.249064818
2400000.076,300,0.14,0.86,211.4828212,466.9426144,5.517633114,6.416338964
2400000.076,300,0.16,0.84,234.8365313,443.0703913,4.551268213,6.249045672
2400000.076,300,0.18,0.82,258.2042945,417.3240043,2.842969709,6.604023647
2400000.076,300,0.2,0.8,279.3355582,394.5658959,7.718599279,12.93531968
2400000.076,300,0.22,0.78,303.8799272,367.7328537,9.36723343,7.781161575
2400000.076,300,0.24,0.76,326.0429783,343.3785417,5.237675647,7.294534144
2400000.076,300,0.26,0.74,345.1115807,322.3200197,12.75931128,10.10988314
2400000.076,300,0.28,0.72,362.3239636,303.1559381,6.892124078,5.1306411
2400000.076,300,0.3,0.7,383.0046108,281.0134887,11.33763534,11.43830227
2400000.076,300,0.32,0.68,401.9818673,258.9041364,15.02948436,13.43289586
2400000.076,300,0.34,0.66,413.4463431,247.7498055,6.326880776,7.284424723
2400000.076,300,0.36,0.64,426.1333084,233.0156322,16.1305395,14.91825808
2400000.076,300,0.38,0.62,439.4780346,218.574513,4.277243609,7.027191715
2400000.076,300,0.4,0.6,455.0888424,201.8600652,11.68995262,11.16053515
2400000.076,300,0.42,0.58,462.4653772,191.9543283,7.293984268,5.89513602
2400000.076,300,0.44,0.56,472.8353882,179.6747898,5.480665218,7.523353077
2400000.076,300,0.46,0.54,484.3511582,167.2775023,3.625432019,3.989742174
2400000.076,300,0.48,0.52,490.5940901,161.1369147,7.772334845,12.06273156
2400000.076,300,0.5,0.5,500.7143051,149.4777633,11.10629492,12.75040239
2400000.076,300,0.52,0.48,510.8418278,137.2185013,4.979565833,8.670236424
2400000.076,300,0.54,0.46,516.0807274,131.4427992,6.309613996,6.694633427
2400000.076,300,0.56,0.44,522.1684415,121.8103854,4.090820436,2.907940093
2400000.076,300,0.58,0.42,533.7992371,112.0229431,5.962499034,5.254590221
2400000.076,300,0.6,0.4,538.4183897,105.9989225,9.983577539,9.480097506
2400000.076,300,0.62,0.38,545.1328071,98.73167243,8.347151702,7.769514906
2400000.076,300,0.64,0.36,551.3387087,92.18719212,2.975455694,3.491507346
2400000.076,300,0.66,0.34,560.7323723,81.26454031,3.62946494,1.744362773
2400000.076,300,0.68,0.32,561.1125822,80.29372482,5.744630831,3.132308546
2400000.076,300,0.7,0.3,566.3049656,72.43027386,4.30689906,4.135192516
2400000.076,300,0.72,0.28,574.8087794,62.62455543,3.939952357,3.088651595
2400000.076,300,0.74,0.26,575.3057012,61.88514626,3.571257334,4.10797714
2400000.076,300,0.76,0.24,582.0729587,54.46541355,7.536417793,4.603554089
2400000.076,300,0.78,0.22,587.6894683,47.7918185,6.352115221,2.74261924
2400000.076,300,0.8,0.2,591.6917549,44.23534408,4.103430639,3.881212096
2400000.076,300,0.82,0.18,595.9570475,38.23841936,4.27381904,2.474029757
2400000.076,300,0.84,0.16,599.02613,34.78396376,3.133437302,3.103884239
2400000.076,300,0.86,0.14,603.8840469,29.24848781,4.387387618,1.612944476
2400000.076,300,0.88,0.12,607.4249663,25.3050329,4.441398714,2.4898578
2400000.076,300,0.9,0.1,611.6873077,20.40467414,3.74791284,0.579514152
2400000.076,300,0.92,0.08,616.1138609,16.23663233,4.450999556,0.97829288
2400000.076,300,0.94,0.06,618.5999457,12.53167597,6.716859225,1.28222944
2400000.076,300,0.96,0.04,622.9255968,8.047939544,3.161347829,0.23949356
2400000.076,300,0.98,0.02,625.5637374,4.056657622,3.290340119,0.403685462
2600000.074,300,0.02,0.98,36.14825271,662.3901327,1.575750672,2.423188527
2600000.074,300,0.04,0.96,70.11804564,626.1406258,1.091899922,2.469768027
2600000.074,300,0.06,0.94,102.5034084,592.5517007,1.731022897,4.200625443
2600000.074,300,0.08,0.92,130.6020474,562.2788421,1.791460913,4.79826866
2600000.074,300,0.1,0.9,159.4314537,530.3374938,5.391405408,6.034932915
2600000.074,300,0.12,0.88,184.7673704,502.0322709,5.136855123,7.706617698
2600000.074,300,0.14,0.86,211.7631127,471.7166771,5.484365971,2.380217045
2600000.074,300,0.16,0.84,236.3091681,445.902823,12.43254394,12.19547418
2600000.074,300,0.18,0.82,261.1742316,418.9034775,8.58619088,7.721543656
2600000.074,300,0.2,0.8,284.1069072,393.4750582,6.726079082,6.206610934
2600000.074,300,0.22,0.78,305.5274564,369.517183,9.628682478,8.909520451
2600000.074,300,0.24,0.76,324.6100418,347.5774074,9.894157509,9.656076958
2600000.074,300,0.26,0.74,347.7287117,321.798287,8.275484139,8.622301456
2600000.074,300,0.28,0.72,361.5031854,306.4580928,4.915797063,4.970813383
2600000.074,300,0.3,0.7,377.0345925,290.2761979,11.69401398,14.39209796
2600000.074,300,0.32,0.68,392.1807306,275.3703565,6.457248878,6.249696424
2600000.074,300,0.34,0.66,409.2950924,255.4005808,13.30845077,14.13208945
2600000.074,300,0.36,0.64,415.5140635,248.4869415,6.698255664,10.54642043
2600000.074,300,0.38,0.62,431.2899966,229.591364,3.741309033,5.294431088
2600000.074,300,0.4,0.6,442.8151823,216.4679425,9.985823235,9.39275584
2600000.074,300,0.42,0.58,453.7652399,202.9805447,6.408003164,6.77451198
2600000.074,300,0.44,0.56,462.5122447,195.9627043,4.200591288,5.40080131
2600000.074,300,0.46,0.54,476.5424869,178.7937181,4.911061243,6.924780584
2600000.074,300,0.48,0.52,483.4954577,168.9200781,3.713050322,3.896400978
2600000.074,300,0.5,0.5,492.6567513,159.8493134,5.303413772,6.650535388
2600000.074,300,0.52,0.48,502.8512376,147.7932707,6.033846664,4.671277689
2600000.074,300,0.54,0.46,514.044416,135.1503924,8.992330557,8.713217089
2600000.074,300,0.56,0.44,516.26096,130.0363578,5.51511183,7.226623456
2600000.074,300,0.58,0.42,526.7280085,120.9705032,6.286194501,5.718785313
2600000.074,300,0.6,0.4,534.0840958,112.1857913,7.639913185,6.214504882
2600000.074,300,0.62,0.38,540.2642098,103.906991,2.477487163,2.113311343
2600000.074,300,0.64,0.36,546.1230672,97.92925164,5.254220685,6.252862051
2600000.074,300,0.66,0.34,551.7607269,90.21764688,5.037542847,6.799189571
2600000.074,300,0.68,0.32,560.269389,80.19052396,2.34226876,4.30154059
2600000.074,300,0.7,0.3,562.9276257,79.50567032,10.78157704,8.000839287
2600000.074,300,0.72,0.28,570.6819813,69.57247381,3.655228023,3.483634928
2600000.074,300,0.74,0.26,573.6084237,65.13101792,5.318211727,2.257211007
2600000.074,300,0.76,0.24,578.4921984,58.83040079,7.98849516,4.564949612
2600000.074,300,0.78,0.22,584.3239331,51.55151224,2.321592613,4.003957289
2600000.074,300,0.8,0.2,588.137766,48.57996393,5.381371729,2.518113708
2600000.074,300,0.82,0.18,594.5744215,40.75088295,3.292066015,1.735455497
2600000.074,300,0.84,0.16,597.6537629,36.83206895,3.088136932,1.639604204
2600000.074,300,0.86,0.14,601.4673147,31.91970798,1.993434088,1.96275433
2600000.074,300,0.88,0.12,606.2623434,26.45533606,4.655904047,2.322343443
2600000.074,300,0.9,0.1,611.1945315,22.42422861,2.905776844,0.665492736
2600000.074,300,0.92,0.08,615.0745551,17.63634515,3.577800489,1.098199372
2600000.074,300,0.94,0.06,618.8436285,13.19143407,2.140243996,1.384622684
2600000.074,300,0.96,0.04,620.7214197,8.555033113,5.861539644,0.693338598
2600000.074,300,0.98,0.02,623.7531909,4.265241564,3.928890959,0.382377343
2800000.072,300,0.02,0.98,36.95638309,668.224482,1.573141267,4.556269397
2800000.072,300,0.04,0.96,70.28506815,630.9758816,2.348584876,3.648670159
2800000.072,300,0.06,0.94,102.1477917,597.3731358,4.050061834,6.05057086
2800000.072,300,0.08,0.92,128.6898961,567.7583077,2.613450855,4.02030602
2800000.072,300,0.1,0.9,160.9463205,533.9217006,3.337437184,3.783263963
2800000.072,300,0.12,0.88,185.9083512,503.8835216,4.861741018,7.349776624
2800000.072,300,0.14,0.86,213.6127271,474.4430893,9.770648893,12.67668158
2800000.072,300,0.16,0.84,237.2013367,450.0614995,5.486590322,7.315489818
2800000.072,300,0.18,0.82,264.0459367,417.2280775,4.61527099,4.557747823
2800000.072,300,0.2,0.8,288.4038195,393.1654556,7.145590327,5.755991522
2800000.072,300,0.22,0.78,306.6624646,371.4799997,4.415905112,3.591386329
2800000.072,300,0.24,0.76,325.0385947,350.9658508,5.077627486,7.26284212
2800000.072,300,0.26,0.74,335.4282802,338.4760007,8.036929147,7.980757112
2800000.072,300,0.28,0.72,351.9876101,321.1783545,5.347524922,4.68561957
2800000.072,300,0.3,0.7,368.0648442,302.006726,5.835018326,4.56171892
2800000.072,300,0.32,0.68,383.0769146,284.9132083,3.666603098,5.009939595
2800000.072,300,0.34,0.66,395.2548021,271.1360298,11.74050132,10.35513109
2800000.072,300,0.36,0.64,410.2422091,254.3466591,11.55077339,13.97294794
2800000.072,300,0.38,0.62,425.5458838,239.9301808,2.583214241,2.130721656
2800000.072,300,0.4,0.6,436.7174904,225.348763,5.456156668,9.259587903
2800000.072,300,0.42,0.58,446.5361234,213.1357822,8.246972194,7.492598483
2800000.072,300,0.44,0.56,455.7957193,203.9892763,8.599262076,9.893466309
2800000.072,300,0.46,0.54,467.1663196,191.9090472,5.611054364,7.661532724
2800000.072,300,0.48,0.52,476.9094165,177.2551615,5.688532518,5.21513914
2800000.072,300,0.5,0.5,488.710256,166.2296726,4.126730945,4.019005811
2800000.072,300,0.52,0.48,494.5213324,157.9139563,6.669500962,7.512808052
2800000.072,300,0.54,0.46,506.5518719,144.8676399,6.808930475,8.307022595
2800000.072,300,0.56,0.44,512.2879041,138.9861001,2.113140501,5.222942174
2800000.072,300,0.58,0.42,521.272619,127.1797398,8.248156537,7.079193577
2800000.072,300,0.6,0.4,529.9275752,118.1505283,7.030380264,5.506587085
2800000.072,300,0.62,0.38,535.9280187,111.7096126,6.391030614,4.943428343
2800000.072,300,0.64,0.36,540.8980803,104.427087,5.821708305,5.848556027
2800000.072,300,0.66,0.34,549.6325074,95.81022427,9.823517658,7.844661741
2800000.072,300,0.68,0.32,552.6569007,90.81266576,5.004920204,4.546834109
2800000.072,300,0.7,0.3,561.6038125,80.19561581,2.67933566,4.778178055
2800000.072,300,0.72,0.28,564.638043,77.59240819,7.677945952,6.347191429
2800000.072,300,0.74,0.26,572.2543257,67.90052894,3.082391947,4.281848908
2800000.072,300,0.76,0.24,576.9149354,61.68229065,4.786806534,4.466659821
2800000.072,300,0.78,0.22,582.1501811,54.68163526,5.998653814,3.766412388
2800000.072,300,0.8,0.2,587.9962501,50.19471643,2.58943603,2.368788398
2800000.072,300,0.82,0.18,592.4459209,44.49511929,5.310946182,3.818000123
2800000.072,300,0.84,0.16,597.1540304,38.63812947,2.457687856,3.800558011
2800000.072,300,0.86,0.14,603.6535038,32.46135338,1.191881388,1.245335698
2800000.072,300,0.88,0.12,605.2883851,28.36350634,3.801664173,1.551317832
2800000.072,300,0.9,0.1,608.3197347,24.15936696,2.925452298,2.042984961
2800000.072,300,0.92,0.08,613.4313122,19.01469039,6.243947412,1.796995946
2800000.072,300,0.94,0.06,615.6423052,14.55886821,6.761308555,1.879460936
2800000.072,300,0.96,0.04,621.6850489,8.778165194,3.527121322,0.790075292
2800000.072,300,0.98,0.02,624.6254742,4.692320368,1.75567591,0.448540323
3000000.07,300,0.02,0.98,37.0282653,671.2997767,1.287936612,5.326421667
3000000.07,300,0.04,0.96,70.10687333,633.3755062,1.184411656,4.463383272
3000000.07,300,0.06,0.94,101.3724053,601.2321206,2.324560946,7.007128618
3000000.07,300,0.08,0.92,132.8729773,566.1801074,4.358182731,7.685832088
3000000.07,300,0.1,0.9,158.6650614,538.6725772,5.310422398,7.153735995
3000000.07,300,0.12,0.88,185.1666223,510.2444226,5.027493338,3.75489264
3000000.07,300,0.14,0.86,213.6357042,478.4320071,9.238618605,9.209786133
3000000.07,300,0.16,0.84,239.8508604,449.5688631,4.801308018,5.119087214
3000000.07,300,0.18,0.82,258.1327636,427.2130108,2.107206371,5.566706153
3000000.07,300,0.2,0.8,287.9317016,394.3150314,7.376415577,9.805713135
3000000.07,300,0.22,0.78,308.3254523,373.2100462,9.359595262,7.149244921
3000000.07,300,0.24,0.76,327.0888891,351.261269,4.448132602,5.482716999
3000000.07,300,0.26,0.74,327.6018316,349.8441893,8.166331815,7.222791225
3000000.07,300,0.28,0.72,347.5854391,328.5083433,8.057852301,7.403625694
3000000.07,300,0.3,0.7,358.6321829,315.772266,7.135185217,5.634262255
3000000.07,300,0.32,0.68,376.0956969,295.1232741,6.712924728,5.85364419
3000000.07,300,0.34,0.66,386.0541594,283.511677,5.356819206,4.392166509
3000000.07,300,0.36,0.64,399.7672908,267.8755191,12.82182248,16.26834968
3000000.07,300,0.38,0.62,410.1578898,255.3743942,14.05477649,14.3055476
3000000.07,300,0.4,0.6,426.7763837,236.3246973,3.806950219,5.220417043
3000000.07,300,0.42,0.58,438.7888647,223.96278,11.08532642,10.4189599
3000000.07,300,0.44,0.56,449.4289083,210.6701454,6.096832704,7.969283927
3000000.07,300,0.46,0.54,458.9260739,201.0154548,8.28121804,8.301780875
3000000.07,300,0.48,0.52,471.2768862,185.8083761,9.954221215,10.44221951
3000000.07,300,0.5,0.5,483.9325128,171.416175,3.184363957,3.538373693
3000000.07,300,0.52,0.48,490.6675181,163.4236093,10.05600731,9.269462723
3000000.07,300,0.54,0.46,496.0307185,155.4922367,5.987867815,6.23186012
3000000.07,300,0.56,0.44,506.157398,145.9267445,4.44657099,8.666911185
3000000.07,300,0.58,0.42,513.9409843,136.1453942,4.397622934,5.083620814
3000000.07,300,0.6,0.4,524.8916041,127.117001,9.321535517,6.879251625
3000000.07,300,0.62,0.38,529.8646168,120.1699009,8.24979659,10.09924528
3000000.07,300,0.64,0.36,539.1266017,108.0109301,5.541879783,8.165825965
3000000.07,300,0.66,0.34,545.6815853,102.0017304,5.886550461,3.360217285
3000000.07,300,0.68,0.32,552.0967394,92.54089374,6.493993846,7.202103852
3000000.07,300,0.7,0.3,556.796698,86.46731851,8.636091085,5.838222722
3000000.07,300,0.72,0.28,563.8513438,79.13578388,6.753672611,5.323136653
3000000.07,300,0.74,0.26,570.2660763,72.40917906,3.49733127,4.944160175
3000000.07,300,0.76,0.24,574.8371669,65.15747734,3.141247903,2.403421726
3000000.07,300,0.78,0.22,580.3361916,57.75574795,3.278015421,0.804109723
3000000.07,300,0.8,0.2,584.583215,53.50187212,7.455796007,4.543380848
3000000.07,300,0.82,0.18,591.7821171,44.40873972,3.550392114,1.369830049
3000000.07,300,0.84,0.16,595.6347369,40.63795302,4.574753478,4.042892749
3000000.07,300,0.86,0.14,598.7440117,35.8537066,6.470932947,3.642436525
3000000.07,300,0.88,0.12,604.3225073,30.1556552,4.723860962,3.146922287
3000000.07,300,0.9,0.1,608.3271127,23.59389898,3.332215613,2.084543069
3000000.07,300,0.92,0.08,611.6267383,19.85320875,5.898882742,1.598862665
3000000.07,300,0.94,0.06,616.3503766,14.64233815,2.945374641,0.455758113
3000000.07,300,0.96,0.04,621.2088556,9.512391582,4.982051573,1.217398925
3000000.07,300,0.98,0.02,625.7654714,4.72596294,4.925650256,0.377538134
3200000.068,300,0.02,0.98,37.49827522,675.0536512,1.484366081,4.176752824
3200000.068,300,0.04,0.96,72.67566128,637.5040862,3.744889877,5.888357849
3200000.068,300,0.06,0.94,102.3458015,604.6433864,5.368535244,4.806175378
3200000.068,300,0.08,0.92,133.3005465,570.3564235,4.096910323,5.353221679
3200000.068,300,0.1,0.9,159.8622552,540.4193541,5.218450876,7.640970132
3200000.068,300,0.12,0.88,187.0852381,511.1495896,5.561087146,9.057536574
3200000.068,300,0.14,0.86,215.1408039,479.4312824,2.024765154,2.306820313
3200000.068,300,0.16,0.84,239.5678286,451.4662132,10.56595054,12.49596807
3200000.068,300,0.18,0.82,263.136834,427.4914258,7.071794716,6.559124324
3200000.068,300,0.2,0.8,286.3046902,399.4767111,6.465045952,9.213836314
3200000.068,300,0.22,0.78,304.9634304,379.7908059,6.12897931,10.50538031
3200000.068,300,0.24,0.76,302.0166109,380.9162863,10.32716101,12.25859191
3200000.068,300,0.26,0.74,321.8175266,359.8038452,5.368810684,5.267968852
3200000.068,300,0.28,0.72,335.857325,343.329169,9.07231823,7.718971812
3200000.068,300,0.3,0.7,353.1035762,323.0148751,9.312305258,10.53470265
3200000.068,300,0.32,0.68,363.6837531,310.8675428,13.58405081,15.80353994
3200000.068,300,0.34,0.66,380.2522878,292.4268674,9.738578023,9.843412563
3200000.068,300,0.36,0.64,395.2850165,275.7717943,10.31650072,13.37056751
3200000.068,300,0.38,0.62,406.3302847,262.6087291,11.72482377,11.8750917
3200000.068,300,0.4,0.6,420.9133103,246.0640399,6.998342614,9.236532088
3200000.068,300,0.42,0.58,433.3677651,232.2973178,10.57519158,8.178128832
3200000.068,300,0.44,0.56,439.9323049,224.4151362,4.665658268,5.581566904
3200000.068,300,0.46,0.54,457.0508826,205.3910804,9.222378758,11.0428268
3200000.068,300,0.48,0.52,464.813389,194.7282038,6.103362342,5.220616976
3200000.068,300,0.5,0.5,471.5921702,186.3136512,11.56597463,11.86682647
3200000.068,300,0.52,0.48,484.9288158,174.5750306,7.460749957,7.258741216
3200000.068,300,0.54,0.46,494.0811153,161.3873245,7.486384974,5.282848315
3200000.068,300,0.56,0.44,502.2705586,152.4367639,6.063760709,5.985347771
3200000.068,300,0.58,0.42,516.0799545,136.0578325,10.41086125,9.941079813
3200000.068,300,0.6,0.4,518.1100123,132.9414393,10.533727,8.860518405
3200000.068,300,0.62,0.38,527.6630394,121.5662495,4.299551408,3.665466945
3200000.068,300,0.64,0.36,532.8630116,116.2126253,4.09216163,3.554709149
3200000.068,300,0.66,0.34,544.7100863,102.6001135,8.7360068,6.042297049
3200000.068,300,0.68,0.32,547.0586603,98.79404757,6.732456211,7.138996984
3200000.068,300,0.7,0.3,558.7928173,86.58388547,6.797242192,7.417436553
3200000.068,300,0.72,0.28,563.686078,80.10659938,3.893175778,2.467494078
3200000.068,300,0.74,0.26,567.387977,75.39027458,6.364049081,4.530245562
3200000.068,300,0.76,0.24,575.1846328,67.19785383,2.838576721,3.304011606
3200000.068,300,0.78,0.22,578.5024573,61.53235389,4.904827992,4.767843357
3200000.068,300,0.8,0.2,584.7738469,55.22046196,4.814374376,3.107348079
3200000.068,300,0.82,0.18,588.0956766,49.95339917,4.228914378,2.546243148
3200000.068,300,0.84,0.16,591.5451096,43.5724945,1.717662082,1.461685235
3200000.068,300,0.86,0.14,599.6408881,36.35652666,5.201171358,3.489686815
3200000.068,300,0.88,0.12,603.8402008,30.72257799,3.437591553,3.234789022
3200000.068,300,0.9,0.1,607.5751249,25.75766187,2.584470584,1.720107559
3200000.068,300,0.92,0.08,613.8642919,20.15981078,2.530110467,1.767568069
3200000.068,300,0.94,0.06,617.0172019,15.31382569,3.498908952,1.243022457
3200000.068,300,0.96,0.04,620.1029375,10.21479392,3.660893057,0.803003528
3200000.068,300,0.98,0.02,625.7721467,5.053568844,8.588305366,1.023673843
3400000.066,300,0.02,0.98,37.43018737,680.1319519,2.659058172,5.236921675
3400000.066,300,0.04,0.96,71.84729427,640.1749427,2.738855319,2.829525489
3400000.066,300,0.06,0.94,102.8100496,606.8868913,1.266790625,4.327503145
3400000.066,300,0.08,0.92,131.7568004,574.9499983,4.193760049,6.078325459
3400000.066,300,0.1,0.9,159.5131732,544.7407878,5.317323037,7.003414506
3400000.066,300,0.12,0.88,190.6445672,508.681316,2.455794859,6.990553974
3400000.066,300,0.14,0.86,215.2240693,482.8505497,6.325534272,7.814646507
3400000.066,300,0.16,0.84,237.8317642,457.1087089,7.446440438,6.707757754
3400000.066,300,0.18,0.82,262.4725383,430.0298033,7.262423904,7.666353419
3400000.066,300,0.2,0.8,286.0714067,403.4647197,9.313868341,11.10843672
3400000.066,300,0.22,0.78,281.2910637,406.9397245,7.283607441,7.977550033
3400000.066,300,0.24,0.76,295.7652471,389.2020879,11.40224192,13.30007688
3400000.066,300,0.26,0.74,313.6162786,369.6117459,4.195879124,4.972797457
3400000.066,300,0.28,0.72,324.6180521,356.4693209,10.30558272,13.63900302
3400000.066,300,0.3,0.7,340.7874754,338.2384114,9.307724012,7.115444708
3400000.066,300,0.32,0.68,355.1145919,322.3941242,5.973128121,5.071254311
3400000.066,300,0.34,0.66,371.160136,304.9756375,7.280155111,9.432818589
3400000.066,300,0.36,0.64,385.3514985,288.6875411,4.30201103,4.181796471
3400000.066,300,0.38,0.62,400.5012201,269.2422258,9.732173067,10.53431505
3400000.066,300,0.4,0.6,416.3508624,252.6433448,8.333367228,11.679699
3400000.066,300,0.42,0.58,427.4153133,239.9224521,14.90736025,18.73988422
3400000.066,300,0.44,0.56,437.013381,229.449065,15.64561136,16.61648809
3400000.066,300,0.46,0.54,448.683385,214.0605892,7.196474759,9.039230363
3400000.066,300,0.48,0.52,458.890449,202.7350449,5.283930021,7.813176748
3400000.066,300,0.5,0.5,467.6846023,191.8899528,8.381416061,10.23846439
3400000.066,300,0.52,0.48,483.8976608,172.7648784,6.968062806,7.126672788
3400000.066,300,0.54,0.46,491.4198572,165.322687,8.311245609,7.865714017
3400000.066,300,0.56,0.44,499.8538265,156.0153333,11.68465022,10.21449829
3400000.066,300,0.58,0.42,508.1885098,145.5950469,13.11448846,14.46253833
3400000.066,300,0.6,0.4,516.6222682,137.266601,6.088820121,7.439013126
3400000.066,300,0.62,0.38,527.2157957,123.9686928,4.496395234,4.549580093
3400000.066,300,0.64,0.36,534.5272641,114.8767424,8.180936508,5.629158271
3400000.066,300,0.66,0.34,539.6792446,109.1294092,5.27936687,3.89841306
3400000.066,300,0.68,0.32,544.1419849,102.8966228,8.483370982,11.15992968
3400000.066,300,0.7,0.3,552.3009326,93.78312296,5.373617977,6.315835532
3400000.066,300,0.72,0.28,561.5541343,83.24345092,5.429611688,6.258719225
3400000.066,300,0.74,0.26,565.1197874,79.3316382,4.683634593,3.762694531
3400000.066,300,0.76,0.24,571.0446949,70.1576727,6.758751794,5.30328994
3400000.066,300,0.78,0.22,576.8840886,64.33978101,5.460028406,2.098280142
3400000.066,300,0.8,0.2,583.3735139,56.47414783,7.486072348,4.23633531
3400000.066,300,0.82,0.18,587.4342619,51.9081235,3.91952704,4.280287309
3400000.066,300,0.84,0.16,593.2914328,42.75934446,6.897201256,3.792765212
3400000.066,300,0.86,0.14,596.5881073,39.39190492,4.667246184,1.90271946
3400000.066,300,0.88,0.12,600.7650754,32.92489345,4.072701757,1.722077341
3400000.066,300,0.9,0.1,607.695561,26.4877966,3.104949806,0.774801003
3400000.066,300,0.92,0.08,612.7813508,21.23037195,3.400794265,1.621153862
3400000.066,300,0.94,0.06,617.7826104,15.93466752,2.092231154,1.585155538
3400000.066,300,0.96,0.04,621.5770499,10.93938216,4.739127211,1.109507596
3400000.066,300,0.98,0.02,623.7354136,5.511380591,1.65767003,0.423961653
3600000.064,300,0.02,0.98,37.32577196,682.1684186,1.863049138,6.578916431
3600000.064,300,0.04,0.96,71.02841319,643.4131766,1.829273894,4.890409351
3600000.064,300,0.06,0.94,101.608148,611.5163819,2.169725788,3.041298931
3600000.064,300,0.08,0.92,133.4801467,577.1763182,5.817838412,7.290275296
3600000.064,300,0.1,0.9,161.2344818,545.1124928,11.21430273,14.58330122
3600000.064,300,0.12,0.88,188.5857706,514.5300315,3.843667533,5.678039647
3600000.064,300,0.14,0.86,212.2636181,487.8072825,3.277228521,3.2343939
3600000.064,300,0.16,0.84,240.6688281,455.2825538,10.41991089,14.21022132
3600000.064,300,0.18,0.82,264.0935771,429.0664437,11.0936014,12.74220998
3600000.064,300,0.2,0.8,283.8810017,406.8557999,7.202523657,8.622888235
3600000.064,300,0.22,0.78,272.6124278,417.0095826,12.10319258,14.07471768
3600000.064,300,0.24,0.76,287.5881004,400.4093377,6.906815358,6.880921656
3600000.064,300,0.26,0.74,302.364147,383.9829431,8.210342659,7.279864457
3600000.064,300,0.28,0.72,322.4216042,361.2800267,4.499873285,5.759061724
3600000.064,300,0.3,0.7,332.5584723,349.2036166,9.570495585,10.9886866
3600000.064,300,0.32,0.68,350.3956614,328.8956875,7.386728304,7.584399832
3600000.064,300,0.34,0.66,366.0402672,310.3047117,6.745777609,7.151259857
3600000.064,300,0.36,0.64,377.090173,300.4641687,6.668207931,5.980655434
3600000.064,300,0.38,0.62,392.0146216,280.6656973,14.03625494,14.55988739
3600000.064,300,0.4,0.6,405.0015528,267.2263993,5.854839323,7.74333495
3600000.064,300,0.42,0.58,422.8247589,247.5854115,6.982605384,7.924523672
3600000.064,300,0.44,0.56,429.2584633,237.3939855,5.900617373,6.076119609
3600000.064,300,0.46,0.54,445.2599506,221.2874681,6.173412113,8.260716376
3600000.064,300,0.48,0.52,457.8906327,207.6350399,5.626661171,5.03227421
3600000.064,300,0.5,0.5,463.8491977,198.2061183,9.606870345,9.900139619
3600000.064,300,0.52,0.48,478.4280776,181.1140554,3.600565524,3.506211541
3600000.064,300,0.54,0.46,485.4296725,172.6009391,11.21600124,10.33470974
3600000.064,300,0.56,0.44,492.7413517,162.8887834,11.08027239,8.367459839
3600000.064,300,0.58,0.42,504.8196018,151.3070099,6.468008594,9.83194072
3600000.064,300,0.6,0.4,509.5740869,145.474752,7.0532708,7.154510465
3600000.064,300,0.62,0.38,520.3781316,132.3202338,7.158223191,7.159607259
3600000.064,300,0.64,0.36,527.4933468,124.5505274,6.152675579,3.034274164
3600000.064,300,0.66,0.34,535.1938786,114.871105,5.692731124,6.889933357
3600000.064,300,0.68,0.32,544.1762747,104.9663683,7.448073943,7.160854117
3600000.064,300,0.7,0.3,549.3103373,97.53872503,7.280650634,7.584002941
3600000.064,300,0.72,0.28,555.2605406,90.13935971,3.466622064,3.693462813
3600000.064,300,0.74,0.26,563.4225098,82.69425867,5.342742534,4.912739143
3600000.064,300,0.76,0.24,569.8583221,73.30743571,6.963326544,5.798745963
3600000.064,300,0.78,0.22,574.535093,67.69821889,5.722879775,5.373929001
3600000.064,300,0.8,0.2,581.2881567,59.17691927,3.90132671,3.87009065
3600000.064,300,0.82,0.18,586.3353001,51.59006481,4.196074316,4.171450589
3600000.064,300,0.84,0.16,591.1384094,46.94393478,3.855791718,3.26358955
3600000.064,300,0.86,0.14,596.4605743,40.3580832,3.373734856,2.23772701
3600000.064,300,0.88,0.12,601.7,34.22,2.9,2.54
3600000.064,300,0.9,0.1,606.6853453,28.08981947,2.638277015,2.757167489
3600000.064,300,0.92,0.08,612.4021247,22.00860646,2.061642058,1.292814298
3600000.064,300,0.94,0.06,617.0786144,16.87211323,6.986599827,0.793320861
3600000.064,300,0.96,0.04,617.2107147,11.36055078,3.793264769,0.840561652
3600000.064,300,0.98,0.02,625.794421,5.351714766,2.365928726,0.809226662
3800000.062,300,0.02,0.98,37.95191314,683.0704941,2.10771083,6.643947184
3800000.062,300,0.04,0.96,70.50760088,647.3753622,1.343835783,5.448942552
3800000.062,300,0.06,0.94,102.2966855,612.1139467,2.270540352,3.352329882
3800000.062,300,0.08,0.92,132.8272341,577.5149262,3.13149646,3.623297931
3800000.062,300,0.1,0.9,161.1522002,548.8761872,2.884282441,5.665573496
3800000.062,300,0.12,0.88,187.6468047,517.4491156,5.519517869,5.817547772
3800000.062,300,0.14,0.86,215.1454415,489.5245994,1.91918861,3.685150702
3800000.062,300,0.16,0.84,237.8547412,460.0079712,5.952142625,6.548156105
3800000.062,300,0.18,0.82,263.9542394,433.0705462,4.955839628,5.084252301
3800000.062,300,0.2,0.8,245.8487041,449.5414035,6.818956877,5.926344785
3800000.062,300,0.22,0.78,265.4646795,429.02189,6.179735646,11.05316439
3800000.062,300,0.24,0.76,278.7505929,413.3681834,3.744866509,5.328294323
3800000.062,300,0.26,0.74,294.9631596,393.1609093,7.864209495,6.450603241
3800000.062,300,0.28,0.72,311.8214717,375.1923211,8.697495219,11.4709295
3800000.062,300,0.3,0.7,329.9308014,354.6870829,12.7453221,12.79737561
3800000.062,300,0.32,0.68,344.7213228,337.3918916,7.103817036,7.155102895
3800000.062,300,0.34,0.66,363.760554,315.5879593,6.644196104,8.386332964
3800000.062,300,0.36,0.64,374.8995572,301.958899,11.81667031,12.08582402
3800000.062,300,0.38,0.62,385.3994902,291.1440853,7.107930265,6.603344031
3800000.062,300,0.4,0.6,402.3419811,271.6997702,10.12971638,7.66627287
3800000.062,300,0.42,0.58,412.752887,259.1011728,5.391480948,6.118831592
3800000.062,300,0.44,0.56,427.5815629,241.8506261,9.616056929,11.49339997
3800000.062,300,0.46,0.54,438.8877291,228.8859611,2.47269799,3.468354942
3800000.062,300,0.48,0.52,446.1076408,219.6017935,9.389314986,8.221273054
3800000.062,300,0.5,0.5,456.6327993,207.0701175,6.646369231,5.388503141
3800000.062,300,0.52,0.48,471.3391419,191.4747853,13.24635808,16.32461752
3800000.062,300,0.54,0.46,484.2887619,176.1266806,6.856850789,9.224093554
3800000.062,300,0.56,0.44,491.7003595,167.3864314,8.032000633,9.281129516
3800000.062,300,0.58,0.42,499.3370193,158.2877526,7.686669886,6.941508131
3800000.062,300,0.6,0.4,507.385017,148.1727953,9.069007613,9.448957506
3800000.062,300,0.62,0.38,518.4087837,134.8763418,3.564404285,4.985798312
3800000.062,300,0.64,0.36,525.2674574,126.6869216,1.896253445,5.964354611
3800000.062,300,0.66,0.34,533.4819154,118.217177,9.121451062,10.05340889
3800000.062,300,0.68,0.32,540.7984429,109.8970054,6.668357101,6.412523558
3800000.062,300,0.7,0.3,547.5252974,101.2342251,7.039722391,3.930528626
3800000.062,300,0.72,0.28,552.8710717,93.99425283,2.54451232,5.29267899
3800000.062,300,0.74,0.26,559.8818715,86.02851027,5.883870317,3.36842993
3800000.062,300,0.76,0.24,566.534806,75.90091426,5.434812952,6.440416823
3800000.062,300,0.78,0.22,573.2906101,70.90990241,4.496769346,4.322051719
3800000.062,300,0.8,0.2,579.0118162,61.50262114,3.948874008,4.046726333
3800000.062,300,0.82,0.18,586.1034923,54.71755098,2.652947452,2.482760674
3800000.062,300,0.84,0.16,589.2903408,48.31646076,2.459924915,4.531074843
3800000.062,300,0.86,0.14,593.9640199,43.38709666,4.070067966,4.190216618
3800000.062,300,0.88,0.12,602.2440362,34.6803992,5.566367485,3.218679392
3800000.062,300,0.9,0.1,604.5501695,30.28286049,5.120861204,1.944238571
3800000.062,300,0.92,0.08,608.8955654,24.87595373,3.155711125,1.679971011
3800000.062,300,0.94,0.06,615.3800721,17.73472694,3.529530984,2.599825051
3800000.062,300,0.96,0.04,619.2067637,11.545494,6.497538891,0.581075519
3800000.062,300,0.98,0.02,624.1612964,5.914909596,3.381333449,0.38190536
4000000.06,300,0.02,0.98,37.4471215,688.1544322,1.633106501,5.253890539
4000000.06,300,0.04,0.96,70.42243837,651.5210363,3.435968857,5.880403257
4000000.06,300,0.06,0.94,102.030377,615.7317052,3.8648296,2.995201972
4000000.06,300,0.08,0.92,133.7056306,580.4192803,8.258954392,12.57742665
4000000.06,300,0.1,0.9,161.0635946,550.5611345,9.685182863,8.808605401
4000000.06,300,0.12,0.88,189.0479809,518.2057098,3.436200619,5.360640739
4000000.06,300,0.14,0.86,216.3890109,487.9617655,2.110260201,3.71328509
4000000.06,300,0.16,0.84,240.018164,460.753927,4.651150573,2.98227859
4000000.06,300,0.18,0.82,263.6908119,433.2225742,7.137080231,7.272433751
4000000.06,300,0.2,0.8,242.0055,456.7327305,8.435777496,10.35018123
4000000.06,300,0.22,0.78,254.9170357,440.9409984,6.666003503,8.06260867
4000000.06,300,0.24,0.76,274.2859555,420.0916968,9.756730244,9.927023655
4000000.06,300,0.26,0.74,290.1331384,401.3809715,7.250982913,8.123989538
4000000.06,300,0.28,0.72,308.9006506,379.6596908,8.706861411,10.62141856
4000000.06,300,0.3,0.7,322.4153505,363.97807,10.02586549,10.52483267
4000000.06,300,0.32,0.68,336.572142,346.8325427,9.388112316,9.8795021
4000000.06,300,0.34,0.66,352.612627,329.905783,8.25616862,11.48427793
4000000.06,300,0.36,0.64,367.6582143,311.8858216,7.399180584,6.982491724
4000000.06,300,0.38,0.62,377.4740367,299.6065559,5.083834551,8.181450295
4000000.06,300,0.4,0.6,392.6350712,281.4874853,7.367452978,11.83682574
4000000.06,300,0.42,0.58,406.8896731,267.647477,4.537701102,2.547784526
4000000.06,300,0.44,0.56,424.4378577,246.8976482,2.768767541,5.134346388
4000000.06,300,0.46,0.54,431.9065816,235.9520831,5.654252818,5.224386341
4000000.06,300,0.48,0.52,443.4024663,223.8465767,7.806717777,7.929080003
4000000.06,300,0.5,0.5,453.6395339,212.0498545,4.937960536,6.910590841
4000000.06,300,0.52,0.48,467.6836186,195.9395182,12.13810364,9.686840637
4000000.06,300,0.54,0.46,476.8159626,185.325287,8.201414518,11.86935163
4000000.06,300,0.56,0.44,484.8739379,175.136316,8.836578432,5.094192664
4000000.06,300,0.58,0.42,497.1258858,160.4043249,11.20673471,9.564789782
4000000.06,300,0.6,0.4,506.44577,151.6787149,8.804182025,9.793433952
4000000.06,300,0.62,0.38,512.5316572,141.0683934,6.171973267,5.756903199
4000000.06,300,0.64,0.36,523.427891,131.9002472,5.232052059,3.426632332
4000000.06,300,0.66,0.34,528.7523044,123.1400853,6.041000913,6.684039677
4000000.06,300,0.68,0.32,539.5883905,111.4026468,6.473079933,8.520588773
4000000.06,300,0.7,0.3,541.3425836,106.0699356,6.967337785,7.56529859
4000000.06,300,0.72,0.28,549.6006066,97.83923503,7.070947864,7.012572414
4000000.06,300,0.74,0.26,557.2306614,88.71155079,8.912145734,9.219202449
4000000.06,300,0.76,0.24,563.5387299,79.7348035,2.19381598,2.758778741
4000000.06,300,0.78,0.22,570.24858,72.65313316,4.234941684,2.59368271
4000000.06,300,0.8,0.2,577.8731541,64.52663367,3.414916625,3.481360058
4000000.06,300,0.82,0.18,581.8982772,58.09253736,7.48117168,3.578649376
4000000.06,300,0.84,0.16,590.4783999,49.1155173,5.054439856,2.592130593
4000000.06,300,0.86,0.14,594.046442,44.3570029,4.85729218,5.344935833
4000000.06,300,0.88,0.12,599.5945827,36.91881223,3.469533084,3.009441401
4000000.06,300,0.9,0.1,604.1135359,31.85578709,2.481862476,1.78699063
4000000.06,300,0.92,0.08,610.9405196,23.90004638,4.118834464,0.663592811
4000000.06,300,0.94,0.06,615.6359109,18.09824856,4.939767233,1.142104831
4000000.06,300,0.96,0.04,619.5462895,12.36609996,3.317965407,1.587186458
4000000.06,300,0.98,0.02,625.138487,6.214328481,1.667013992,0.623426107
4200000.058,300,0.02,0.98,37.53945115,691.3643881,0.936745958,2.004446035
4200000.058,300,0.04,0.96,71.78932474,652.6396972,4.258091639,6.205192778
4200000.058,300,0.06,0.94,103.120696,616.7633501,2.574520212,5.537863947
4200000.058,300,0.08,0.92,132.9122561,584.6279659,1.84504728,2.578026868
4200000.058,300,0.1,0.9,160.8095124,551.3638281,5.754155768,4.593676116
4200000.058,300,0.12,0.88,190.3063765,519.2544487,5.802629278,4.374601397
4200000.058,300,0.14,0.86,212.9833537,494.9187765,6.291931939,7.47789654
4200000.058,300,0.16,0.84,235.2555983,468.6353813,8.076679112,10.81336654
4200000.058,300,0.18,0.82,216.4819729,488.2719137,8.308580983,9.332259863
4200000.058,300,0.2,0.8,234.1382971,465.6200067,7.435227988,7.418127652
4200000.058,300,0.22,0.78,253.5126273,445.1822355,10.95323145,12.95287987
4200000.058,300,0.24,0.76,268.2235372,428.0663501,7.113561208,6.779298519
4200000.058,300,0.26,0.74,284.900352,408.4829184,6.094607958,4.564099468
4200000.058,300,0.28,0.72,303.1910384,387.7090852,8.0874581,10.18485986
4200000.058,300,0.3,0.7,318.4824868,369.7672291,8.992268396,7.440257248
4200000.058,300,0.32,0.68,329.5222743,356.5088736,8.379629341,8.107995409
4200000.058,300,0.34,0.66,343.9829666,342.162681,10.31687885,12.1528447
4200000.058,300,0.36,0.64,360.8485161,320.4936827,8.568630494,9.781719852
4200000.058,300,0.38,0.62,375.1806918,304.0291901,11.51732566,12.95792164
4200000.058,300,0.4,0.6,392.9151519,284.554233,5.442207523,7.328991342
4200000.058,300,0.42,0.58,401.9682357,271.4024426,4.295593044,3.765485422
4200000.058,300,0.44,0.56,416.0608742,255.9004913,9.853503397,8.610598446
4200000.058,300,0.46,0.54,427.2915747,244.1354113,16.84530234,14.28036259
4200000.058,300,0.48,0.52,439.8044908,228.8589561,12.52870619,11.29709192
4200000.058,300,0.5,0.5,450.3349194,217.2842749,4.47068316,6.648925428
4200000.058,300,0.52,0.48,460.7265021,204.1295749,10.30205586,11.4278382
4200000.058,300,0.54,0.46,473.4309636,192.0237957,4.672315394,8.467293445
4200000.058,300,0.56,0.44,484.1020649,178.9203779,2.11047209,3.934225818
4200000.058,300,0.58,0.42,488.7734955,171.0357412,8.477638717,10.09004837
4200000.058,300,0.6,0.4,504.5083932,154.2002711,9.376104541,7.90106722
4200000.058,300,0.62,0.38,506.9723442,149.9974956,9.058819048,12.28321627
4200000.058,300,0.64,0.36,522.3855637,132.2888644,1.405193755,5.232200284
4200000.058,300,0.66,0.34,528.5370091,126.2153801,6.894840068,2.947552258
4200000.058,300,0.68,0.32,534.5236103,118.0224138,5.881749,7.596643116
4200000.058,300,0.7,0.3,543.1229859,107.3636288,3.897326336,5.542652602
4200000.058,300,0.72,0.28,548.5081093,100.3723388,6.152603257,6.040142346
4200000.058,300,0.74,0.26,559.4370168,89.07579982,7.970640011,6.291600383
4200000.058,300,0.76,0.24,565.2338293,80.5428617,4.115193521,4.412657469
4200000.058,300,0.78,0.22,570.3281915,74.81616865,4.084085435,6.880959706
4200000.058,300,0.8,0.2,575.9659215,67.11592963,4.512710614,2.409107363
4200000.058,300,0.82,0.18,580.1922866,60.94251779,4.823665118,2.940371998
4200000.058,300,0.84,0.16,587.9615386,52.01514324,4.700173788,2.836213605
4200000.058,300,0.86,0.14,594.5921286,44.45338432,3.819305825,3.289379168
4200000.058,300,0.88,0.12,586.3453482,55.71919035,2.334267952,3.300583456
4200000.058,300,0.9,0.1,595.1529925,45.11796149,4.685603359,1.455425857
4200000.058,300,0.92,0.08,601.5673034,36.06947369,5.736865704,1.768633508
4200000.058,300,0.94,0.06,608.7936093,27.46370394,1.761516037,2.222615557
4200000.058,300,0.96,0.04,615.1739114,17.75136638,4.270923819,1.456578197
4200000.058,300,0.98,0.02,622.6085562,9.171419575,1.601446007,0.807597933
4400000.056,300,0.02,0.98,37.56509828,692.7894693,1.978732028,7.056380522
4400000.056,300,0.04,0.96,70.05923292,656.5392349,2.41390468,4.035178848
4400000.056,300,0.06,0.94,103.7693224,615.8221764,4.435442347,4.162889111
4400000.056,300,0.08,0.92,131.8690856,586.0595937,2.834190289,3.832754655
4400000.056,300,0.1,0.9,160.183582,554.849744,9.029939909,9.32827554
4400000.056,300,0.12,0.88,186.9216586,525.3176584,6.505958789,9.191785954
4400000.056,300,0.14,0.86,213.5632598,494.6009906,5.329458595,5.700218234
4400000.056,300,0.16,0.84,199.0645535,509.0923009,11.38354401,11.78208605
4400000.056,300,0.18,0.82,212.3324086,493.6648179,4.524616813,5.781426503
4400000.056,300,0.2,0.8,231.9280067,471.6582118,5.792137198,5.116865495
4400000.056,300,0.22,0.78,246.6221231,452.9575793,6.458672521,6.650584039
4400000.056,300,0.24,0.76,264.6805801,432.9593438,7.641619702,6.179682327
4400000.056,300,0.26,0.74,284.1463967,410.531751,8.976239006,9.135604922
4400000.056,300,0.28,0.72,296.506976,396.7047451,14.15613021,14.59191897
4400000.056,300,0.3,0.7,309.9553447,380.6956092,4.671745205,2.663808873
4400000.056,300,0.32,0.68,332.1848675,355.3338386,8.695072954,10.24718352
4400000.056,300,0.34,0.66,345.3138768,341.0809359,9.371513441,10.07062372
4400000.056,300,0.36,0.64,358.2591402,324.4107691,10.95382507,13.90460092
4400000.056,300,0.38,0.62,371.8228156,309.8964545,7.942521604,10.31976286
4400000.056,300,0.4,0.6,385.1797681,296.5158947,13.72965768,14.68361487
4400000.056,300,0.42,0.58,395.227047,282.6048733,10.49696226,12.48402043
4400000.056,300,0.44,0.56,412.3572186,263.0399904,12.02739488,14.1864371
4400000.056,300,0.46,0.54,419.8841228,251.304916,11.11045539,11.30743876
4400000.056,300,0.48,0.52,433.9326342,236.5940198,8.188404663,8.287724881
4400000.056,300,0.5,0.5,448.7386845,220.5761551,10.99498299,12.87765895
4400000.056,300,0.52,0.48,458.9121612,208.2544269,7.340645555,10.41273293
4400000.056,300,0.54,0.46,467.2490227,198.1518355,5.784111209,6.841277343
4400000.056,300,0.56,0.44,477.0935136,187.2459141,8.44072772,9.649189156
4400000.056,300,0.58,0.42,484.4479146,176.242702,6.812367497,6.759184818
4400000.056,300,0.6,0.4,497.0182382,162.9965305,3.80347773,3.531285387
4400000.056,300,0.62,0.38,509.5944641,147.3848317,8.757259029,9.057126468
4400000.056,300,0.64,0.36,513.2854719,143.0955857,2.830325735,1.028260928
4400000.056,300,0.66,0.34,524.9866038,128.7876729,6.1561621,3.668334973
4400000.056,300,0.68,0.32,533.3340053,121.0170572,7.576642243,6.721450598
4400000.056,300,0.7,0.3,536.7580019,112.8444583,4.335974669,6.727304279
4400000.056,300,0.72,0.28,546.3974563,105.145856,4.861922964,7.210809174
4400000.056,300,0.74,0.26,553.8231773,94.81340398,9.862779934,7.943809028
4400000.056,300,0.76,0.24,559.9354143,87.64380832,5.356675874,4.712589096
4400000.056,300,0.78,0.22,551.0364942,103.0199182,5.967331413,5.449220843
4400000.056,300,0.8,0.2,556.969131,93.7590276,4.359229672,5.162593422
4400000.056,300,0.82,0.18,565.1691142,83.07705658,6.464223749,5.305459659
4400000.056,300,0.84,0.16,572.3276835,73.26251833,5.868589611,7.482792867
4400000.056,300,0.86,0.14,580.4311211,63.3341409,5.826190611,4.675909393
4400000.056,300,0.88,0.12,589.4830104,53.54788061,3.46815631,3.233918048
4400000.056,300,0.9,0.1,594.090007,46.0634996,3.565894854,4.411502489
4400000.056,300,0.92,0.08,604.5053397,36.07529294,5.252948138,2.715477824
4400000.056,300,0.94,0.06,608.7699296,27.78712726,7.334661878,2.65105453
4400000.056,300,0.96,0.04,616.2411128,17.79464709,3.795613107,1.859172952
4400000.056,300,0.98,0.02,623.4447228,8.914553996,1.794763531,0.672413021
4600000.054,300,0.02,0.98,37.09782874,692.5745205,1.709307888,4.278340539
4600000.054,300,0.04,0.96,70.492845,657.2770984,3.262586486,7.082215893
4600000.054,300,0.06,0.94,104.4724049,619.1746132,3.791286452,6.362779481
4600000.054,300,0.08,0.92,132.431917,590.3936662,4.698722116,6.94485773
4600000.054,300,0.1,0.9,158.663375,558.0910694,3.859424821,5.607505847
4600000.054,300,0.12,0.88,187.7024555,526.3497579,7.136453004,10.3585036
4600000.054,300,0.14,0.86,214.4976584,495.6597314,3.64469429,4.793752705
4600000.054,300,0.16,0.84,186.612277,524.2293667,3.636665824,4.117052856
4600000.054,300,0.18,0.82,208.8695548,497.7727577,6.980806983,10.93876244
4600000.054,300,0.2,0.8,227.2910065,476.9422777,12.19556156,12.69529949
4600000.054,300,0.22,0.78,244.0995702,458.750921,6.840261862,8.14799417
4600000.054,300,0.24,0.76,257.7476352,442.3598966,1.799057651,3.323800981
4600000.054,300,0.26,0.74,277.5183364,420.1942611,7.638427509,8.502568252
4600000.054,300,0.28,0.72,294.5886413,399.8704201,5.729199265,5.750434832
4600000.054,300,0.3,0.7,308.5205813,385.1418842,8.791076508,11.3624415
4600000.054,300,0.32,0.68,323.3574783,364.8053135,5.183284152,6.930494442
4600000.054,300,0.34,0.66,338.0456923,349.0224013,6.879688367,4.821027994
4600000.054,300,0.36,0.64,349.9127225,334.8208718,13.12892156,15.57703094
4600000.054,300,0.38,0.62,370.0325057,311.2471583,9.00175823,12.4343306
4600000.054,300,0.4,0.6,380.0770442,299.6470179,8.969230873,11.30784781
4600000.054,300,0.42,0.58,395.119048,283.9603052,4.023048894,4.943247791
4600000.054,300,0.44,0.56,406.8456162,269.4290784,11.99371916,12.31792691
4600000.054,300,0.46,0.54,417.8349526,256.9724163,3.282186128,2.707534199
4600000.054,300,0.48,0.52,436.9754373,235.2992354,9.507869047,11.67610248
4600000.054,300,0.5,0.5,444.0827827,226.4910647,9.948071929,10.37432505
4600000.054,300,0.52,0.48,452.8689256,215.798819,5.202447911,4.065109082
4600000.054,300,0.54,0.46,466.9695042,200.0341829,5.781202846,6.805030959
4600000.054,300,0.56,0.44,477.9783043,185.7249062,10.83581147,7.921484676
4600000.054,300,0.58,0.42,483.4718483,179.5683156,9.358951604,9.420196567
4600000.054,300,0.6,0.4,495.5841774,164.5885516,6.520977364,6.470745521
4600000.054,300,0.62,0.38,503.7217643,157.4566901,3.591000955,6.649811416
4600000.054,300,0.64,0.36,511.1675112,146.8467324,8.80469259,12.05156594
4600000.054,300,0.66,0.34,522.864919,132.6524769,8.306459915,7.030029555
4600000.054,300,0.68,0.32,506.5104149,156.3323918,10.72692919,10.94857316
4600000.054,300,0.7,0.3,515.3805258,145.9663881,8.997067835,9.791882814
4600000.054,300,0.72,0.28,522.2084229,135.6638508,5.895294885,8.989564019
4600000.054,300,0.74,0.26,531.6978592,124.6217224,6.341611437,6.834890273
4600000.054,300,0.76,0.24,542.9666439,112.2938113,8.435857284,11.21097352
4600000.054,300,0.78,0.22,547.2226613,104.2158662,8.485474677,4.225260463
4600000.054,300,0.8,0.2,555.5601552,93.99061579,6.889676138,4.468336508
4600000.054,300,0.82,0.18,568.7581658,78.30499422,4.47053654,5.095211956
4600000.054,300,0.84,0.16,573.3218785,71.78206334,4.635810513,5.600347692
4600000.054,300,0.86,0.14,581.8129039,62.02890006,5.805269018,3.893229881
4600000.054,300,0.88,0.12,586.9507608,53.94113499,4.935773114,4.849419391
4600000.054,300,0.9,0.1,594.9452157,45.15905998,4.437338495,2.111094296
4600000.054,300,0.92,0.08,598.0679815,37.40171951,1.046490465,2.085813072
4600000.054,300,0.94,0.06,610.0781438,25.66482656,2.469461407,1.148207518
4600000.054,300,0.96,0.04,615.8139652,18.21954367,2.887325798,1.239216196
4600000.054,300,0.98,0.02,624.9945118,9.318901334,8.856553559,0.763385217
4800000.052,300,0.02,0.98,37.59847468,695.5124262,1.371364491,3.77955997
4800000.052,300,0.04,0.96,70.15957291,659.0281487,3.253151446,4.99168614
4800000.052,300,0.06,0.94,102.928448,622.2352688,3.492119362,7.096619355
4800000.052,300,0.08,0.92,133.2085682,588.0963332,6.18784915,8.867358905
4800000.052,300,0.1,0.9,159.3613984,560.2577419,3.694098433,6.967282007
4800000.052,300,0.12,0.88,185.289588,529.2672963,4.326463188,5.801628689
4800000.052,300,0.14,0.86,170.4675171,544.0456595,2.921592111,3.427727369
4800000.052,300,0.16,0.84,187.7285944,525.4566841,3.264882552,2.131649942
4800000.052,300,0.18,0.82,203.252202,506.9808204,7.214909228,7.388907681
4800000.052,300,0.2,0.8,219.9599339,487.9874976,7.183183119,8.792057894
4800000.052,300,0.22,0.78,238.6479049,465.9830737,5.111020586,6.244218933
4800000.052,300,0.24,0.76,253.4252865,448.7090681,12.33857821,12.80534998
4800000.052,300,0.26,0.74,270.6132871,428.4155963,9.227089179,12.1772783
4800000.052,300,0.28,0.72,290.0710935,406.2586898,9.941390022,12.17700212
4800000.052,300,0.3,0.7,301.2584397,394.4023202,3.411934923,6.769560254
4800000.052,300,0.32,0.68,317.9368706,373.9590935,8.798152058,10.13580546
4800000.052,300,0.34,0.66,331.10551,358.2043683,8.376036515,9.459700377
4800000.052,300,0.36,0.64,346.8019722,341.3549865,3.974623824,2.534826567
4800000.052,300,0.38,0.62,365.2402877,319.0391415,10.19478115,11.20879927
4800000.052,300,0.4,0.6,378.6031426,302.485087,9.370892462,9.156461474
4800000.052,300,0.42,0.58,392.0479277,288.7891962,6.745386369,8.05392102
4800000.052,300,0.44,0.56,402.4798432,276.3913631,7.279182604,4.960937629
4800000.052,300,0.46,0.54,414.7272237,260.3529492,7.77280264,6.233644637
4800000.052,300,0.48,0.52,428.4369121,245.9609299,5.546498283,4.431680094
4800000.052,300,0.5,0.5,440.1919381,231.1252834,4.58399401,5.033665224
4800000.052,300,0.52,0.48,448.7067134,222.2681945,6.36710062,7.371983386
4800000.052,300,0.54,0.46,459.3275744,209.0544836,10.61018203,14.74538518
4800000.052,300,0.56,0.44,470.360546,196.3637783,6.512107974,5.39885823
4800000.052,300,0.58,0.42,475.9625106,188.6778147,2.998770783,4.377851503
4800000.052,300,0.6,0.4,468.2930364,200.525819,6.602157261,7.100480807
4800000.052,300,0.62,0.38,477.9208267,192.0453451,7.171054852,10.06068659
4800000.052,300,0.64,0.36,486.8063259,179.4740255,9.432345039,8.119060594
4800000.052,300,0.66,0.34,496.5662866,167.4395322,5.700740506,7.675994387
4800000.052,300,0.68,0.32,507.8480705,153.7855582,12.36414613,11.3871757
4800000.052,300,0.7,0.3,515.4638614,144.9381075,6.315575019,7.449186554
4800000.052,300,0.72,0.28,521.6741195,136.0956577,2.382849495,4.05643155
4800000.052,300,0.74,0.26,534.1135373,123.2877489,11.31797852,13.35090221
4800000.052,300,0.76,0.24,539.8650281,115.4755802,5.244763483,5.909726541
4800000.052,300,0.78,0.22,549.2348013,102.9179903,10.06779133,8.823051932
4800000.052,300,0.8,0.2,559.7591869,88.5607957,4.24446447,4.576928005
4800000.052,300,0.82,0.18,566.657842,80.4961258,2.668654106,3.032256544
4800000.052,300,0.84,0.16,572.2000803,73.72078471,6.049158262,4.412848826
4800000.052,300,0.86,0.14,581.1430572,63.68438735,7.66201241,5.627891526
4800000.052,300,0.88,0.12,587.82459,55.09916685,2.866384034,3.390727503
4800000.052,300,0.9,0.1,594.5089335,45.04231117,1.343551602,2.36469369
4800000.052,300,0.92,0.08,603.4838814,36.50628156,2.981093605,3.945360879
4800000.052,300,0.94,0.06,608.9044189,27.63864531,4.031775454,0.929416528
4800000.052,300,0.96,0.04,614.4882548,18.23136404,5.039696632,1.203811606
4800000.052,300,0.98,0.02,622.0152996,9.171146797,4.37841443,0.760378284
5000000.05,300,0.02,0.98,36.6094091,698.0581687,1.452185004,4.484430154
5000000.05,300,0.04,0.96,69.79425947,662.5984439,3.562998459,6.602800187
5000000.05,300,0.06,0.94,101.9018603,626.5183319,3.882337521,5.932585757
5000000.05,300,0.08,0.92,132.1340591,591.4122178,5.91324475,5.932844271
5000000.05,300,0.1,0.9,156.8802323,563.8737728,7.34871381,8.141011439
5000000.05,300,0.12,0.88,147.4672455,572.7712327,5.093290143,7.362900103
5000000.05,300,0.14,0.86,164.4193629,552.5754153,7.207224971,8.887875129
5000000.05,300,0.16,0.84,182.1678761,531.3537722,3.715779483,5.093332802
5000000.05,300,0.18,0.82,199.4723077,511.9960185,11.02956497,16.78073805
5000000.05,300,0.2,0.8,215.0453123,493.8418505,8.382364496,14.31572629
5000000.05,300,0.22,0.78,232.7163221,472.729955,3.581570895,3.004082099
5000000.05,300,0.24,0.76,252.6490569,450.3166375,8.475542224,8.532134232
5000000.05,300,0.26,0.74,272.1763564,429.6544613,9.238646277,9.868538234
5000000.05,300,0.28,0.72,284.3411744,414.3317248,7.484324374,7.680363675
5000000.05,300,0.3,0.7,302.6577188,394.45533,3.258870238,4.228105077
5000000.05,300,0.32,0.68,316.3915786,376.2555172,11.238145,10.68922116
5000000.05,300,0.34,0.66,328.4021625,364.138736,4.352642818,3.836545734
5000000.05,300,0.36,0.64,346.0444334,342.3038889,7.433856437,9.023751061
5000000.05,300,0.38,0.62,358.1247915,328.787213,15.14015276,14.49169435
5000000.05,300,0.4,0.6,369.5307355,313.8675509,3.554148682,9.046674488
5000000.05,300,0.42,0.58,385.0359334,296.8560483,11.08533453,11.18162874
5000000.05,300,0.44,0.56,401.187228,279.0173931,6.043224845,5.168903209
5000000.05,300,0.46,0.54,414.2965628,263.5978207,9.368082649,10.20558737
5000000.05,300,0.48,0.52,423.5589694,249.9798533,12.48360642,11.52268449
5000000.05,300,0.5,0.5,432.9574814,242.0662113,5.273697002,8.672529861
5000000.05,300,0.52,0.48,426.2753161,253.522507,11.57131024,12.60413728
5000000.05,300,0.54,0.46,435.6754442,240.5900298,11.00944067,14.48376288
5000000.05,300,0.56,0.44,442.738803,233.7794095,7.315270624,6.799984881
5000000.05,300,0.58,0.42,455.0286243,217.669346,6.9128518,7.407399135
5000000.05,300,0.6,0.4,466.5829002,203.0240982,9.404922943,7.357476015
5000000.05,300,0.62,0.38,478.1666877,190.7719283,6.314546436,3.510230025
5000000.05,300,0.64,0.36,488.1509379,177.4441055,7.875569124,7.916615579
5000000.05,300,0.66,0.34,495.668567,168.2268593,4.672362245,5.792504237
5000000.05,300,0.68,0.32,505.9603719,155.1830888,11.0889191,8.458553634
5000000.05,300,0.7,0.3,514.4560348,147.6569728,10.78046823,10.64688252
5000000.05,300,0.72,0.28,524.3438798,133.2000325,7.327223622,9.916148056
5000000.05,300,0.74,0.26,532.9280078,123.3028426,3.449704145,3.451851566
5000000.05,300,0.76,0.24,542.6292261,111.9901189,2.850029731,6.628009394
5000000.05,300,0.78,0.22,548.7627536,102.0400101,11.61597962,6.522639701
5000000.05,300,0.8,0.2,558.3156402,92.17682657,4.246536111,4.551569903
5000000.05,300,0.82,0.18,565.0786115,84.74136367,9.271859707,7.692336955
5000000.05,300,0.84,0.16,574.4757181,73.76261061,3.166926577,3.136710811
5000000.05,300,0.86,0.14,579.9609004,64.68093487,2.303166709,2.627833699
5000000.05,300,0.88,0.12,587.9858507,53.63553314,6.599802824,5.460007796
5000000.05,300,0.9,0.1,598.1366315,44.4487471,3.170000496,2.510406117
5000000.05,300,0.92,0.08,601.5686385,35.47354555,2.89924632,1.629366457
5000000.05,300,0.94,0.06,607.2211243,26.57317599,5.174788262,2.296863129
5000000.05,300,0.96,0.04,615.4210372,18.13416428,4.216742546,1.634495652
5000000.05,300,0.98,0.02,623.1330926,8.824537387,4.629265729,1.080824382
5200000.048,300,0.02,0.98,36.73349903,700.4901629,2.790574773,3.989909123
5200000.048,300,0.04,0.96,70.5260106,663.2070107,2.23919779,4.263300659
5200000.048,300,0.06,0.94,100.4872633,628.8801313,3.923658752,4.132135711
5200000.048,300,0.08,0.92,132.282461,592.9608672,2.233702975,2.0853418
5200000.048,300,0.1,0.9,161.6789851,560.7306473,4.82574414,4.978231253
5200000.048,300,0.12,0.88,142.4399171,577.628038,2.535152456,4.657389721
5200000.048,300,0.14,0.86,160.0998951,558.0766122,7.703168825,6.147264455
5200000.048,300,0.16,0.84,179.9654556,537.0634621,6.645268589,9.900836337
5200000.048,300,0.18,0.82,197.6002783,515.3677316,3.899733184,5.632833801
5200000.048,300,0.2,0.8,214.4519854,495.9272353,4.253895557,4.094184764
5200000.048,300,0.22,0.78,233.1185955,473.3602531,12.00148176,16.84394827
5200000.048,300,0.24,0.76,246.3404966,458.3840352,3.872521878,5.0310362
5200000.048,300,0.26,0.74,266.6668621,435.3559679,7.00125443,6.945283827
5200000.048,300,0.28,0.72,281.4705935,417.53277,6.687501441,7.009016489
5200000.048,300,0.3,0.7,293.8673598,403.3570634,6.296537866,4.640514822
5200000.048,300,0.32,0.68,311.2133889,383.2896334,7.153100482,7.770934047
5200000.048,300,0.34,0.66,323.2436473,368.6958496,4.695762342,8.645349245
5200000.048,300,0.36,0.64,345.0359041,341.5378384,6.919479607,8.038517675
5200000.048,300,0.38,0.62,350.8833081,336.5093651,8.670597939,9.780075039
5200000.048,300,0.4,0.6,369.979244,315.4808486,18.92949598,22.26744173
5200000.048,300,0.42,0.58,379.5754145,304.2556864,9.473556523,8.183476107
5200000.048,300,0.44,0.56,365.7883632,321.7065428,6.227758241,5.135941524
5200000.048,300,0.46,0.54,383.9359177,301.9912686,12.23002322,14.0005661
5200000.048,300,0.48,0.52,397.9873803,287.6371655,3.984807572,3.350881841
5200000.048,300,0.5,0.5,410.9396703,269.7007649,8.033815324,7.793970637
5200000.048,300,0.52,0.48,423.140605,257.1820914,10.67197434,12.87459126
5200000.048,300,0.54,0.46,428.2407994,250.5204985,8.367580324,9.858083642
5200000.048,300,0.56,0.44,445.2468108,227.6228189,10.98288801,15.70522943
5200000.048,300,0.58,0.42,458.2988787,214.5434965,6.184726393,8.454172729
5200000.048,300,0.6,0.4,467.1570444,205.4284509,10.02157698,11.69274439
5200000.048,300,0.62,0.38,478.0811739,189.1129859,9.927263921,8.787308837
5200000.048,300,0.64,0.36,488.0297289,178.8203594,3.142750597,2.273415065
5200000.048,300,0.66,0.34,493.8798732,170.80779,11.5650435,11.43620877
5200000.048,300,0.68,0.32,509.8998405,152.5718797,8.516524194,7.486635679
5200000.048,300,0.7,0.3,514.3490898,146.859462,9.134730874,10.72335756
5200000.048,300,0.72,0.28,522.45,134.24,8.2,10
5200000.048,300,0.74,0.26,531.2050128,123.9762396,7.12072328,9.314301581
5200000.048,300,0.76,0.24,542.7494514,112.1312358,9.165034937,7.700542333
5200000.048,300,0.78,0.22,547.8123344,104.9992835,7.309006726,9.27340961
5200000.048,300,0.8,0.2,555.7941413,95.30185774,0.885989954,4.96114488
5200000.048,300,0.82,0.18,569.0218042,80.88565222,5.34388144,7.213991627
5200000.048,300,0.84,0.16,572.8115359,74.23551605,5.283231732,2.611551957
5200000.048,300,0.86,0.14,581.9145789,61.83095445,6.070646365,2.714566608
5200000.048,300,0.88,0.12,588.7550537,54.57825255,4.86781873,3.382839033
5200000.048,300,0.9,0.1,595.1936063,44.90201255,2.825153534,2.563687031
5200000.048,300,0.92,0.08,603.806192,35.43990298,4.780671929,2.09556134
5200000.048,300,0.94,0.06,608.4956108,27.12318656,4.890280767,3.752288745
5200000.048,300,0.96,0.04,614.3099897,18.90312435,3.538500779,1.388471464
5200000.048,300,0.98,0.02,623.5850441,9.584495795,4.66834283,1.520082233
5400000.046,300,0.02,0.98,37.16120876,701.9756188,1.731600497,3.3896126
5400000.046,300,0.04,0.96,69.0348235,665.3002151,2.612422271,4.309990042
5400000.046,300,0.06,0.94,100.1074047,629.0212483,2.291186935,5.464560201
5400000.046,300,0.08,0.92,129.5410996,597.374136,2.755405401,7.751872693
5400000.046,300,0.1,0.9,120.5083929,604.826693,4.784962018,7.346359927
5400000.046,300,0.12,0.88,139.1487937,584.6793391,5.283849512,8.080171703
5400000.046,300,0.14,0.86,157.2922727,563.5747176,2.902349103,4.455447962
5400000.046,300,0.16,0.84,175.4722901,541.7173208,4.68688695,5.961041309
5400000.046,300,0.18,0.82,193.0523052,522.3943917,5.133939352,9.598343996
5400000.046,300,0.2,0.8,208.9598468,502.4281621,4.231273759,5.969577198
5400000.046,300,0.22,0.78,226.7903606,482.6363284,11.16646034,11.3393388
5400000.046,300,0.24,0.76,243.6419974,462.9229636,2.027124216,4.350236582
5400000.046,300,0.26,0.74,260.3875324,444.146408,12.34549779,13.13780279
5400000.046,300,0.28,0.72,277.0099612,422.7986508,11.77026223,15.08767488
5400000.046,300,0.3,0.7,291.9455821,406.8956255,3.970741681,5.330789838
5400000.046,300,0.32,0.68,306.1306206,390.3948535,10.16390463,13.81694284
5400000.046,300,0.34,0.66,317.4182365,377.2986188,7.080973423,7.352563244
5400000.046,300,0.36,0.64,336.9449036,354.6016126,8.636026923,11.25651286
5400000.046,300,0.38,0.62,330.3114328,364.8205891,12.27382109,13.499775
5400000.046,300,0.4,0.6,346.2238227,348.8298203,9.174750618,7.273002316
5400000.046,300,0.42,0.58,355.0814263,336.4865427,4.377481222,4.850555941
5400000.046,300,0.44,0.56,372.0355813,315.3619176,3.869683943,6.683935529
5400000.046,300,0.46,0.54,383.9948007,301.2473132,9.491232773,9.369757956
5400000.046,300,0.48,0.52,399.7572427,283.8943839,7.391185941,9.0977474
5400000.046,300,0.5,0.5,412.7923062,268.1302024,4.882346602,5.440784235
5400000.046,300,0.52,0.48,424.6347433,255.899582,12.53721756,15.63672681
5400000.046,300,0.54,0.46,427.0084726,249.8198238,12.10897057,14.25917227
5400000.046,300,0.56,0.44,440.8000209,233.3133235,8.320802757,10.00213612
5400000.046,300,0.58,0.42,455.2692155,219.0826067,14.91416502,18.17349355
5400000.046,300,0.6,0.4,462.8001249,209.3952738,4.803178052,3.69825715
5400000.046,300,0.62,0.38,473.6863809,193.1896472,8.966374227,11.8062524
5400000.046,300,0.64,0.36,488.5260886,176.8477227,10.31265354,11.78625048
5400000.046,300,0.66,0.34,499.6701509,166.2796818,3.337723911,7.515868254
5400000.046,300,0.68,0.32,505.233961,158.0859881,8.445431889,7.111578505
5400000.046,300,0.7,0.3,509.9287902,151.5131389,8.64094784,10.82615338
5400000.046,300,0.72,0.28,524.4248966,133.6476605,9.644773837,9.167052203
5400000.046,300,0.74,0.26,533.2025374,122.673181,9.162343198,10.70066817
5400000.046,300,0.76,0.24,540.9321593,113.3496424,7.700704419,6.141296223
5400000.046,300,0.78,0.22,547.736166,105.0193781,3.21077619,4.715310445
5400000.046,300,0.8,0.2,558.7181947,92.90841611,5.838475821,4.935626009
5400000.046,300,0.82,0.18,565.3130191,85.26673334,5.325397351,4.639777932
5400000.046,300,0.84,0.16,574.6284766,72.68959444,5.513232227,4.048691079
5400000.046,300,0.86,0.14,579.7264224,64.67802524,7.321977257,6.503622442
5400000.046,300,0.88,0.12,587.3169877,54.3112942,3.941266554,4.386658244
5400000.046,300,0.9,0.1,595.4994044,44.35372957,4.367644565,2.999685241
5400000.046,300,0.92,0.08,602.5986692,35.67931079,3.920640735,2.625298681
5400000.046,300,0.94,0.06,609.6210628,26.40569054,5.233069805,1.364046762
5400000.046,300,0.96,0.04,617.1307519,18.28882918,3.778433782,2.149877815
5400000.046,300,0.98,0.02,622.5247288,9.200606779,4.799388887,0.745760116
5600000.044,300,0.02,0.98,36.38013083,704.4681697,1.198659169,1.890072421
5600000.044,300,0.04,0.96,68.08531774,668.3982413,1.851540379,3.348888952
5600000.044,300,0.06,0.94,99.86266794,630.8081234,4.974748085,6.651804105
5600000.044,300,0.08,0.92,100.7492855,632.269484,4.316142951,4.798439581
5600000.044,300,0.1,0.9,118.2943082,608.7768764,5.16577801,7.930097395
5600000.044,300,0.12,0.88,137.1249193,585.7767234,5.680130054,10.71578069
5600000.044,300,0.14,0.86,156.9797994,566.5986392,3.996277947,3.930810877
5600000.044,300,0.16,0.84,174.1299968,543.8070701,3.991134618,7.868553823
5600000.044,300,0.18,0.82,190.7013422,526.440502,3.524577946,5.441814936
5600000.044,300,0.2,0.8,209.7086023,503.8557892,5.518636947,6.040301717
5600000.044,300,0.22,0.78,224.4842273,487.8082827,7.554242553,8.581459579
5600000.044,300,0.24,0.76,239.7500286,468.0560016,10.69532389,11.41536236
5600000.044,300,0.26,0.74,256.2979051,449.6666994,8.813223022,8.43782025
5600000.044,300,0.28,0.72,275.8412955,428.771662,2.565976054,4.165776998
5600000.044,300,0.3,0.7,274.6114983,430.8717768,7.276091112,8.15536925
5600000.044,300,0.32,0.68,292.2279113,410.6124931,3.788370266,4.147261107
5600000.044,300,0.34,0.66,303.8469724,396.0505334,8.707357378,10.14745455
5600000.044,300,0.36,0.64,320.2189729,378.2534313,7.365791282,7.475638808
5600000.044,300,0.38,0.62,328.8382338,367.4655317,11.53701811,12.91673331
5600000.044,300,0.4,0.6,343.3756568,349.683887,9.424278363,11.95416947
5600000.044,300,0.42,0.58,359.0476664,331.4418846,1.838941609,3.54713747
5600000.044,300,0.44,0.56,372.3749666,317.2120771,13.61546162,14.56010815
5600000.044,300,0.46,0.54,382.395193,301.3496957,13.16964682,12.99950459
5600000.044,300,0.48,0.52,396.3829242,289.1567186,7.312588685,9.752385355
5600000.044,300,0.5,0.5,408.1707646,274.3240726,6.238842803,5.950840079
5600000.044,300,0.52,0.48,419.1454856,262.348772,6.077384831,11.40866771
5600000.044,300,0.54,0.46,436.0198184,240.7110522,7.946875203,10.28838105
5600000.044,300,0.56,0.44,445.2084455,231.2295754,7.866253561,6.737851218
5600000.044,300,0.58,0.42,454.4733114,218.2456341,5.165597289,6.600582251
5600000.044,300,0.6,0.4,470.6361999,202.4317162,10.24051622,8.413240113
5600000.044,300,0.62,0.38,479.5134077,190.2548329,11.44362771,11.49603822
5600000.044,300,0.64,0.36,486.7989479,181.6925257,7.804994431,5.230224696
5600000.044,300,0.66,0.34,496.8049806,167.5645552,13.50768262,13.15786768
5600000.044,300,0.68,0.32,506.5083069,157.552526,8.014682462,9.529149264
5600000.044,300,0.7,0.3,515.5256253,144.0232114,9.591778001,11.35547922
5600000.044,300,0.72,0.28,524.2783216,132.8885205,4.98550935,5.578909649
5600000.044,300,0.74,0.26,536.9636005,118.1775333,6.473997408,8.074211685
5600000.044,300,0.76,0.24,544.4156713,110.5326681,5.201724105,4.060639709
5600000.044,300,0.78,0.22,549.7587053,102.3656157,6.551498523,9.214148778
5600000.044,300,0.8,0.2,558.7162272,92.27811798,10.50531038,5.928191146
5600000.044,300,0.82,0.18,563.8108705,84.79264586,5.322378245,4.544817333
5600000.044,300,0.84,0.16,571.6832029,73.11849176,7.961561392,7.039211501
5600000.044,300,0.86,0.14,578.4119546,65.20948694,5.016852727,2.032787212
5600000.044,300,0.88,0.12,589.0773642,54.17545095,6.438182624,4.779834621
5600000.044,300,0.9,0.1,595.7754799,44.90883199,4.507569095,3.537771491
5600000.044,300,0.92,0.08,601.6200732,35.7900585,3.128633458,1.796997786
5600000.044,300,0.94,0.06,608.5606772,27.14373581,5.021781693,1.937041424
5600000.044,300,0.96,0.04,615.3944064,18.37029876,6.729085817,2.239715582
5600000.044,300,0.98,0.02,623.2741869,9.288350242,4.873509069,0.673350744
5800000.042,300,0.02,0.98,36.08592669,704.0457281,1.71891826,4.465365027
5800000.042,300,0.04,0.96,68.30602355,669.2312132,2.906788472,8.148373456
5800000.042,300,0.06,0.94,76.05602264,658.8833038,1.823501511,4.121727342
5800000.042,300,0.08,0.92,95.85574379,636.6624764,3.145733467,5.987898253
5800000.042,300,0.1,0.9,114.8856296,614.0603968,2.402569067,4.796409547
5800000.042,300,0.12,0.88,135.8861983,591.2080892,5.799794525,4.773510947
5800000.042,300,0.14,0.86,154.3927422,570.2903204,3.320826994,5.241205612
5800000.042,300,0.16,0.84,168.6925955,552.3444636,3.849586135,7.930301286
5800000.042,300,0.18,0.82,188.768884,528.7665675,6.35050299,9.883260013
5800000.042,300,0.2,0.8,207.1188751,508.7656042,3.927423028,5.222638637
5800000.042,300,0.22,0.78,225.0395403,487.9075737,9.959737979,13.11981075
5800000.042,300,0.24,0.76,228.1694733,485.4977654,6.06961099,5.596980516
5800000.042,300,0.26,0.74,242.5536458,467.3483256,2.529808212,3.270720884
5800000.042,300,0.28,0.72,258.8152582,448.8384556,3.428968722,6.401185909
5800000.042,300,0.3,0.7,272.4520103,433.7564909,9.604217057,8.718145155
5800000.042,300,0.32,0.68,288.1172041,413.3903693,9.367588931,12.65913616
5800000.042,300,0.34,0.66,298.5975329,400.5539098,6.791387535,9.299567882
5800000.042,300,0.36,0.64,319.555942,380.0376697,10.25807102,14.45120407
5800000.042,300,0.38,0.62,336.1124612,360.4427813,11.28762543,11.38915311
5800000.042,300,0.4,0.6,342.5890278,352.2599987,17.79090446,21.77317876
5800000.042,300,0.42,0.58,361.7127189,329.9083289,17.82623057,14.7535511
5800000.042,300,0.44,0.56,374.9044758,314.8630073,14.82489713,15.81613824
5800000.042,300,0.46,0.54,383.032647,303.3423361,8.271443628,9.109637682
5800000.042,300,0.48,0.52,397.6211534,287.1549856,8.343129106,10.84618366
5800000.042,300,0.5,0.5,409.0601928,274.0861196,7.550041068,11.62046556
5800000.042,300,0.52,0.48,424.232751,254.6960872,12.93716711,14.6489455
5800000.042,300,0.54,0.46,433.5597321,243.867089,17.71275672,16.60557406
5800000.042,300,0.56,0.44,443.4068931,231.7796769,7.493151134,3.803196437
5800000.042,300,0.58,0.42,454.3960889,220.6389848,10.55962059,11.88509037
5800000.042,300,0.6,0.4,462.2226781,210.7968051,3.164160509,5.837141191
5800000.042,300,0.62,0.38,475.0283228,193.8824114,5.19853098,3.604142123
5800000.042,300,0.64,0.36,484.9647217,183.3062781,7.49010202,6.781643677
5800000.042,300,0.66,0.34,496.5792156,169.4766353,5.824820006,5.615205948
5800000.042,300,0.68,0.32,506.6907879,157.6085363,7.853690848,9.162809152
5800000.042,300,0.7,0.3,515.5008213,147.047133,5.470641183,8.776749399
5800000.042,300,0.72,0.28,522.1731493,135.1358442,6.437400879,7.388275739
5800000.042,300,0.74,0.26,531.2721169,126.1041777,7.44476378,10.66622879
5800000.042,300,0.76,0.24,543.9925991,111.5988648,6.666790631,6.886190156
5800000.042,300,0.78,0.22,550.7084218,103.2075892,8.088940877,6.315891977
5800000.042,300,0.8,0.2,558.2675782,90.42850397,7.10567872,6.21530942
5800000.042,300,0.82,0.18,565.7703812,82.92166427,5.964658751,6.258849856
5800000.042,300,0.84,0.16,573.8895583,73.22805743,2.997322018,2.623331224
5800000.042,300,0.86,0.14,580.8935423,64.87096993,5.11686833,4.185640049
5800000.042,300,0.88,0.12,589.1035735,53.52587655,3.956044074,5.130725486
5800000.042,300,0.9,0.1,594.7643508,45.59432211,9.296642216,6.756557205
5800000.042,300,0.92,0.08,603.8968353,35.4027143,8.060687305,3.893342895
5800000.042,300,0.94,0.06,607.5151879,27.45997598,4.781066513,2.323284826
5800000.042,300,0.96,0.04,617.0164289,17.33583516,6.598801869,0.139339733
5800000.042,300,0.98,0.02,622.9723238,8.778619823,1.080823912,1.219400662
6000000.04,300,0.02,0.98,35.52070621,707.5030024,1.001239021,6.832603961
6000000.04,300,0.04,0.96,67.22104476,672.1533888,0.917467775,3.116115481
6000000.04,300,0.06,0.94,72.38230033,664.7810284,2.382874467,3.597274503
6000000.04,300,0.08,0.92,93.71354132,640.4298079,2.09665766,7.274422866
6000000.04,300,0.1,0.9,114.0114491,616.3019013,4.041088873,6.832703311
6000000.04,300,0.12,0.88,134.1785214,593.2403733,4.617238892,4.017252595
6000000.04,300,0.14,0.86,149.4264751,574.7504161,5.097999811,6.809693229
6000000.04,300,0.16,0.84,168.4227737,552.5984195,6.110158356,8.875728237
6000000.04,300,0.18,0.82,182.4781712,537.6160186,2.371315183,4.05811056
6000000.04,300,0.2,0.8,199.865587,519.3129141,6.498896015,9.762479308
6000000.04,300,0.22,0.78,210.9695977,505.2037652,6.711693296,7.621427197
6000000.04,300,0.24,0.76,228.93439,484.1259669,3.33814431,5.370125841
6000000.04,300,0.26,0.74,244.3265297,466.1891117,10.59743419,13.50153791
6000000.04,300,0.28,0.72,261.2504001,446.0404848,7.892406911,8.394902293
6000000.04,300,0.3,0.7,273.3405251,433.0380856,6.097918641,8.158455639
6000000.04,300,0.32,0.68,283.6131473,420.4358512,6.482039906,6.169022529
6000000.04,300,0.34,0.66,301.8813487,398.1134595,5.935482165,6.047910584
6000000.04,300,0.36,0.64,311.5590981,387.3642034,7.178297204,8.75855683
6000000.04,300,0.38,0.62,329.3450632,366.8697854,7.150810179,7.900780938
6000000.04,300,0.4,0.6,340.8571794,352.5877865,4.907243966,6.984081076
6000000.04,300,0.42,0.58,359.333298,331.3529591,13.25769644,16.85244896
6000000.04,300,0.44,0.56,374.3236562,314.4643883,3.851230753,2.262764363
6000000.04,300,0.46,0.54,382.8011202,303.5032749,7.679375675,6.920975321
6000000.04,300,0.48,0.52,396.3529909,289.467685,7.85819688,8.635420503
6000000.04,300,0.5,0.5,409.4798922,273.0828435,12.96166405,12.84431745
6000000.04,300,0.52,0.48,421.7072469,257.2232808,9.545557938,9.79638344
6000000.04,300,0.54,0.46,433.1998994,244.8052622,7.685750472,2.60893868
6000000.04,300,0.56,0.44,444.6664129,230.9458867,13.72108665,14.3170523
6000000.04,300,0.58,0.42,455.4535937,217.1819833,5.836614536,7.11270544
6000000.04,300,0.6,0.4,464.3308718,208.365902,14.24326131,13.71094621
6000000.04,300,0.62,0.38,474.366908,195.9370632,10.42717592,12.57163088
6000000.04,300,0.64,0.36,483.9165624,183.5637801,9.125966012,7.612365349
6000000.04,300,0.66,0.34,497.9131472,166.426618,9.213947298,12.11096626
6000000.04,300,0.68,0.32,506.6573413,157.4842407,7.254028034,7.125197918
6000000.04,300,0.7,0.3,513.0646958,149.010859,2.140186599,2.21072375
6000000.04,300,0.72,0.28,524.2948341,133.9289852,3.568230141,5.386372214
6000000.04,300,0.74,0.26,532.2329355,126.341767,7.948113191,8.238754691
6000000.04,300,0.76,0.24,538.7321981,117.0796034,6.139546129,8.024511504
6000000.04,300,0.78,0.22,554.5877427,98.40142967,6.759175546,7.459489631
6000000.04,300,0.8,0.2,556.9864867,93.35440749,6.818045779,4.737539081
6000000.04,300,0.82,0.18,565.5510807,84.60006487,10.61683081,10.45673796
6000000.04,300,0.84,0.16,572.9361879,74.21887662,4.908638948,3.021849448
6000000.04,300,0.86,0.14,581.7462214,63.34386997,5.544652355,4.668243303
6000000.04,300,0.88,0.12,588.6354608,52.90521657,6.25108439,4.108099485
6000000.04,300,0.9,0.1,596.8728255,44.38237121,6.118653475,4.208106577
6000000.04,300,0.92,0.08,602.9681986,36.47500306,4.915417333,2.223122452
6000000.04,300,0.94,0.06,608.483525,27.34049939,4.19275364,2.983424314
6000000.04,300,0.96,0.04,618.5328416,17.8765713,1.113831811,0.890262863
6000000.04,300,0.98,0.02,623.527707,9.273347473,4.52358545,0.971991257
6200000.038,300,0.02,0.98,35.00143976,708.624573,1.543466588,4.869954938
6200000.038,300,0.04,0.96,51.70362058,688.472309,1.557103822,2.044844194
6200000.038,300,0.06,0.94,72.46563592,664.9793378,1.039851491,4.131208548
6200000.038,300,0.08,0.92,92.58345169,642.3421608,4.042326519,3.055693215
6200000.038,300,0.1,0.9,111.3478722,620.2449016,5.301304919,7.772263182
6200000.038,300,0.12,0.88,129.6500823,598.9310597,2.023191223,4.048462644
6200000.038,300,0.14,0.86,146.1599448,580.5613974,3.280303951,2.42616516
6200000.038,300,0.16,0.84,161.4411344,563.4791545,8.020171711,8.336666974
6200000.038,300,0.18,0.82,181.200312,540.7300478,10.82525447,14.64822425
6200000.038,300,0.2,0.8,194.5257853,527.1685454,4.111719495,7.137652236
6200000.038,300,0.22,0.78,211.4373591,504.9433535,6.277003308,7.211985322
6200000.038,300,0.24,0.76,225.4555155,490.2696459,8.330240112,8.761999751
6200000.038,300,0.26,0.74,244.714258,465.8622332,11.24188968,10.52197303
6200000.038,300,0.28,0.72,259.4232005,448.1615125,10.9983894,13.41104138
6200000.038,300,0.3,0.7,271.4306926,435.9758095,6.879119768,4.158685837
6200000.038,300,0.32,0.68,290.5033002,413.3950975,6.708668568,6.22991755
6200000.038,300,0.34,0.66,302.8689386,397.5471732,6.133966079,7.212289284
6200000.038,300,0.36,0.64,310.1658619,389.2578255,8.296268523,6.919012248
6200000.038,300,0.38,0.62,330.4239991,364.9144246,11.96523647,16.18180406
6200000.038,300,0.4,0.6,344.3943746,348.5911399,8.348999628,9.795017632
6200000.038,300,0.42,0.58,356.8682229,334.3177789,14.44472287,17.71078186
6200000.038,300,0.44,0.56,371.0435646,319.4309411,14.60049358,11.80506275
6200000.038,300,0.46,0.54,383.4529085,304.2928751,9.657823233,7.835226433
6200000.038,300,0.48,0.52,396.3212306,289.570795,13.15831932,15.49105841
6200000.038,300,0.5,0.5,410.4700118,273.0969371,12.67725934,14.7277658
6200000.038,300,0.52,0.48,423.1547988,257.1810912,8.507095188,6.818341395
6200000.038,300,0.54,0.46,432.676698,245.2694387,12.76542042,11.65957471
6200000.038,300,0.56,0.44,442.1446329,234.6195645,5.503363907,4.526826466
6200000.038,300,0.58,0.42,451.4733707,222.3332975,13.6930162,14.52728421
6200000.038,300,0.6,0.4,464.5871322,207.2936133,6.744906555,9.046991451
6200000.038,300,0.62,0.38,473.9494572,195.9743428,9.83152695,11.72981163
6200000.038,300,0.64,0.36,484.7126773,184.6639831,9.532629547,10.6637539
6200000.038,300,0.66,0.34,494.9299298,169.9956402,7.337325777,6.184782722
6200000.038,300,0.68,0.32,508.393476,154.2954705,6.206398354,5.525647801
6200000.038,300,0.7,0.3,513.5221983,147.3119091,7.272700603,7.49682533
6200000.038,300,0.72,0.28,523.2280542,134.0053629,9.675618703,10.55596834
6200000.038,300,0.74,0.26,532.5260154,124.4634204,6.504905063,2.658290192
6200000.038,300,0.76,0.24,537.6355551,117.3701116,6.457093393,6.483768912
6200000.038,300,0.78,0.22,551.4954724,101.755594,5.17091638,3.819902113
6200000.038,300,0.8,0.2,558.2325154,93.4781576,5.099119873,5.316991117
6200000.038,300,0.82,0.18,564.6629875,84.17571385,5.857009767,6.087546083
6200000.038,300,0.84,0.16,573.9334044,74.18487034,3.791009941,5.545733098
6200000.038,300,0.86,0.14,581.3983339,63.42424844,5.646836728,3.200226567
6200000.038,300,0.88,0.12,586.3868754,55.64199428,6.646127827,2.377978618
6200000.038,300,0.9,0.1,595.4840161,45.27017139,3.396475299,2.152606517
6200000.038,300,0.92,0.08,603.3846657,36.84889023,4.378696018,3.786786124
6200000.038,300,0.94,0.06,609.9114023,26.13755015,4.633924241,2.263445095
6200000.038,300,0.96,0.04,617.8410718,17.9085772,3.633123126,1.806001324
6200000.038,300,0.98,0.02,625.1983537,9.305535231,3.111308815,0.41588049
6400000.036,300,0.02,0.98,27.25860781,716.5925887,1.743517358,3.148890318
6400000.036,300,0.04,0.96,49.3898283,693.1039818,3.160085942,2.876641381
6400000.036,300,0.06,0.94,69.79489187,669.4222485,1.944472321,5.135841172
6400000.036,300,0.08,0.92,92.58527861,642.7850607,2.169244638,5.307358891
6400000.036,300,0.1,0.9,108.6125536,624.7043608,4.246046645,2.210457869
6400000.036,300,0.12,0.88,126.6641948,604.8187824,2.605497641,3.464047784
6400000.036,300,0.14,0.86,145.2147955,583.2133413,3.344881918,6.356514547
6400000.036,300,0.16,0.84,162.3518532,562.7324713,2.213493895,1.669972432
6400000.036,300,0.18,0.82,179.2291372,543.0509305,2.502305741,4.08862573
6400000.036,300,0.2,0.8,196.7884941,524.4165831,8.067231032,6.497843211
6400000.036,300,0.22,0.78,211.1332474,505.822152,5.821097327,7.863276478
6400000.036,300,0.24,0.76,225.9810357,488.0071375,7.375528119,8.706385682
6400000.036,300,0.26,0.74,246.1871759,466.4071519,8.381405384,9.551590273
6400000.036,300,0.28,0.72,258.3527668,452.2179883,5.318574084,8.619857022
6400000.036,300,0.3,0.7,273.5099367,432.5340835,10.89278948,10.86105602
6400000.036,300,0.32,0.68,284.0420516,421.0871532,11.39683054,12.01064197
6400000.036,300,0.34,0.66,300.505398,401.6996667,11.92815089,14.34671395
6400000.036,300,0.36,0.64,317.195493,384.0948728,6.832588801,7.76583662
6400000.036,300,0.38,0.62,330.0696472,367.2487644,18.03166818,17.85011348
6400000.036,300,0.4,0.6,346.4665218,347.8259987,6.476821747,7.995797929
6400000.036,300,0.42,0.58,357.8869407,333.9929008,6.302933189,5.953147451
6400000.036,300,0.44,0.56,373.731032,315.8381873,13.57085145,11.70684292
6400000.036,300,0.46,0.54,382.8381505,305.4996432,10.67377159,10.79232087
6400000.036,300,0.48,0.52,392.6992241,292.5231579,9.697077191,10.06416162
6400000.036,300,0.5,0.5,407.9912347,275.1708652,8.643199455,8.128690531
6400000.036,300,0.52,0.48,424.3099032,256.9406832,9.051125304,9.72284891
6400000.036,300,0.54,0.46,431.6775844,246.1870626,12.01832413,8.878980167
6400000.036,300,0.56,0.44,446.6923249,231.0528155,7.226393625,7.580246529
6400000.036,300,0.58,0.42,454.9829514,219.7268165,11.03147684,11.14255277
6400000.036,300,0.6,0.4,463.9880435,207.3980871,7.344368734,6.896476677
6400000.036,300,0.62,0.38,477.6695551,192.122814,9.28153389,9.790718423
6400000.036,300,0.64,0.36,488.3656008,179.6940661,7.79997389,5.492319896
6400000.036,300,0.66,0.34,495.9139362,169.1894005,4.768063752,6.841126437
6400000.036,300,0.68,0.32,504.4859081,159.4449661,1.867177073,6.217376195
6400000.036,300,0.7,0.3,517.3337827,143.0286642,8.929657621,9.912077641
6400000.036,300,0.72,0.28,527.0617022,132.332236,5.05374413,3.131456992
6400000.036,300,0.74,0.26,534.0892955,122.9683264,12.77679722,10.48662726
6400000.036,300,0.76,0.24,541.1321366,113.288813,5.114387149,4.820342677
6400000.036,300,0.78,0.22,552.4728738,100.4438975,5.796274747,6.679074138
6400000.036,300,0.8,0.2,555.5474371,95.02744347,4.550059733,6.808185704
6400000.036,300,0.82,0.18,562.5512102,86.90030749,2.672940243,1.0696841
6400000.036,300,0.84,0.16,571.9318746,76.19387741,2.293883584,2.856041514
6400000.036,300,0.86,0.14,582.9380046,62.22084457,5.869387926,6.065738508
6400000.036,300,0.88,0.12,589.4093013,53.93477018,1.263010703,2.201001208
6400000.036,300,0.9,0.1,597.1135572,44.32599718,3.363178693,2.294356955
6400000.036,300,0.92,0.08,602.4297495,35.9760019,5.992102451,2.812842412
6400000.036,300,0.94,0.06,608.5780329,27.38314362,5.163321909,1.361047868
6400000.036,300,0.96,0.04,614.7420559,18.65489673,6.384618165,1.235350237
6400000.036,300,0.98,0.02,623.5152699,9.23734083,1.856078975,0.672212332
6600000.034,300,0.02,0.98,26.29701628,719.030493,2.225839992,8.431198346
6600000.034,300,0.04,0.96,47.44120891,694.175816,1.984792779,2.073968155
6600000.034,300,0.06,0.94,70.583418,667.8534135,1.425995151,1.228920025
6600000.034,300,0.08,0.92,90.41532102,645.3513524,3.709443029,7.673513751
6600000.034,300,0.1,0.9,108.8577823,625.1497157,4.471257599,4.665679882
6600000.034,300,0.12,0.88,125.8380763,606.0084565,4.386573004,6.448728738
6600000.034,300,0.14,0.86,144.7033989,583.401285,5.885293156,9.011926735
6600000.034,300,0.16,0.84,162.8876322,562.0342515,8.966407825,13.72478376
6600000.034,300,0.18,0.82,178.4054077,545.5538469,6.266757639,5.894938622
6600000.034,300,0.2,0.8,195.2271814,524.8180208,6.502418077,7.630650039
6600000.034,300,0.22,0.78,211.2087132,506.4834559,5.025358336,5.489029378
6600000.034,300,0.24,0.76,226.3236532,487.7410885,8.172884832,10.69386386
6600000.034,300,0.26,0.74,243.2409185,469.6443856,7.028505076,11.10685409
6600000.034,300,0.28,0.72,258.798043,450.8899251,6.853923088,4.62033648
6600000.034,300,0.3,0.7,266.8926271,438.2815986,4.717590617,5.116340256
6600000.034,300,0.32,0.68,285.9017844,419.3576522,6.216080008,6.195232686
6600000.034,300,0.34,0.66,300.979132,401.7742259,5.218418136,6.989034902
6600000.034,300,0.36,0.64,315.0773215,385.1758905,9.714716242,10.2808561
6600000.034,300,0.38,0.62,329.0579559,368.5723723,11.37421851,13.22910146
6600000.034,300,0.4,0.6,349.2453351,346.1401422,13.8570084,16.10627066
6600000.034,300,0.42,0.58,357.0517579,333.71294,10.31988527,10.90274954
6600000.034,300,0.44,0.56,370.623022,318.6878949,11.31629285,11.6898111
6600000.034,300,0.46,0.54,381.822454,305.6554902,6.674410264,7.966798033
6600000.034,300,0.48,0.52,398.216518,286.5196865,10.76719588,12.96322456
6600000.034,300,0.5,0.5,408.9018833,275.9807419,10.61351239,9.522335437
6600000.034,300,0.52,0.48,423.5387327,257.3613063,6.200528574,8.924894594
6600000.034,300,0.54,0.46,437.0917277,240.5282912,8.062458942,11.79170563
6600000.034,300,0.56,0.44,441.1068729,234.9008892,10.13740753,12.42880639
6600000.034,300,0.58,0.42,450.2865763,224.920684,14.94772181,12.44107053
6600000.034,300,0.6,0.4,465.8214265,205.8075209,13.13013347,13.81054415
6600000.034,300,0.62,0.38,475.1313329,193.7879394,16.82110202,18.3283453
6600000.034,300,0.64,0.36,486.4140302,180.2210724,3.53374391,5.672889123
6600000.034,300,0.66,0.34,496.3239389,169.2903282,9.028272437,8.357429623
6600000.034,300,0.68,0.32,508.9485781,155.0482457,6.24151212,9.330620055
6600000.034,300,0.7,0.3,513.6356078,149.2066224,7.108416356,8.077612938
6600000.034,300,0.72,0.28,521.9670589,137.3356138,4.894128013,5.388349225
6600000.034,300,0.74,0.26,529.469651,128.4265153,6.368074071,5.784474286
6600000.034,300,0.76,0.24,541.0537899,112.9823929,2.808138677,3.527380706
6600000.034,300,0.78,0.22,549.3085104,104.6979551,4.274334901,4.961631573
6600000.034,300,0.8,0.2,555.4806843,95.73284636,9.938573761,11.02369547
6600000.034,300,0.82,0.18,566.2791077,83.77973169,4.733963682,3.51903225
6600000.034,300,0.84,0.16,573.6186825,74.32025896,3.051270067,2.698398075
6600000.034,300,0.86,0.14,581.6796091,63.59382518,5.554753956,4.486791742
6600000.034,300,0.88,0.12,588.1831579,55.23337343,6.782269301,2.717193699
6600000.034,300,0.9,0.1,594.2969407,45.38692021,3.82472956,3.37457214
6600000.034,300,0.92,0.08,603.2028873,36.99518996,6.560877122,2.127971619
6600000.034,300,0.94,0.06,608.9491081,28.32158951,6.20082001,2.93903391
6600000.034,300,0.96,0.04,614.1237845,18.43749298,2.830233425,1.637826748
6600000.034,300,0.98,0.02,623.5842712,9.540305823,5.089338041,0.596767027
6800000.032,300,0.02,0.98,25.18252572,723.4181208,1.536581693,5.02356671
6800000.032,300,0.04,0.96,48.88644198,695.6880041,0.95960796,4.624704605
6800000.032,300,0.06,0.94,70.07258348,670.5429098,2.105989735,5.804019573
6800000.032,300,0.08,0.92,89.42421773,648.2113346,5.5648506,6.681951828
6800000.032,300,0.1,0.9,107.7571341,626.7191871,1.94624203,5.158928762
6800000.032,300,0.12,0.88,127.5807457,602.9266151,5.31823465,7.94586502
6800000.032,300,0.14,0.86,143.8538115,586.094782,5.169601957,5.513519942
6800000.032,300,0.16,0.84,161.408039,565.758666,7.166289123,8.202072392
6800000.032,300,0.18,0.82,177.4069968,545.8623584,8.417153705,9.762368621
6800000.032,300,0.2,0.8,191.44279,528.9338711,4.414733511,5.473593623
6800000.032,300,0.22,0.78,210.143971,507.5481978,7.572645817,9.560676701
6800000.032,300,0.24,0.76,228.4072537,487.5694204,6.822619456,6.07153096
6800000.032,300,0.26,0.74,241.1025807,471.4829067,2.947376634,5.697321844
6800000.032,300,0.28,0.72,257.2578805,452.7810013,7.863537739,8.896325507
6800000.032,300,0.3,0.7,271.2513736,434.7869538,6.768805015,8.42269004
6800000.032,300,0.32,0.68,286.8087791,418.0019475,9.065170194,13.98341893
6800000.032,300,0.34,0.66,303.1078434,398.3757807,13.70256759,20.53531701
6800000.032,300,0.36,0.64,314.4020644,387.0465084,13.43663698,14.31433067
6800000.032,300,0.38,0.62,332.7930908,365.197295,8.622984495,12.62496628
6800000.032,300,0.4,0.6,342.4777263,352.7582725,10.54440202,13.27027257
6800000.032,300,0.42,0.58,354.366539,337.7990577,4.041419938,6.305944238
6800000.032,300,0.44,0.56,374.4138076,315.1890675,8.603699073,7.875813241
6800000.032,300,0.46,0.54,384.1699038,302.326876,10.97426915,12.01496557
6800000.032,300,0.48,0.52,399.5459526,285.2796395,18.22062579,19.75968729
6800000.032,300,0.5,0.5,406.8285416,274.1991404,6.559020149,6.42195088
6800000.032,300,0.52,0.48,420.7516983,260.1334541,5.395402278,5.670306672
6800000.032,300,0.54,0.46,432.709442,246.992393,3.947943762,4.412970288
6800000.032,300,0.56,0.44,440.6577321,237.0996585,8.601926394,8.510308847
6800000.032,300,0.58,0.42,453.8730984,220.0578776,8.206607719,7.511040235
6800000.032,300,0.6,0.4,464.3711342,206.614397,12.78828975,14.43420132
6800000.032,300,0.62,0.38,478.5371306,192.7896643,9.818626529,8.670445211
6800000.032,300,0.64,0.36,484.2255927,183.8213731,6.406596736,6.10926959
6800000.032,300,0.66,0.34,496.9479018,169.1488476,10.34669401,13.9611863
6800000.032,300,0.68,0.32,504.3607642,158.7705689,8.306436115,12.3556813
6800000.032,300,0.7,0.3,512.8724477,149.8348292,6.070728024,7.261500014
6800000.032,300,0.72,0.28,522.7923342,136.9892771,3.041824013,4.459771401
6800000.032,300,0.74,0.26,532.1748957,124.6804605,2.095131752,5.640148657
6800000.032,300,0.76,0.24,541.9312027,115.7523585,9.104346883,10.08307413
6800000.032,300,0.78,0.22,548.1921227,105.1839539,3.972145678,2.500651163
6800000.032,300,0.8,0.2,557.9007189,94.22993268,10.80478593,10.4736032
6800000.032,300,0.82,0.18,565.4633886,85.55960556,4.038287214,4.854690775
6800000.032,300,0.84,0.16,575.5464329,72.03320059,1.6223868,2.107982899
6800000.032,300,0.86,0.14,582.2175663,62.97298335,4.098180549,3.129945332
6800000.032,300,0.88,0.12,590.4436885,53.2438245,4.057627459,3.836532753
6800000.032,300,0.9,0.1,597.0807429,44.97629899,4.378737581,3.726926863
6800000.032,300,0.92,0.08,601.2768936,36.70022644,6.247686431,4.297986402
6800000.032,300,0.94,0.06,609.5307006,26.95451908,2.792919747,2.729438582
6800000.032,300,0.96,0.04,616.5451542,18.32601786,3.810589541,1.67441535
6800000.032,300,0.98,0.02,623.7795407,9.440105516,2.459239891,1.165401733
7000000.03,300,0.02,0.98,24.76022648,724.1168861,0.841445419,1.735881984
7000000.03,300,0.04,0.96,48.31405436,696.5755315,3.417420055,9.069317941
7000000.03,300,0.06,0.94,68.33574611,674.2194064,1.981492035,5.139060845
7000000.03,300,0.08,0.92,86.22282412,652.9547554,3.160299777,3.333085652
7000000.03,300,0.1,0.9,107.4704484,629.2003722,2.064013761,6.150023956
7000000.03,300,0.12,0.88,123.9295788,608.259781,3.644316402,2.315646465
7000000.03,300,0.14,0.86,144.6152852,584.918565,3.966353264,5.752789249
7000000.03,300,0.16,0.84,160.0075655,567.8673278,6.818915128,6.722184584
7000000.03,300,0.18,0.82,175.5462803,548.3491809,8.537407509,10.63519746
7000000.03,300,0.2,0.8,195.5815334,526.1163512,6.736747689,9.225785483
7000000.03,300,0.22,0.78,212.2223016,505.7151323,6.20459465,6.932865782
7000000.03,300,0.24,0.76,223.997494,491.8144764,9.394413622,12.57848349
7000000.03,300,0.26,0.74,242.9340665,468.3248694,3.960030905,3.626036474
7000000.03,300,0.28,0.72,257.7392032,452.5804188,8.09746089,8.559140699
7000000.03,300,0.3,0.7,274.8950922,433.2962242,7.718247225,10.84594239
7000000.03,300,0.32,0.68,287.658226,418.7390835,5.714025116,10.3605166
7000000.03,300,0.34,0.66,303.0363827,399.6880228,5.904679139,7.978313706
7000000.03,300,0.36,0.64,319.4272848,381.201248,12.16950385,14.04977583
7000000.03,300,0.38,0.62,334.4747693,363.6110023,10.97476904,13.36307352
7000000.03,300,0.4,0.6,343.8420129,349.6364237,6.811381582,4.933308945
7000000.03,300,0.42,0.58,360.2958733,332.8197752,9.721021127,11.18613809
7000000.03,300,0.44,0.56,367.99507,322.9955079,9.795064785,8.296700758
7000000.03,300,0.46,0.54,385.3033662,301.680484,9.786127401,9.922897532
7000000.03,300,0.48,0.52,397.3922264,286.8672052,6.302906887,8.589243073
7000000.03,300,0.5,0.5,408.6507523,275.3678106,10.7438245,12.87449768
7000000.03,300,0.52,0.48,418.5349435,263.1811983,7.645745342,12.36428387
7000000.03,300,0.54,0.46,432.415519,247.7628079,12.13943935,12.12943188
7000000.03,300,0.56,0.44,443.7021512,232.9526206,6.710726049,8.146968397
7000000.03,300,0.58,0.42,458.2172295,216.9253905,7.038251811,4.57397628
7000000.03,300,0.6,0.4,464.8914547,207.6474058,8.444491126,9.0772969
7000000.03,300,0.62,0.38,475.2869723,194.5659011,12.80400722,14.4543847
7000000.03,300,0.64,0.36,484.7168932,183.1196982,8.870249565,10.80727053
7000000.03,300,0.66,0.34,493.6909277,171.6317602,12.60875122,13.04998226
7000000.03,300,0.68,0.32,504.921066,159.5728079,14.81375866,13.82347303
7000000.03,300,0.7,0.3,514.7699837,147.5522262,9.115534588,11.47514696
7000000.03,300,0.72,0.28,522.9052518,137.6519449,10.94324378,12.01090367
7000000.03,300,0.74,0.26,532.0850957,125.0212506,7.459533651,6.474137116
7000000.03,300,0.76,0.24,539.9547579,114.9219326,2.858472111,4.570230204
7000000.03,300,0.78,0.22,550.7439765,102.1779447,3.964712475,8.671219384
7000000.03,300,0.8,0.2,558.8065192,92.28020928,4.564343619,5.672191658
7000000.03,300,0.82,0.18,566.9015248,83.45839967,6.767377287,4.297150218
7000000.03,300,0.84,0.16,573.5167264,74.34380876,8.266161596,7.002392234
7000000.03,300,0.86,0.14,581.7027969,63.26640113,2.62940622,1.876332051
7000000.03,300,0.88,0.12,590.9639387,53.38748738,6.222344376,2.200619675
7000000.03,300,0.9,0.1,594.9350974,46.47084749,5.069815969,3.147733223
7000000.03,300,0.92,0.08,602.5652928,36.12948476,4.156118024,1.845576662
7000000.03,300,0.94,0.06,608.7927661,27.53962704,2.779575946,3.18948413
7000000.03,300,0.96,0.04,618.0858789,18.58279252,2.586313826,1.186643631
7000000.03,300,0.98,0.02,623.1498862,9.295078756,2.941894805,0.627573374
7200000.028,300,0.02,0.98,24.77765248,723.1981712,1.248065319,2.999739548
7200000.028,300,0.04,0.96,47.23441579,696.7975725,1.589710984,5.842511775
7200000.028,300,0.06,0.94,67.49655812,672.6616644,1.421310457,2.839269205
7200000.028,300,0.08,0.92,87.71935144,650.7318906,2.277668314,9.373833555
7200000.028,300,0.1,0.9,107.1243879,628.7926606,5.331618935,8.598258042
7200000.028,300,0.12,0.88,126.126097,607.3286092,2.875097487,3.5606158
7200000.028,300,0.14,0.86,144.8052847,585.3538271,4.133854155,6.366065327
7200000.028,300,0.16,0.84,161.8047614,564.7773031,7.13935926,6.574235432
7200000.028,300,0.18,0.82,179.0443373,546.0637592,4.757588418,7.501820241
7200000.028,300,0.2,0.8,193.787921,527.912319,7.459352293,12.06752438
7200000.028,300,0.22,0.78,208.2322414,509.4151787,7.07602445,11.35370395
7200000.028,300,0.24,0.76,227.9920514,487.2579993,8.429256536,10.21885977
7200000.028,300,0.26,0.74,242.0052189,471.4903626,9.64190884,12.00464777
7200000.028,300,0.28,0.72,252.4192868,459.2929301,7.166538562,13.14321
7200000.028,300,0.3,0.7,268.8576887,438.9878198,5.495165125,6.513505974
7200000.028,300,0.32,0.68,286.2051934,419.0632343,11.70439832,10.40579614
7200000.028,300,0.34,0.66,301.6549513,400.6942994,8.933180857,11.14221966
7200000.028,300,0.36,0.64,316.609544,383.7557194,3.618199018,3.804336529
7200000.028,300,0.38,0.62,328.3063195,369.591924,7.342953558,7.749880924
7200000.028,300,0.4,0.6,344.3045043,351.8763825,14.96002086,17.84628692
7200000.028,300,0.42,0.58,353.6413226,339.4698205,11.31865705,14.94758349
7200000.028,300,0.44,0.56,370.999297,320.3613855,12.82786318,13.86057612
7200000.028,300,0.46,0.54,383.449606,304.6407575,10.71163705,12.07606029
7200000.028,300,0.48,0.52,392.9893529,293.4203235,6.559232272,11.13537981
7200000.028,300,0.5,0.5,405.2973731,278.8744577,9.918282908,8.60078683
7200000.028,300,0.52,0.48,419.1518096,263.4273346,13.3173323,12.19308878
7200000.028,300,0.54,0.46,435.0679938,242.6290424,8.242655648,9.510791818
7200000.028,300,0.56,0.44,442.8376674,233.7429482,5.068469954,8.097259171
7200000.028,300,0.58,0.42,455.0636871,219.2422726,7.894520314,9.413768216
7200000.028,300,0.6,0.4,469.6729923,201.6332052,6.735190366,6.099924063
7200000.028,300,0.62,0.38,476.1967777,193.4982496,8.944354146,10.81523537
7200000.028,300,0.64,0.36,485.7164987,181.586779,9.142574612,11.30900485
7200000.028,300,0.66,0.34,495.4376726,172.5578402,5.499481068,5.547281685
7200000.028,300,0.68,0.32,502.5757945,161.3159477,8.326051352,8.617129831
7200000.028,300,0.7,0.3,515.3567056,145.6626957,4.798561853,6.09228385
7200000.028,300,0.72,0.28,521.2735325,137.6807684,11.1460897,12.23280406
7200000.028,300,0.74,0.26,532.1923217,124.7663854,6.903656505,6.532800364
7200000.028,300,0.76,0.24,542.9603199,113.3059071,6.810282223,4.27970594
7200000.028,300,0.78,0.22,548.6196216,105.7430571,6.706670446,3.813480198
7200000.028,300,0.8,0.2,558.0033777,92.6120887,2.643978341,3.33046664
7200000.028,300,0.82,0.18,566.1581095,83.29727903,8.41202888,6.62363211
7200000.028,300,0.84,0.16,573.9311559,74.24651808,6.077544257,6.368970342
7200000.028,300,0.86,0.14,582.0240535,63.33686868,5.013579766,3.319116863
7200000.028,300,0.88,0.12,591.4865779,52.54760513,3.769421011,2.850427833
7200000.028,300,0.9,0.1,596.0712299,45.56477121,3.04198483,2.85509225
7200000.028,300,0.92,0.08,601.6540118,37.47318725,0.518643115,3.709476632
7200000.028,300,0.94,0.06,611.6568122,26.44406125,2.623030398,2.997047129
7200000.028,300,0.96,0.04,619.0982026,17.52487004,4.802417572,1.25383754
7200000.028,300,0.98,0.02,623.5448519,9.56349192,6.268363727,1.305323661
7400000.026,300,0.02,0.98,24.31740955,727.0029641,1.125520515,5.149536758
7400000.026,300,0.04,0.96,47.59712938,696.1484527,0.875005661,2.925107263
7400000.026,300,0.06,0.94,68.44255058,672.9349875,2.38209282,4.407668792
7400000.026,300,0.08,0.92,86.25613025,651.6690636,3.693553254,7.076039678
7400000.026,300,0.1,0.9,109.0138433,627.0471567,3.881463126,5.461022024
7400000.026,300,0.12,0.88,125.6467417,607.2916024,2.988133583,4.476889092
7400000.026,300,0.14,0.86,144.0101536,586.2749971,6.124891739,7.954165538
7400000.026,300,0.16,0.84,160.4780672,566.3043121,5.825555457,6.840278586
7400000.026,300,0.18,0.82,177.5360756,545.9072758,1.744366674,4.864708048
7400000.026,300,0.2,0.8,193.0854708,528.802847,5.346915459,8.93109551
7400000.026,300,0.22,0.78,207.860604,511.3336235,7.34280406,7.229309477
7400000.026,300,0.24,0.76,228.4142803,487.3983889,9.54227542,13.01704696
7400000.026,300,0.26,0.74,240.2988068,472.0801987,5.903429957,6.823695239
7400000.026,300,0.28,0.72,254.5612785,455.5837912,4.074920093,3.484808593
7400000.026,300,0.3,0.7,273.3823335,434.3424172,7.028618892,8.735681167
7400000.026,300,0.32,0.68,285.7686301,418.7012584,4.226265716,5.166242007
7400000.026,300,0.34,0.66,297.4382829,403.7638658,11.26814929,15.09751942
7400000.026,300,0.36,0.64,315.6082522,383.725532,0.735143766,3.401701141
7400000.026,300,0.38,0.62,332.1873268,366.0229019,8.300433195,9.420930888
7400000.026,300,0.4,0.6,343.8803079,351.0585043,9.125923685,10.89299426
7400000.026,300,0.42,0.58,354.6453549,339.2194106,8.539479144,13.49124348
7400000.026,300,0.44,0.56,365.492543,326.3973174,9.649858605,11.85119765
7400000.026,300,0.46,0.54,384.2546447,304.738321,12.53050514,16.83289176
7400000.026,300,0.48,0.52,392.9653921,294.6114524,6.833996701,6.420551862
7400000.026,300,0.5,0.5,402.6749018,281.5150358,6.435300433,5.38045467
7400000.026,300,0.52,0.48,420.8806366,258.1442689,7.619803562,8.298335059
7400000.026,300,0.54,0.46,433.9418391,244.129592,5.946010114,3.630708707
7400000.026,300,0.56,0.44,439.7032374,237.0368287,7.706542539,10.35139034
7400000.026,300,0.58,0.42,454.0999173,221.8010174,5.806935236,5.462821861
7400000.026,300,0.6,0.4,468.2676703,204.8897152,10.96552285,12.33351517
7400000.026,300,0.62,0.38,476.0235718,195.1657391,10.27816419,11.81973899
7400000.026,300,0.64,0.36,484.6334171,185.5443274,8.596272496,11.70915057
7400000.026,300,0.66,0.34,503.2269504,163.9537981,9.684843961,10.38700937
7400000.026,300,0.68,0.32,504.9686362,159.813034,2.041432198,4.095071065
7400000.026,300,0.7,0.3,516.0129909,146.4895756,7.594598681,6.921527677
7400000.026,300,0.72,0.28,525.3344913,135.1233874,10.64669319,12.5120374
7400000.026,300,0.74,0.26,530.4379881,129.4640704,9.332242808,11.30492556
7400000.026,300,0.76,0.24,539.3633282,114.9307524,10.01091391,10.52760292
7400000.026,300,0.78,0.22,549.8206097,103.8209751,9.657760972,9.52793599
7400000.026,300,0.8,0.2,559.5585772,92.75857027,5.325841241,4.671690191
7400000.026,300,0.82,0.18,566.643859,83.38838675,9.427445311,7.765030595
7400000.026,300,0.84,0.16,572.6846353,74.06757597,6.261553336,5.391723452
7400000.026,300,0.86,0.14,578.5539623,65.48817473,3.365375111,2.762498752
7400000.026,300,0.88,0.12,588.4666113,55.27656322,5.296845477,2.503280942
7400000.026,300,0.9,0.1,596.5432072,44.41319508,4.356633846,2.657219547
7400000.026,300,0.92,0.08,601.4477105,37.41308525,2.197391877,1.679906601
7400000.026,300,0.94,0.06,611.857984,27.12164082,2.678849508,2.241780973
7400000.026,300,0.96,0.04,615.9323636,17.90939553,5.68153897,1.73756005
7400000.026,300,0.98,0.02,622.9378231,9.260981555,5.584510796,0.469215048
7600000.024,300,0.02,0.98,25.47434082,722.2380849,0.791700851,3.004528103
7600000.024,300,0.04,0.96,48.0955268,697.5895368,0.885271903,5.633689954
7600000.024,300,0.06,0.94,67.04214728,675.4950054,2.667650273,2.725732269
7600000.024,300,0.08,0.92,86.28269083,654.6305191,3.812146662,6.527382699
7600000.024,300,0.1,0.9,105.9912769,631.0178894,3.428555369,4.634761374
7600000.024,300,0.12,0.88,124.2989677,609.0811144,3.373407739,3.886983841
7600000.024,300,0.14,0.86,140.9202723,588.3717476,5.63359009,8.022302612
7600000.024,300,0.16,0.84,160.1725503,567.626738,10.48225604,12.66954842
7600000.024,300,0.18,0.82,176.048191,548.3652748,5.899596932,8.147862254
7600000.024,300,0.2,0.8,195.5611562,526.6836377,1.790282807,1.629814314
7600000.024,300,0.22,0.78,207.4546767,512.1071299,10.74869543,13.49370242
7600000.024,300,0.24,0.76,221.0945908,496.699105,5.80359217,8.729484725
7600000.024,300,0.26,0.74,239.7091337,473.3657087,9.236348037,10.39646581
7600000.024,300,0.28,0.72,254.3501991,456.0003226,4.481987105,7.179785671
7600000.024,300,0.3,0.7,267.9788706,439.3441583,2.003374543,3.863581594
7600000.024,300,0.32,0.68,283.8559167,421.7996483,6.729585163,9.900852627
7600000.024,300,0.34,0.66,302.8021156,399.43143,6.98697181,8.771325579
7600000.024,300,0.36,0.64,314.1943578,386.8231035,2.242101646,4.18388862
7600000.024,300,0.38,0.62,329.636808,368.1193796,1.566393871,2.18413516
7600000.024,300,0.4,0.6,343.0147701,352.0297744,12.64226883,12.23157236
7600000.024,300,0.42,0.58,358.2432601,335.4205279,8.642554385,8.436127322
7600000.024,300,0.44,0.56,366.1560657,325.5879863,6.688444368,10.74117198
7600000.024,300,0.46,0.54,380.9082921,306.5837524,4.008273945,4.883141048
7600000.024,300,0.48,0.52,396.4849506,289.9112214,12.05979206,12.6842456
7600000.024,300,0.5,0.5,405.060225,277.9236459,13.85175067,16.19044125
7600000.024,300,0.52,0.48,418.2510685,264.2995865,18.02378921,19.90665978
7600000.024,300,0.54,0.46,433.8476123,246.9585686,9.605018462,12.24708138
7600000.024,300,0.56,0.44,443.1869602,232.8216873,9.27579254,12.27382326
7600000.024,300,0.58,0.42,458.5007532,216.4619414,14.02908766,12.79359143
7600000.024,300,0.6,0.4,464.676581,210.4496502,14.74310366,15.47030748
7600000.024,300,0.62,0.38,475.869408,196.0827265,3.721811857,4.553385732
7600000.024,300,0.64,0.36,483.2509317,183.2718172,10.72960021,12.53893572
7600000.024,300,0.66,0.34,496.5162572,168.9470831,13.22158382,15.21151519
7600000.024,300,0.68,0.32,504.5402238,159.966335,4.424220699,4.826982051
7600000.024,300,0.7,0.3,516.9393791,145.5109405,3.810804852,2.10204302
7600000.024,300,0.72,0.28,522.2785485,137.5074637,6.402689827,7.941847048
7600000.024,300,0.74,0.26,532.9335588,124.7755689,3.164312206,1.465219135
7600000.024,300,0.76,0.24,538.372787,118.2695503,4.398530865,5.942603915
7600000.024,300,0.78,0.22,550.4927049,103.3289753,3.767471329,4.747830318
7600000.024,300,0.8,0.2,556.8393495,96.13846666,5.800021401,4.333206391
7600000.024,300,0.82,0.18,564.0077561,85.81528911,2.144569211,3.201267917
7600000.024,300,0.84,0.16,573.3891232,76.07312785,5.32729336,3.285667673
7600000.024,300,0.86,0.14,578.6693393,65.40697793,2.890107679,6.16666159
7600000.024,300,0.88,0.12,588.9513771,55.62771892,2.844341146,2.917507248
7600000.024,300,0.9,0.1,594.1891525,46.70834585,4.858855807,4.118674338
7600000.024,300,0.92,0.08,604.9098616,36.13830457,5.18787477,2.959804737
7600000.024,300,0.94,0.06,609.2503389,28.0224434,3.91370077,1.746558935
7600000.024,300,0.96,0.04,617.6654769,17.99177437,4.961854023,1.476774121
7600000.024,300,0.98,0.02,626.092279,9.526394165,3.199768584,0.719670386
7800000.022,300,0.02,0.98,24.25979135,725.4721362,1.496224509,5.862023909
7800000.022,300,0.04,0.96,47.15297739,698.8300384,2.829017007,5.009102169
7800000.022,300,0.06,0.94,68.10351666,674.797604,2.353004937,3.09106827
7800000.022,300,0.08,0.92,87.91785316,649.2815321,3.210805149,4.355139999
7800000.022,300,0.1,0.9,105.8418911,631.2508415,6.211811783,9.204040524
7800000.022,300,0.12,0.88,124.0084174,609.0483811,4.290144832,5.648322075
7800000.022,300,0.14,0.86,142.8746535,588.0167731,5.770013073,8.877354367
7800000.022,300,0.16,0.84,159.2346384,567.694114,8.100896841,9.148316802
7800000.022,300,0.18,0.82,173.5008342,551.7891793,6.789607358,8.472429633
7800000.022,300,0.2,0.8,194.6063805,529.5218887,5.067662351,5.854827122
7800000.022,300,0.22,0.78,209.4358996,510.5151089,5.183599093,6.831587463
7800000.022,300,0.24,0.76,226.8427088,489.6050688,5.75470709,4.35656474
7800000.022,300,0.26,0.74,241.0280283,472.0510115,3.814905538,2.70253161
7800000.022,300,0.28,0.72,256.3719655,454.6000642,10.51601272,12.28145751
7800000.022,300,0.3,0.7,270.9864001,437.2265857,7.827687413,7.489048691
7800000.022,300,0.32,0.68,284.3361152,421.7189061,5.214102191,7.213059838
7800000.022,300,0.34,0.66,300.7674905,400.4847153,16.28200922,15.64744057
7800000.022,300,0.36,0.64,314.9540045,386.4653102,10.3730713,11.24440849
7800000.022,300,0.38,0.62,326.1005965,371.4472664,10.18563004,13.23692484
7800000.022,300,0.4,0.6,342.2710737,353.66153,9.793896799,11.99931543
7800000.022,300,0.42,0.58,352.8115503,340.6842264,18.69318828,19.99606056
7800000.022,300,0.44,0.56,372.717303,317.5085864,15.48596258,15.11402284
7800000.022,300,0.46,0.54,382.3672271,307.9974678,7.163428354,11.78092092
7800000.022,300,0.48,0.52,392.2028644,294.685466,16.99730955,18.75875665
7800000.022,300,0.5,0.5,408.097196,275.2759755,7.884435906,8.92586922
7800000.022,300,0.52,0.48,422.3216537,259.8462193,9.742859016,9.487249967
7800000.022,300,0.54,0.46,427.9619835,250.2409924,5.678260118,5.195173401
7800000.022,300,0.56,0.44,439.9958254,237.4285374,8.914323304,12.71589625
7800000.022,300,0.58,0.42,452.6626243,221.3291122,7.260395471,10.08464354
7800000.022,300,0.6,0.4,467.8333556,204.5976613,6.486988531,5.213352364
7800000.022,300,0.62,0.38,478.1290954,192.817033,8.937083223,13.5790652
7800000.022,300,0.64,0.36,486.8514367,183.0440479,4.417945714,4.733552249
7800000.022,300,0.66,0.34,498.5130088,167.866611,6.891872856,6.095861907
7800000.022,300,0.68,0.32,508.3139347,154.4761402,6.731490304,3.561832415
7800000.022,300,0.7,0.3,516.2154275,145.7220703,10.19932152,9.822108984
7800000.022,300,0.72,0.28,525.2520691,136.9089896,5.501773456,4.83858198
7800000.022,300,0.74,0.26,529.8968689,127.5927251,7.44477298,5.145520505
7800000.022,300,0.76,0.24,544.2702205,111.3642761,5.627321719,4.687568431
7800000.022,300,0.78,0.22,549.4693495,104.6819522,3.303341643,3.647696328
7800000.022,300,0.8,0.2,558.3466276,93.2588444,9.082582665,7.491336881
7800000.022,300,0.82,0.18,568.7969527,81.48549018,8.671921052,5.719109135
7800000.022,300,0.84,0.16,573.3152033,74.7506111,3.709585977,8.510850541
7800000.022,300,0.86,0.14,582.1657802,63.37851273,6.260499663,4.724360325
7800000.022,300,0.88,0.12,590.6187916,53.26355542,5.536866813,5.133012578
7800000.022,300,0.9,0.1,595.9462968,45.41274316,5.906893223,5.03109382
7800000.022,300,0.92,0.08,603.0305949,36.45681789,4.662013513,2.774741535
7800000.022,300,0.94,0.06,611.6582175,26.53053175,3.891816229,1.060621567
7800000.022,300,0.96,0.04,617.6267602,18.74464056,5.865968886,2.44332671
7800000.022,300,0.98,0.02,623.1073752,9.441196627,4.356705578,1.099276437
8000000.02,300,0.02,0.98,24.7332443,724.7464568,0.972289766,3.721292083
8000000.02,300,0.04,0.96,47.38633109,698.5043419,2.238632634,1.924934351
8000000.02,300,0.06,0.94,67.73757083,673.7193141,2.601190602,4.666432645
8000000.02,300,0.08,0.92,87.21554353,653.1965272,2.746579688,1.723453668
8000000.02,300,0.1,0.9,105.9182704,631.2713907,4.386498721,3.612156413
8000000.02,300,0.12,0.88,125.6128032,607.7828748,4.699768547,9.373278079
8000000.02,300,0.14,0.86,138.7196084,593.9595969,5.112370383,11.52345165
8000000.02,300,0.16,0.84,159.0933333,568.0874594,6.681665147,6.086878697
8000000.02,300,0.18,0.82,174.1394828,550.6173267,8.649927997,9.273816908
8000000.02,300,0.2,0.8,193.3447527,528.1933709,5.171366928,6.044970457
8000000.02,300,0.22,0.78,207.6490328,513.7091528,10.65276973,10.64451353
8000000.02,300,0.24,0.76,224.5294084,492.1500838,2.817418313,4.296698527
8000000.02,300,0.26,0.74,239.5524403,474.1709481,8.520131258,11.79181018
8000000.02,300,0.28,0.72,259.3040292,451.7018931,5.615793777,5.23685458
8000000.02,300,0.3,0.7,270.672943,438.6122051,11.81357938,14.44285753
8000000.02,300,0.32,0.68,286.2980149,418.381654,8.107754659,9.286561694
8000000.02,300,0.34,0.66,298.5769449,404.2535016,6.531179738,9.145567002
8000000.02,300,0.36,0.64,316.2000332,384.3761975,6.032470823,8.810335595
8000000.02,300,0.38,0.62,325.1338755,373.6059374,9.220274351,11.32279584
8000000.02,300,0.4,0.6,341.6395221,355.8213831,12.52670096,13.05553165
8000000.02,300,0.42,0.58,354.4216276,338.8132448,10.29534901,9.783566248
8000000.02,300,0.44,0.56,373.506321,316.2703579,4.591509438,7.92572056
8000000.02,300,0.46,0.54,383.6757926,304.5782914,9.708062159,7.975872243
8000000.02,300,0.48,0.52,394.362774,291.0415209,14.29887493,15.06576873
8000000.02,300,0.5,0.5,408.8081483,276.0933991,9.319892817,11.2402555
8000000.02,300,0.52,0.48,419.190737,264.7006605,11.35272643,10.49298665
8000000.02,300,0.54,0.46,433.4223619,246.9492032,8.498226134,9.919178497
8000000.02,300,0.56,0.44,444.8223333,231.9614377,7.620771767,8.320131418
8000000.02,300,0.58,0.42,457.1139113,216.1613404,4.665539275,9.794038134
8000000.02,300,0.6,0.4,467.1493152,206.5707526,13.81486588,13.65786101
8000000.02,300,0.62,0.38,473.2566334,198.7676764,12.49634374,12.20965196
8000000.02,300,0.64,0.36,490.8209793,178.4382889,7.708106689,7.395803529
8000000.02,300,0.66,0.34,495.8415621,172.6704974,8.472155639,9.787737451
8000000.02,300,0.68,0.32,510.0860457,155.9879646,5.679876115,6.90896937
8000000.02,300,0.7,0.3,514.6387969,148.1306966,8.855197259,11.54893119
8000000.02,300,0.72,0.28,523.8480823,136.2199534,5.098064435,4.166394727
8000000.02,300,0.74,0.26,533.5321557,124.7532012,5.378272867,6.646248074
8000000.02,300,0.76,0.24,540.9042637,116.9629455,9.543787604,7.553459492
8000000.02,300,0.78,0.22,550.2725612,102.9685451,11.00228973,11.66273309
8000000.02,300,0.8,0.2,558.9222474,93.47952148,5.523307884,6.044439533
8000000.02,300,0.82,0.18,565.1297652,85.30674072,3.539469353,4.456040556
8000000.02,300,0.84,0.16,575.8879261,73.90472774,4.778956368,5.489300563
8000000.02,300,0.86,0.14,581.8599822,64.87842585,3.542429174,3.247571861
8000000.02,300,0.88,0.12,590.2363332,54.80020259,2.079757156,0.525714909
8000000.02,300,0.9,0.1,596.9944561,45.77517367,6.398329227,2.401513988
8000000.02,300,0.92,0.08,602.7652701,37.30179198,5.858974471,2.398792634
8000000.02,300,0.94,0.06,610.8105976,26.75911939,8.547251662,3.51992315
8000000.02,300,0.96,0.04,615.9097379,19.22236508,5.134137336,1.618343819
8000000.02,300,0.98,0.02,623.2056072,9.282349134,4.122414407,1.000105792
8200000.018,300,0.02,0.98,24.13703648,724.4272161,1.324143166,3.238090316
8200000.018,300,0.04,0.96,45.73008894,700.5125307,2.05103144,3.637052533
8200000.018,300,0.06,0.94,66.26591771,676.015465,0.629158938,4.90000258
8200000.018,300,0.08,0.92,85.66828409,655.3691099,2.001476765,5.91150454
8200000.018,300,0.1,0.9,106.940361,630.383045,5.453194557,7.981062312
8200000.018,300,0.12,0.88,121.837195,612.2768859,5.994038133,6.719127231
8200000.018,300,0.14,0.86,142.835445,586.9423021,7.280064244,10.99033769
8200000.018,300,0.16,0.84,161.3865376,567.3172263,4.692675028,5.244389404
8200000.018,300,0.18,0.82,173.5516366,552.9634869,4.275395401,5.414389539
8200000.018,300,0.2,0.8,192.4089489,529.436964,12.01552979,12.01598406
8200000.018,300,0.22,0.78,206.0244103,515.6158683,3.785214638,6.584920614
8200000.018,300,0.24,0.76,219.2085083,498.683744,6.046551116,7.818504283
8200000.018,300,0.26,0.74,240.0283526,472.7764181,9.880907451,10.36622473
8200000.018,300,0.28,0.72,252.9170518,457.9655943,5.602554089,4.031146162
8200000.018,300,0.3,0.7,271.5946937,437.5824696,7.206619357,6.603256114
8200000.018,300,0.32,0.68,283.480766,423.6368054,5.253252357,9.815632173
8200000.018,300,0.34,0.66,299.5973492,404.1227502,4.802965468,6.248651642
8200000.018,300,0.36,0.64,314.7535354,385.1251539,6.916186904,9.964410897
8200000.018,300,0.38,0.62,325.8456711,372.5214646,10.03609124,13.71032865
8200000.018,300,0.4,0.6,342.5255073,352.6096087,6.041550442,7.612127966
8200000.018,300,0.42,0.58,356.1100517,338.4152623,4.597297975,5.183774253
8200000.018,300,0.44,0.56,369.2204405,323.7948372,7.584532898,8.21452371
8200000.018,300,0.46,0.54,382.9075734,305.9394517,9.522222609,13.17182129
8200000.018,300,0.48,0.52,393.3645738,292.6608197,18.27182516,19.19291077
8200000.018,300,0.5,0.5,406.2050705,279.7177951,8.416228922,10.63095621
8200000.018,300,0.52,0.48,418.5168148,264.3834202,5.592024704,8.435461051
8200000.018,300,0.54,0.46,433.0886682,247.2178892,14.35148944,14.93924144
8200000.018,300,0.56,0.44,442.560819,235.2094916,5.81887908,8.736366634
8200000.018,300,0.58,0.42,454.7019573,222.7188232,5.087297761,4.968168619
8200000.018,300,0.6,0.4,464.1211977,209.6874186,7.777954489,8.251360386
8200000.018,300,0.62,0.38,477.0982215,193.965063,12.04512649,9.44393274
8200000.018,300,0.64,0.36,485.2308897,184.5414151,10.84603438,7.498916564
8200000.018,300,0.66,0.34,495.8330599,171.2928795,9.295377256,9.230790144
8200000.018,300,0.68,0.32,505.0299785,160.3201276,7.822932149,8.687693368
8200000.018,300,0.7,0.3,514.8656861,149.6557052,9.061348602,8.382751614
8200000.018,300,0.72,0.28,525.0849764,136.1269362,7.722699794,9.893010406
8200000.018,300,0.74,0.26,530.4740346,126.524528,9.345577616,10.151801
8200000.018,300,0.76,0.24,543.618924,114.2752678,7.807403298,5.699108633
8200000.018,300,0.78,0.22,549.3547455,105.1413097,5.624303911,4.567831386
8200000.018,300,0.8,0.2,559.6339024,93.56099106,3.51449631,2.808629131
8200000.018,300,0.82,0.18,567.4166455,82.32737279,5.859209838,4.756829974
8200000.018,300,0.84,0.16,575.4179162,72.19368475,6.312245129,4.88617389
8200000.018,300,0.86,0.14,581.2492995,65.98208405,0.866302195,4.004184901
8200000.018,300,0.88,0.12,588.3683793,55.05979595,3.778674549,4.590519146
8200000.018,300,0.9,0.1,597.9729818,45.73025629,6.758811284,3.095443227
8200000.018,300,0.92,0.08,605.7316939,35.54974142,4.589622997,4.637254485
8200000.018,300,0.94,0.06,610.6702762,27.56572277,2.650767651,2.073041653
8200000.018,300,0.96,0.04,618.3363776,18.16889796,6.907077122,2.370249247
8200000.018,300,0.98,0.02,624.4304858,9.166600504,4.735471016,0.19848132
8400000.016,300,0.02,0.98,24.18095279,725.1022498,1.564216762,2.381945296
8400000.016,300,0.04,0.96,46.74824467,699.6996534,2.412080922,4.918616156
8400000.016,300,0.06,0.94,66.2472972,678.8250744,1.925078865,4.407845789
8400000.016,300,0.08,0.92,85.44413524,656.4071197,6.076919725,8.040715782
8400000.016,300,0.1,0.9,106.754718,628.8834046,3.963810244,4.727738089
8400000.016,300,0.12,0.88,124.4810974,609.1303053,3.57937615,6.629776024
8400000.016,300,0.14,0.86,142.0696148,591.0652446,5.17540394,6.029356594
8400000.016,300,0.16,0.84,157.8570013,570.56428,4.272669057,6.488386856
8400000.016,300,0.18,0.82,174.7401173,551.325912,5.608868425,6.269099487
8400000.016,300,0.2,0.8,192.9743099,531.6911072,7.248173703,7.626880375
8400000.016,300,0.22,0.78,209.3262845,510.8688105,7.58589561,8.244244292
8400000.016,300,0.24,0.76,223.0393456,493.2545603,4.658971015,5.814680849
8400000.016,300,0.26,0.74,241.0228989,473.9674561,4.239159682,3.770876012
8400000.016,300,0.28,0.72,257.8880268,453.0895128,9.680416282,11.33257022
8400000.016,300,0.3,0.7,270.728383,438.7753261,8.647116223,9.732522608
8400000.016,300,0.32,0.68,278.967926,426.8732208,15.45395081,17.46272843
8400000.016,300,0.34,0.66,297.744362,404.6619406,10.52872639,11.51700075
8400000.016,300,0.36,0.64,316.8024947,383.2478075,7.024525333,4.979348641
8400000.016,300,0.38,0.62,327.1384267,371.0747431,6.978094413,8.222247929
8400000.016,300,0.4,0.6,341.1617126,355.9350405,10.71012115,11.82587699
8400000.016,300,0.42,0.58,358.3064996,335.6382953,3.763314548,4.580685526
8400000.016,300,0.44,0.56,369.1380886,320.8183789,9.926452001,8.526658754
8400000.016,300,0.46,0.54,384.8369398,304.5509227,10.75282929,12.49032668
8400000.016,300,0.48,0.52,402.4622766,283.2500832,8.165220832,6.822169242
8400000.016,300,0.5,0.5,407.6526224,276.8292621,10.80399835,12.27836999
8400000.016,300,0.52,0.48,422.4486245,258.149088,4.829211641,8.402696787
8400000.016,300,0.54,0.46,431.297234,249.5514106,11.32280521,12.51085398
8400000.016,300,0.56,0.44,441.4440097,237.9721831,5.948135683,7.457369975
8400000.016,300,0.58,0.42,448.5822019,225.8914995,9.132365899,8.396237051
8400000.016,300,0.6,0.4,466.1258895,208.4326416,8.536383039,9.194077363
8400000.016,300,0.62,0.38,475.1125016,197.21539,11.44898072,8.750475097
8400000.016,300,0.64,0.36,481.240197,187.5629726,7.873804766,9.97359132
8400000.016,300,0.66,0.34,496.3660985,172.1256696,4.042847972,8.998208984
8400000.016,300,0.68,0.32,506.5463208,159.5536225,6.740821748,4.935487345
8400000.016,300,0.7,0.3,515.6692492,146.5807742,6.050952526,7.561208828
8400000.016,300,0.72,0.28,521.7087607,137.5550179,3.773999885,5.150482008
8400000.016,300,0.74,0.26,533.914614,125.6510941,5.193827183,5.226594017
8400000.016,300,0.76,0.24,539.8995288,115.9963126,8.882492841,11.90309784
8400000.016,300,0.78,0.22,547.174248,108.971471,4.109312405,5.28910567
8400000.016,300,0.8,0.2,562.1005938,90.84367148,2.552100308,4.101640646
8400000.016,300,0.82,0.18,565.4957813,84.82465177,5.409383873,6.759028149
8400000.016,300,0.84,0.16,577.8924773,70.89635446,7.864889823,7.557147988
8400000.016,300,0.86,0.14,581.0489709,65.17375308,3.476078627,4.012876892
8400000.016,300,0.88,0.12,586.7619558,55.09571167,2.043770988,2.589528341
8400000.016,300,0.9,0.1,594.9422645,46.19015933,4.071693578,4.001550206
8400000.016,300,0.92,0.08,599.1918175,38.04538374,1.884519862,0.924850915
8400000.016,300,0.94,0.06,608.4597751,27.95515826,5.104396925,2.108498156
8400000.016,300,0.96,0.04,618.300331,18.43494705,1.269001855,1.996452037
8400000.016,300,0.98,0.02,623.1721606,9.292441906,4.8112671,0.632162674
8600000.014,300,0.02,0.98,23.92834617,725.2629158,1.305515055,3.911659986
8600000.014,300,0.04,0.96,45.74849865,702.4975333,2.203053625,1.946042127
8600000.014,300,0.06,0.94,66.77035802,676.880261,2.464443067,4.974918649
8600000.014,300,0.08,0.92,85.29538191,658.0749729,2.776018147,4.907003695
8600000.014,300,0.1,0.9,104.7212172,632.5512632,4.697244961,5.202041486
8600000.014,300,0.12,0.88,123.1721103,612.1622284,3.626285183,5.295299494
8600000.014,300,0.14,0.86,139.7055823,592.4659577,2.482195314,5.272895258
8600000.014,300,0.16,0.84,158.013765,571.5276396,5.743563665,6.676855714
8600000.014,300,0.18,0.82,173.9885512,552.1483365,2.637585772,3.168297367
8600000.014,300,0.2,0.8,190.0781522,533.2904932,6.323160692,6.150837691
8600000.014,300,0.22,0.78,207.8430374,513.0888565,5.789572924,6.695065397
8600000.014,300,0.24,0.76,223.6834046,493.4161356,9.08636739,12.13354524
8600000.014,300,0.26,0.74,239.1631661,476.6576797,6.824634958,8.421220437
8600000.014,300,0.28,0.72,256.4205897,454.5956088,6.271502944,8.530915781
8600000.014,300,0.3,0.7,268.0081013,441.9700065,10.32643545,9.407721243
8600000.014,300,0.32,0.68,282.3337423,425.4432297,7.099444998,5.2890713
8600000.014,300,0.34,0.66,298.7489563,404.6841265,9.461202741,12.02645496
8600000.014,300,0.36,0.64,311.7720746,390.3202034,9.871389413,11.8069214
8600000.014,300,0.38,0.62,328.1544042,369.9254401,9.95028783,14.41819019
8600000.014,300,0.4,0.6,343.1269851,355.3819384,5.101445038,5.840250793
8600000.014,300,0.42,0.58,352.5438365,342.4626454,11.32425454,10.75744766
8600000.014,300,0.44,0.56,363.7006873,328.5057065,10.8078284,12.87622303
8600000.014,300,0.46,0.54,380.4262667,308.143131,8.282440373,9.110231339
8600000.014,300,0.48,0.52,393.7745062,293.8714067,14.30741644,15.24763334
8600000.014,300,0.5,0.5,409.599204,275.925368,8.792303202,10.7303945
8600000.014,300,0.52,0.48,420.8533733,260.7612063,5.568842682,7.158401004
8600000.014,300,0.54,0.46,429.908003,249.2507188,10.94299742,10.7334285
8600000.014,300,0.56,0.44,444.4904665,233.6100146,7.83660575,4.658529257
8600000.014,300,0.58,0.42,456.255892,217.8959332,7.274399973,7.37639421
8600000.014,300,0.6,0.4,464.7419284,210.3154436,15.70715071,18.07496823
8600000.014,300,0.62,0.38,477.3868043,194.7151105,9.156941656,11.1021097
8600000.014,300,0.64,0.36,485.2464185,184.3941151,9.214084716,9.801058992
8600000.014,300,0.66,0.34,493.6228399,173.5297468,15.5413532,13.4867965
8600000.014,300,0.68,0.32,502.4651254,162.5524486,9.053851256,8.26365439
8600000.014,300,0.7,0.3,514.2188164,148.4980371,3.729817569,5.914551511
8600000.014,300,0.72,0.28,524.758239,136.9099898,7.617846164,7.922995909
8600000.014,300,0.74,0.26,529.6343548,130.4214289,5.575697699,4.778657833
8600000.014,300,0.76,0.24,538.8576231,118.343473,3.735610937,5.475880496
8600000.014,300,0.78,0.22,548.1177109,106.5291112,6.351480546,4.91700445
8600000.014,300,0.8,0.2,557.9010702,94.596273,5.585097058,6.054883492
8600000.014,300,0.82,0.18,565.778532,84.22363178,2.543691833,4.88563864
8600000.014,300,0.84,0.16,576.6742037,73.03984088,5.118169046,2.455851185
8600000.014,300,0.86,0.14,581.8826079,65.06073222,2.608979849,4.209742156
8600000.014,300,0.88,0.12,588.3707684,58.13054438,4.961742392,3.839474598
8600000.014,300,0.9,0.1,595.4525369,47.41365782,4.715210074,3.235524041
8600000.014,300,0.92,0.08,603.7164622,36.48791454,4.188022812,1.450854551
8600000.014,300,0.94,0.06,612.2906124,26.59872615,3.949021962,2.560868134
8600000.014,300,0.96,0.04,616.6745141,18.6442584,5.775592001,1.177363733
8600000.014,300,0.98,0.02,627.2386704,8.938831203,5.38076174,0.953195512
8800000.012,300,0.02,0.98,24.52546746,727.0524278,0.893647583,5.841182116
8800000.012,300,0.04,0.96,46.26249515,700.2974001,1.735337072,5.681468327
8800000.012,300,0.06,0.94,65.89589645,676.4229039,2.566958545,3.978897403
8800000.012,300,0.08,0.92,85.37204222,656.5691496,3.969086111,3.326365074
8800000.012,300,0.1,0.9,105.0038274,632.0881778,5.112983971,2.426040437
8800000.012,300,0.12,0.88,123.0126766,610.9161803,3.859989945,6.10657414
8800000.012,300,0.14,0.86,140.4975514,591.8488438,4.813464354,6.896149247
8800000.012,300,0.16,0.84,159.3189577,569.9536219,4.673602233,6.325706686
8800000.012,300,0.18,0.82,174.9429756,551.7630836,6.307244019,5.006912661
8800000.012,300,0.2,0.8,190.7945853,533.3092239,5.278405692,4.452251137
8800000.012,300,0.22,0.78,207.0172,513.2657073,3.962970491,2.658248977
8800000.012,300,0.24,0.76,223.3297553,494.6227219,7.733712263,9.452266054
8800000.012,300,0.26,0.74,238.1731169,477.2785216,4.816795518,7.535764503
8800000.012,300,0.28,0.72,254.4667003,456.7403682,4.588020217,7.342952025
8800000.012,300,0.3,0.7,271.9766602,438.3511569,7.84352816,8.362864025
8800000.012,300,0.32,0.68,286.0316361,422.5144165,8.856078054,9.140267152
8800000.012,300,0.34,0.66,297.326349,406.7344139,9.489843439,10.82957448
8800000.012,300,0.36,0.64,316.5459532,382.6857037,9.201640199,12.85067197
8800000.012,300,0.38,0.62,329.470699,371.2328632,10.00139132,13.6935952
8800000.012,300,0.4,0.6,340.2062342,358.2846558,8.504498637,8.031749082
8800000.012,300,0.42,0.58,354.9700545,339.5127375,6.621607725,7.392668906
8800000.012,300,0.44,0.56,368.0871186,323.8747611,13.46880687,15.4456329
8800000.012,300,0.46,0.54,381.5364008,307.8040685,8.805874111,9.582264829
8800000.012,300,0.48,0.52,389.9731807,298.2827661,10.7326748,12.36942825
8800000.012,300,0.5,0.5,407.0962554,278.2377038,10.38686065,11.44560471
8800000.012,300,0.52,0.48,416.9691338,266.2305792,7.363470842,5.256236621
8800000.012,300,0.54,0.46,427.6086856,252.1185207,9.821630175,10.36467717
8800000.012,300,0.56,0.44,438.8015126,239.1979548,6.415472671,6.970085211
8800000.012,300,0.58,0.42,452.6471658,221.9221307,11.73727626,12.38988101
8800000.012,300,0.6,0.4,471.7279945,201.4692658,10.24163317,9.509098194
8800000.012,300,0.62,0.38,473.462232,200.1994861,7.571482699,12.4667424
8800000.012,300,0.64,0.36,483.5272882,184.8586554,6.323661872,5.691693409
8800000.012,300,0.66,0.34,496.5182949,171.2141377,6.256175457,4.576561743
8800000.012,300,0.68,0.32,505.0450154,161.5842699,6.431917431,5.867858985
8800000.012,300,0.7,0.3,517.5959455,144.4575643,6.306764394,2.787624785
8800000.012,300,0.72,0.28,523.017537,139.4856469,8.006088998,5.794734843
8800000.012,300,0.74,0.26,532.0765232,126.1809192,6.255224171,7.40160816
8800000.012,300,0.76,0.24,540.5965684,116.2820017,5.549894347,5.487839432
8800000.012,300,0.78,0.22,549.9996477,105.1692239,6.974506811,8.040299105
8800000.012,300,0.8,0.2,559.5086883,94.11172905,7.788458806,9.861585118
8800000.012,300,0.82,0.18,564.40223,86.0346023,7.675821083,7.753252023
8800000.012,300,0.84,0.16,575.552265,72.73187497,3.290285889,2.526502812
8800000.012,300,0.86,0.14,578.7929373,65.66138851,3.562262055,5.823350056
8800000.012,300,0.88,0.12,588.7636964,55.75619717,6.105542734,6.013139215
8800000.012,300,0.9,0.1,596.2054381,44.63687272,1.91689627,4.636255948
8800000.012,300,0.92,0.08,604.2178108,36.30233484,4.433706134,3.61812883
8800000.012,300,0.94,0.06,610.8535302,27.28230683,4.410606181,3.629668421
8800000.012,300,0.96,0.04,618.4629971,18.00850473,8.949185633,1.169258673
8800000.012,300,0.98,0.02,623.0300123,9.402280355,2.778248821,1.130354968
9000000.01,300,0.02,0.98,24.61126236,724.9350371,0.823716545,3.658306578
9000000.01,300,0.04,0.96,45.63333252,701.6983858,1.455811531,2.529600973
9000000.01,300,0.06,0.94,67.26678799,679.5895791,2.72902674,3.087416612
9000000.01,300,0.08,0.92,85.27121038,657.0498746,2.37283127,3.764862548
9000000.01,300,0.1,0.9,105.2769517,633.3579576,2.592569846,4.200299944
9000000.01,300,0.12,0.88,121.5196625,616.375824,3.648123458,5.078774915
9000000.01,300,0.14,0.86,139.1785163,592.3083831,5.441103576,7.080422774
9000000.01,300,0.16,0.84,157.761861,571.9449893,3.518761698,6.597245234
9000000.01,300,0.18,0.82,174.2247858,551.88156,7.721965076,9.015820108
9000000.01,300,0.2,0.8,191.1806975,533.9597985,4.291992772,7.70568327
9000000.01,300,0.22,0.78,206.7945268,513.5536696,6.983116614,9.634885583
9000000.01,300,0.24,0.76,225.4233337,491.4901439,3.670511067,6.001226276
9000000.01,300,0.26,0.74,239.1725115,476.6737736,6.024482307,6.711006208
9000000.01,300,0.28,0.72,254.2715714,459.2690166,8.706833285,10.13837552
9000000.01,300,0.3,0.7,269.9931888,438.6460295,4.314809331,3.599984284
9000000.01,300,0.32,0.68,284.4796688,423.9915073,4.164782267,4.492675534
9000000.01,300,0.34,0.66,300.1440897,404.3685228,10.25349264,10.83223147
9000000.01,300,0.36,0.64,314.2871793,387.8938466,13.21023267,14.3528406
9000000.01,300,0.38,0.62,327.5695795,372.8739842,9.320975835,11.93140476
9000000.01,300,0.4,0.6,344.1409248,353.4337607,9.361834716,9.183786252
9000000.01,300,0.42,0.58,358.5077417,334.4102505,12.17261783,12.84170804
9000000.01,300,0.44,0.56,369.8318258,321.1618969,10.67623579,16.18736719
9000000.01,300,0.46,0.54,380.9407551,309.5282048,6.699576328,11.00372742
9000000.01,300,0.48,0.52,393.806126,294.0790814,6.457465851,9.678356039
9000000.01,300,0.5,0.5,407.1024388,280.1302348,4.91541192,3.697396055
9000000.01,300,0.52,0.48,423.4704341,259.3164852,4.717478004,6.936962108
9000000.01,300,0.54,0.46,432.3451826,248.9034729,10.15013554,10.26079222
9000000.01,300,0.56,0.44,445.1475951,231.5193561,9.731712846,10.95469609
9000000.01,300,0.58,0.42,454.8984915,220.95277,2.464960658,3.824908666
9000000.01,300,0.6,0.4,464.3064192,209.7210612,9.005220278,7.981030179
9000000.01,300,0.62,0.38,476.9219238,194.6581909,11.78564275,13.08724952
9000000.01,300,0.64,0.36,490.3261654,176.7817105,8.989822619,11.66367443
9000000.01,300,0.66,0.34,495.8281413,172.3533479,6.413073754,9.522082902
9000000.01,300,0.68,0.32,505.8143589,158.3336701,8.416692658,8.405246267
9000000.01,300,0.7,0.3,513.774805,149.4666704,2.689702536,4.360472938
9000000.01,300,0.72,0.28,523.7173873,136.5260098,13.33194027,13.01360988
9000000.01,300,0.74,0.26,532.5851092,127.4031447,6.672683346,6.535865282
9000000.01,300,0.76,0.24,539.9613629,116.7640907,4.919475113,4.870134682
9000000.01,300,0.78,0.22,548.6674025,106.6211282,8.102026445,7.645986445
9000000.01,300,0.8,0.2,558.831815,94.14537162,4.373952314,6.143460886
9000000.01,300,0.82,0.18,567.9668993,82.27754542,4.308695377,4.255102135
9000000.01,300,0.84,0.16,573.3043823,74.74997462,3.691156801,2.069131934
9000000.01,300,0.86,0.14,580.6206288,67.03755153,6.219006219,4.089561925
9000000.01,300,0.88,0.12,588.3832757,56.18609468,3.408816441,1.550605369
9000000.01,300,0.9,0.1,598.260862,45.83336622,3.226597432,3.00896977
9000000.01,300,0.92,0.08,602.2261183,37.81215888,5.306672949,1.935699679
9000000.01,300,0.94,0.06,610.1372376,28.47070794,7.62679275,2.530851144
9000000.01,300,0.96,0.04,617.9692372,19.03469408,1.64466885,1.268054209
9000000.01,300,0.98,0.02,626.6118265,9.089404442,8.639771189,1.213906317
9200000.008,300,0.02,0.98,24.2986485,727.076705,1.395032887,5.61002091
9200000.008,300,0.04,0.96,45.52294448,701.1115503,2.819573137,7.757863588
9200000.008,300,0.06,0.94,66.40855789,678.4843751,3.564535209,3.880582078
9200000.008,300,0.08,0.92,85.45671287,659.6756318,4.327688691,4.497164577
9200000.008,300,0.1,0.9,103.0110106,633.7538488,3.900121675,5.663602167
9200000.008,300,0.12,0.88,123.1603056,613.0613033,2.143820924,1.277540745
9200000.008,300,0.14,0.86,138.3240103,595.2756579,2.556723983,4.280270466
9200000.008,300,0.16,0.84,153.9987602,576.3871726,4.801701921,6.02478453
9200000.008,300,0.18,0.82,174.4679768,551.8104559,6.334573227,9.211202371
9200000.008,300,0.2,0.8,190.7274812,533.827956,8.396711872,8.854474227
9200000.008,300,0.22,0.78,208.1352039,513.6816023,4.391430177,3.880357459
9200000.008,300,0.24,0.76,220.3194855,498.2545739,4.069148904,4.948807414
9200000.008,300,0.26,0.74,240.3171462,475.9777361,4.572971562,7.540563339
9200000.008,300,0.28,0.72,252.1578267,462.065078,6.221582986,6.690241806
9200000.008,300,0.3,0.7,265.1583193,446.3356302,10.50174803,11.18129898
9200000.008,300,0.32,0.68,286.4851335,419.8714743,9.22711588,9.18898967
9200000.008,300,0.34,0.66,303.0758723,400.8539652,6.28279701,7.221154948
9200000.008,300,0.36,0.64,310.1102112,392.001059,9.634310215,14.53258017
9200000.008,300,0.38,0.62,324.1151576,376.0392955,3.460893147,5.943140638
9200000.008,300,0.4,0.6,341.0085325,355.6402588,14.40497082,18.67137211
9200000.008,300,0.42,0.58,356.4660197,339.5512901,9.374397449,9.61029894
9200000.008,300,0.44,0.56,368.0633686,323.2195493,5.741520105,2.572233609
9200000.008,300,0.46,0.54,383.4756747,306.9902819,10.51366658,8.12808068
9200000.008,300,0.48,0.52,390.8508042,297.16556,5.293242194,6.01548992
9200000.008,300,0.5,0.5,407.9844189,275.1891413,6.991276792,10.65475351
9200000.008,300,0.52,0.48,417.8390983,264.3602341,3.366777549,6.869326047
9200000.008,300,0.54,0.46,428.691978,250.9390303,10.03948779,12.48646893
9200000.008,300,0.56,0.44,436.6168694,240.6266729,10.3774906,12.18969811
9200000.008,300,0.58,0.42,453.4493236,223.413224,7.721445152,7.791142234
9200000.008,300,0.6,0.4,460.4464917,213.0460383,11.85991586,10.72774458
9200000.008,300,0.62,0.38,473.5628531,198.6298328,11.3281551,13.52669714
9200000.008,300,0.64,0.36,484.3289541,185.683353,10.92151431,13.00781686
9200000.008,300,0.66,0.34,493.3797894,173.9450053,6.855645005,7.712256708
9200000.008,300,0.68,0.32,502.4379324,160.970884,7.698780055,6.4083555
9200000.008,300,0.7,0.3,516.4877087,147.8649203,7.208881563,9.363165614
9200000.008,300,0.72,0.28,524.5729473,137.9745498,5.077176201,6.696370884
9200000.008,300,0.74,0.26,534.8178144,124.0178837,5.727645929,5.844422124
9200000.008,300,0.76,0.24,538.6005194,117.935034,8.235818115,9.304306338
9200000.008,300,0.78,0.22,551.4126286,103.4820035,5.160321228,7.628089434
9200000.008,300,0.8,0.2,559.1492772,94.52207749,4.32909967,6.811249303
9200000.008,300,0.82,0.18,567.6782462,83.41102729,3.155908443,4.824539557
9200000.008,300,0.84,0.16,575.758777,74.46901368,4.518486411,5.12241768
9200000.008,300,0.86,0.14,584.6919869,64.55682106,5.25286574,3.804849408
9200000.008,300,0.88,0.12,589.175526,55.49942252,2.523557107,2.913813814
9200000.008,300,0.9,0.1,597.6196838,46.28026687,1.331072872,3.420711965
9200000.008,300,0.92,0.08,602.3113511,37.31824957,3.8654345,2.724045725
9200000.008,300,0.94,0.06,610.6220736,27.39914658,3.93040163,0.700634883
9200000.008,300,0.96,0.04,619.0442382,17.79792042,5.346838998,2.282337207
9200000.008,300,0.98,0.02,624.7153446,9.801263066,1.001802106,1.130557696
9400000.006,300,0.02,0.98,23.66744815,729.5054259,1.041694667,2.945112679
9400000.006,300,0.04,0.96,45.25466853,702.5748203,1.207160295,2.170236229
9400000.006,300,0.06,0.94,65.4176654,678.8611719,1.404907956,3.49017484
9400000.006,300,0.08,0.92,84.90905892,657.6851737,1.163304117,3.640524918
9400000.006,300,0.1,0.9,105.2911455,635.2440328,2.469891271,4.807403537
9400000.006,300,0.12,0.88,121.5883828,614.6749647,6.116939041,5.971897593
9400000.006,300,0.14,0.86,137.6369484,594.4035879,4.776357698,7.025406597
9400000.006,300,0.16,0.84,156.5855363,574.432812,3.671772811,6.632354784
9400000.006,300,0.18,0.82,174.2569677,552.7811805,6.166703625,6.254625396
9400000.006,300,0.2,0.8,190.0551049,534.5931881,4.698958712,6.348656589
9400000.006,300,0.22,0.78,206.5612433,513.6602347,2.182429569,5.234311931
9400000.006,300,0.24,0.76,223.9115586,494.7316511,7.296202972,7.659008985
9400000.006,300,0.26,0.74,241.323427,474.1918611,8.984639194,11.50934699
9400000.006,300,0.28,0.72,253.145768,460.6008988,8.096546923,8.835802811
9400000.006,300,0.3,0.7,267.834263,443.7106004,12.19837903,17.70685174
9400000.006,300,0.32,0.68,287.3988738,419.9273937,9.188398576,10.00648464
9400000.006,300,0.34,0.66,296.2409486,408.8799007,7.14013832,7.052065889
9400000.006,300,0.36,0.64,313.5765783,389.6109816,5.74938129,5.965211375
9400000.006,300,0.38,0.62,332.1167094,368.1823912,10.50156781,10.38398186
9400000.006,300,0.4,0.6,345.8548555,350.9813082,7.400067287,7.322074723
9400000.006,300,0.42,0.58,357.1173864,337.8672521,10.64163569,12.98175628
9400000.006,300,0.44,0.56,369.9376465,322.7731033,7.884834723,9.637158711
9400000.006,300,0.46,0.54,383.7231519,305.7553268,9.770401732,13.34754466
9400000.006,300,0.48,0.52,389.6555779,297.9863478,10.94512825,11.34133228
9400000.006,300,0.5,0.5,411.4180419,274.3822651,7.868029191,11.47969518
9400000.006,300,0.52,0.48,419.719138,262.6784692,8.174592498,8.959562906
9400000.006,300,0.54,0.46,431.2537393,249.5660497,7.250768013,9.635026314
9400000.006,300,0.56,0.44,442.0407796,236.2135859,14.15513595,10.3436707
9400000.006,300,0.58,0.42,455.9732115,221.9840512,6.494409521,2.958330856
9400000.006,300,0.6,0.4,463.0598986,210.6842389,11.08566137,12.42311802
9400000.006,300,0.62,0.38,474.6686307,198.8458727,7.112789607,7.146759482
9400000.006,300,0.64,0.36,486.267947,183.8556522,4.433026272,5.802818128
9400000.006,300,0.66,0.34,497.4276787,170.8403415,4.411996256,1.777970077
9400000.006,300,0.68,0.32,501.1760939,163.0344466,5.114826583,7.243057126
9400000.006,300,0.7,0.3,511.532403,151.4729497,6.397636357,7.498728577
9400000.006,300,0.72,0.28,521.5579696,140.102397,7.929022465,6.902888249
9400000.006,300,0.74,0.26,528.8860911,129.0861825,6.053656337,4.165640763
9400000.006,300,0.76,0.24,539.8326354,117.1781671,7.288738214,2.808184328
9400000.006,300,0.78,0.22,550.2312448,105.2102315,4.390076242,4.571071554
9400000.006,300,0.8,0.2,558.051791,94.86659561,6.607222845,6.527762194
9400000.006,300,0.82,0.18,563.7683596,87.69163533,4.186525425,5.923829835
9400000.006,300,0.84,0.16,574.4828852,74.50856644,6.168403551,2.806005748
9400000.006,300,0.86,0.14,586.1786067,63.15110713,3.739551997,2.40942684
9400000.006,300,0.88,0.12,587.8498858,56.46751024,4.88308382,3.467675388
9400000.006,300,0.9,0.1,597.5596063,45.32745469,4.179999034,1.188044927
9400000.006,300,0.92,0.08,603.5976423,36.42781254,1.49207248,2.658117987
9400000.006,300,0.94,0.06,610.85613,27.71020397,6.110187459,2.943497424
9400000.006,300,0.96,0.04,617.9343852,18.32583601,3.110893332,1.491592422
9400000.006,300,0.98,0.02,623.6942377,9.755800132,3.04793901,1.005369988
9600000.004,300,0.02,0.98,23.96031724,726.7559185,1.543020206,3.366843742
9600000.004,300,0.04,0.96,45.07541972,702.9602551,1.204033326,7.748029711
9600000.004,300,0.06,0.94,65.19267336,680.3631764,2.240662246,2.860910656
9600000.004,300,0.08,0.92,86.44591897,654.2654517,3.759785396,4.327908304
9600000.004,300,0.1,0.9,102.8666841,636.6125581,4.418907042,2.988761119
9600000.004,300,0.12,0.88,121.3414677,615.3957341,6.227394427,10.50232159
9600000.004,300,0.14,0.86,139.6388997,594.075982,1.770212614,3.76888565
9600000.004,300,0.16,0.84,156.1661882,575.0431974,8.993232166,9.822538069
9600000.004,300,0.18,0.82,173.562036,554.8164651,5.107025838,7.426667907
9600000.004,300,0.2,0.8,188.9779959,535.294863,3.385332449,6.489548778
9600000.004,300,0.22,0.78,208.9964554,510.1885032,4.782420932,6.214531149
9600000.004,300,0.24,0.76,220.0547931,498.2895803,6.181791518,6.799742152
9600000.004,300,0.26,0.74,235.1122554,480.105134,5.442401812,6.385650258
9600000.004,300,0.28,0.72,255.9014637,458.6238976,9.31365427,8.58799443
9600000.004,300,0.3,0.7,273.4776845,435.7057597,11.00037253,13.19662643
9600000.004,300,0.32,0.68,287.2081014,419.8164642,10.66106693,12.84529813
9600000.004,300,0.34,0.66,298.3740867,406.7112278,12.6837089,14.60098271
9600000.004,300,0.36,0.64,312.1938117,392.0119701,10.48534614,10.85340568
9600000.004,300,0.38,0.62,328.8302938,371.4160788,8.790678697,10.18980451
9600000.004,300,0.4,0.6,343.525183,354.5264169,13.8088468,16.29473501
9600000.004,300,0.42,0.58,356.0030364,338.9586353,16.09344214,16.96534309
9600000.004,300,0.44,0.56,368.2927172,324.8483953,6.248967012,7.485136375
9600000.004,300,0.46,0.54,385.659545,302.9619932,10.81308014,11.76355603
9600000.004,300,0.48,0.52,388.8563011,299.561002,10.17642005,12.77453633
9600000.004,300,0.5,0.5,408.1527764,279.0215757,9.277666236,12.42079474
9600000.004,300,0.52,0.48,414.2257346,269.3056011,14.65007537,17.82243382
9600000.004,300,0.54,0.46,427.6223875,257.4292279,9.461921349,10.33389323
9600000.004,300,0.56,0.44,443.1787391,234.2800473,8.084668525,10.88542662
9600000.004,300,0.58,0.42,455.7996542,221.4456791,14.30119142,15.38444513
9600000.004,300,0.6,0.4,466.4570536,208.0105637,5.151244903,6.035753181
9600000.004,300,0.62,0.38,469.9798443,201.4906334,4.74974942,6.374779155
9600000.004,300,0.64,0.36,487.4249486,182.7293534,17.22938868,19.28486948
9600000.004,300,0.66,0.34,499.0071903,168.8412453,8.758992073,6.300109678
9600000.004,300,0.68,0.32,506.0772244,159.7913937,6.345423272,6.290203618
9600000.004,300,0.7,0.3,517.1414644,145.487027,8.471662836,9.196958777
9600000.004,300,0.72,0.28,521.5114535,140.2023246,9.518905623,7.999427095
9600000.004,300,0.74,0.26,529.3929204,130.8778767,10.32021075,9.13235142
9600000.004,300,0.76,0.24,543.8131395,114.2451713,7.397014469,8.988993053
9600000.004,300,0.78,0.22,550.6050604,106.0125613,6.665623661,10.36636998
9600000.004,300,0.8,0.2,558.1416614,96.09000317,5.740726507,6.437126947
9600000.004,300,0.82,0.18,567.1706439,83.31664624,12.73914054,10.91433205
9600000.004,300,0.84,0.16,571.4391688,77.05203575,6.253878502,6.527130258
9600000.004,300,0.86,0.14,578.7006077,67.21522067,5.050715593,6.414633678
9600000.004,300,0.88,0.12,588.0827477,55.15317681,4.729066364,3.984757344
9600000.004,300,0.9,0.1,596.9791381,46.32118351,3.539089693,2.07065849
9600000.004,300,0.92,0.08,602.4891946,37.48628057,4.038130954,4.306391837
9600000.004,300,0.94,0.06,608.7746374,28.58809323,2.579231762,1.389291619
9600000.004,300,0.96,0.04,619.5090484,18.27646327,6.376772757,1.552869815
9600000.004,300,0.98,0.02,623.9064413,9.260981555,2.48998631,0.479576717
9800000.002,300,0.02,0.98,23.57905341,729.199824,1.482349169,3.91903609
9800000.002,300,0.04,0.96,44.65361234,704.9291638,2.116663658,4.761679547
9800000.002,300,0.06,0.94,65.72381478,679.8969994,2.239741862,2.410863874
9800000.002,300,0.08,0.92,86.38745758,656.2100833,1.910518418,2.390369551
9800000.002,300,0.1,0.9,105.6591993,634.3654162,3.448938723,5.252707154
9800000.002,300,0.12,0.88,123.0134495,613.1244059,3.73143919,3.632377007
9800000.002,300,0.14,0.86,139.2586196,595.4832417,6.495333058,9.833464393
9800000.002,300,0.16,0.84,155.1873815,574.9770943,4.801258485,7.261107548
9800000.002,300,0.18,0.82,175.0137335,551.7228034,4.48231394,5.953370787
9800000.002,300,0.2,0.8,190.3698267,535.2408531,7.626515315,11.57712249
9800000.002,300,0.22,0.78,207.5522763,513.9206464,2.945614376,4.701156785
9800000.002,300,0.24,0.76,224.72524,495.2842985,2.770310746,5.365690972
9800000.002,300,0.26,0.74,236.7447476,481.7999013,11.5366332,13.18549281
9800000.002,300,0.28,0.72,256.900226,454.5651487,3.28316721,4.786130137
9800000.002,300,0.3,0.7,266.9184147,442.4803734,10.28852743,11.37038698
9800000.002,300,0.32,0.68,282.0743198,426.0811656,12.31682701,12.97673677
9800000.002,300,0.34,0.66,292.278011,412.1673255,6.662994246,7.228742105
9800000.002,300,0.36,0.64,313.7568811,389.343114,3.805476654,4.35098503
9800000.002,300,0.38,0.62,324.5626824,375.7147811,6.108426307,6.201524427
9800000.002,300,0.4,0.6,342.2991099,354.5290537,9.632124311,10.02649225
9800000.002,300,0.42,0.58,354.334849,341.6817741,9.136487309,11.50388082
9800000.002,300,0.44,0.56,365.6017365,329.059536,11.59282394,13.63954242
9800000.002,300,0.46,0.54,382.7740678,308.1349477,14.5346176,16.9927206
9800000.002,300,0.48,0.52,390.5736045,297.6055503,4.248583685,5.646612295
9800000.002,300,0.5,0.5,406.4681468,279.7742601,11.04724924,11.66692113
9800000.002,300,0.52,0.48,417.0284384,265.0549986,12.78263952,14.05057083
9800000.002,300,0.54,0.46,429.3902122,251.3793843,14.75707292,15.65651491
9800000.002,300,0.56,0.44,441.4989578,238.5221937,5.927614377,7.270258776
9800000.002,300,0.58,0.42,456.8256095,218.8300147,2.884210852,1.021466629
9800000.002,300,0.6,0.4,461.6987038,213.6169619,4.528884262,4.371502605
9800000.002,300,0.62,0.38,475.6489832,198.591644,11.32830132,10.63473849
9800000.002,300,0.64,0.36,487.5495304,181.8275507,8.234296813,8.105937445
9800000.002,300,0.66,0.34,496.4943342,171.5300142,10.20335873,11.53273132
9800000.002,300,0.68,0.32,504.8237475,162.0790885,6.198593812,8.809647651
9800000.002,300,0.7,0.3,513.5117287,151.8205592,8.171438403,7.837799474
9800000.002,300,0.72,0.28,523.2353619,137.3786217,9.962613185,10.75057399
9800000.002,300,0.74,0.26,532.6903678,126.2591154,7.38797734,7.607543675
9800000.002,300,0.76,0.24,539.6851469,116.9962244,11.50112932,11.9853914
9800000.002,300,0.78,0.22,550.336925,105.0394727,6.875533647,3.467738368
9800000.002,300,0.8,0.2,558.6528472,94.07799555,4.905350729,4.787047404
9800000.002,300,0.82,0.18,567.6036939,84.19899087,7.77807171,7.598330029
9800000.002,300,0.84,0.16,572.5666585,76.70960893,3.978205469,4.226120786
9800000.002,300,0.86,0.14,582.006768,65.11283274,2.006595318,2.065502209
9800000.002,300,0.88,0.12,590.3729305,55.47241754,3.461905443,2.808299486
9800000.002,300,0.9,0.1,596.557401,45.6269645,4.693039738,1.78847586
9800000.002,300,0.92,0.08,604.6566929,36.94899961,5.832999456,1.698998395
9800000.002,300,0.94,0.06,609.1825321,28.51553439,5.44724727,2.56814971
9800000.002,300,0.96,0.04,618.5872978,18.60816083,4.210318795,1.614506779
9800000.002,300,0.98,0.02,620.2417833,9.80908269,3.199863948,1.470515598
10000000,300,0.02,0.98,23.47611357,727.3863076,1.148270186,3.911658532
10000000,300,0.04,0.96,44.66921141,704.6724801,2.516626045,2.516694117
10000000,300,0.06,0.94,65.50598988,680.1279511,1.370620309,3.994835481
10000000,300,0.08,0.92,83.37163673,658.5019607,2.869443889,2.417995298
10000000,300,0.1,0.9,102.2273329,636.9756251,3.550604821,3.777090844
10000000,300,0.12,0.88,121.8858192,613.5993117,3.942442668,4.258084054
10000000,300,0.14,0.86,138.2855747,597.2850287,4.559478565,7.051438938
10000000,300,0.16,0.84,154.6840655,575.4719128,8.071368621,6.771073336
10000000,300,0.18,0.82,174.7892333,552.9471202,6.337351364,9.67465015
10000000,300,0.2,0.8,187.2358886,538.2550456,6.920470169,8.538649183
10000000,300,0.22,0.78,205.0362582,516.0291263,8.545725155,10.60114044
10000000,300,0.24,0.76,222.3184154,496.5033416,2.814412963,4.236603252
10000000,300,0.26,0.74,238.5650611,479.7796194,3.908053157,3.385594626
10000000,300,0.28,0.72,255.9249326,458.2094575,3.586477482,2.476609983
10000000,300,0.3,0.7,267.4201146,444.0148383,10.03319669,10.28905156
10000000,300,0.32,0.68,275.3171104,432.4278821,12.01108182,11.75645504
10000000,300,0.34,0.66,305.0140923,398.8594154,7.010906902,4.404910859
10000000,300,0.36,0.64,312.5839291,389.1718096,4.979969384,6.937076807
10000000,300,0.38,0.62,322.492854,378.3511767,9.61126168,11.26986217
10000000,300,0.4,0.6,337.2122661,360.9244156,10.75233734,8.298594504
10000000,300,0.42,0.58,358.0868478,338.5890216,11.01508954,12.25366056
10000000,300,0.44,0.56,366.4357951,327.1049026,9.721771035,11.07920746
10000000,300,0.46,0.54,380.7581335,310.7149692,8.913544683,7.599627197
10000000,300,0.48,0.52,394.8253357,293.7499297,5.141517559,4.541203949
10000000,300,0.5,0.5,403.2586023,283.5146775,12.82536381,12.36283195
10000000,300,0.52,0.48,421.5052319,261.1029057,5.74631556,7.764746376
10000000,300,0.54,0.46,429.8243864,251.7519076,4.228004005,7.779986251
10000000,300,0.56,0.44,447.8580395,231.9678934,12.28794351,14.7457788
10000000,300,0.58,0.42,454.8324414,222.4637761,10.12644058,7.50744673
10000000,300,0.6,0.4,467.2061604,207.9815584,15.5830633,16.06484023
10000000,300,0.62,0.38,474.8718402,195.9732517,7.192684693,11.50734734
10000000,300,0.64,0.36,486.8241032,182.0980551,8.81580685,9.57095766
10000000,300,0.66,0.34,496.7654208,170.564927,7.692848435,7.556392745
10000000,300,0.68,0.32,503.9864567,162.7538494,6.32417933,8.428745646
10000000,300,0.7,0.3,516.5172204,148.4508466,5.743709731,5.88720036
10000000,300,0.72,0.28,524.7072961,136.6333024,12.94748195,12.9312226
10000000,300,0.74,0.26,534.7779735,124.5007,8.698212168,8.02875606
10000000,300,0.76,0.24,541.676207,115.8815642,8.907873806,9.99231708
10000000,300,0.78,0.22,549.4807326,106.1099429,4.446486646,5.941899005
10000000,300,0.8,0.2,555.4657176,97.69975474,3.810888128,6.277307216
10000000,300,0.82,0.18,568.6092017,82.94685073,7.459319603,8.749194075
10000000,300,0.84,0.16,574.9288642,76.36663656,4.041759057,1.312954126
10000000,300,0.86,0.14,580.0275126,65.70885181,5.686064076,6.141505637
10000000,300,0.88,0.12,589.0415285,57.41459409,4.421873759,2.2986103
10000000,300,0.9,0.1,594.113757,48.93139241,7.627019635,5.763353467
10000000,300,0.92,0.08,603.143653,35.71440817,2.19090989,1.987459488
10000000,300,0.94,0.06,610.5522994,26.81549343,6.218056974,1.556146594
10000000,300,0.96,0.04,616.5385492,18.62434564,5.008063754,1.287021542
10000000,300,0.98,0.02,625.2502804,9.454562729,2.944469603,1.158943188
