Pressure(Pa),Temperature(K),CO2_mole_frac,CH4_mole_frac,CO2_uptake,CH4_uptake,CO2_Error,CH4_Error,P_BAR
0.1,200,0.02,0.98,0.000272778,0.001823393,0.000445444,0.001089506,0.000001
0.1,200,0.116,0.884,0.006001107,0.002022309,0.002256721,0.000899408,0.000001
0.1,200,0.212,0.788,0.008728883,0.001690783,0.003516845,0.001014275,0.000001
0.1,200,0.308,0.692,0.011820363,0.001392409,0.003770958,0.000801169,0.000001
0.1,200,0.404,0.596,0.015639249,0.001425562,0.002852233,0.000496183,0.000001
0.1,200,0.5,0.5,0.02045832,0.001127188,0.00589267,0.000386622,0.000001
0.1,200,0.596,0.404,0.024549985,0.000928273,0.006730971,0.000338092,0.000001
0.1,200,0.692,0.308,0.027004983,0.000530442,0.010199921,0.000676183,0.000001
0.1,200,0.788,0.212,0.032642387,0.000497289,0.007214726,0.00081207,0.000001
0.1,200,0.884,0.116,0.036461273,0.000331526,0.006934253,0.000419351,0.000001
0.1,200,0.98,0.02,0.040189234,0,0.008424271,0,0.000001
0.1,220,0.02,0.98,9.09E-05,0.000629899,0.000363704,0.000530442,0.000001
0.1,220,0.116,0.884,0.001636666,0.000596747,0.001233379,0.000496183,0.000001
0.1,220,0.212,0.788,0.002727776,0.000596747,0.002073429,0.000496183,0.000001
0.1,220,0.308,0.692,0.003455183,0.000563594,0.002120738,0.000538666,0.000001
0.1,220,0.404,0.596,0.005000923,0.000629899,0.002506653,0.000530442,0.000001
0.1,220,0.5,0.5,0.005364626,0.000530442,0.002256721,0.000386622,0.000001
0.1,220,0.596,0.404,0.006637588,0.000464136,0.002610063,0.000324828,0.000001
0.1,220,0.692,0.308,0.007092218,0.000430984,0.002733831,0.000162414,0.000001
0.1,220,0.788,0.212,0.007183144,6.63E-05,0.005527814,0.000162414,0.000001
0.1,220,0.884,0.116,0.008001476,0.00013261,0.003382638,0.000248091,0.000001
0.1,220,0.98,0.02,0.009092587,0,0.006220286,0,0.000001
0.1,240,0.02,0.98,9.09E-05,0.000364679,0.000363704,0.000386622,0.000001
0.1,240,0.116,0.884,0.000727407,0.000232068,0.001477371,0.000338092,0.000001
0.1,240,0.212,0.788,0.000909259,0.000265221,0.000996043,0.000265221,0.000001
0.1,240,0.308,0.692,0.00109111,0.000232068,0.000927266,0.000265221,0.000001
0.1,240,0.404,0.596,0.001727592,0.000198916,0.001564348,0.000324828,0.000001
0.1,240,0.5,0.5,0.001636666,3.32E-05,0.002852233,0.00013261,0.000001
0.1,240,0.596,0.404,0.002091295,0.00013261,0.001781776,0.000386622,0.000001
0.1,240,0.692,0.308,0.002091295,0.00013261,0.001958603,0.000248091,0.000001
0.1,240,0.788,0.212,0.002727776,3.32E-05,0.002300263,0.00013261,0.000001
0.1,240,0.884,0.116,0.003182405,0,0.002300263,0,0.000001
0.1,240,0.98,0.02,0.002727776,0,0.002988129,0,0.000001
0.1,260,0.02,0.98,0,6.63E-05,0,0.000162414,0.000001
0.1,260,0.116,0.884,9.09E-05,6.63E-05,0.000363704,0.000162414,0.000001
0.1,260,0.212,0.788,0.000181852,3.32E-05,0.000727407,0.00013261,0.000001
0.1,260,0.308,0.692,0.000272778,3.32E-05,0.00109111,0.00013261,0.000001
0.1,260,0.404,0.596,0.000909259,9.95E-05,0.001521481,0.000265221,0.000001
0.1,260,0.5,0.5,0.000272778,0,0.000445444,0,0.000001
0.1,260,0.596,0.404,0.000545555,0,0.001336332,0,0.000001
0.1,260,0.692,0.308,0.001000185,3.32E-05,0.001454814,0.00013261,0.000001
0.1,260,0.788,0.212,0.001000185,0,0.001454814,0,0.000001
0.1,260,0.884,0.116,0.001272962,0,0.001336332,0,0.000001
0.1,260,0.98,0.02,0.001363888,0,0.001285886,0,0.000001
0.1,280,0.02,0.98,0,6.63E-05,0,0.000162414,0.000001
0.1,280,0.116,0.884,9.09E-05,0,0.000363704,0,0.000001
0.1,280,0.212,0.788,9.09E-05,0,0.000363704,0,0.000001
0.1,280,0.308,0.692,9.09E-05,0,0.000363704,0,0.000001
0.1,280,0.404,0.596,9.09E-05,0,0.000363704,0,0.000001
0.1,280,0.5,0.5,9.09E-05,0,0.000363704,0,0.000001
0.1,280,0.596,0.404,0.000181852,0,0.000727407,0,0.000001
0.1,280,0.692,0.308,0.000181852,0,0.000727407,0,0.000001
0.1,280,0.788,0.212,0.000272778,0,0.000727407,0,0.000001
0.1,280,0.884,0.116,0.000272778,0,0.000727407,0,0.000001
0.1,280,0.98,0.02,0.000363704,0,0.000680427,0,0.000001
0.1,300,0.02,0.98,0,0,0,0,0.000001
0.1,300,0.116,0.884,0,0,0,0,0.000001
0.1,300,0.212,0.788,0,0,0,0,0.000001
0.1,300,0.308,0.692,9.09E-05,0,0.000363704,0,0.000001
0.1,300,0.404,0.596,9.09E-05,0,0.000363704,0,0.000001
0.1,300,0.5,0.5,9.09E-05,0,0.000363704,0,0.000001
0.1,300,0.596,0.404,9.09E-05,0,0.000363704,0,0.000001
0.1,300,0.692,0.308,9.09E-05,0,0.000363704,0,0.000001
0.1,300,0.788,0.212,9.09E-05,0,0.000363704,0,0.000001
0.1,300,0.884,0.116,9.09E-05,0,0.000363704,0,0.000001
0.1,300,0.98,0.02,0,0,0,0,0.000001
0.1,320,0.02,0.98,0,0,0,0,0.000001
0.1,320,0.116,0.884,0,0,0,0,0.000001
0.1,320,0.212,0.788,0,0,0,0,0.000001
0.1,320,0.308,0.692,0,0,0,0,0.000001
0.1,320,0.404,0.596,0,0,0,0,0.000001
0.1,320,0.5,0.5,9.09E-05,0,0.000363704,0,0.000001
0.1,320,0.596,0.404,9.09E-05,0,0.000363704,0,0.000001
0.1,320,0.692,0.308,0,0,0,0,0.000001
0.1,320,0.788,0.212,9.09E-05,0,0.000363704,0,0.000001
0.1,320,0.884,0.116,0,0,0,0,0.000001
0.1,320,0.98,0.02,9.09E-05,0,0.000363704,0,0.000001
0.1,340,0.02,0.98,0,0,0,0,0.000001
0.1,340,0.116,0.884,0,0,0,0,0.000001
0.1,340,0.212,0.788,0,0,0,0,0.000001
0.1,340,0.308,0.692,0,0,0,0,0.000001
0.1,340,0.404,0.596,0,0,0,0,0.000001
0.1,340,0.5,0.5,0,0,0,0,0.000001
0.1,340,0.596,0.404,0,0,0,0,0.000001
0.1,340,0.692,0.308,0,0,0,0,0.000001
0.1,340,0.788,0.212,0,0,0,0,0.000001
0.1,340,0.884,0.116,9.09E-05,0,0.000363704,0,0.000001
0.1,340,0.98,0.02,9.09E-05,0,0.000363704,0,0.000001
0.1,360,0.02,0.98,0,0,0,0,0.000001
0.1,360,0.116,0.884,0,0,0,0,0.000001
0.1,360,0.212,0.788,0,0,0,0,0.000001
0.1,360,0.308,0.692,0,0,0,0,0.000001
0.1,360,0.404,0.596,0,0,0,0,0.000001
0.1,360,0.5,0.5,0,0,0,0,0.000001
0.1,360,0.596,0.404,0,0,0,0,0.000001
0.1,360,0.692,0.308,0,0,0,0,0.000001
0.1,360,0.788,0.212,0,0,0,0,0.000001
0.1,360,0.884,0.116,0,0,0,0,0.000001
0.1,360,0.98,0.02,0,0,0,0,0.000001
0.1,380,0.02,0.98,0,0,0,0,0.000001
0.1,380,0.116,0.884,0,0,0,0,0.000001
0.1,380,0.212,0.788,0,0,0,0,0.000001
0.1,380,0.308,0.692,0,0,0,0,0.000001
0.1,380,0.404,0.596,0,0,0,0,0.000001
0.1,380,0.5,0.5,0,0,0,0,0.000001
0.1,380,0.596,0.404,0,0,0,0,0.000001
0.1,380,0.692,0.308,0,0,0,0,0.000001
0.1,380,0.788,0.212,0,0,0,0,0.000001
0.1,380,0.884,0.116,0,0,0,0,0.000001
0.1,380,0.98,0.02,0,0,0,0,0.000001
0.1,400,0.02,0.98,0,0,0,0,0.000001
0.1,400,0.116,0.884,0,0,0,0,0.000001
0.1,400,0.212,0.788,0,0,0,0,0.000001
0.1,400,0.308,0.692,0,0,0,0,0.000001
0.1,400,0.404,0.596,0,0,0,0,0.000001
0.1,400,0.5,0.5,0,0,0,0,0.000001
0.1,400,0.596,0.404,0,0,0,0,0.000001
0.1,400,0.692,0.308,0,0,0,0,0.000001
0.1,400,0.788,0.212,0,0,0,0,0.000001
0.1,400,0.884,0.116,0,0,0,0,0.000001
0.1,400,0.98,0.02,0,0,0,0,0.000001
1500000.1,200,0.02,0.98,441.7574218,137.1544934,11.01538068,3.420971151,15
1500000.1,200,0.116,0.884,797.2378329,33.24754884,22.6301556,3.115676654,15
1500000.1,200,0.212,0.788,861.130986,18.14461678,21.91679133,4.391246477,15
1500000.1,200,0.308,0.692,813.0886668,27.85985354,20.2590249,4.006990966,15
1500000.1,200,0.404,0.596,830.0958049,24.14782325,15.04046082,3.692141442,15
1500000.1,200,0.5,0.5,834.2649378,20.95516158,20.78613731,1.485756174,15
1500000.1,200,0.596,0.404,850.8348135,15.60035366,22.0260566,2.694886623,15
1500000.1,200,0.692,0.308,867.0580797,12.1877245,9.106102886,1.520438314,15
1500000.1,200,0.788,0.212,884.7436157,7.96540939,8.78283621,1.3212052,15
1500000.1,200,0.884,0.116,899.115995,4.485778821,19.04001284,0.548584178,15
1500000.1,200,0.98,0.02,896.2429194,0.890942967,17.37877739,0.234779812,15
1500000.1,220,0.02,0.98,299.8916994,159.789,11.02144093,4.107041366,15
1500000.1,220,0.116,0.884,671.7003052,55.93493376,26.19338049,5.109947904,15
1500000.1,220,0.212,0.788,771.1002827,29.69378906,10.8942052,1.57256562,15
1500000.1,220,0.308,0.692,812.5484762,19.17480067,14.26516842,3.873241148,15
1500000.1,220,0.404,0.596,817.3566361,17.31762518,12.12600735,1.286845984,15
1500000.1,220,0.5,0.5,823.3302838,15.54959703,5.055061797,0.703618782,15
1500000.1,220,0.596,0.404,837.0699099,11.88915219,12.71527822,1.450449988,15
1500000.1,220,0.692,0.308,845.1698591,8.683461549,15.04334225,1.289703005,15
1500000.1,220,0.788,0.212,852.8686433,6.145265356,8.932247447,0.722684324,15
1500000.1,220,0.884,0.116,863.4335018,3.072616102,5.004085305,0.678358494,15
1500000.1,220,0.98,0.02,881.3118007,0.535944928,9.339406686,0.118782837,15
1500000.1,240,0.02,0.98,173.1451304,164.211822,3.712576676,1.102697839,15
1500000.1,240,0.116,0.884,524.5652469,78.75787967,6.301184953,1.402851978,15
1500000.1,240,0.212,0.788,657.5479665,45.17764449,9.687681892,1.404192876,15
1500000.1,240,0.308,0.692,719.0615897,29.24118977,4.312320549,0.841057624,15
1500000.1,240,0.404,0.596,759.9753209,20.11623505,8.660478897,0.892293009,15
1500000.1,240,0.5,0.5,782.9951139,14.25240211,6.203603636,0.410027762,15
1500000.1,240,0.596,0.404,800.7992173,10.41687838,7.104091542,0.593437278,15
1500000.1,240,0.692,0.308,819.0240347,6.992712112,10.20781099,0.312195904,15
1500000.1,240,0.788,0.212,822.7801823,4.658636476,5.660363874,0.332380856,15
1500000.1,240,0.884,0.116,836.3992407,2.178589943,12.35272782,0.215847246,15
1500000.1,240,0.98,0.02,844.7165027,0.400350795,10.60835487,0.092706763,15
1500000.1,260,0.02,0.98,92.36958941,147.172115,2.383169587,1.471871469,15
1500000.1,260,0.116,0.884,385.1087872,91.30554194,6.368733763,1.906247279,15
1500000.1,260,0.212,0.788,528.09017,59.16595299,6.152010234,1.146618963,15
1500000.1,260,0.308,0.692,611.3591711,40.33454695,4.811920426,1.087773945,15
1500000.1,260,0.404,0.596,659.9399533,28.93953426,4.430907152,0.347143303,15
1500000.1,260,0.5,0.5,705.0530958,19.78328349,7.43638138,1.045793501,15
1500000.1,260,0.596,0.404,731.7828461,13.74384123,5.881067696,0.357022722,15
1500000.1,260,0.692,0.308,750.4310143,9.579543169,8.316892231,0.557307158,15
1500000.1,260,0.788,0.212,771.4232514,5.745279239,3.596656601,0.537988908,15
1500000.1,260,0.884,0.116,779.9763751,2.967422903,3.581419271,0.274518469,15
1500000.1,260,0.98,0.02,794.9080394,0.443316565,4.69639999,0.055222161,15
1500000.1,280,0.02,0.98,50.75500163,122.2589972,1.441294803,1.15122331,15
1500000.1,280,0.116,0.884,253.0790616,91.16829018,6.218687104,0.977676079,15
1500000.1,280,0.212,0.788,393.3991351,66.68708439,2.13401232,0.960587192,15
1500000.1,280,0.308,0.692,491.2828329,47.85421963,2.411014195,0.718435933,15
1500000.1,280,0.404,0.596,556.7075414,34.90033855,4.2826092,0.773462178,15
1500000.1,280,0.5,0.5,603.3803352,25.35229035,5.952511891,0.403740576,15
1500000.1,280,0.596,0.404,639.4106198,17.98684356,5.285228596,0.120048965,15
1500000.1,280,0.692,0.308,668.6845669,12.3006091,6.935699838,0.362852865,15
1500000.1,280,0.788,0.212,693.6942726,7.347212862,7.202040183,0.395285364,15
1500000.1,280,0.884,0.116,713.9535563,3.737756711,3.59360516,0.058173282,15
1500000.1,280,0.98,0.02,730.7892991,0.580502022,3.897237858,0.024898463,15
1500000.1,300,0.02,0.98,29.21439061,97.04753908,0.407943912,1.03552103,15
1500000.1,300,0.116,0.884,158.2802966,80.66309327,2.629037146,0.408443635,15
1500000.1,300,0.212,0.788,269.2483178,64.28199588,6.238643308,0.438494367,15
1500000.1,300,0.308,0.692,358.1835463,50.54634335,4.430574066,0.983228302,15
1500000.1,300,0.404,0.596,431.8765986,38.71812564,4.365403288,0.548893265,15
1500000.1,300,0.5,0.5,489.8518416,28.9527953,3.984186314,0.601439053,15
1500000.1,300,0.596,0.404,536.7155797,20.92718079,4.089061019,0.238762952,15
1500000.1,300,0.692,0.308,572.4408081,14.47081144,4.894565313,0.311744697,15
1500000.1,300,0.788,0.212,603.1470194,9.093028767,3.251313906,0.198981075,15
1500000.1,300,0.884,0.116,627.273744,4.514886803,6.829591511,0.110619451,15
1500000.1,300,0.98,0.02,650.012758,0.723688101,3.641278383,0.033632753,15
1500000.1,320,0.02,0.98,17.78891876,77.32422864,0.288045115,0.838332947,15
1500000.1,320,0.116,0.884,100.5320046,66.68562567,0.996731776,0.512744672,15
1500000.1,320,0.212,0.788,175.6364083,56.37679161,2.78547283,0.76662499,15
1500000.1,320,0.308,0.692,246.9945752,46.43094537,6.419105648,0.639312128,15
1500000.1,320,0.404,0.596,312.2600725,37.50444211,2.047198592,0.364261517,15
1500000.1,320,0.5,0.5,365.6641993,29.39229932,4.342135252,0.400742527,15
1500000.1,320,0.596,0.404,416.2853581,22.04260001,6.633501938,0.511967414,15
1500000.1,320,0.692,0.308,457.1892692,15.68177645,7.203622537,0.283142425,15
1500000.1,320,0.788,0.212,492.5444293,10.05183511,3.66475629,0.163264676,15
1500000.1,320,0.884,0.116,524.3140187,5.152146076,2.935526983,0.06531604,15
1500000.1,320,0.98,0.02,551.1840676,0.830472625,1.451599343,0.021457699,15
1500000.1,340,0.02,0.98,11.53958382,62.20694151,0.27406909,0.317605893,15
1500000.1,340,0.116,0.884,65.64929537,54.53871202,1.394026287,0.600806791,15
1500000.1,340,0.212,0.788,118.4090305,47.1313935,0.759517751,0.523104618,15
1500000.1,340,0.308,0.692,169.6415748,40.11706589,2.422730547,0.655628938,15
1500000.1,340,0.404,0.596,218.4783134,33.35038821,1.384317797,0.369006182,15
1500000.1,340,0.5,0.5,262.3204031,26.83474201,2.572165545,0.250758814,15
1500000.1,340,0.596,0.404,304.9047153,20.8163848,3.293665737,0.321272497,15
1500000.1,340,0.692,0.308,344.9412846,15.11980673,1.732881833,0.17095219,15
1500000.1,340,0.788,0.212,380.6450545,10.02335702,2.280022137,0.056639157,15
1500000.1,340,0.884,0.116,413.9188305,5.221136637,1.808327363,0.10582476,15
1500000.1,340,0.98,0.02,442.0171061,0.869493235,2.254091298,0.041311705,15
1500000.1,360,0.02,0.98,8.04539362,50.65713933,0.168782122,1.021128369,15
1500000.1,360,0.116,0.884,45.58650249,45.19531482,0.972202313,0.461123723,15
1500000.1,360,0.212,0.788,83.15452542,39.50307974,1.682005041,0.226294372,15
1500000.1,360,0.308,0.692,119.7420947,33.65466277,1.990800825,0.449360977,15
1500000.1,360,0.404,0.596,153.4584978,28.57744157,1.313289707,0.358985352,15
1500000.1,360,0.5,0.5,188.1754492,23.13809452,1.948870423,0.262339235,15
1500000.1,360,0.596,0.404,221.6971801,18.39574773,2.042315594,0.336609133,15
1500000.1,360,0.692,0.308,252.6828975,13.63838281,3.129121701,0.073589094,15
1500000.1,360,0.788,0.212,282.5259496,9.147564793,6.040460355,0.050889662,15
1500000.1,360,0.884,0.116,312.3339043,4.859342315,4.556274181,0.04269818,15
1500000.1,360,0.98,0.02,339.4080818,0.825168209,5.426160953,0.017497539,15
1500000.1,380,0.02,0.98,5.810981328,42.10287347,0.109394665,0.251200432,15
1500000.1,380,0.116,0.884,33.13247721,37.57389681,0.719647547,0.355169086,15
1500000.1,380,0.212,0.788,59.85213477,33.12611087,1.063098877,0.388336903,15
1500000.1,380,0.308,0.692,86.37548338,28.43336037,1.058817742,0.268337511,15
1500000.1,380,0.404,0.596,113.4009246,24.18077693,1.042637224,0.285787763,15
1500000.1,380,0.5,0.5,139.6932306,19.96300373,1.358011814,0.27203295,15
1500000.1,380,0.596,0.404,163.2172985,15.81992333,3.365228347,0.296559892,15
1500000.1,380,0.692,0.308,187.3885768,11.89611423,2.414083513,0.157416615,15
1500000.1,380,0.788,0.212,213.4766632,8.046069665,1.346789348,0.097720818,15
1500000.1,380,0.884,0.116,235.8863437,4.345576476,3.420754647,0.074868994,15
1500000.1,380,0.98,0.02,258.6920973,0.734926832,1.55764294,0.010798998,15
1500000.1,400,0.02,0.98,4.356622062,35.55778776,0.040928359,0.294060637,15
1500000.1,400,0.116,0.884,25.00706883,31.50859552,0.631187077,0.296671826,15
1500000.1,400,0.212,0.788,44.87355276,27.77229753,0.935652122,0.337430894,15
1500000.1,400,0.308,0.692,65.34087482,24.10601782,0.701394535,0.355665973,15
1500000.1,400,0.404,0.596,84.76800495,20.52308375,1.323467217,0.130098236,15
1500000.1,400,0.5,0.5,104.3346154,16.95380855,1.365691943,0.179437919,15
1500000.1,400,0.596,0.404,124.3574918,13.69722867,0.558116283,0.287863442,15
1500000.1,400,0.692,0.308,143.5567617,10.22618463,1.378736453,0.232957787,15
1500000.1,400,0.788,0.212,161.4595196,6.970068886,1.230697883,0.071045209,15
1500000.1,400,0.884,0.116,180.1138708,3.796304203,3.858999291,0.065510074,15
1500000.1,400,0.98,0.02,198.5018092,0.649260514,1.856503051,0.011999959,15
3000000.1,200,0.02,0.98,423.0315119,151.4887825,19.71903136,7.174812527,30
3000000.1,200,0.116,0.884,804.0654563,36.67234501,11.981858,2.235769846,30
3000000.1,200,0.212,0.788,741.634573,52.6498095,13.75004046,3.983925927,30
3000000.1,200,0.308,0.692,768.2600314,44.59896586,25.21903297,4.532806651,30
3000000.1,200,0.404,0.596,734.838319,56.49832905,22.2090328,5.725032069,30
3000000.1,200,0.5,0.5,760.3102008,47.86114853,16.0674486,2.799783235,30
3000000.1,200,0.596,0.404,787.046316,40.93142635,30.75799524,7.557680927,30
3000000.1,200,0.692,0.308,795.2193695,36.60196204,25.37790229,4.835648398,30
3000000.1,200,0.788,0.212,825.0566933,27.0361772,9.365050363,4.071100738,30
3000000.1,200,0.884,0.116,847.5095635,18.03670507,10.7138091,2.681361616,30
3000000.1,200,0.98,0.02,892.9458565,4.298897616,11.58090461,0.808541356,30
3000000.1,220,0.02,0.98,302.7622291,171.8612208,13.14533621,4.290167579,30
3000000.1,220,0.116,0.884,678.4701907,61.05764033,13.95715783,3.107761535,30
3000000.1,220,0.212,0.788,771.6403824,34.09300644,16.02093093,3.815959986,30
3000000.1,220,0.308,0.692,816.9843856,22.13615665,15.09108277,1.453430862,30
3000000.1,220,0.404,0.596,770.9019734,32.06101729,8.96476274,1.594612913,30
3000000.1,220,0.5,0.5,798.4017749,24.97209634,6.175524723,2.916659997,30
3000000.1,220,0.596,0.404,804.7519467,21.28141632,8.204311613,1.6033072,30
3000000.1,220,0.692,0.308,768.2652142,36.37821515,13.99602931,3.925517995,30
3000000.1,220,0.788,0.212,797.3094825,27.54901477,21.98149936,4.083732185,30
3000000.1,220,0.884,0.116,821.0477717,17.47954248,1.862950508,0.755704099,30
3000000.1,220,0.98,0.02,867.6929241,3.831943247,15.11752354,0.566092539,30
3000000.1,240,0.02,0.98,195.0973628,181.0168085,3.075309504,2.080834502,30
3000000.1,240,0.116,0.884,544.9427342,84.16032787,5.809339834,1.690578388,30
3000000.1,240,0.212,0.788,675.6247566,48.44072228,11.24180865,2.204831523,30
3000000.1,240,0.308,0.692,738.2658605,31.92601991,11.48285074,3.142800949,30
3000000.1,240,0.404,0.596,778.9123606,21.77936837,11.18220119,1.891520605,30
3000000.1,240,0.5,0.5,806.7619539,15.62236699,1.283438446,0.738676718,30
3000000.1,240,0.596,0.404,789.1824374,17.31056368,6.771706872,1.322340882,30
3000000.1,240,0.692,0.308,804.0399971,12.56874733,9.742363244,1.130142642,30
3000000.1,240,0.788,0.212,816.5885853,8.64407626,7.542376821,0.581348034,30
3000000.1,240,0.884,0.116,836.1436481,4.378629618,5.460261751,0.315871179,30
3000000.1,240,0.98,0.02,837.0189005,3.206983589,14.61691174,0.383403669,30
3000000.1,260,0.02,0.98,117.3951162,174.2005677,3.306009942,1.591083222,30
3000000.1,260,0.116,0.884,426.1421768,99.22685838,6.751761436,2.577945021,30
3000000.1,260,0.212,0.788,565.2603923,62.77739829,4.743130009,1.603752311,30
3000000.1,260,0.308,0.692,645.3284391,42.44683169,3.96417569,1.000780789,30
3000000.1,260,0.404,0.596,697.1607304,29.80879543,5.809768446,0.838561715,30
3000000.1,260,0.5,0.5,730.275477,21.59010018,7.995734848,1.091938305,30
3000000.1,260,0.596,0.404,759.4274925,15.11675669,4.57013374,0.769854622,30
3000000.1,260,0.692,0.308,778.2345082,10.2423631,5.261917419,0.670979051,30
3000000.1,260,0.788,0.212,789.4443039,7.213873105,4.51165096,0.261721111,30
3000000.1,260,0.884,0.116,802.6359198,3.642873971,6.259518355,0.331336417,30
3000000.1,260,0.98,0.02,812.5569323,0.59117716,7.889741602,0.067240992,30
3000000.1,280,0.02,0.98,70.37153035,156.8062605,1.294861166,0.70924328,30
3000000.1,280,0.116,0.884,310.3229878,106.314619,3.144203416,1.142055863,30
3000000.1,280,0.212,0.788,453.7740027,74.19011447,4.252416623,1.41746341,30
3000000.1,280,0.308,0.692,543.2910658,52.71283259,1.940592909,0.597993483,30
3000000.1,280,0.404,0.596,608.5867504,37.08512803,4.102079392,0.377541504,30
3000000.1,280,0.5,0.5,651.6964323,26.95339516,8.462168322,1.158640439,30
3000000.1,280,0.596,0.404,687.2929096,18.84993834,7.760189953,1.040826309,30
3000000.1,280,0.692,0.308,714.0324799,12.89042701,6.516150623,0.409105413,30
3000000.1,280,0.788,0.212,732.7226559,8.26699859,6.585952623,0.426746549,30
3000000.1,280,0.884,0.116,750.2532542,4.14516901,5.304374197,0.19466371,30
3000000.1,280,0.98,0.02,765.5686257,0.661924808,2.536646052,0.045380763,30
3000000.1,300,0.02,0.98,43.71542997,135.0770852,0.638323532,0.82708954,30
3000000.1,300,0.116,0.884,218.0869685,103.4496708,2.985125669,1.525339068,30
3000000.1,300,0.212,0.788,347.1266879,77.7737779,3.791869378,0.823155342,30
3000000.1,300,0.308,0.692,438.2088579,58.40301221,4.126471033,0.892609664,30
3000000.1,300,0.404,0.596,510.9142734,43.25303661,6.737761094,1.200832252,30
3000000.1,300,0.5,0.5,561.6811864,31.98347336,4.946727779,1.056598581,30
3000000.1,300,0.596,0.404,605.2916879,22.65095022,3.8923975,0.518303746,30
3000000.1,300,0.692,0.308,636.4443452,15.86255758,5.203539786,0.437222761,30
3000000.1,300,0.788,0.212,664.619635,9.771662485,3.668370176,0.29500886,30
3000000.1,300,0.884,0.116,685.17661,4.884670901,2.592225331,0.186753088,30
3000000.1,300,0.98,0.02,707.0120936,0.802292915,3.460150377,0.059230253,30
3000000.1,320,0.02,0.98,28.22693568,114.2933557,0.302447595,0.503725999,30
3000000.1,320,0.116,0.884,151.6337975,94.02727093,2.916145865,0.903099879,30
3000000.1,320,0.212,0.788,253.8269268,75.53607687,1.505787222,0.409751671,30
3000000.1,320,0.308,0.692,340.7577854,59.6289622,5.062854268,0.735119693,30
3000000.1,320,0.404,0.596,409.5793025,46.33254845,6.034063158,0.465663753,30
3000000.1,320,0.5,0.5,465.6951115,34.97483244,2.904456925,0.29792078,30
3000000.1,320,0.596,0.404,515.1293239,25.39548819,4.868669472,0.280441336,30
3000000.1,320,0.692,0.308,552.0295873,17.92696997,3.209762594,0.199727661,30
3000000.1,320,0.788,0.212,584.393559,11.35871059,3.975103586,0.13417417,30
3000000.1,320,0.884,0.116,611.8068901,5.78609009,3.050363679,0.14607344,30
3000000.1,320,0.98,0.02,634.7678541,0.936395181,4.920405653,0.035694744,30
3000000.1,340,0.02,0.98,19.14253216,96.3739114,0.465482691,0.691377718,30
3000000.1,340,0.116,0.884,105.1526754,82.11998427,0.626672642,0.59502838,30
3000000.1,340,0.212,0.788,184.7100825,68.66367554,2.640060573,0.560834918,30
3000000.1,340,0.308,0.692,254.7190005,56.34135149,2.143598097,0.60456076,30
3000000.1,340,0.404,0.596,318.1674352,45.40815451,2.404340579,0.418043078,30
3000000.1,340,0.5,0.5,371.5301908,35.55815244,3.226413527,0.291975381,30
3000000.1,340,0.596,0.404,420.531687,26.7090605,4.092964478,0.306395101,30
3000000.1,340,0.692,0.308,460.8513086,19.01755789,4.09192345,0.258402396,30
3000000.1,340,0.788,0.212,496.0872649,12.24527741,2.835070364,0.241930347,30
3000000.1,340,0.884,0.116,530.6275473,6.257188533,2.268404994,0.146302599,30
3000000.1,340,0.98,0.02,557.513781,1.01887885,2.568578054,0.016591676,30
3000000.1,360,0.02,0.98,13.50976554,81.39384288,0.211771794,0.26356351,30
3000000.1,360,0.116,0.884,75.84754077,70.71714757,0.588954694,0.492752211,30
3000000.1,360,0.212,0.788,134.6902166,60.60666552,1.362113503,0.409752754,30
3000000.1,360,0.308,0.692,190.1448126,51.09210144,1.859275726,0.276202775,30
3000000.1,360,0.404,0.596,242.5773056,42.08705968,0.871048483,0.390203649,30
3000000.1,360,0.5,0.5,289.5062376,33.58040094,2.870506621,0.411541018,30
3000000.1,360,0.596,0.404,334.1994844,25.88873257,2.33847075,0.217898438,30
3000000.1,360,0.692,0.308,372.7256841,18.91256361,4.863977785,0.33306231,30
3000000.1,360,0.788,0.212,409.8148005,12.35716744,2.096990122,0.106153444,30
3000000.1,360,0.884,0.116,444.7182408,6.418641694,2.820035378,0.041535537,30
3000000.1,360,0.98,0.02,473.1811291,1.061446788,2.724779164,0.020917793,30
3000000.1,380,0.02,0.98,9.969930552,68.97146428,0.164121973,0.623971893,30
3000000.1,380,0.116,0.884,55.95141501,60.66116839,1.281991625,0.218007362,30
3000000.1,380,0.212,0.788,101.2982369,52.87511457,1.457995096,0.515609517,30
3000000.1,380,0.308,0.692,142.9585604,45.21659879,2.681721969,0.538131693,30
3000000.1,380,0.404,0.596,184.8896611,37.83918391,1.550593938,0.361193362,30
3000000.1,380,0.5,0.5,224.6731838,30.48852318,4.267804775,0.407555393,30
3000000.1,380,0.596,0.404,262.8601391,23.94940494,2.803472441,0.418578239,30
3000000.1,380,0.692,0.308,297.7748542,17.73531479,1.113193996,0.194009059,30
3000000.1,380,0.788,0.212,330.7346632,11.78531824,2.807487519,0.234540396,30
3000000.1,380,0.884,0.116,362.6274571,6.230600148,2.273550998,0.122518948,30
3000000.1,380,0.98,0.02,389.5642457,1.049843378,5.171837099,0.018938929,30
3000000.1,400,0.02,0.98,7.529389316,58.98232074,0.123477999,0.710611431,30
3000000.1,400,0.116,0.884,42.83790441,52.46634301,0.487632983,0.691793685,30
3000000.1,400,0.212,0.788,77.37618648,45.96286381,1.611484007,0.08255932,30
3000000.1,400,0.308,0.692,111.3957365,39.47042443,1.265908147,0.687215366,30
3000000.1,400,0.404,0.596,143.9008252,33.19546611,2.016834524,0.215079351,30
3000000.1,400,0.5,0.5,175.2707954,27.45094938,1.511304634,0.211085662,30
3000000.1,400,0.596,0.404,207.8353496,21.71432297,1.924301565,0.302368315,30
3000000.1,400,0.692,0.308,236.7459569,16.13198876,3.308903517,0.279456603,30
3000000.1,400,0.788,0.212,264.8846945,10.92139465,3.092039976,0.092261154,30
3000000.1,400,0.884,0.116,292.1078995,5.815032309,4.420118163,0.073017229,30
3000000.1,400,0.98,0.02,319.0346862,0.974984807,2.226825227,0.031918499,30
4500000.1,200,0.02,0.98,385.6984415,166.8193734,12.05874428,5.718596264,45
4500000.1,200,0.116,0.884,578.5362965,104.7956663,19.99365919,6.50943811,45
4500000.1,200,0.212,0.788,648.1952408,82.21625942,25.7197974,5.97750506,45
4500000.1,200,0.308,0.692,705.3220545,65.7665693,23.44503325,7.296943782,45
4500000.1,200,0.404,0.596,726.3565721,59.48925714,42.46860659,12.4981502,45
4500000.1,200,0.5,0.5,751.841911,51.30991402,18.78402977,5.204348924,45
4500000.1,200,0.596,0.404,781.1487732,42.4730554,18.72206089,4.660934796,45
4500000.1,200,0.692,0.308,800.2284756,36.32009864,9.118312724,1.913614981,45
4500000.1,200,0.788,0.212,820.5061263,27.82447972,20.94892557,4.101738567,45
4500000.1,200,0.884,0.116,855.4693959,19.55353597,16.10162625,3.672403319,45
4500000.1,200,0.98,0.02,900.5227091,4.577213691,17.07273655,0.635858809,45
4500000.1,220,0.02,0.98,288.1245281,182.3035272,9.588925486,3.177950663,45
4500000.1,220,0.116,0.884,657.3931198,69.89277503,18.27894648,3.762639351,45
4500000.1,220,0.212,0.788,761.4314987,39.82489203,13.68198958,2.393432347,45
4500000.1,220,0.308,0.692,729.3613993,47.28290088,4.345587224,1.873609597,45
4500000.1,220,0.404,0.596,691.375572,59.65027932,15.28545712,3.804922237,45
4500000.1,220,0.5,0.5,727.7818351,49.65675964,11.93379549,2.523710824,45
4500000.1,220,0.596,0.404,745.6779555,43.36860657,8.166245778,2.349038798,45
4500000.1,220,0.692,0.308,764.9436013,36.79471126,10.0934899,1.874948784,45
4500000.1,220,0.788,0.212,798.2502924,27.38931869,15.78697087,3.130889184,45
4500000.1,220,0.884,0.116,830.4756023,16.2754069,11.4793538,0.382085138,45
4500000.1,220,0.98,0.02,869.8560505,3.5852216,9.248117961,0.748244339,45
4500000.1,240,0.02,0.98,193.485429,191.0663892,3.655364287,1.394463154,45
4500000.1,240,0.116,0.884,538.4562646,91.29035805,9.101163247,3.45700018,45
4500000.1,240,0.212,0.788,675.3763471,52.74044871,12.76290702,3.363165498,45
4500000.1,240,0.308,0.692,731.844312,36.37619284,13.93235178,3.534349981,45
4500000.1,240,0.404,0.596,775.4383559,25.58465692,10.80267644,1.814659018,45
4500000.1,240,0.5,0.5,752.5093069,29.3199935,10.74725698,2.720269849,45
4500000.1,240,0.596,0.404,725.2226356,41.04112831,3.900079646,2.214247119,45
4500000.1,240,0.692,0.308,744.6716789,34.03104423,9.861812461,2.292846329,45
4500000.1,240,0.788,0.212,770.2169379,25.79975099,9.549072673,1.620040569,45
4500000.1,240,0.884,0.116,800.4351501,15.9827689,12.20106854,1.282627593,45
4500000.1,240,0.98,0.02,838.6397451,3.211426037,9.213783434,0.475247142,45
4500000.1,260,0.02,0.98,122.1160782,187.1260038,3.82723281,2.351183999,45
4500000.1,260,0.116,0.884,430.783215,106.5130705,9.281722476,2.681413084,45
4500000.1,260,0.212,0.788,571.5778307,68.07011139,7.573341496,2.212412128,45
4500000.1,260,0.308,0.692,648.3930045,46.77828516,7.210948298,1.201275282,45
4500000.1,260,0.404,0.596,703.0883696,32.6941988,7.140378289,1.25703449,45
4500000.1,260,0.5,0.5,738.2270352,23.7933225,3.696188308,1.151945049,45
4500000.1,260,0.596,0.404,762.4898758,17.46621513,4.980637207,1.035694086,45
4500000.1,260,0.692,0.308,764.5922637,14.82372086,9.401324685,1.174574208,45
4500000.1,260,0.788,0.212,777.6434901,10.50420233,6.272729954,0.668791181,45
4500000.1,260,0.884,0.116,773.481904,14.35915348,9.063580115,1.276875359,45
4500000.1,260,0.98,0.02,812.0891187,2.769966018,7.598123053,0.334163642,45
4500000.1,280,0.02,0.98,79.45575201,172.9296628,1.48404952,0.769770145,45
4500000.1,280,0.116,0.884,332.9953531,113.839795,5.485497633,1.921080958,45
4500000.1,280,0.212,0.788,471.6773971,78.62453991,9.907512751,2.529266718,45
4500000.1,280,0.308,0.692,563.2205613,55.39779534,5.63712046,1.348326682,45
4500000.1,280,0.404,0.596,621.4842212,40.65092221,1.052957204,1.046543539,45
4500000.1,280,0.5,0.5,667.0047115,29.09667758,4.914135601,1.195245976,45
4500000.1,280,0.596,0.404,700.577179,20.88212641,7.598234604,0.943786064,45
4500000.1,280,0.692,0.308,727.3948546,14.22604579,2.707967251,0.207909741,45
4500000.1,280,0.788,0.212,747.5237506,9.106820248,5.865452683,0.315910106,45
4500000.1,280,0.884,0.116,766.1179998,4.611924463,5.516174434,0.312669521,45
4500000.1,280,0.98,0.02,781.6338627,0.780611115,7.111658357,0.041224775,45
4500000.1,300,0.02,0.98,51.17898896,155.1110355,0.72157156,1.317296472,45
4500000.1,300,0.116,0.884,244.3097162,114.4651193,2.611291935,1.125562712,45
4500000.1,300,0.212,0.788,376.8426256,84.31372495,2.859511757,0.915807873,45
4500000.1,300,0.308,0.692,468.3095939,62.52852173,5.415211453,0.841101949,45
4500000.1,300,0.404,0.596,540.2547782,45.86009075,5.820666762,1.441566024,45
4500000.1,300,0.5,0.5,588.6343416,34.13166237,3.817951973,0.658903116,45
4500000.1,300,0.596,0.404,630.5646239,24.49357171,4.399383191,0.83813708,45
4500000.1,300,0.692,0.308,661.2079146,16.78734935,1.243052732,0.626667219,45
4500000.1,300,0.788,0.212,685.2417129,10.76090291,4.460306531,0.346555567,45
4500000.1,300,0.884,0.116,711.8458037,5.352686153,4.699839083,0.212693955,45
4500000.1,300,0.98,0.02,729.451325,0.877118333,3.93270089,0.037826869,45
4500000.1,320,0.02,0.98,34.84815742,136.135714,0.745445606,0.484642044,45
4500000.1,320,0.116,0.884,178.7512557,107.9238793,2.678588886,0.690531222,45
4500000.1,320,0.212,0.788,291.387312,84.52576898,2.063332104,0.772557092,45
4500000.1,320,0.308,0.692,379.1182273,65.7257253,2.209464284,0.572969138,45
4500000.1,320,0.404,0.596,449.5564972,50.13720711,2.182008172,0.40657213,45
4500000.1,320,0.5,0.5,506.2928753,37.84203504,2.4554301,0.736682577,45
4500000.1,320,0.596,0.404,549.9093779,27.80243324,3.763449292,0.401715566,45
4500000.1,320,0.692,0.308,588.3805675,19.25158209,4.436860388,0.642400841,45
4500000.1,320,0.788,0.212,620.9648526,12.18288422,1.612102017,0.179401139,45
4500000.1,320,0.884,0.116,645.0356578,6.246480243,4.701801701,0.265291354,45
4500000.1,320,0.98,0.02,671.154659,0.999782952,2.623147193,0.033037427,45
4500000.1,340,0.02,0.98,24.19310045,118.0114529,0.502887297,0.408061312,45
4500000.1,340,0.116,0.884,129.5523594,98.55170568,1.722860669,0.309209548,45
4500000.1,340,0.212,0.788,220.9121261,80.67466353,3.433198105,0.544233967,45
4500000.1,340,0.308,0.692,299.4570737,64.76194607,1.997290716,0.638833204,45
4500000.1,340,0.404,0.596,367.0611843,51.06183312,2.648347597,0.726608651,45
4500000.1,340,0.5,0.5,421.9297632,39.3723922,2.656247536,0.400064904,45
4500000.1,340,0.596,0.404,471.0184574,29.3927303,4.287408169,0.380980318,45
4500000.1,340,0.692,0.308,511.4487357,20.825336,3.042218606,0.158203762,45
4500000.1,340,0.788,0.212,546.263978,13.44682709,2.591245403,0.190757927,45
4500000.1,340,0.884,0.116,576.3587128,6.818859879,3.480758698,0.082406827,45
4500000.1,340,0.98,0.02,604.6781201,1.10865609,3.17581578,0.033150876,45
4500000.1,360,0.02,0.98,17.35756644,102.0844799,0.309666117,0.609850557,45
4500000.1,360,0.116,0.884,96.61337247,87.59274914,0.610591519,0.471494106,45
4500000.1,360,0.212,0.788,168.5535559,73.65698751,1.978756702,0.736614105,45
4500000.1,360,0.308,0.692,233.5926478,61.01802298,2.062283126,0.466980041,45
4500000.1,360,0.404,0.596,291.7361036,49.8048523,1.70543551,0.44770837,45
4500000.1,360,0.5,0.5,343.3751775,39.42331459,1.23517349,0.340586751,45
4500000.1,360,0.596,0.404,392.2498321,29.83743927,1.482383884,0.317981626,45
4500000.1,360,0.692,0.308,433.502535,21.37779093,2.15431776,0.19731173,45
4500000.1,360,0.788,0.212,468.8188697,13.97856164,2.092112942,0.228319777,45
4500000.1,360,0.884,0.116,502.3202331,7.250970864,2.866655581,0.034772004,45
4500000.1,360,0.98,0.02,532.0343523,1.188918534,1.178972258,0.036820944,45
4500000.1,380,0.02,0.98,13.10141746,88.50769459,0.230073281,0.536891155,45
4500000.1,380,0.116,0.884,72.53156528,77.12829678,0.937854561,0.802949441,45
4500000.1,380,0.212,0.788,129.7631256,66.44821991,1.878426459,0.274010712,45
4500000.1,380,0.308,0.692,183.215625,56.100531,1.654510649,0.285485382,45
4500000.1,380,0.404,0.596,232.5249053,46.10406074,1.464840586,0.445513838,45
4500000.1,380,0.5,0.5,279.1468716,37.20954974,4.175060496,0.250506853,45
4500000.1,380,0.596,0.404,319.8939356,28.7456247,1.855193488,0.348828435,45
4500000.1,380,0.692,0.308,359.4853319,20.98877832,3.130716079,0.317662904,45
4500000.1,380,0.788,0.212,395.7539333,13.87602064,2.082880291,0.095451165,45
4500000.1,380,0.884,0.116,430.2428426,7.224946073,2.022388251,0.123325176,45
4500000.1,380,0.98,0.02,458.0701591,1.216402039,2.739168951,0.027127174,45
4500000.1,400,0.02,0.98,10.04767217,76.95633424,0.186120966,0.167842206,45
4500000.1,400,0.116,0.884,56.52342965,67.7099747,0.951760742,0.334064626,45
4500000.1,400,0.212,0.788,101.1861253,58.89496364,0.601158661,0.565645434,45
4500000.1,400,0.308,0.692,144.509392,50.33555912,3.505662772,0.324775795,45
4500000.1,400,0.404,0.596,186.7941034,42.23429037,0.841324124,0.469286328,45
4500000.1,400,0.5,0.5,225.5066103,34.3545473,1.823042575,0.424069054,45
4500000.1,400,0.596,0.404,260.7572056,26.93711723,1.733605208,0.160980968,45
4500000.1,400,0.692,0.308,297.2422105,19.93184029,2.899750935,0.135985806,45
4500000.1,400,0.788,0.212,330.5765431,13.2237764,0.561504866,0.159085699,45
4500000.1,400,0.884,0.116,361.4516947,7.0269919,1.238042164,0.040520778,45
4500000.1,400,0.98,0.02,390.9071298,1.17930428,2.018889367,0.021314415,45
6000000.1,200,0.02,0.98,280.8000857,200.5015197,8.731414731,2.532789893,60
6000000.1,200,0.116,0.884,526.9448678,121.2822221,11.27118172,5.419438121,60
6000000.1,200,0.212,0.788,634.3931486,87.87043532,22.57260718,7.128653478,60
6000000.1,200,0.308,0.692,702.4818941,66.00483704,35.16089373,6.976827004,60
6000000.1,200,0.404,0.596,730.1715488,58.63955601,22.11242834,7.194217428,60
6000000.1,200,0.5,0.5,760.1927246,48.94530484,15.52582511,4.893341328,60
6000000.1,200,0.596,0.404,772.5554603,44.05837957,12.6137739,3.989736746,60
6000000.1,200,0.692,0.308,791.5693324,37.53156094,20.85521031,5.349463122,60
6000000.1,200,0.788,0.212,829.0807085,27.87815378,20.22076028,1.964973953,60
6000000.1,200,0.884,0.116,855.1296969,18.96497787,14.29633273,2.696726889,60
6000000.1,200,0.98,0.02,903.3651427,3.805852151,12.18774386,1.222170087,60
6000000.1,220,0.02,0.98,265.5723668,192.4052238,6.05336276,2.317026708,60
6000000.1,220,0.116,0.884,613.9221895,83.64079348,39.5627993,11.36066866,60
6000000.1,220,0.212,0.788,661.2396477,69.11471666,36.65054692,10.62562682,60
6000000.1,220,0.308,0.692,661.3444852,69.76371195,25.02657846,6.004328806,60
6000000.1,220,0.404,0.596,692.0346936,60.28246624,12.93817834,4.2993743,60
6000000.1,220,0.5,0.5,713.3818144,53.48853712,12.14820295,1.809223101,60
6000000.1,220,0.596,0.404,745.9371851,44.75103683,25.28924723,7.100433664,60
6000000.1,220,0.692,0.308,771.4941736,36.6473148,6.741871853,1.925911203,60
6000000.1,220,0.788,0.212,795.2791988,27.66289395,7.518764725,1.760951479,60
6000000.1,220,0.884,0.116,829.2691069,17.31255283,7.753354842,1.005362799,60
6000000.1,220,0.98,0.02,872.7500391,3.591454288,10.46625843,0.487470416,60
6000000.1,240,0.02,0.98,186.4925023,198.7186723,4.503802009,1.481047668,60
6000000.1,240,0.116,0.884,519.5773265,99.81936164,7.790841538,2.585299484,60
6000000.1,240,0.212,0.788,654.0794174,60.86611776,6.402207781,1.636162475,60
6000000.1,240,0.308,0.692,719.2887225,42.37074647,19.0460436,4.010945775,60
6000000.1,240,0.404,0.596,721.315551,42.34896522,10.55108505,2.602805099,60
6000000.1,240,0.5,0.5,698.7514785,48.44165055,5.490527698,2.31852208,60
6000000.1,240,0.596,0.404,715.472382,42.92111278,7.788032036,1.115621753,60
6000000.1,240,0.692,0.308,741.5939292,34.88870199,20.7921154,3.690750963,60
6000000.1,240,0.788,0.212,771.5539119,25.61336708,5.279783585,1.825218145,60
6000000.1,240,0.884,0.116,802.5857288,16.13351377,8.731501918,1.488970228,60
6000000.1,240,0.98,0.02,840.6291121,3.168891251,6.092161253,0.518849054,60
6000000.1,260,0.02,0.98,124.4642388,195.0388332,4.605256034,0.986890845,60
6000000.1,260,0.116,0.884,426.6032619,112.3026416,7.481213434,1.520706976,60
6000000.1,260,0.212,0.788,569.0308152,72.22426476,6.91558876,2.04451691,60
6000000.1,260,0.308,0.692,649.3986446,50.0764384,6.668134312,0.567092352,60
6000000.1,260,0.404,0.596,700.5325344,36.53864058,7.522906109,1.972265231,60
6000000.1,260,0.5,0.5,734.3445915,27.33551202,8.780798748,0.997286749,60
6000000.1,260,0.596,0.404,753.2188924,21.88101424,7.107576986,0.770259071,60
6000000.1,260,0.692,0.308,720.3087289,31.56790553,5.5559712,2.007902056,60
6000000.1,260,0.788,0.212,740.2711396,24.63238165,7.35212568,2.013322147,60
6000000.1,260,0.884,0.116,769.1901121,14.85760282,4.379985215,0.442140084,60
6000000.1,260,0.98,0.02,805.8595147,2.84203977,9.079476786,0.179140944,60
6000000.1,280,0.02,0.98,82.2128062,183.4319754,1.685108532,0.574625297,60
6000000.1,280,0.116,0.884,336.3752495,119.7174526,8.001273141,2.065241321,60
6000000.1,280,0.212,0.788,473.8070628,83.88787981,7.189634795,1.828363617,60
6000000.1,280,0.308,0.692,564.8849593,60.00802902,9.392089698,2.032497541,60
6000000.1,280,0.404,0.596,626.5799796,43.20095388,3.234587066,0.81327222,60
6000000.1,280,0.5,0.5,671.727492,31.29625312,2.678141427,0.716530888,60
6000000.1,280,0.596,0.404,705.3747006,22.78859981,5.386321175,0.659413961,60
6000000.1,280,0.692,0.308,731.093628,16.47853288,3.752923576,0.472340548,60
6000000.1,280,0.788,0.212,749.7435238,10.91111734,6.470238637,0.487711347,60
6000000.1,280,0.884,0.116,747.469286,12.11916492,3.974742071,0.622437694,60
6000000.1,280,0.98,0.02,775.7530503,2.451270076,7.970046209,0.310721008,60
6000000.1,300,0.02,0.98,54.98278174,168.0299738,1.183381004,0.743824277,60
6000000.1,300,0.116,0.884,257.7486505,121.3677558,4.902875356,2.028572853,60
6000000.1,300,0.212,0.788,389.4647728,89.03521876,6.158075916,1.260008868,60
6000000.1,300,0.308,0.692,480.2582532,66.42491363,5.233787465,1.196261083,60
6000000.1,300,0.404,0.596,549.8312726,49.11285808,3.144482546,0.991030386,60
6000000.1,300,0.5,0.5,599.8956922,36.40072576,6.697108113,1.228359058,60
6000000.1,300,0.596,0.404,641.1297552,26.21637971,5.038764991,0.948683419,60
6000000.1,300,0.692,0.308,673.8346081,18.23044886,2.282409378,0.502793295,60
6000000.1,300,0.788,0.212,699.1004519,11.51960016,5.092749026,0.295627858,60
6000000.1,300,0.884,0.116,721.7273543,6.020677886,6.76990766,0.259111524,60
6000000.1,300,0.98,0.02,740.3316053,1.015198911,2.246884809,0.077753866,60
6000000.1,320,0.02,0.98,38.32861782,150.4940387,0.608662029,0.536296416,60
6000000.1,320,0.116,0.884,193.467062,116.8077152,3.512766932,0.883213931,60
6000000.1,320,0.212,0.788,309.6802328,90.90054978,5.845857098,1.265561139,60
6000000.1,320,0.308,0.692,400.6363796,69.66435361,3.327875934,0.878440888,60
6000000.1,320,0.404,0.596,468.6524753,53.58915526,3.7496617,1.10012738,60
6000000.1,320,0.5,0.5,523.3917576,40.23498969,4.630889727,0.933613847,60
6000000.1,320,0.596,0.404,569.8105955,29.54208276,1.724220509,0.346151018,60
6000000.1,320,0.692,0.308,610.0319262,20.36398442,2.136962858,0.241287801,60
6000000.1,320,0.788,0.212,640.0501015,13.08569582,7.038173256,0.587760735,60
6000000.1,320,0.884,0.116,666.7457546,6.698648552,2.157190657,0.038042662,60
6000000.1,320,0.98,0.02,688.0312276,1.094731998,3.601534309,0.034856865,60
6000000.1,340,0.02,0.98,27.46279468,132.9967927,0.496747251,0.884208539,60
6000000.1,340,0.116,0.884,144.5715853,109.3535852,1.800861178,0.709187304,60
6000000.1,340,0.212,0.788,242.7168768,88.30009301,2.746661063,0.372216591,60
6000000.1,340,0.308,0.692,324.745649,70.47427163,5.153128617,0.874093638,60
6000000.1,340,0.404,0.596,392.6443595,55.33576683,5.291287381,0.794996484,60
6000000.1,340,0.5,0.5,448.5962291,42.4061866,5.021718302,0.74769444,60
6000000.1,340,0.596,0.404,498.5228052,31.26522229,2.319064259,0.354575324,60
6000000.1,340,0.692,0.308,539.6596684,22.08473696,2.437138442,0.431775183,60
6000000.1,340,0.788,0.212,572.4652671,14.34108531,4.607433785,0.264128458,60
6000000.1,340,0.884,0.116,604.430529,7.294831754,1.460708883,0.12968636,60
6000000.1,340,0.98,0.02,630.1877362,1.196941463,1.102276779,0.047296759,60
6000000.1,360,0.02,0.98,20.33720715,117.4939077,0.170549979,0.637551116,60
6000000.1,360,0.116,0.884,109.5774919,99.46181085,1.127269127,0.763161078,60
6000000.1,360,0.212,0.788,190.6250831,82.84489902,2.38053255,1.166385759,60
6000000.1,360,0.308,0.692,261.4237831,67.77206952,1.987781267,0.348185163,60
6000000.1,360,0.404,0.596,323.3504825,54.41777134,2.166153313,0.634915741,60
6000000.1,360,0.5,0.5,377.5479375,42.74573553,2.734584778,0.234993111,60
6000000.1,360,0.596,0.404,425.9740549,32.31897767,4.34599982,0.579280187,60
6000000.1,360,0.692,0.308,467.5859149,23.15778716,4.158934172,0.356643545,60
6000000.1,360,0.788,0.212,504.5295499,14.98590338,3.52024985,0.281545775,60
6000000.1,360,0.884,0.116,537.5421868,7.743585345,1.452460718,0.088457796,60
6000000.1,360,0.98,0.02,566.1546482,1.292222035,4.054556988,0.013547371,60
6000000.1,380,0.02,0.98,15.50549742,103.6147707,0.075371787,0.519318747,60
6000000.1,380,0.116,0.884,85.72363583,89.22664187,1.888131512,0.53305816,60
6000000.1,380,0.212,0.788,150.1968051,75.90513161,1.560784525,0.693911097,60
6000000.1,380,0.308,0.692,209.5019298,63.48686393,2.386417929,0.333954575,60
6000000.1,380,0.404,0.596,263.8568685,51.79487025,2.435428094,0.861891636,60
6000000.1,380,0.5,0.5,313.106956,41.59301964,3.95265455,0.592878338,60
6000000.1,380,0.596,0.404,359.1208101,31.95990187,2.226492516,0.543454396,60
6000000.1,380,0.692,0.308,401.3133227,23.11654533,2.171482796,0.17161889,60
6000000.1,380,0.788,0.212,437.7184038,15.26554556,1.746039147,0.163406148,60
6000000.1,380,0.884,0.116,470.5386416,7.97625029,3.327510043,0.124554384,60
6000000.1,380,0.98,0.02,501.0849143,1.306742874,1.890933204,0.014048881,60
6000000.1,400,0.02,0.98,12.05313312,91.4816154,0.179624047,0.727422708,60
6000000.1,400,0.116,0.884,67.47244996,79.67975401,0.702404776,1.043954899,60
6000000.1,400,0.212,0.788,120.1348945,68.96728705,1.406275249,0.290886253,60
6000000.1,400,0.308,0.692,169.9242634,58.59387173,1.58237645,0.207718158,60
6000000.1,400,0.404,0.596,215.9384811,48.62962579,1.152351425,0.484808711,60
6000000.1,400,0.5,0.5,259.3550378,39.31513766,1.901205545,0.382291448,60
6000000.1,400,0.596,0.404,301.1514773,30.5844005,0.874484332,0.292475866,60
6000000.1,400,0.692,0.308,339.3739846,22.44431006,0.833062787,0.148934379,60
6000000.1,400,0.788,0.212,374.0980282,14.90577355,3.591020102,0.110606017,60
6000000.1,400,0.884,0.116,406.8376148,7.877455543,4.080421538,0.12163392,60
6000000.1,400,0.98,0.02,437.7349523,1.311914679,0.537994587,0.03508579,60
7500000.1,200,0.02,0.98,239.5283794,214.8740005,5.870604046,3.522070175,75
7500000.1,200,0.116,0.884,502.7122146,128.9765427,17.68512937,4.547877052,75
7500000.1,200,0.212,0.788,642.0578356,86.29717869,33.28641012,8.773171424,75
7500000.1,200,0.308,0.692,682.9408338,72.28045841,13.01316492,3.052966816,75
7500000.1,200,0.404,0.596,712.9593728,63.38873223,16.4168475,6.570983707,75
7500000.1,200,0.5,0.5,746.9172751,52.72619309,10.60029513,3.439543729,75
7500000.1,200,0.596,0.404,775.2607777,43.57040645,27.16428737,6.47429546,75
7500000.1,200,0.692,0.308,803.5539983,36.5135109,13.98091543,5.151570279,75
7500000.1,200,0.788,0.212,829.2290995,28.65846652,19.30558088,4.968235661,75
7500000.1,200,0.884,0.116,851.398372,18.45810777,9.242744104,1.770806991,75
7500000.1,200,0.98,0.02,902.1951086,4.488033197,19.83154354,0.849504484,75
7500000.1,220,0.02,0.98,236.6453019,201.9632178,9.708816619,3.033334773,75
7500000.1,220,0.116,0.884,536.9450766,108.1645672,11.34892771,3.496291612,75
7500000.1,220,0.212,0.788,610.4995579,85.10590632,23.64304744,8.181870904,75
7500000.1,220,0.308,0.692,658.3096525,70.73823263,31.08136242,9.255500777,75
7500000.1,220,0.404,0.596,678.8159818,63.97811915,8.087675334,2.535524171,75
7500000.1,220,0.5,0.5,713.6547738,54.0443073,11.56187067,2.395369602,75
7500000.1,220,0.596,0.404,736.9375245,46.39291934,25.74954888,6.864879008,75
7500000.1,220,0.692,0.308,773.039186,36.28260305,12.78227003,2.343391723,75
7500000.1,220,0.788,0.212,795.6598144,28.75649876,17.16116057,4.80933107,75
7500000.1,220,0.884,0.116,832.8960489,17.59706845,11.01667996,2.043500682,75
7500000.1,220,0.98,0.02,864.3008437,3.864300185,15.37649381,0.647780809,75
7500000.1,240,0.02,0.98,174.4372779,206.8613487,6.306631304,2.815348551,75
7500000.1,240,0.116,0.884,499.558269,107.6616423,12.55894585,3.855514228,75
7500000.1,240,0.212,0.788,623.7241799,71.25663983,6.660753254,2.800582162,75
7500000.1,240,0.308,0.692,669.4227031,57.498112,14.43190373,4.143046982,75
7500000.1,240,0.404,0.596,675.1874032,56.29792158,8.533275833,3.57598447,75
7500000.1,240,0.5,0.5,694.5814363,50.10538062,13.13777836,3.844219663,75
7500000.1,240,0.596,0.404,722.9937698,42.13566139,13.86057175,3.334598032,75
7500000.1,240,0.692,0.308,738.3126873,36.21417608,6.693249328,1.451639885,75
7500000.1,240,0.788,0.212,768.7906747,26.81176725,6.257975063,1.20928674,75
7500000.1,240,0.884,0.116,803.8137735,16.44849663,13.24948968,1.170317108,75
7500000.1,240,0.98,0.02,839.9088883,3.162758021,6.746265521,0.41400029,75
7500000.1,260,0.02,0.98,120.2186372,202.0501439,3.566748309,1.724812419,75
7500000.1,260,0.116,0.884,418.0907821,118.3491453,10.02736462,2.34560909,75
7500000.1,260,0.212,0.788,555.6452544,79.09205787,13.81160002,3.225050478,75
7500000.1,260,0.308,0.692,631.6702825,56.95155824,4.623907658,1.289908865,75
7500000.1,260,0.404,0.596,684.6967942,41.98458499,11.063511,2.257775665,75
7500000.1,260,0.5,0.5,703.2438528,36.99667689,5.447578356,1.045223595,75
7500000.1,260,0.596,0.404,702.2624899,37.49028595,2.464900552,0.710902291,75
7500000.1,260,0.692,0.308,718.8765555,32.08747307,8.969389392,2.920357125,75
7500000.1,260,0.788,0.212,742.4096251,24.73067911,5.519237078,0.59461788,75
7500000.1,260,0.884,0.116,772.0547316,15.05708201,6.403790439,0.50657294,75
7500000.1,260,0.98,0.02,811.2997912,2.962781539,3.048800932,0.282811894,75
7500000.1,280,0.02,0.98,82.41093366,191.3254105,0.691446746,1.203229965,75
7500000.1,280,0.116,0.884,336.5895617,125.2120319,3.854667759,1.642613015,75
7500000.1,280,0.212,0.788,472.7436848,88.02442914,4.190769683,2.570912968,75
7500000.1,280,0.308,0.692,561.4871506,63.65561066,6.713120045,1.453478115,75
7500000.1,280,0.404,0.596,623.2433639,46.60098506,5.572905467,1.869450467,75
7500000.1,280,0.5,0.5,667.4224249,34.93485041,5.533550562,0.254178317,75
7500000.1,280,0.596,0.404,701.116824,26.46684761,6.999848874,1.162900041,75
7500000.1,280,0.692,0.308,722.6747109,20.34147381,1.650912827,1.037236768,75
7500000.1,280,0.788,0.212,720.9857629,20.06352241,1.851150018,0.851057227,75
7500000.1,280,0.884,0.116,745.7502415,12.7539046,5.531173128,0.463019829,75
7500000.1,280,0.98,0.02,779.7248741,2.536140732,2.382243345,0.09285626,75
7500000.1,300,0.02,0.98,57.63454377,176.8662025,1.581033747,0.836875132,75
7500000.1,300,0.116,0.884,262.7019281,126.7244535,3.520301105,1.037965056,75
7500000.1,300,0.212,0.788,392.0745271,94.27356159,3.140378759,0.439916287,75
7500000.1,300,0.308,0.692,487.7340872,69.28061227,2.397738219,1.187538516,75
7500000.1,300,0.404,0.596,553.2595415,51.94100691,5.595920262,1.074768344,75
7500000.1,300,0.5,0.5,606.527916,38.16971533,2.751479484,0.71173582,75
7500000.1,300,0.596,0.404,646.4271873,28.09152391,3.392105149,0.881760464,75
7500000.1,300,0.692,0.308,678.7618809,19.78016714,4.070649708,0.454479461,75
7500000.1,300,0.788,0.212,703.168839,13.10111178,3.822840916,0.297132487,75
7500000.1,300,0.884,0.116,725.1545321,7.289262117,4.957960066,0.19736943,75
7500000.1,300,0.98,0.02,744.3017924,1.931271549,6.643341572,0.106183052,75
7500000.1,320,0.02,0.98,41.04702851,160.6728151,1.113020195,0.756716543,75
7500000.1,320,0.116,0.884,201.178394,123.9237881,3.863909064,1.369428423,75
7500000.1,320,0.212,0.788,319.1229752,95.82467228,2.076753763,0.637420739,75
7500000.1,320,0.308,0.692,410.108491,73.57582995,4.514251688,0.865939474,75
7500000.1,320,0.404,0.596,478.0128389,56.26586302,5.989777991,1.826029615,75
7500000.1,320,0.5,0.5,534.9010631,42.46934231,3.525939614,0.842980782,75
7500000.1,320,0.596,0.404,581.7255213,31.05453752,4.03673374,0.587266916,75
7500000.1,320,0.692,0.308,618.5258571,21.77217425,3.671181519,0.586495798,75
7500000.1,320,0.788,0.212,646.3142573,14.238909,1.440264264,0.331767619,75
7500000.1,320,0.884,0.116,675.3112442,7.321287528,2.290091971,0.419684909,75
7500000.1,320,0.98,0.02,699.3495888,1.197571362,3.556680446,0.028104802,75
7500000.1,340,0.02,0.98,30.07382192,144.5256756,0.675490327,0.502163146,75
7500000.1,340,0.116,0.884,154.6621745,117.2960198,1.893424618,0.518021881,75
7500000.1,340,0.212,0.788,255.6819055,94.17483315,2.159685545,1.428812508,75
7500000.1,340,0.308,0.692,341.1750442,74.28204663,3.68941625,0.305794017,75
7500000.1,340,0.404,0.596,409.9180013,58.2543228,1.975500826,0.839175135,75
7500000.1,340,0.5,0.5,465.5927289,45.22969407,4.496240231,0.565801255,75
7500000.1,340,0.596,0.404,511.8116208,33.37518635,2.041874627,0.417740196,75
7500000.1,340,0.692,0.308,554.4531254,23.6186746,2.13437629,0.315986582,75
7500000.1,340,0.788,0.212,589.5918819,15.10555111,2.953050786,0.128079714,75
7500000.1,340,0.884,0.116,620.9223902,7.778064048,3.516803156,0.238225586,75
7500000.1,340,0.98,0.02,645.3629,1.283768122,2.267191384,0.056168214,75
7500000.1,360,0.02,0.98,22.47814765,129.0652591,0.241395697,0.490805912,75
7500000.1,360,0.116,0.884,119.8494782,107.8116909,0.323526149,0.433209455,75
7500000.1,360,0.212,0.788,205.2322329,89.39071408,3.896446894,1.018048411,75
7500000.1,360,0.308,0.692,278.9162836,72.7636244,2.314457041,0.320812581,75
7500000.1,360,0.404,0.596,343.0772134,58.58501998,3.613071324,0.913330444,75
7500000.1,360,0.5,0.5,399.2966779,45.37725629,3.339907566,0.585606096,75
7500000.1,360,0.596,0.404,447.7305239,34.17558957,2.389119134,0.279876565,75
7500000.1,360,0.692,0.308,489.5155977,24.61341836,2.684891808,0.335341888,75
7500000.1,360,0.788,0.212,526.8358476,15.88085781,1.698737415,0.282430934,75
7500000.1,360,0.884,0.116,558.8567561,8.22963561,2.917931341,0.090885299,75
7500000.1,360,0.98,0.02,589.6254335,1.356869604,1.669786831,0.009212844,75
7500000.1,380,0.02,0.98,17.25991206,115.0645847,0.214599227,0.970391046,75
7500000.1,380,0.116,0.884,94.81231286,98.35259117,1.035957266,0.57234338,75
7500000.1,380,0.212,0.788,164.7144839,83.2182636,2.168925395,0.74040014,75
7500000.1,380,0.308,0.692,229.283489,69.17651311,1.743824617,0.792992873,75
7500000.1,380,0.404,0.596,286.9605861,56.29550144,2.477970209,0.416040987,75
7500000.1,380,0.5,0.5,338.2503227,44.88019936,2.45100076,0.526113747,75
7500000.1,380,0.596,0.404,386.2274482,34.0561739,4.310209673,0.581975472,75
7500000.1,380,0.692,0.308,426.0442497,24.93523065,1.24651594,0.281111839,75
7500000.1,380,0.788,0.212,464.9860715,16.21152184,3.485144657,0.103499125,75
7500000.1,380,0.884,0.116,498.664104,8.48799382,3.071759777,0.119100197,75
7500000.1,380,0.98,0.02,528.8504921,1.397348929,3.296711169,0.023000738,75
7500000.1,400,0.02,0.98,13.63215176,102.6176068,0.159622324,0.692789947,75
7500000.1,400,0.116,0.884,75.37899977,89.27985179,0.725540436,0.290716325,75
7500000.1,400,0.212,0.788,133.9379868,76.27617551,1.185950588,0.708889166,75
7500000.1,400,0.308,0.692,188.0437886,64.33948249,1.648794954,0.569648827,75
7500000.1,400,0.404,0.596,238.434814,53.25699936,1.520410748,0.669094932,75
7500000.1,400,0.5,0.5,284.9865855,42.90297831,3.880372902,0.350863999,75
7500000.1,400,0.596,0.404,328.4375121,33.44477366,3.890794277,0.660308732,75
7500000.1,400,0.692,0.308,367.6398366,24.4150332,2.619333585,0.370468838,75
7500000.1,400,0.788,0.212,404.5199144,16.08391749,2.45851117,0.232954673,75
7500000.1,400,0.884,0.116,438.2956012,8.49028135,2.489625436,0.095380577,75
7500000.1,400,0.98,0.02,470.6290219,1.413593703,2.524820203,0.025621105,75
9000000.1,200,0.02,0.98,229.3258605,217.8662216,12.25888903,4.866695509,90
9000000.1,200,0.116,0.884,495.7121956,133.293608,22.34492014,6.893053176,90
9000000.1,200,0.212,0.788,626.2075473,92.51123569,36.25801421,8.910431337,90
9000000.1,200,0.308,0.692,677.1467647,74.76985398,43.88617987,10.64000828,90
9000000.1,200,0.404,0.596,731.0146134,58.38779517,16.0030187,6.02456189,90
9000000.1,200,0.5,0.5,754.3811977,50.82005121,12.57750698,3.601252689,90
9000000.1,200,0.596,0.404,772.3334194,45.86022337,18.79702851,5.818896765,90
9000000.1,200,0.692,0.308,800.2307488,36.04324128,11.28434498,3.339871776,90
9000000.1,200,0.788,0.212,820.5569539,29.44995169,14.87080838,2.838968857,90
9000000.1,200,0.884,0.116,855.8858364,18.14047271,13.42665247,2.209753521,90
9000000.1,200,0.98,0.02,893.4872291,4.911358744,26.21610041,0.87684164,90
9000000.1,220,0.02,0.98,206.5358371,213.5098042,10.727383,3.060330193,90
9000000.1,220,0.116,0.884,487.2882776,125.8685859,5.862599564,1.747808314,90
9000000.1,220,0.212,0.788,587.1004222,93.91617657,17.40833204,4.960644026,90
9000000.1,220,0.308,0.692,641.1956765,76.98501124,8.927667463,2.434427484,90
9000000.1,220,0.404,0.596,680.9840182,65.88754314,10.2585718,3.370637559,90
9000000.1,220,0.5,0.5,711.4855554,54.35554391,11.19641914,3.565229173,90
9000000.1,220,0.596,0.404,737.4327977,46.22682481,16.74980592,3.624866572,90
9000000.1,220,0.692,0.308,770.4457983,37.32757299,16.45711567,3.167646119,90
9000000.1,220,0.788,0.212,796.101896,28.35760668,12.93644967,2.70681385,90
9000000.1,220,0.884,0.116,833.3176721,16.81254532,5.241964896,1.831462575,90
9000000.1,220,0.98,0.02,874.2082172,3.790601955,8.407141712,0.175348686,90
9000000.1,240,0.02,0.98,158.7251969,213.6021673,6.109366873,1.75139597,90
9000000.1,240,0.116,0.884,470.2679552,118.812917,6.508052395,2.319038393,90
9000000.1,240,0.212,0.788,577.4014507,85.37046407,10.02844319,3.156142457,90
9000000.1,240,0.308,0.692,638.497906,68.06619939,14.86316751,4.787861102,90
9000000.1,240,0.404,0.596,657.3663876,62.12200455,22.57463277,4.993985774,90
9000000.1,240,0.5,0.5,685.9802128,53.11997967,10.58785161,3.467347973,90
9000000.1,240,0.596,0.404,707.5562849,46.86981949,6.353514416,2.226520457,90
9000000.1,240,0.692,0.308,736.9031545,38.00909099,8.358498319,1.698055157,90
9000000.1,240,0.788,0.212,769.6962055,26.3194843,9.925845199,1.720922855,90
9000000.1,240,0.884,0.116,804.1441981,16.89121644,7.856290737,1.031597753,90
9000000.1,240,0.98,0.02,845.3243421,3.270669733,7.489569219,0.638325808,90
9000000.1,260,0.02,0.98,116.4773105,207.7741724,2.966833392,1.238152829,90
9000000.1,260,0.116,0.884,401.2017567,126.6350077,7.178400846,0.791084149,90
9000000.1,260,0.212,0.788,538.5701037,85.46405386,12.0477324,3.585148681,90
9000000.1,260,0.308,0.692,609.5606574,64.49659266,12.82032368,3.470614421,90
9000000.1,260,0.404,0.596,656.0183206,51.51652103,5.536582377,1.250392754,90
9000000.1,260,0.5,0.5,673.0079101,46.33891375,6.193375024,1.943244205,90
9000000.1,260,0.596,0.404,690.7383635,41.26288605,6.369246014,2.432172902,90
9000000.1,260,0.692,0.308,718.0924109,33.57844494,2.197577486,1.030390546,90
9000000.1,260,0.788,0.212,740.7666856,25.55975932,5.357272355,1.847963771,90
9000000.1,260,0.884,0.116,774.7396815,15.66175228,13.25758231,1.38496655,90
9000000.1,260,0.98,0.02,809.0751989,3.013339253,3.653920346,0.117083906,90
9000000.1,280,0.02,0.98,82.46994455,197.5958932,2.602341092,1.180734403,90
9000000.1,280,0.116,0.884,330.3484101,130.852582,4.759487382,1.341725839,90
9000000.1,280,0.212,0.788,467.9961724,92.15855834,11.01404517,2.5440024,90
9000000.1,280,0.308,0.692,556.086063,67.43341571,5.802504255,2.219798428,90
9000000.1,280,0.404,0.596,613.7919836,51.47368787,5.165303541,0.981590367,90
9000000.1,280,0.5,0.5,660.6179875,39.1193384,7.238506146,1.772724768,90
9000000.1,280,0.596,0.404,685.8813764,31.66623614,7.242895268,1.447743756,90
9000000.1,280,0.692,0.308,701.0958201,27.70005801,5.908199169,1.458432983,90
9000000.1,280,0.788,0.212,718.2328913,22.28746511,4.878326793,1.075512021,90
9000000.1,280,0.884,0.116,745.6241274,13.71887732,6.849575405,0.881372076,90
9000000.1,280,0.98,0.02,779.4079066,2.567801465,6.279502998,0.095372234,90
9000000.1,300,0.02,0.98,58.38186348,184.0432099,1.402865944,1.693544706,90
9000000.1,300,0.116,0.884,262.6322789,132.3139155,5.304179708,1.539498572,90
9000000.1,300,0.212,0.788,394.9951569,97.44517136,3.562903349,1.313917286,90
9000000.1,300,0.308,0.692,485.076415,73.50720407,6.722920108,2.035685082,90
9000000.1,300,0.404,0.596,551.0932327,55.38088752,4.994571002,1.296974032,90
9000000.1,300,0.5,0.5,604.7609536,41.60618122,5.692482198,0.83173106,90
9000000.1,300,0.596,0.404,643.5701146,31.19672902,3.75067649,0.25854568,90
9000000.1,300,0.692,0.308,673.6093847,22.91945312,3.685172096,0.715815796,90
9000000.1,300,0.788,0.212,699.8788683,15.57863871,2.521052717,0.294285946,90
9000000.1,300,0.884,0.116,720.5915993,10.06585866,5.920345637,0.188004252,90
9000000.1,300,0.98,0.02,746.1088532,2.117622312,5.968424833,0.161312252,90
9000000.1,320,0.02,0.98,42.22242721,168.6840414,0.699166932,0.90750523,90
9000000.1,320,0.116,0.884,206.6836825,129.3806066,1.79558847,0.341531937,90
9000000.1,320,0.212,0.788,324.6629974,99.94756274,3.694853298,1.152578778,90
9000000.1,320,0.308,0.692,415.2516219,77.00423975,3.038131393,0.830496471,90
9000000.1,320,0.404,0.596,487.0147726,58.62089109,3.767943915,0.417250324,90
9000000.1,320,0.5,0.5,540.1215718,44.91928628,4.512573278,0.849427214,90
9000000.1,320,0.596,0.404,586.0576843,33.09932357,2.590728992,0.753987343,90
9000000.1,320,0.692,0.308,621.03923,23.50903896,2.726586933,0.514889415,90
9000000.1,320,0.788,0.212,655.0431407,15.27847507,3.288974405,0.331706471,90
9000000.1,320,0.884,0.116,682.7640739,8.134255581,2.092482556,0.108874793,90
9000000.1,320,0.98,0.02,706.7815056,1.39022112,5.034977503,0.067180748,90
9000000.1,340,0.02,0.98,31.51863397,152.8265562,0.451204687,1.037708666,90
9000000.1,340,0.116,0.884,161.8220411,123.254835,1.795334015,0.273920864,90
9000000.1,340,0.212,0.788,265.0830947,98.48573201,4.246860646,1.119642554,90
9000000.1,340,0.308,0.692,351.3244624,77.74334381,4.343429184,1.349953233,90
9000000.1,340,0.404,0.596,418.0722332,61.23404532,1.472128326,0.664716204,90
9000000.1,340,0.5,0.5,477.4977438,46.78120259,3.419539713,0.686095775,90
9000000.1,340,0.596,0.404,523.2440031,35.20743108,1.836136789,0.852584511,90
9000000.1,340,0.692,0.308,564.4913413,24.96712345,3.920246835,1.022877156,90
9000000.1,340,0.788,0.212,599.1196399,16.12181091,0.854656732,0.367384265,90
9000000.1,340,0.884,0.116,632.1452792,8.325115098,1.220860115,0.208150598,90
9000000.1,340,0.98,0.02,659.0154191,1.382463412,5.607831767,0.034265742,90
9000000.1,360,0.02,0.98,24.04561869,138.2518776,0.497835729,0.502417455,90
9000000.1,360,0.116,0.884,127.088723,115.2572013,1.762111952,1.161336818,90
9000000.1,360,0.212,0.788,216.6392468,94.31735618,1.808123078,0.732389611,90
9000000.1,360,0.308,0.692,292.7261954,76.91767831,2.39610366,0.556910985,90
9000000.1,360,0.404,0.596,357.017422,61.63525808,2.39118429,0.464999769,90
9000000.1,360,0.5,0.5,414.2946271,47.57948404,2.199087798,0.393879195,90
9000000.1,360,0.596,0.404,463.2350212,35.90423243,2.170366616,0.417729251,90
9000000.1,360,0.692,0.308,504.9949994,25.78227957,3.876096976,0.164061093,90
9000000.1,360,0.788,0.212,541.255872,16.84433867,4.545944415,0.184895946,90
9000000.1,360,0.884,0.116,576.0847532,8.795152658,4.72353194,0.17447966,90
9000000.1,360,0.98,0.02,605.257136,1.43587225,2.965213719,0.061214604,90
9000000.1,380,0.02,0.98,18.63025582,124.3885213,0.206491827,0.305499464,90
9000000.1,380,0.116,0.884,102.2795089,105.8139153,0.499752131,0.946259217,90
9000000.1,380,0.212,0.788,175.8424463,89.19660561,1.545441819,0.41802541,90
9000000.1,380,0.308,0.692,243.2411554,73.53796968,1.667423397,0.635000067,90
9000000.1,380,0.404,0.596,303.6413003,59.7259004,2.385082042,0.911672962,90
9000000.1,380,0.5,0.5,355.4274013,47.48085505,2.302081027,0.600686297,90
9000000.1,380,0.596,0.404,403.0340038,36.45592484,3.265934089,0.368896234,90
9000000.1,380,0.692,0.308,445.8004405,26.15014082,1.421590755,0.292668808,90
9000000.1,380,0.788,0.212,483.8500978,17.18919201,0.883851526,0.056298776,90
9000000.1,380,0.884,0.116,518.3656484,8.958760738,3.51245992,0.129649065,90
9000000.1,380,0.98,0.02,549.6891554,1.479699987,2.050671655,0.046063077,90
9000000.1,400,0.02,0.98,14.95575962,112.2402484,0.116304956,0.981281951,90
9000000.1,400,0.116,0.884,82.51913545,96.72068759,0.68444573,0.44727457,90
9000000.1,400,0.212,0.788,144.7733498,82.62496467,1.621472689,0.489897824,90
9000000.1,400,0.308,0.692,202.3345164,69.62185198,1.934800734,0.207894093,90
9000000.1,400,0.404,0.596,256.1949092,57.27980213,1.678512948,0.243034797,90
9000000.1,400,0.5,0.5,304.5519229,46.0067247,1.608540919,0.178581383,90
9000000.1,400,0.596,0.404,349.1286027,35.57210968,1.643111947,0.443752293,90
9000000.1,400,0.692,0.308,390.1532635,25.96813305,2.616797929,0.214699717,90
9000000.1,400,0.788,0.212,427.1165384,17.23928559,2.268817792,0.113116865,90
9000000.1,400,0.884,0.116,462.4237806,9.010976082,2.804792114,0.059838597,90
9000000.1,400,0.98,0.02,493.6604534,1.506454135,2.336337641,0.050108924,90
10500000.1,200,0.02,0.98,216.5058586,223.4310512,19.52935282,5.579458064,105
10500000.1,200,0.116,0.884,483.2294378,138.2963353,26.50709229,8.868856771,105
10500000.1,200,0.212,0.788,606.6927646,98.03091149,31.78607492,6.683625586,105
10500000.1,200,0.308,0.692,679.184959,75.6837717,23.89023194,5.407635917,105
10500000.1,200,0.404,0.596,726.3732116,59.71021922,21.06478306,6.487347758,105
10500000.1,200,0.5,0.5,752.9242016,52.87584392,27.6288329,7.658941504,105
10500000.1,200,0.596,0.404,779.5576615,43.20456751,12.05473183,2.615778483,105
10500000.1,200,0.692,0.308,793.5243295,38.28445648,15.00279978,3.666815846,105
10500000.1,200,0.788,0.212,832.6424566,27.19749775,9.502151782,2.32709273,105
10500000.1,200,0.884,0.116,855.0096747,19.08260329,9.21362347,2.358444292,105
10500000.1,200,0.98,0.02,892.5621493,4.90568965,7.372258618,0.658251213,105
10500000.1,220,0.02,0.98,186.5905204,220.9274995,12.04478649,3.919109457,105
10500000.1,220,0.116,0.884,457.0245116,135.4743197,13.16823208,3.22953273,105
10500000.1,220,0.212,0.788,563.795031,101.485976,13.80022402,5.896600844,105
10500000.1,220,0.308,0.692,636.4910811,78.58256872,24.43622078,6.711844463,105
10500000.1,220,0.404,0.596,672.7224029,67.20472908,20.66583781,5.077003055,105
10500000.1,220,0.5,0.5,713.5482997,55.38934143,24.98354373,4.881948814,105
10500000.1,220,0.596,0.404,743.9645484,45.11966059,14.20785731,2.921717704,105
10500000.1,220,0.692,0.308,763.8202121,38.63587404,8.618925808,1.159421923,105
10500000.1,220,0.788,0.212,800.2739386,27.23628629,12.70466143,2.412338882,105
10500000.1,220,0.884,0.116,836.8272288,17.01520717,12.42041931,1.628642855,105
10500000.1,220,0.98,0.02,869.6832914,3.962034049,6.412675046,1.073598456,105
10500000.1,240,0.02,0.98,148.7689053,218.919778,3.845008999,2.035921378,105
10500000.1,240,0.116,0.884,443.7874327,128.3106064,6.987725848,2.571031422,105
10500000.1,240,0.212,0.788,552.4182044,95.12057737,22.99001823,7.332960597,105
10500000.1,240,0.308,0.692,609.7276882,77.35283934,13.27311908,4.676336419,105
10500000.1,240,0.404,0.596,649.3436345,64.65406751,8.609137776,1.422400608,105
10500000.1,240,0.5,0.5,676.5752956,55.96546731,12.33246084,2.88313016,105
10500000.1,240,0.596,0.404,708.3307915,47.03412377,4.143944771,1.357848614,105
10500000.1,240,0.692,0.308,740.3090557,37.06477233,9.9197764,1.004690727,105
10500000.1,240,0.788,0.212,774.1022912,26.84256602,12.1453767,1.48849995,105
10500000.1,240,0.884,0.116,800.756664,17.09563537,6.218339099,1.330462777,105
10500000.1,240,0.98,0.02,845.3774428,3.412131876,7.38160414,0.280180826,105
10500000.1,260,0.02,0.98,111.5323071,211.9702969,2.376182434,0.810284791,105
10500000.1,260,0.116,0.884,388.0426013,132.2991294,7.850544063,2.481542216,105
10500000.1,260,0.212,0.788,522.0691499,92.0905292,6.953993881,2.162679924,105
10500000.1,260,0.308,0.692,592.7485553,70.87578276,5.71142267,1.292097558,105
10500000.1,260,0.404,0.596,635.8510539,58.46305157,9.70132384,2.457649593,105
10500000.1,260,0.5,0.5,664.0115228,50.36496547,4.358784492,2.184317535,105
10500000.1,260,0.596,0.404,686.3696483,43.65295642,7.553423167,1.68769982,105
10500000.1,260,0.692,0.308,708.3066961,36.37387215,6.272040555,1.504089383,105
10500000.1,260,0.788,0.212,740.6792149,26.25583131,5.426688795,1.520503753,105
10500000.1,260,0.884,0.116,774.5420996,15.71953726,2.451648299,0.708267896,105
10500000.1,260,0.98,0.02,812.0236521,3.01062074,7.502821887,0.333800777,105
10500000.1,280,0.02,0.98,80.76035637,202.7578856,1.245053332,0.566865507,105
10500000.1,280,0.116,0.884,324.7791098,135.5382379,1.27326288,1.454448004,105
10500000.1,280,0.212,0.788,457.5482446,97.61478006,2.56668215,1.316974007,105
10500000.1,280,0.308,0.692,545.6382261,72.57770462,3.612268434,0.813985256,105
10500000.1,280,0.404,0.596,602.7216682,56.73762451,10.04567371,2.226114498,105
10500000.1,280,0.5,0.5,643.9554584,44.29077929,7.36118285,1.365467306,105
10500000.1,280,0.596,0.404,669.7511273,37.02923275,6.43512908,0.923097541,105
10500000.1,280,0.692,0.308,692.9620466,30.74098023,5.695428784,1.297096433,105
10500000.1,280,0.788,0.212,716.9713858,23.43706466,4.631547326,0.988437633,105
10500000.1,280,0.884,0.116,744.5920278,14.21795656,5.789595285,1.179463132,105
10500000.1,280,0.98,0.02,781.6933283,2.54797621,3.515434011,0.113665254,105
10500000.1,300,0.02,0.98,58.65991478,188.9309308,1.241755647,0.457264453,105
10500000.1,300,0.116,0.884,262.1890152,136.7477442,2.981899493,1.176224986,105
10500000.1,300,0.212,0.788,393.0557081,101.1434765,3.88027249,1.043104296,105
10500000.1,300,0.308,0.692,483.1017779,76.62126092,6.57067174,1.649870729,105
10500000.1,300,0.404,0.596,547.4522881,58.69137352,3.990977043,0.911118154,105
10500000.1,300,0.5,0.5,599.7141133,44.71340863,5.239677583,1.25924785,105
10500000.1,300,0.596,0.404,636.8601492,34.64987066,2.899979871,0.53134633,105
10500000.1,300,0.692,0.308,669.2407604,25.63296026,2.277845269,0.663230446,105
10500000.1,300,0.788,0.212,692.680631,18.89916996,6.082225612,0.553731645,105
10500000.1,300,0.884,0.116,717.0596748,11.70233729,3.870707681,0.649843538,105
10500000.1,300,0.98,0.02,748.9506502,2.272013969,3.879609059,0.191703526,105
10500000.1,320,0.02,0.98,43.37291222,175.0485449,0.806938759,0.91937722,105
10500000.1,320,0.116,0.884,209.264977,134.2507898,2.194372742,1.188607433,105
10500000.1,320,0.212,0.788,329.2842138,103.2310294,3.681052391,1.136937935,105
10500000.1,320,0.308,0.692,418.6797999,79.92945939,2.8093397,1.844785338,105
10500000.1,320,0.404,0.596,486.4419396,61.92670258,3.598772609,0.865136905,105
10500000.1,320,0.5,0.5,541.5609283,47.20774394,6.294223816,0.98819828,105
10500000.1,320,0.596,0.404,587.8852033,35.0558574,5.450856446,0.445000934,105
10500000.1,320,0.692,0.308,623.9668611,25.394361,6.492098359,1.048313334,105
10500000.1,320,0.788,0.212,657.1594403,16.71252393,2.620913956,0.570071863,105
10500000.1,320,0.884,0.116,684.6770633,9.114213278,3.413601319,0.451745923,105
10500000.1,320,0.98,0.02,711.9809195,1.68262705,4.671866294,0.069162521,105
10500000.1,340,0.02,0.98,32.762318,160.3874044,0.832457467,1.028354819,105
10500000.1,340,0.116,0.884,166.5973768,128.1456391,1.889304125,0.617834917,105
10500000.1,340,0.212,0.788,271.9320858,102.263305,3.197308602,1.014227563,105
10500000.1,340,0.308,0.692,356.1168013,81.39699237,3.257368018,0.634303507,105
10500000.1,340,0.404,0.596,424.4722323,64.04989453,3.097621332,0.349266351,105
10500000.1,340,0.5,0.5,481.3172668,49.26605625,1.932236927,0.670158248,105
10500000.1,340,0.596,0.404,530.6049067,36.67675431,4.821435914,0.606386169,105
10500000.1,340,0.692,0.308,572.3175126,26.11473384,2.917449371,0.251044445,105
10500000.1,340,0.788,0.212,605.4846326,17.21992447,4.078669481,0.247652841,105
10500000.1,340,0.884,0.116,637.6556597,8.960816199,2.760224451,0.176969435,105
10500000.1,340,0.98,0.02,665.9547905,1.516864051,2.839591516,0.036700632,105
10500000.1,360,0.02,0.98,24.9229624,146.2683752,0.319267436,0.77308242,105
10500000.1,360,0.116,0.884,133.0848294,120.5308516,0.638221515,0.3144429,105
10500000.1,360,0.212,0.788,225.1595462,98.85849984,2.559164068,0.562970997,105
10500000.1,360,0.308,0.692,300.6487482,80.60381642,1.38678606,0.719630055,105
10500000.1,360,0.404,0.596,368.2963213,63.78424275,3.526976094,0.783842262,105
10500000.1,360,0.5,0.5,424.7344625,49.67094895,4.164990813,0.54311271,105
10500000.1,360,0.596,0.404,472.525099,37.8702479,2.194306627,0.557909908,105
10500000.1,360,0.692,0.308,516.2044314,27.01157797,4.294329077,0.463685445,105
10500000.1,360,0.788,0.212,553.3875651,17.7278886,4.892114812,0.116034554,105
10500000.1,360,0.884,0.116,586.3841991,9.212908568,1.504160169,0.147144131,105
10500000.1,360,0.98,0.02,616.6115039,1.528699529,2.188700904,0.06100309,105
10500000.1,380,0.02,0.98,19.93067759,132.1704973,0.109249768,0.810214715,105
10500000.1,380,0.116,0.884,106.989287,112.106345,1.230055553,0.947255607,105
10500000.1,380,0.212,0.788,183.7767285,94.22701534,2.442334323,0.393687278,105
10500000.1,380,0.308,0.692,253.0733332,77.59777074,1.841906807,0.792227899,105
10500000.1,380,0.404,0.596,313.9173783,63.18544049,2.898121694,0.305974653,105
10500000.1,380,0.5,0.5,368.2479488,49.95297812,4.225746649,0.419620218,105
10500000.1,380,0.596,0.404,416.4719379,38.14939279,4.664432018,0.520351885,105
10500000.1,380,0.692,0.308,459.7829296,27.4333785,3.042651259,0.390919544,105
10500000.1,380,0.788,0.212,497.9843422,18.06518315,2.461277478,0.158629699,105
10500000.1,380,0.884,0.116,533.4947127,9.435196749,2.161909665,0.045333268,105
10500000.1,380,0.98,0.02,564.2131081,1.557873817,2.674353613,0.037458272,105
10500000.1,400,0.02,0.98,16.00913581,119.7723533,0.243052585,0.675634868,105
10500000.1,400,0.116,0.884,87.88176132,103.4242759,0.975685225,0.575897307,105
10500000.1,400,0.212,0.788,153.5544246,87.99542062,1.700448967,0.486995392,105
10500000.1,400,0.308,0.692,213.1583318,73.76788296,1.618984702,0.769905457,105
10500000.1,400,0.404,0.596,270.2288624,60.39614651,2.039401631,0.17898801,105
10500000.1,400,0.5,0.5,319.5901523,48.47115636,2.559037815,0.612660532,105
10500000.1,400,0.596,0.404,364.2642137,37.4366782,1.865101823,0.243255569,105
10500000.1,400,0.692,0.308,406.6327588,27.23532487,2.566255282,0.300479436,105
10500000.1,400,0.788,0.212,445.1895096,18.04429702,2.38684138,0.146971873,105
10500000.1,400,0.884,0.116,480.447379,9.470371658,2.611172825,0.098355891,105
10500000.1,400,0.98,0.02,513.1823283,1.580152364,2.12527966,0.032759466,105
12000000.1,200,0.02,0.98,214.4653911,224.9125083,7.120972235,4.418782951,120
12000000.1,200,0.116,0.884,481.6117757,138.304524,27.6642629,9.655366151,120
12000000.1,200,0.212,0.788,594.5104258,100.4133568,13.98097071,5.448475189,120
12000000.1,200,0.308,0.692,686.719622,72.7234103,35.73797509,10.51762562,120
12000000.1,200,0.404,0.596,715.4697451,63.30926545,21.08956803,4.199428076,120
12000000.1,200,0.5,0.5,747.5744872,54.64390522,24.48463653,6.640964911,120
12000000.1,200,0.596,0.404,763.2787486,47.63219667,21.13807794,6.298526497,120
12000000.1,200,0.692,0.308,794.5121481,37.56023794,13.50788418,3.202819274,120
12000000.1,200,0.788,0.212,827.7631927,29.0394562,14.17355381,2.524805941,120
12000000.1,200,0.884,0.116,864.4540537,17.96446556,13.76908829,1.925409982,120
12000000.1,200,0.98,0.02,894.2240923,4.771620536,14.51258105,1.086853009,120
12000000.1,220,0.02,0.98,177.750071,225.1629099,9.408740639,3.203241864,120
12000000.1,220,0.116,0.884,440.1766756,140.4305339,5.406794637,3.551121946,120
12000000.1,220,0.212,0.788,552.2591751,105.0173246,11.43326526,4.627828403,120
12000000.1,220,0.308,0.692,629.2459261,80.86920299,25.42101681,5.315353948,120
12000000.1,220,0.404,0.596,669.7157572,69.30925612,36.3255324,9.849810893,120
12000000.1,220,0.5,0.5,708.3507042,57.77828462,11.75426422,2.866046633,120
12000000.1,220,0.596,0.404,738.771863,47.35560453,33.43516525,9.423248418,120
12000000.1,220,0.692,0.308,766.9918883,38.53678092,15.45077754,2.757177928,120
12000000.1,220,0.788,0.212,800.2137456,28.66489812,17.78291615,3.709747451,120
12000000.1,220,0.884,0.116,828.0416986,18.78920278,7.109495705,1.008552422,120
12000000.1,220,0.98,0.02,874.3376956,3.892711963,5.409904171,0.496216197,120
12000000.1,240,0.02,0.98,137.7789683,223.9666646,9.008383592,3.679029441,120
12000000.1,240,0.116,0.884,419.5457778,136.8454117,7.161444295,1.545356535,120
12000000.1,240,0.212,0.788,534.8360511,101.0299288,10.07517787,3.360282403,120
12000000.1,240,0.308,0.692,596.2404723,81.44058804,11.84143098,4.646982875,120
12000000.1,240,0.404,0.596,640.8915295,67.75343776,8.695266909,3.016811185,120
12000000.1,240,0.5,0.5,671.5378206,58.27530839,10.87270423,1.917203501,120
12000000.1,240,0.596,0.404,709.537105,47.44485133,13.91048387,1.313951388,120
12000000.1,240,0.692,0.308,730.5117025,39.10982361,9.813731845,3.253996183,120
12000000.1,240,0.788,0.212,767.1490991,28.24654547,8.859722461,1.489778262,120
12000000.1,240,0.884,0.116,800.1094537,17.41386718,8.268293082,2.478282744,120
12000000.1,240,0.98,0.02,846.9311841,3.259099476,7.781503468,0.56413551,120
12000000.1,260,0.02,0.98,106.812709,216.841972,3.981168259,2.830921898,120
12000000.1,260,0.116,0.884,374.1170317,137.9466748,3.033731898,1.61093598,120
12000000.1,260,0.212,0.788,499.2120232,100.1899414,7.28406106,3.232332069,120
12000000.1,260,0.308,0.692,579.220059,75.60655929,11.9207588,2.808110722,120
12000000.1,260,0.404,0.596,621.8862044,63.5101039,8.976242913,2.838828908,120
12000000.1,260,0.5,0.5,651.1547869,54.75039137,5.15521701,1.598188302,120
12000000.1,260,0.596,0.404,681.7980775,45.30428742,5.683435845,1.642506599,120
12000000.1,260,0.692,0.308,707.3519745,36.05898876,7.885713163,1.28306079,120
12000000.1,260,0.788,0.212,744.7380548,26.42786015,4.681497907,0.416704869,120
12000000.1,260,0.884,0.116,773.4252572,16.02145799,7.70045082,0.437339135,120
12000000.1,260,0.98,0.02,816.8944599,3.079810216,3.766126045,0.148748678,120
12000000.1,280,0.02,0.98,78.86482479,206.6755615,1.605250574,1.630129057,120
12000000.1,280,0.116,0.884,319.9943178,139.4386412,8.13167627,2.959128879,120
12000000.1,280,0.212,0.788,450.7483535,101.4194056,5.547818646,2.240910185,120
12000000.1,280,0.308,0.692,532.4483378,77.7999353,5.609266936,1.649781036,120
12000000.1,280,0.404,0.596,594.9348678,60.13977745,4.132993095,0.637348101,120
12000000.1,280,0.5,0.5,629.285297,49.39336223,5.661673785,0.784103026,120
12000000.1,280,0.596,0.404,659.3368421,40.77723361,8.36201612,1.990007136,120
12000000.1,280,0.692,0.308,686.4434801,33.21787726,7.128255111,1.337519399,120
12000000.1,280,0.788,0.212,714.5667603,24.36603366,8.247994124,0.919018133,120
12000000.1,280,0.884,0.116,747.6089481,14.08163307,3.289103125,0.744538208,120
12000000.1,280,0.98,0.02,783.1745107,2.724381193,5.087623602,0.070383399,120
12000000.1,300,0.02,0.98,57.83421697,194.9110962,1.187794853,0.940630039,120
12000000.1,300,0.116,0.884,261.129638,141.0248937,3.670839108,1.278614199,120
12000000.1,300,0.212,0.788,389.0668812,104.7328753,8.523699017,2.23747932,120
12000000.1,300,0.308,0.692,479.609679,79.92707241,5.621774214,1.406259871,120
12000000.1,300,0.404,0.596,546.6630516,61.4417132,2.956525126,0.783792864,120
12000000.1,300,0.5,0.5,595.6086284,47.9501301,3.036085762,1.016546213,120
12000000.1,300,0.596,0.404,632.2342047,37.07140285,5.664207242,0.261703523,120
12000000.1,300,0.692,0.308,665.3233103,28.36320947,3.05194513,0.91191002,120
12000000.1,300,0.788,0.212,690.8812081,20.52152558,3.83260905,0.464055147,120
12000000.1,300,0.884,0.116,715.7555251,12.35776418,5.00317443,0.447928524,120
12000000.1,300,0.98,0.02,749.715155,2.369217392,4.533350542,0.055405682,120
12000000.1,320,0.02,0.98,43.72834144,180.3985125,0.909917222,1.1073557,120
12000000.1,320,0.116,0.884,209.6520484,138.5501516,2.024325197,1.219812801,120
12000000.1,320,0.212,0.788,329.001798,106.9479,4.009626122,0.961315998,120
12000000.1,320,0.308,0.692,417.0879607,83.31729041,6.46919688,1.224644023,120
12000000.1,320,0.404,0.596,488.5913363,64.15737526,4.193513064,0.953051791,120
12000000.1,320,0.5,0.5,542.0631119,49.94296603,6.722540572,1.340735742,120
12000000.1,320,0.596,0.404,587.3637435,37.3786943,2.657925254,0.571014374,120
12000000.1,320,0.692,0.308,622.4213941,27.56207689,3.983691758,0.605481824,120
12000000.1,320,0.788,0.212,657.4019396,18.39790265,4.079854138,0.661536364,120
12000000.1,320,0.884,0.116,684.9376568,10.25671817,3.43918904,0.241235083,120
12000000.1,320,0.98,0.02,716.6384153,1.903124991,3.190082676,0.086877778,120
12000000.1,340,0.02,0.98,33.34233412,166.4890741,0.190332495,0.740144258,120
12000000.1,340,0.116,0.884,168.7943276,133.2290598,1.932189296,0.354876083,120
12000000.1,340,0.212,0.788,276.1284055,105.8423934,5.343618669,0.752133539,120
12000000.1,340,0.308,0.692,359.5916243,83.97868478,6.19092931,0.93437858,120
12000000.1,340,0.404,0.596,429.2633891,66.45743633,2.355648565,0.868863209,120
12000000.1,340,0.5,0.5,487.3865685,51.05132375,2.743202235,0.387761141,120
12000000.1,340,0.596,0.404,536.0720974,38.43745573,4.05730225,1.211833579,120
12000000.1,340,0.692,0.308,575.0537448,27.61591671,4.497252076,0.216954565,120
12000000.1,340,0.788,0.212,612.8480822,17.9682118,2.13935078,0.59996292,120
12000000.1,340,0.884,0.116,645.0474781,9.568437048,2.729054996,0.351395389,120
12000000.1,340,0.98,0.02,674.2260439,1.674471511,2.100318252,0.055126145,120
12000000.1,360,0.02,0.98,26.02316541,152.2522205,0.335431235,0.993605807,120
12000000.1,360,0.116,0.884,136.5443769,125.5662342,1.498881367,0.561302578,120
12000000.1,360,0.212,0.788,229.6366451,103.0381144,2.636578498,0.682253537,120
12000000.1,360,0.308,0.692,308.1285829,83.20304655,1.489289608,1.055589011,120
12000000.1,360,0.404,0.596,374.1947734,66.51260226,4.1369236,0.5014239,120
12000000.1,360,0.5,0.5,430.5361694,51.97757423,3.952966693,0.829254763,120
12000000.1,360,0.596,0.404,479.2160609,39.5631191,5.359413205,0.72174644,120
12000000.1,360,0.692,0.308,522.7794628,28.34354997,2.38609982,0.144173883,120
12000000.1,360,0.788,0.212,560.9939686,18.62082073,2.683292475,0.317784366,120
12000000.1,360,0.884,0.116,595.4357784,9.700284937,2.713117973,0.235854222,120
12000000.1,360,0.98,0.02,624.3965767,1.619902331,4.787017125,0.027111936,120
12000000.1,380,0.02,0.98,20.74182726,138.9880974,0.102611122,0.749952797,120
12000000.1,380,0.116,0.884,112.1320541,117.152237,1.508950771,0.648790622,120
12000000.1,380,0.212,0.788,191.2754758,98.05345526,1.585164321,0.65349878,120
12000000.1,380,0.308,0.692,262.7193858,80.68692999,1.897226324,0.25379829,120
12000000.1,380,0.404,0.596,323.552247,65.53602612,1.69067195,0.524932089,120
12000000.1,380,0.5,0.5,378.9152807,51.78535546,3.324109748,0.400921066,120
12000000.1,380,0.596,0.404,428.8429479,39.49131057,4.121588584,0.664739987,120
12000000.1,380,0.692,0.308,470.704854,28.8041722,2.787132099,0.140634469,120
12000000.1,380,0.788,0.212,510.0637529,18.8870361,1.981023946,0.143010494,120
12000000.1,380,0.884,0.116,545.2336969,9.894990156,1.213689909,0.158395281,120
12000000.1,380,0.98,0.02,575.5858429,1.643838508,2.922188649,0.047322779,120
12000000.1,400,0.02,0.98,16.78136921,126.941172,0.206767424,0.351901653,120
12000000.1,400,0.116,0.884,92.37813644,108.8852053,1.361557072,0.825095078,120
12000000.1,400,0.212,0.788,160.4447869,92.43193467,2.020645606,0.572671257,120
12000000.1,400,0.308,0.692,222.2862888,77.54015153,1.723788298,0.574982214,120
12000000.1,400,0.404,0.596,279.5259415,63.52697858,1.294632849,0.421544107,120
12000000.1,400,0.5,0.5,330.6224607,50.64195544,3.014445525,0.577661021,120
12000000.1,400,0.596,0.404,377.4298248,39.20967924,3.732352472,0.391118271,120
12000000.1,400,0.692,0.308,419.019408,28.70308992,3.026045557,0.356354432,120
12000000.1,400,0.788,0.212,459.836485,18.77461564,2.014314862,0.169518473,120
12000000.1,400,0.884,0.116,494.0783487,9.962488849,1.417461722,0.093070254,120
12000000.1,400,0.98,0.02,528.1099918,1.656768022,3.085162208,0.043371609,120
13500000.1,200,0.02,0.98,210.5372118,226.047156,9.058716152,1.81864586,135
13500000.1,200,0.116,0.884,471.5751965,141.9534317,28.52364598,10.45244274,135
13500000.1,200,0.212,0.788,599.983072,100.3844477,34.00712364,10.7823842,135
13500000.1,200,0.308,0.692,667.7889471,80.48201377,23.0501596,6.428070688,135
13500000.1,200,0.404,0.596,710.0932076,65.79090331,24.92901131,5.41827109,135
13500000.1,200,0.5,0.5,755.5339559,52.31268071,5.82858511,3.651638661,135
13500000.1,200,0.596,0.404,773.8378788,45.33538456,34.39265962,6.699072785,135
13500000.1,200,0.692,0.308,801.0806329,36.62029543,19.42341768,5.74360821,135
13500000.1,200,0.788,0.212,830.8912244,29.40184726,8.713314888,1.404748653,135
13500000.1,200,0.884,0.116,859.2143596,18.82036623,22.60831081,3.595968459,135
13500000.1,200,0.98,0.02,905.3123201,4.42978408,21.17428907,0.778534879,135
13500000.1,220,0.02,0.98,161.0868145,230.5562079,4.455587501,2.204076726,135
13500000.1,220,0.116,0.884,434.352419,143.9393719,10.93607922,3.688406376,135
13500000.1,220,0.212,0.788,544.2216011,109.1598083,24.08545401,6.978578368,135
13500000.1,220,0.308,0.692,620.9185713,85.06811236,21.30390021,6.990653664,135
13500000.1,220,0.404,0.596,667.6531948,69.57146003,18.19492797,5.236948227,135
13500000.1,220,0.5,0.5,713.7665217,55.9456089,15.94657121,5.311955836,135
13500000.1,220,0.596,0.404,747.6983283,45.39986636,12.10593492,4.85877328,135
13500000.1,220,0.692,0.308,768.4149691,38.13643012,14.4495062,3.208728967,135
13500000.1,220,0.788,0.212,798.0017011,29.10814838,9.582868202,2.096769349,135
13500000.1,220,0.884,0.116,826.6381669,18.94223518,16.48449667,1.949261285,135
13500000.1,220,0.98,0.02,867.8202203,4.38579058,3.409053378,0.607292302,135
13500000.1,240,0.02,0.98,131.4339794,227.8555309,1.132410142,1.087629281,135
13500000.1,240,0.116,0.884,401.2296709,143.1771936,7.028469381,2.286647478,135
13500000.1,240,0.212,0.788,519.9009317,105.691549,10.2972688,2.296220666,135
13500000.1,240,0.308,0.692,582.7309795,86.23796815,18.9658706,6.726532997,135
13500000.1,240,0.404,0.596,637.3468754,69.77753659,8.434463343,3.02635578,135
13500000.1,240,0.5,0.5,675.9207203,57.95823693,5.117702986,1.075119754,135
13500000.1,240,0.596,0.404,699.8590465,50.013349,8.619238986,2.504598017,135
13500000.1,240,0.692,0.308,743.4521811,38.30096648,3.625266395,0.387182206,135
13500000.1,240,0.788,0.212,769.933522,28.60495822,10.77181771,1.886487051,135
13500000.1,240,0.884,0.116,805.3683331,17.08459556,6.736177941,1.392407685,135
13500000.1,240,0.98,0.02,841.8822524,3.47084513,7.099460401,0.587225052,135
13500000.1,260,0.02,0.98,101.3453365,220.2748242,0.958680308,0.839983176,135
13500000.1,260,0.116,0.884,361.3905016,143.877907,3.799583428,1.213584733,135
13500000.1,260,0.212,0.788,490.1978145,103.7461876,6.39257075,1.086768084,135
13500000.1,260,0.308,0.692,561.2985703,82.69849714,11.62673167,3.241485418,135
13500000.1,260,0.404,0.596,611.1755008,67.17641676,13.82689217,2.913262876,135
13500000.1,260,0.5,0.5,647.8206262,56.21610096,4.758576763,1.143413752,135
13500000.1,260,0.596,0.404,677.8328913,47.0580268,5.812737133,1.140247389,135
13500000.1,260,0.692,0.308,708.1267538,37.70080496,14.62636131,3.354894689,135
13500000.1,260,0.788,0.212,742.4785469,26.96015829,11.84127864,2.475690961,135
13500000.1,260,0.884,0.116,775.8887117,16.1395807,12.73569499,1.258166742,135
13500000.1,260,0.98,0.02,818.7502569,3.068372569,6.956754428,0.220919791,135
13500000.1,280,0.02,0.98,75.73588381,211.0954661,2.145722919,1.950213236,135
13500000.1,280,0.116,0.884,310.9696526,144.1283086,6.213518866,2.08983404,135
13500000.1,280,0.212,0.788,440.6485808,105.8949071,9.201837098,2.571811679,135
13500000.1,280,0.308,0.692,524.3180194,81.8589407,7.806417875,2.197520275,135
13500000.1,280,0.404,0.596,582.7366169,64.40834044,8.012372196,0.940443589,135
13500000.1,280,0.5,0.5,618.8920156,53.59697927,6.356548853,1.563244858,135
13500000.1,280,0.596,0.404,654.3396473,43.17844326,6.076203098,1.737766651,135
13500000.1,280,0.692,0.308,684.8109061,34.48573214,9.509479074,1.609716044,135
13500000.1,280,0.788,0.212,711.5931207,25.30299244,3.357533352,0.655226412,135
13500000.1,280,0.884,0.116,747.0296594,14.67881085,6.973945591,0.578653572,135
13500000.1,280,0.98,0.02,783.6501439,2.717021316,5.960618282,0.217759439,135
13500000.1,300,0.02,0.98,57.81130365,198.7710866,1.286370728,1.13604937,135
13500000.1,300,0.116,0.884,257.3232992,144.0150261,5.016799618,1.545312706,135
13500000.1,300,0.212,0.788,382.3078158,109.083491,5.918421368,1.978060951,135
13500000.1,300,0.308,0.692,472.8793462,84.18701572,7.65270042,2.63401129,135
13500000.1,300,0.404,0.596,535.3842432,66.02449653,8.279976425,1.568216691,135
13500000.1,300,0.5,0.5,587.6659811,51.48320266,4.803919981,0.823578627,135
13500000.1,300,0.596,0.404,627.474872,39.84193247,1.274585839,0.85263806,135
13500000.1,300,0.692,0.308,658.9936878,30.7782106,4.244527629,0.950347409,135
13500000.1,300,0.788,0.212,685.5782296,22.67127276,4.899141192,0.964317334,135
13500000.1,300,0.884,0.116,714.9881108,13.48876513,2.668587067,0.252966841,135
13500000.1,300,0.98,0.02,751.474025,2.425245285,8.468873763,0.20417829,135
13500000.1,320,0.02,0.98,44.04967346,185.0832733,0.295149683,0.5373033,135
13500000.1,320,0.116,0.884,209.7240617,141.8213517,4.070060056,2.193977698,135
13500000.1,320,0.212,0.788,329.2995802,109.7125947,4.573587258,1.683589601,135
13500000.1,320,0.308,0.692,418.6325184,85.44131118,2.66502201,0.788492518,135
13500000.1,320,0.404,0.596,485.9039313,66.84489076,3.322414741,1.307810157,135
13500000.1,320,0.5,0.5,541.2965159,51.72631068,4.777637289,0.91873934,135
13500000.1,320,0.596,0.404,584.90629,39.56636806,3.403718266,1.014763347,135
13500000.1,320,0.692,0.308,623.4806805,29.13712376,2.362484383,0.851345579,135
13500000.1,320,0.788,0.212,656.1827146,19.8395766,5.947980208,0.848994405,135
13500000.1,320,0.884,0.116,686.320912,11.22116045,5.057512674,0.338490674,135
13500000.1,320,0.98,0.02,717.2208864,2.049062736,2.094788623,0.133722909,135
13500000.1,340,0.02,0.98,34.10447475,171.1637564,0.630584369,1.255064804,135
13500000.1,340,0.116,0.884,171.3579825,136.7008332,1.210845967,1.346490016,135
13500000.1,340,0.212,0.788,278.4998431,108.8338519,3.515286768,0.717240939,135
13500000.1,340,0.308,0.692,362.7890324,86.68927449,4.2343938,1.438938118,135
13500000.1,340,0.404,0.596,429.8171277,68.79174403,2.770265126,0.798152034,135
13500000.1,340,0.5,0.5,489.1636237,53.1171617,3.668612399,0.901370613,135
13500000.1,340,0.596,0.404,537.6533891,40.13105629,1.665051366,0.322440352,135
13500000.1,340,0.692,0.308,578.2953429,29.08185837,3.090549858,1.085416454,135
13500000.1,340,0.788,0.212,613.5083858,19.207025,2.352161402,0.351809016,135
13500000.1,340,0.884,0.116,646.5684861,10.36857504,2.419318041,0.268077555,135
13500000.1,340,0.98,0.02,677.6544038,1.772072764,3.665478087,0.065891357,135
13500000.1,360,0.02,0.98,26.82749564,157.5958892,0.599216126,0.797906325,135
13500000.1,360,0.116,0.884,140.5913963,129.8771662,0.40844564,0.768577756,135
13500000.1,360,0.212,0.788,232.4534376,106.3388204,3.130577171,0.650528737,135
13500000.1,360,0.308,0.692,312.9512,86.23707303,4.685211246,0.975731002,135
13500000.1,360,0.404,0.596,379.722066,68.618588,4.609099685,1.123534769,135
13500000.1,360,0.5,0.5,436.3280563,53.99497623,2.564758632,0.928710992,135
13500000.1,360,0.596,0.404,485.3722877,41.13435342,2.792453004,0.429865134,135
13500000.1,360,0.692,0.308,528.7384714,29.50770352,3.897119721,0.766387857,135
13500000.1,360,0.788,0.212,567.1954766,19.30001804,1.939099951,0.148868035,135
13500000.1,360,0.884,0.116,603.3196876,10.17048826,3.040167653,0.128924421,135
13500000.1,360,0.98,0.02,632.646008,1.714950835,2.815696399,0.076789723,135
13500000.1,380,0.02,0.98,21.53979269,145.1737426,0.184204589,0.342957772,135
13500000.1,380,0.116,0.884,115.0415001,121.9111933,1.645263488,0.955598979,135
13500000.1,380,0.212,0.788,196.5930024,101.7211274,2.437307373,1.216044645,135
13500000.1,380,0.308,0.692,267.7717726,83.52310175,2.238566695,0.639044739,135
13500000.1,380,0.404,0.596,331.4781641,67.81354342,1.170553032,0.560571098,135
13500000.1,380,0.5,0.5,385.192439,53.92644981,2.709737822,0.510773084,135
13500000.1,380,0.596,0.404,434.9523479,41.04948276,2.670867462,0.740108059,135
13500000.1,380,0.692,0.308,478.7427008,29.81171286,3.813724746,0.401417921,135
13500000.1,380,0.788,0.212,518.19198,19.66751461,3.45110113,0.261508464,135
13500000.1,380,0.884,0.116,552.866378,10.4100821,2.079943231,0.173532628,135
13500000.1,380,0.98,0.02,586.8325545,1.738025044,2.345567565,0.047549196,135
13500000.1,400,0.02,0.98,17.62934386,132.7070722,0.222497365,0.947545599,135
13500000.1,400,0.116,0.884,95.79658539,113.8581284,1.67983081,1.241209286,135
13500000.1,400,0.212,0.788,167.3433326,96.19826893,1.172500211,0.270180338,135
13500000.1,400,0.308,0.692,229.8495025,80.213975,2.897711228,0.568323236,135
13500000.1,400,0.404,0.596,286.7444553,66.0943159,3.280494679,0.522661115,135
13500000.1,400,0.5,0.5,339.7352331,52.74621726,1.01555584,0.387668284,135
13500000.1,400,0.596,0.404,387.5884266,40.46115673,1.812906808,0.575166884,135
13500000.1,400,0.692,0.308,429.5485326,29.55610631,1.967553152,0.332180355,135
13500000.1,400,0.788,0.212,470.1574803,19.62468145,3.522506054,0.326833254,135
13500000.1,400,0.884,0.116,506.6397574,10.42490131,1.692426948,0.054432329,135
13500000.1,400,0.98,0.02,539.6698521,1.734809242,3.933433968,0.033012799,135
15000000.1,200,0.02,0.98,198.9044289,229.6987823,8.49718333,2.12613507,150
15000000.1,200,0.116,0.884,464.2402976,143.7388981,16.36080397,5.456789536,150
15000000.1,200,0.212,0.788,582.0091191,106.0594766,43.72580012,14.87807149,150
15000000.1,200,0.308,0.692,672.3483338,77.61680034,33.88518092,9.658711797,150
15000000.1,200,0.404,0.596,712.5683006,65.05007532,13.59223302,4.083709066,150
15000000.1,200,0.5,0.5,740.2796867,54.58320281,10.69314806,2.616119587,150
15000000.1,200,0.596,0.404,770.194752,47.66965911,11.0382677,1.719232434,150
15000000.1,200,0.692,0.308,799.6655536,36.91734272,21.05722022,4.620171008,150
15000000.1,200,0.788,0.212,828.3789426,29.6336834,19.72310317,3.63904509,150
15000000.1,200,0.884,0.116,862.454503,18.29711874,20.44365388,3.97421263,150
15000000.1,200,0.98,0.02,889.366,4.72,10.99,0.6,150
15000000.1,220,0.02,0.98,154.196634,234.037463,10.03556624,2.211134528,150
15000000.1,220,0.116,0.884,424.254283,147.9370118,12.37842448,4.074355239,150
15000000.1,220,0.212,0.788,542.1453998,109.5066176,14.39020045,4.236075079,150
15000000.1,220,0.308,0.692,624.7379124,83.58652268,19.63921066,5.946071874,150
15000000.1,220,0.404,0.596,666.728115,70.45965133,42.01484005,10.84180789,150
15000000.1,220,0.5,0.5,707.5285525,58.60298869,20.06232449,6.697230748,150
15000000.1,220,0.596,0.404,734.3745061,48.32084247,8.184929541,1.88995671,150
15000000.1,220,0.692,0.308,767.0631742,38.27321775,11.49305318,2.437218468,150
15000000.1,220,0.788,0.212,798.3264883,29.06640926,12.94785444,3.119774474,150
15000000.1,220,0.884,0.116,828.6788162,18.67253878,8.802331138,1.874025217,150
15000000.1,220,0.98,0.02,875.9519935,3.683386448,9.294803541,0.543944411,150
15000000.1,240,0.02,0.98,124.8659492,230.917737,4.548376262,2.56292355,150
15000000.1,240,0.116,0.884,394.7449289,146.8532865,12.28019711,3.329472445,150
15000000.1,240,0.212,0.788,500.2324843,113.3123703,9.848252206,2.527910849,150
15000000.1,240,0.308,0.692,577.8648998,87.74249943,17.41494088,5.061191928,150
15000000.1,240,0.404,0.596,635.8884245,70.81547818,11.5682826,3.313941752,150
15000000.1,240,0.5,0.5,669.8518732,60.2047897,4.076969063,1.55827173,150
15000000.1,240,0.596,0.404,701.4706165,50.13157117,19.70229939,3.262881738,150
15000000.1,240,0.692,0.308,739.4514429,38.50823653,10.3847358,2.090814203,150
15000000.1,240,0.788,0.212,766.8521352,29.34714548,5.169931074,1.324464069,150
15000000.1,240,0.884,0.116,804.4789872,17.22018969,12.12150295,0.935740985,150
15000000.1,240,0.98,0.02,846.2045045,3.409711736,8.428132638,0.48638452,150
15000000.1,260,0.02,0.98,97.99508196,223.914383,3.329368776,2.093551231,150
15000000.1,260,0.116,0.884,348.3291825,148.3143547,6.327746951,1.139472605,150
15000000.1,260,0.212,0.788,479.5611246,108.5648517,4.005239297,2.148261529,150
15000000.1,260,0.308,0.692,552.157429,85.68571214,12.90278437,3.222529244,150
15000000.1,260,0.404,0.596,603.6102867,70.04789604,6.742299856,2.240729285,150
15000000.1,260,0.5,0.5,643.2215958,58.39008269,10.49280922,2.435639444,150
15000000.1,260,0.596,0.404,675.2954231,48.51428789,4.220223875,1.111617589,150
15000000.1,260,0.692,0.308,707.3467917,38.28740706,9.415141808,1.813950578,150
15000000.1,260,0.788,0.212,742.3604342,27.42900236,5.812974062,1.954530008,150
15000000.1,260,0.884,0.116,778.2163231,16.46948222,10.52879584,1.318298707,150
15000000.1,260,0.98,0.02,815.7978939,3.258734797,7.116785218,0.391345848,150
15000000.1,280,0.02,0.98,74.66268578,213.874748,0.570360978,1.879710162,150
15000000.1,280,0.116,0.884,301.1585695,148.5469534,2.762918366,1.494311938,150
15000000.1,280,0.212,0.788,429.7383859,110.7575978,2.986315716,0.885466472,150
15000000.1,280,0.308,0.692,513.2778005,86.00347981,2.266239556,1.598939955,150
15000000.1,280,0.404,0.596,572.0567372,68.64162906,10.33758456,3.149242868,150
15000000.1,280,0.5,0.5,612.0116551,56.8012112,6.04948157,1.315601805,150
15000000.1,280,0.596,0.404,650.3500929,45.17111343,4.735666944,0.917825409,150
15000000.1,280,0.692,0.308,676.588298,36.64317072,4.619403019,0.798587614,150
15000000.1,280,0.788,0.212,710.7536931,26.62104035,9.633536928,0.944372484,150
15000000.1,280,0.884,0.116,747.8424458,14.99044529,8.622674898,0.567701076,150
15000000.1,280,0.98,0.02,783.9827507,2.85440569,3.674045761,0.191528328,150
15000000.1,300,0.02,0.98,57.24001642,202.2373235,1.318786414,1.18571275,150
15000000.1,300,0.116,0.884,253.3389277,147.6672823,4.538478991,1.540366107,150
15000000.1,300,0.212,0.788,378.0876735,112.4658187,3.322688205,1.804679249,150
15000000.1,300,0.308,0.692,470.484177,86.28680193,6.643426495,1.884073282,150
15000000.1,300,0.404,0.596,532.2528472,68.23047052,5.255760138,1.113532444,150
15000000.1,300,0.5,0.5,582.0229398,54.42463393,3.743893382,0.867595644,150
15000000.1,300,0.596,0.404,621.946852,42.42282921,4.143213556,1.089520245,150
15000000.1,300,0.692,0.308,654.0203156,32.8823398,3.336498268,0.482642402,150
15000000.1,300,0.788,0.212,684.6311457,23.84073072,6.260831326,1.126646011,150
15000000.1,300,0.884,0.116,719.1272382,13.65396453,6.75324697,0.410117443,150
15000000.1,300,0.98,0.02,753.3839228,2.534217881,3.369190417,0.088518658,150
15000000.1,320,0.02,0.98,44.10368343,189.3842595,1.128889299,1.699542184,150
15000000.1,320,0.116,0.884,209.9128238,145.003272,2.807465904,1.271809617,150
15000000.1,320,0.212,0.788,327.1040842,113.3388592,4.844586568,1.08937509,150
15000000.1,320,0.308,0.692,417.2579011,88.29843538,3.880626716,0.790242337,150
15000000.1,320,0.404,0.596,487.1878045,69.21162171,4.411958227,1.335736844,150
15000000.1,320,0.5,0.5,537.9682654,54.86632602,5.597829818,1.210668718,150
15000000.1,320,0.596,0.404,582.0220305,41.81172734,2.993442843,0.803830681,150
15000000.1,320,0.692,0.308,621.0271368,30.95919064,6.348204709,1.034475662,150
15000000.1,320,0.788,0.212,653.7888183,21.42158551,4.891841063,0.849257212,150
15000000.1,320,0.884,0.116,685.1859754,12.20251056,4.794572379,0.313564671,150
15000000.1,320,0.98,0.02,719.1429683,2.223710631,3.18938343,0.084756098,150
15000000.1,340,0.02,0.98,34.41962381,175.4127925,0.581989601,0.628164508,150
15000000.1,340,0.116,0.884,172.2010471,140.159213,1.211514861,0.644790347,150
15000000.1,340,0.212,0.788,277.3107146,112.6456715,3.851008673,1.824004661,150
15000000.1,340,0.308,0.692,363.2229307,89.60991907,2.827120233,0.833496199,150
15000000.1,340,0.404,0.596,433.0892769,70.66307568,4.641874449,0.813194913,150
15000000.1,340,0.5,0.5,491.6464454,54.62232288,3.691344734,0.327662868,150
15000000.1,340,0.596,0.404,538.1657564,41.85363222,3.592283875,0.696969256,150
15000000.1,340,0.692,0.308,579.2978915,30.60163985,3.254103243,0.873675574,150
15000000.1,340,0.788,0.212,615.8808236,20.4548557,3.713709787,0.420790235,150
15000000.1,340,0.884,0.116,649.7185218,11.08075919,1.736890968,0.427006361,150
15000000.1,340,0.98,0.02,682.2143361,1.963694791,1.400044694,0.06720862,150
15000000.1,360,0.02,0.98,27.45215636,162.5591649,0.41054841,0.738823442,150
15000000.1,360,0.116,0.884,141.5168398,133.520869,1.888767381,0.956806283,150
15000000.1,360,0.212,0.788,237.3092426,109.1865956,3.089514477,1.049113987,150
15000000.1,360,0.308,0.692,316.4855795,88.71347278,4.724206759,0.897406685,150
15000000.1,360,0.404,0.596,381.8156341,70.95236527,2.633019524,0.73010612,150
15000000.1,360,0.5,0.5,439.203496,55.7651593,2.955978845,1.00130812,150
15000000.1,360,0.596,0.404,488.4507649,42.60480383,2.915166531,0.392482236,150
15000000.1,360,0.692,0.308,533.1487398,30.77549208,3.340020085,0.166520014,150
15000000.1,360,0.788,0.212,571.8733397,20.41361387,3.678097123,0.212966955,150
15000000.1,360,0.884,0.116,607.1840371,10.79296147,2.870018461,0.160355448,150
15000000.1,360,0.98,0.02,638.6576627,1.825415297,2.303795216,0.039284586,150
15000000.1,380,0.02,0.98,22.19027635,150.2020306,0.198553951,0.78030869,150
15000000.1,380,0.116,0.884,118.1200681,126.1361274,1.538991964,0.626209298,150
15000000.1,380,0.212,0.788,201.3739755,104.8855762,1.488408643,0.724155005,150
15000000.1,380,0.308,0.692,273.0247419,86.57937362,4.148410241,0.450321632,150
15000000.1,380,0.404,0.596,335.7403141,70.50629704,2.682571867,0.908198901,150
15000000.1,380,0.5,0.5,392.1730907,55.3564872,2.374022892,0.452492721,150
15000000.1,380,0.596,0.404,441.2025012,42.508164,1.743832298,0.369183374,150
15000000.1,380,0.692,0.308,485.8680156,30.92408204,2.665405853,0.541883032,150
15000000.1,380,0.788,0.212,526.2302814,20.38788745,2.164089231,0.168002696,150
15000000.1,380,0.884,0.116,561.7946618,10.75785287,3.218973073,0.158003913,150
15000000.1,380,0.98,0.02,594.9160461,1.804131328,2.279174336,0.019554302,150
15000000.1,400,0.02,0.98,18.25318624,138.4022247,0.395398789,0.467918128,150
15000000.1,400,0.116,0.884,99.23594729,117.9546625,0.785703135,0.574249976,150
15000000.1,400,0.212,0.788,171.6118475,99.8379934,1.527238655,0.831307865,150
15000000.1,400,0.308,0.692,236.1729421,83.43561204,2.566661084,0.615128435,150
15000000.1,400,0.404,0.596,294.4717902,68.09974982,1.960809268,0.366301994,150
15000000.1,400,0.5,0.5,347.0043017,54.53121954,2.525248026,0.480591137,150
15000000.1,400,0.596,0.404,395.9756105,42.15336488,1.712612095,0.305320073,150
15000000.1,400,0.692,0.308,439.1007497,30.81776165,1.161008285,0.172619905,150
15000000.1,400,0.788,0.212,478.6373177,20.57450343,2.031151326,0.289051204,150
15000000.1,400,0.884,0.116,515.771897,10.79621043,2.597238021,0.135876099,150
15000000.1,400,0.98,0.02,549.6560584,1.802142172,2.498414839,0.034058807,150
16500000,200,0.02,0.98,199.2250336,230.6482064,9.232110947,1.929515162,165
16500000,200,0.116,0.884,451.7868178,149.3120822,15.67420103,7.675109135,165
16500000,200,0.212,0.788,578.8550825,108.680919,18.64899021,6.968597483,165
16500000,200,0.308,0.692,658.5195094,82.63070007,39.23724672,14.62955606,165
16500000,200,0.404,0.596,726.8032,61.49697858,28.75785569,8.286593014,165
16500000,200,0.5,0.5,756.3391954,51.37200884,40.79412646,9.559811045,165
16500000,200,0.596,0.404,778.2746065,45.4532089,30.24780082,10.08589286,165
16500000,200,0.692,0.308,796.1095338,39.86573603,8.591925892,3.072486363,165
16500000,200,0.788,0.212,823.6313394,29.25919163,7.599990307,2.072326827,165
16500000,200,0.884,0.116,858.4367616,18.8156254,7.272655229,2.871607926,165
16500000,200,0.98,0.02,900.6840116,4.672991552,6.320187654,1.023219477,165
16500000,220,0.02,0.98,153.1943582,235.7323565,7.250462426,3.367521859,165
16500000,220,0.116,0.884,416.74417,150.8541422,12.14562646,2.731638732,165
16500000,220,0.212,0.788,528.0348871,115.0141596,13.07473895,3.946851361,165
16500000,220,0.308,0.692,609.160129,90.28958052,27.51556725,8.407527037,165
16500000,220,0.404,0.596,664.3741352,71.17249853,19.75757965,7.156736091,165
16500000,220,0.5,0.5,701.8534145,60.08394848,14.44066289,3.448388598,165
16500000,220,0.596,0.404,733.2546631,48.96145016,15.94081902,3.725233169,165
16500000,220,0.692,0.308,765.4055956,39.14005878,14.61559868,2.293351325,165
16500000,220,0.788,0.212,808.6267525,27.17379364,8.547552676,3.259377765,165
16500000,220,0.884,0.116,834.8083108,17.71754499,10.07899093,1.91891875,165
16500000,220,0.98,0.02,872.8922471,4.290045871,6.670169941,0.354990484,165
16500000,240,0.02,0.98,119.3711172,233.4847429,3.518036417,1.176171237,165
16500000,240,0.116,0.884,383.5449532,151.7603686,5.377011685,2.890694452,165
16500000,240,0.212,0.788,501.1566548,113.3187024,11.74923449,3.763498066,165
16500000,240,0.308,0.692,573.9433581,90.31175961,14.26908803,4.30895167,165
16500000,240,0.404,0.596,622.8640212,75.18979796,14.22991435,4.625041542,165
16500000,240,0.5,0.5,669.3653289,61.51355488,8.062961479,2.053056234,165
16500000,240,0.596,0.404,706.9071651,48.94099501,14.55754777,3.707473443,165
16500000,240,0.692,0.308,737.103737,39.76538311,9.644389677,1.453357477,165
16500000,240,0.788,0.212,771.4156136,28.58619385,6.413525686,1.96090765,165
16500000,240,0.884,0.116,805.6705707,17.60051632,10.83042707,1.328771277,165
16500000,240,0.98,0.02,846.9977418,3.495444359,8.475394612,0.651014927,165
16500000,260,0.02,0.98,93.03998584,227.3176631,1.156087631,1.238787953,165
16500000,260,0.116,0.884,342.9001807,151.4840748,10.14475011,3.906058046,165
16500000,260,0.212,0.788,462.5238899,114.1659834,4.640710009,0.889009657,165
16500000,260,0.308,0.692,541.8883524,89.75247525,6.358570026,2.153514783,165
16500000,260,0.404,0.596,597.1395473,73.16195289,9.500383971,3.187939002,165
16500000,260,0.5,0.5,633.5572671,61.53294916,9.213993156,2.457006076,165
16500000,260,0.596,0.404,671.2683164,49.34018546,6.407975493,1.898952868,165
16500000,260,0.692,0.308,712.1485868,38.20379621,16.56056233,2.680915681,165
16500000,260,0.788,0.212,742.6065706,27.89691815,9.447520038,2.14894222,165
16500000,260,0.884,0.116,778.1896818,16.5852511,5.852325621,1.187971926,165
16500000,260,0.98,0.02,816.9079169,3.159376455,4.453835707,0.139028834,165
16500000,280,0.02,0.98,72.07666316,217.4425645,1.83215662,2.006810738,165
16500000,280,0.116,0.884,296.2300237,152.1650955,4.493570417,1.348257164,165
16500000,280,0.212,0.788,423.7485533,114.0365557,5.043450329,1.736176293,165
16500000,280,0.308,0.692,506.1743988,89.23250988,3.013200607,1.187035257,165
16500000,280,0.404,0.596,570.2180343,70.68847057,6.156868171,2.687189779,165
16500000,280,0.5,0.5,607.9119896,58.65099366,7.4616285,2.281869256,165
16500000,280,0.596,0.404,645.4559171,47.37334117,8.111731829,2.23188618,165
16500000,280,0.692,0.308,681.5598517,37.09666514,4.610190306,1.044193234,165
16500000,280,0.788,0.212,713.5926715,26.48670601,5.200587325,0.875901841,165
16500000,280,0.884,0.116,748.796349,15.31822504,4.760991487,0.61834377,165
16500000,280,0.98,0.02,786.9170194,2.882220721,5.737506395,0.268561073,165
16500000,300,0.02,0.98,56.02670163,205.686951,1.311517828,0.581711376,165
16500000,300,0.116,0.884,249.4684862,151.2141795,4.934061287,1.15311032,165
16500000,300,0.212,0.788,373.2136832,115.496331,8.288405673,2.64061204,165
16500000,300,0.308,0.692,463.4002335,89.71872591,6.08103846,2.044454432,165
16500000,300,0.404,0.596,526.4917842,71.80286206,3.28690253,1.053776741,165
16500000,300,0.5,0.5,577.8437141,56.48559845,5.073355235,1.464661889,165
16500000,300,0.596,0.404,617.9910312,44.60420397,4.815664517,1.240298449,165
16500000,300,0.692,0.308,651.9582988,34.56536468,3.333119188,0.886149245,165
16500000,300,0.788,0.212,683.9847537,24.71135114,6.776265349,0.479053466,165
16500000,300,0.884,0.116,718.2228895,14.11438784,3.94122707,0.25375945,165
16500000,300,0.98,0.02,754.8168236,2.595782259,2.815458731,0.133107849,165
16500000,320,0.02,0.98,43.79408084,192.7525636,1.07486567,1.367191549,165
16500000,320,0.116,0.884,207.3376214,148.8235455,1.569885147,0.987390429,165
16500000,320,0.212,0.788,326.3675847,115.8869349,4.387028194,1.61586142,165
16500000,320,0.308,0.692,411.685873,91.8304139,1.364707738,1.255700667,165
16500000,320,0.404,0.596,481.5075746,71.97253707,6.361389902,1.400996681,165
16500000,320,0.5,0.5,536.950714,56.41445297,5.004591671,0.996554621,165
16500000,320,0.596,0.404,580.6996047,43.68561173,4.06509945,1.079791598,165
16500000,320,0.692,0.308,619.1559734,32.53088909,4.855872945,1.412738681,165
16500000,320,0.788,0.212,653.9166601,22.55822239,3.364486475,0.49458192,165
16500000,320,0.884,0.116,688.1828011,12.69860606,6.26057297,0.4156061,165
16500000,320,0.98,0.02,722.2497234,2.286170129,3.848385943,0.077194004,165
16500000,340,0.02,0.98,34.49281913,179.8779504,0.439747582,0.796044846,165
16500000,340,0.116,0.884,172.0101937,143.6748473,1.616722448,1.185768747,165
16500000,340,0.212,0.788,279.7604393,114.9103588,2.359363498,1.305078077,165
16500000,340,0.308,0.692,365.5844573,91.98321424,3.011146814,0.534878624,165
16500000,340,0.404,0.596,431.1700137,73.12820354,3.681426927,0.888352734,165
16500000,340,0.5,0.5,488.7433643,57.54018265,3.650286637,0.959206443,165
16500000,340,0.596,0.404,538.6184763,43.64267912,3.036371705,0.616405517,165
16500000,340,0.692,0.308,578.9369158,32.16359144,3.690654787,0.687944888,165
16500000,340,0.788,0.212,617.7503504,21.459711,4.603678493,0.535974028,165
16500000,340,0.884,0.116,650.9041952,11.73578826,3.138276022,0.255469692,165
16500000,340,0.98,0.02,684.2937198,2.066733071,3.67637993,0.074614122,165
16500000,360,0.02,0.98,27.98689139,167.1086299,0.522711743,0.839415746,165
16500000,360,0.116,0.884,144.6656027,137.0045774,2.264139981,1.187659087,165
16500000,360,0.212,0.788,239.5008288,111.6819917,2.317192452,1.348248044,165
16500000,360,0.308,0.692,319.0896963,90.77420523,3.938455621,1.016156282,165
16500000,360,0.404,0.596,384.7780898,73.45399414,4.645268467,1.221765984,165
16500000,360,0.5,0.5,442.4751906,57.5727385,3.378561379,0.776592375,165
16500000,360,0.596,0.404,492.6525402,43.94088675,1.957636913,0.542413153,165
16500000,360,0.692,0.308,536.06155,31.92645089,3.62502248,0.787213938,165
16500000,360,0.788,0.212,574.9054447,21.24126852,3.298965067,0.434077288,165
16500000,360,0.884,0.116,610.8513501,11.35101919,3.052719764,0.269806734,165
16500000,360,0.98,0.02,644.1836824,1.953649553,3.753146208,0.096168235,165
16500000,380,0.02,0.98,22.73119434,154.5047408,0.373088506,0.797115705,165
16500000,380,0.116,0.884,120.0867947,129.6016018,1.946271339,0.412544824,165
16500000,380,0.212,0.788,204.3390681,107.915326,2.755721364,0.552795297,165
16500000,380,0.308,0.692,277.7525234,88.80414514,3.401451422,0.804456304,165
16500000,380,0.404,0.596,340.9080859,71.97913444,3.6025102,0.946210729,165
16500000,380,0.5,0.5,397.0440804,57.05237529,2.433446584,0.829689884,165
16500000,380,0.596,0.404,446.9152826,43.70825496,2.667736866,0.352323046,165
16500000,380,0.692,0.308,491.19809,31.92691503,1.27423041,0.372042451,165
16500000,380,0.788,0.212,531.5336236,21.20824853,3.134933037,0.442651417,165
16500000,380,0.884,0.116,567.5276288,11.12587988,2.013453168,0.112946465,165
16500000,380,0.98,0.02,603.2241246,1.885520961,2.322748136,0.053024845,165
16500000,400,0.02,0.98,18.71263466,143.0256862,0.199408867,0.951062646,165
16500000,400,0.116,0.884,101.5975649,122.0788791,1.073338896,0.793765119,165
16500000,400,0.212,0.788,175.80844,102.9374963,2.570792629,0.751578577,165
16500000,400,0.308,0.692,241.7963433,85.65686938,0.345067876,0.526308522,165
16500000,400,0.404,0.596,301.1995771,70.0881433,1.012599787,0.703911738,165
16500000,400,0.5,0.5,352.8993894,56.30485047,2.833801784,0.669376602,165
16500000,400,0.596,0.404,401.936074,43.62106362,1.926405791,0.399960164,165
16500000,400,0.692,0.308,446.1976047,31.93261728,1.769265689,0.200509423,165
16500000,400,0.788,0.212,486.3603791,21.11445983,1.06752679,0.208000965,165
16500000,400,0.884,0.116,523.6070701,11.20829724,3.07541252,0.264386577,165
16500000,400,0.98,0.02,558.8246593,1.860092917,3.249979413,0.056374863,165
18000000,200,0.02,0.98,196.0220789,232.6082876,18.00622317,6.420484852,180
18000000,200,0.116,0.884,451.2790878,150.3692855,21.94260611,7.638197238,180
18000000,200,0.212,0.788,576.1122128,108.7943672,27.44835519,9.102123813,180
18000000,200,0.308,0.692,663.7262884,80.59198095,19.60124182,7.206764775,180
18000000,200,0.404,0.596,703.7140305,67.75973675,27.70711505,7.391870703,180
18000000,200,0.5,0.5,745.7772465,55.99145895,22.88443169,4.206328462,180
18000000,200,0.596,0.404,783.6513259,44.56339312,7.394327889,1.785828875,180
18000000,200,0.692,0.308,803.8626007,36.43835396,43.11090623,8.072931441,180
18000000,200,0.788,0.212,832.2226519,28.99844643,15.30568408,3.438470415,180
18000000,200,0.884,0.116,858.2651845,20.03577369,19.23288101,1.56325833,180
18000000,200,0.98,0.02,900.8571344,4.284343624,8.052185685,0.977811332,180
18000000,220,0.02,0.98,149.9574882,236.855003,2.819163237,0.876577775,180
18000000,220,0.116,0.884,422.0608783,149.9433409,21.29511714,5.543401435,180
18000000,220,0.212,0.788,529.8190345,114.5390165,11.0836969,4.822522431,180
18000000,220,0.308,0.692,603.3546032,91.17402558,10.90721804,3.750885777,180
18000000,220,0.404,0.596,671.7965047,69.83329926,5.664904861,2.041961252,180
18000000,220,0.5,0.5,699.9459716,60.38573659,18.72146192,4.603916269,180
18000000,220,0.596,0.404,737.7985925,48.36785286,17.36644254,5.735563634,180
18000000,220,0.692,0.308,765.9731549,39.27482409,15.38230025,3.592822459,180
18000000,220,0.788,0.212,806.5877399,28.418508,12.84484892,1.972021738,180
18000000,220,0.884,0.116,828.2432813,18.96020389,7.452136341,2.602079039,180
18000000,220,0.98,0.02,877.4808211,3.97977069,14.26278676,0.617975644,180
18000000,240,0.02,0.98,115.0265882,236.8646504,4.465017899,1.313135945,180
18000000,240,0.116,0.884,376.1747751,153.6012661,10.66324764,3.880637656,180
18000000,240,0.212,0.788,490.3280203,116.9108529,11.46986699,3.374553659,180
18000000,240,0.308,0.692,567.8759658,92.717909,11.81351354,5.49148685,180
18000000,240,0.404,0.596,620.0700511,76.79783166,12.78923121,4.235266244,180
18000000,240,0.5,0.5,664.1542764,61.77628924,11.68271561,3.366639726,180
18000000,240,0.596,0.404,703.4364338,50.84647383,11.9473011,4.447750357,180
18000000,240,0.692,0.308,738.8192354,39.83142309,11.08700755,2.61996316,180
18000000,240,0.788,0.212,773.9862698,28.27558714,10.95291737,1.359344251,180
18000000,240,0.884,0.116,807.8152392,17.20590092,9.39530593,2.065857064,180
18000000,240,0.98,0.02,848.2217859,3.34038965,5.3156514,0.32608548,180
18000000,260,0.02,0.98,90.69937213,229.8884151,2.687959831,1.562997732,180
18000000,260,0.116,0.884,333.0070825,155.1325515,3.303338508,1.40834377,180
18000000,260,0.212,0.788,455.9383111,117.1475293,10.58729184,4.508919391,180
18000000,260,0.308,0.692,537.9469888,92.21916129,12.64789301,4.276274044,180
18000000,260,0.404,0.596,587.7550884,76.06008686,14.73535341,3.497661037,180
18000000,260,0.5,0.5,635.0381767,61.79538514,6.120995679,2.092425044,180
18000000,260,0.596,0.404,671.2855923,50.28951016,13.91321646,4.006493427,180
18000000,260,0.692,0.308,709.0298295,39.03566124,6.580461469,1.896685174,180
18000000,260,0.788,0.212,738.014996,28.68180595,6.306470274,1.855644211,180
18000000,260,0.884,0.116,778.3127045,16.71537505,6.417669305,1.5716103,180
18000000,260,0.98,0.02,816.8651818,3.239572594,6.603361184,0.085368196,180
18000000,280,0.02,0.98,71.59148272,219.5606841,1.263084016,1.594460553,180
18000000,280,0.116,0.884,289.9433183,155.4858588,2.719187959,0.997767486,180
18000000,280,0.212,0.788,415.3464575,117.810946,5.478319405,1.814640363,180
18000000,280,0.308,0.692,500.501443,91.98563438,6.137101693,1.999487044,180
18000000,280,0.404,0.596,561.7179204,73.80425136,4.737798369,1.942946827,180
18000000,280,0.5,0.5,605.4810865,60.59628875,9.861761674,1.820695535,180
18000000,280,0.596,0.404,642.6850422,48.55473407,7.876471216,2.210103007,180
18000000,280,0.692,0.308,679.2142371,38.09681277,5.200784803,1.912108686,180
18000000,280,0.788,0.212,710.5801156,27.4347046,3.008608326,0.896897953,180
18000000,280,0.884,0.116,749.006115,15.65870224,7.802808488,0.975643524,180
18000000,280,0.98,0.02,789.5314109,2.896211118,7.885504927,0.216234157,180
18000000,300,0.02,0.98,55.70009591,208.3509944,1.445655726,1.857024712,180
18000000,300,0.116,0.884,247.6374211,154.5021217,2.085015093,1.072217252,180
18000000,300,0.212,0.788,368.6382026,119.1656939,7.069501853,1.870336936,180
18000000,300,0.308,0.692,458.0433359,92.50308015,5.726653621,1.657812311,180
18000000,300,0.404,0.596,521.5019543,73.94687384,3.235798421,1.33732119,180
18000000,300,0.5,0.5,573.1857637,58.4047693,1.831958819,1.019069438,180
18000000,300,0.596,0.404,609.3235227,47.55213314,3.429047032,0.844033793,180
18000000,300,0.692,0.308,648.7501613,35.96142066,4.733548036,0.979881324,180
18000000,300,0.788,0.212,683.5461273,25.46563909,4.332155384,1.066384515,180
18000000,300,0.884,0.116,719.1370582,14.56718604,4.843482518,0.62736961,180
18000000,300,0.98,0.02,757.1047003,2.617596669,4.130835957,0.171392259,180
18000000,320,0.02,0.98,43.55521859,196.3061576,0.806976052,0.748928339,180
18000000,320,0.116,0.884,205.9467284,151.5576073,2.036854115,1.145789361,180
18000000,320,0.212,0.788,325.2467415,118.302367,3.224366343,0.792363487,180
18000000,320,0.308,0.692,412.1640521,93.35838408,8.099147073,1.775721988,180
18000000,320,0.404,0.596,476.7522426,74.98905897,2.07264424,1.134422777,180
18000000,320,0.5,0.5,531.6053641,58.8970854,4.826617286,0.89300792,180
18000000,320,0.596,0.404,580.1325001,45.36727736,6.318998851,1.294801456,180
18000000,320,0.692,0.308,616.1132301,34.32308548,4.484574853,0.626734564,180
18000000,320,0.788,0.212,655.0411403,23.46385196,4.25284549,0.599499209,180
18000000,320,0.884,0.116,688.4042965,13.26110622,2.975842127,0.620885819,180
18000000,320,0.98,0.02,724.0255966,2.430549701,2.460879468,0.085860088,180
18000000,340,0.02,0.98,34.74741156,182.9030257,0.393129809,0.75951509,180
18000000,340,0.116,0.884,172.4690966,146.9305652,1.720066262,1.057021192,180
18000000,340,0.212,0.788,279.4796602,117.7338331,5.258714292,1.362429829,180
18000000,340,0.308,0.692,363.6250049,94.09281362,3.641867992,1.615571404,180
18000000,340,0.404,0.596,433.932978,74.9173499,5.373213698,1.023142827,180
18000000,340,0.5,0.5,491.2911071,58.69475509,2.079365713,0.937665984,180
18000000,340,0.596,0.404,538.236224,45.10278592,2.168109394,0.553778193,180
18000000,340,0.692,0.308,580.940922,33.34491803,1.90109013,0.527931909,180
18000000,340,0.788,0.212,618.5396778,22.39020502,3.372685401,0.328641011,180
18000000,340,0.884,0.116,654.1016033,12.23340878,1.610272538,0.22578119,180
18000000,340,0.98,0.02,687.8904744,2.176037193,3.51373272,0.085076987,180
18000000,360,0.02,0.98,28.19665737,170.579475,0.330195085,1.378073678,180
18000000,360,0.116,0.884,145.591228,140.052329,1.87349751,0.868252803,180
18000000,360,0.212,0.788,241.0318386,114.3305861,1.998916939,1.222670998,180
18000000,360,0.308,0.692,321.7546426,92.94221949,1.695204842,0.968709222,180
18000000,360,0.404,0.596,387.2923719,74.90173502,3.826709561,0.787304506,180
18000000,360,0.5,0.5,445.0799439,59.1176828,4.489215065,0.618850316,180
18000000,360,0.596,0.404,494.3504898,45.47545429,1.456930769,0.290734835,180
18000000,360,0.692,0.308,538.0504624,32.91390108,4.998430068,0.653622082,180
18000000,360,0.788,0.212,580.3026224,21.78202058,4.318345303,0.317978446,180
18000000,360,0.884,0.116,614.733521,11.84714784,3.798841409,0.117570655,180
18000000,360,0.98,0.02,649.037578,2.007157849,1.849062649,0.052349036,180
18000000,380,0.02,0.98,23.13226835,158.5180619,0.240738733,0.750029272,180
18000000,380,0.116,0.884,121.9074033,132.9153699,1.040071499,0.779136412,180
18000000,380,0.212,0.788,206.8478947,110.8585806,3.569706176,1.051955356,180
18000000,380,0.308,0.692,280.3440925,91.42635002,2.697016215,1.356806292,180
18000000,380,0.404,0.596,344.8658161,73.71381107,3.177320157,0.849653802,180
18000000,380,0.5,0.5,401.0245421,58.55611091,1.074018175,0.546454655,180
18000000,380,0.596,0.404,449.5650442,45.42933903,2.961526003,0.676444691,180
18000000,380,0.692,0.308,495.9286901,32.91396738,2.515059514,0.361798172,180
18000000,380,0.788,0.212,534.9329781,21.91933864,2.72840274,0.308933778,180
18000000,380,0.884,0.116,574.4983696,11.59876856,3.226377335,0.266261819,180
18000000,380,0.98,0.02,609.0430164,1.965219811,1.551324995,0.023683675,180
18000000,400,0.02,0.98,19.08943146,147.0741491,0.233810704,0.513300948,180
18000000,400,0.116,0.884,103.2245014,125.3425205,1.448896796,0.269856623,180
18000000,400,0.212,0.788,178.1637837,106.0752904,1.465106551,0.561915446,180
18000000,400,0.308,0.692,245.9705681,88.28779339,2.193577077,0.292840996,180
18000000,400,0.404,0.596,305.6039352,72.34702884,2.529433238,0.960499799,180
18000000,400,0.5,0.5,358.8286653,57.9310518,2.410961675,0.350010786,180
18000000,400,0.596,0.404,408.9086333,44.66245309,4.24778916,0.5384256,180
18000000,400,0.692,0.308,452.0966932,32.91728264,1.125316475,0.24726138,180
18000000,400,0.788,0.212,493.028064,21.70712885,2.392724109,0.238510725,180
18000000,400,0.884,0.116,529.8591328,11.59919955,2.208090338,0.282727781,180
18000000,400,0.98,0.02,566.7020219,1.938797189,0.77331574,0.033673904,180
19500000,200,0.02,0.98,193.0796269,233.0367518,7.020600936,2.017664108,195
19500000,200,0.116,0.884,443.1490422,153.1306318,19.88624024,7.320780636,195
19500000,200,0.212,0.788,579.4340985,107.7836107,16.30140038,4.429220522,195
19500000,200,0.308,0.692,663.0213401,81.00489658,47.15343932,12.23570545,195
19500000,200,0.404,0.596,702.2175726,68.75332017,28.16252454,7.740498644,195
19500000,200,0.5,0.5,752.8239104,54.49342557,24.51314564,7.146639231,195
19500000,200,0.596,0.404,770.2245757,48.45232569,11.11460584,4.494485419,195
19500000,200,0.692,0.308,810.9594557,34.80290306,26.93928448,4.673605399,195
19500000,200,0.788,0.212,827.1474427,30.36493029,13.50239465,2.43075798,195
19500000,200,0.884,0.116,851.4867519,20.25109982,14.92942586,3.096973088,195
19500000,200,0.98,0.02,900.7990328,4.546017094,6.726454146,1.371906998,195
19500000,220,0.02,0.98,144.6512364,239.0699613,10.8783407,3.956638152,195
19500000,220,0.116,0.884,408.5881196,153.6320649,17.60122093,5.486824262,195
19500000,220,0.212,0.788,516.3618241,119.200272,9.178628456,3.945080598,195
19500000,220,0.308,0.692,597.0802636,93.7126196,12.38862926,4.60913017,195
19500000,220,0.404,0.596,660.1911815,74.38481969,19.56242781,6.085692583,195
19500000,220,0.5,0.5,696.0747118,62.50942583,19.8580655,5.149234216,195
19500000,220,0.596,0.404,735.8746011,49.83386082,7.669965467,3.240225003,195
19500000,220,0.692,0.308,761.5397914,42.19265071,7.066393418,2.184721644,195
19500000,220,0.788,0.212,795.473962,30.99685199,14.44209566,2.431514388,195
19500000,220,0.884,0.116,835.351411,18.21281168,7.147333139,2.368424278,195
19500000,220,0.98,0.02,872.5991021,4.190952751,14.85924757,0.441347023,195
19500000,240,0.02,0.98,110.5093911,238.2140275,4.084007239,2.53839237,195
19500000,240,0.116,0.884,367.0809153,157.4518411,8.835062131,3.415063909,195
19500000,240,0.212,0.788,483.5757744,120.0144004,17.44430319,4.902140376,195
19500000,240,0.308,0.692,559.4808713,95.32204571,13.47705943,5.644205692,195
19500000,240,0.404,0.596,619.0672297,76.97330837,5.853619897,2.05752988,195
19500000,240,0.5,0.5,659.9603207,63.66585482,4.838222088,1.479468687,195
19500000,240,0.596,0.404,698.9373309,52.02269492,11.66418056,2.389642782,195
19500000,240,0.692,0.308,734.3581395,41.17599308,9.839590342,3.088145914,195
19500000,240,0.788,0.212,768.776854,29.11457999,13.20614882,2.899532954,195
19500000,240,0.884,0.116,806.0642797,18.14554506,11.3575098,1.330507987,195
19500000,240,0.98,0.02,851.5427623,3.568214316,6.603093828,0.482730997,195
19500000,260,0.02,0.98,88.01587697,231.7123386,2.005475631,0.959475975,195
19500000,260,0.116,0.884,326.3724038,158.092714,9.417088847,2.557914395,195
19500000,260,0.212,0.788,449.91129,119.9835022,6.842500568,1.619397459,195
19500000,260,0.308,0.692,527.8525807,95.89183945,10.60339976,2.542348056,195
19500000,260,0.404,0.596,585.7965452,77.57884061,16.11759133,4.758883129,195
19500000,260,0.5,0.5,634.2713988,62.71477303,7.734216256,2.167181234,195
19500000,260,0.596,0.404,673.7042204,50.4455926,7.035913557,1.750595884,195
19500000,260,0.692,0.308,704.0904636,40.40012279,15.02221364,2.98667948,195
19500000,260,0.788,0.212,742.014825,28.2049058,4.058421421,0.867616065,195
19500000,260,0.884,0.116,779.5363848,16.67138155,5.905349622,0.523773877,195
19500000,260,0.98,0.02,816.0985858,3.226477317,8.926693722,0.428255147,195
19500000,280,0.02,0.98,68.95772402,222.9093287,0.688003068,0.754459866,195
19500000,280,0.116,0.884,284.9476692,157.9698836,5.602267663,2.080744951,195
19500000,280,0.212,0.788,410.697236,120.4041755,3.61221995,1.567878687,195
19500000,280,0.308,0.692,492.3784896,95.12700897,8.916095571,2.693973508,195
19500000,280,0.404,0.596,554.0232279,76.75151748,9.391222807,2.732760855,195
19500000,280,0.5,0.5,598.7711211,62.63056543,5.146910539,0.963853032,195
19500000,280,0.596,0.404,643.5864813,49.40751839,7.535637633,2.080093729,195
19500000,280,0.692,0.308,675.534649,39.35995997,6.699300135,1.158048611,195
19500000,280,0.788,0.212,711.6746812,28.00015535,3.87220724,0.933891952,195
19500000,280,0.884,0.116,750.858184,15.65876855,7.134373413,1.138838474,195
19500000,280,0.98,0.02,792.051876,2.92823653,4.335052201,0.078442274,195
19500000,300,0.02,0.98,54.89158309,211.0970574,0.996978062,1.683208214,195
19500000,300,0.116,0.884,244.0117521,157.0308363,3.932222726,1.503284722,195
19500000,300,0.212,0.788,366.9562559,120.7890441,4.109932713,0.962116581,195
19500000,300,0.308,0.692,452.1640693,96.14283778,4.675100272,1.238474698,195
19500000,300,0.404,0.596,515.4412906,76.64068834,7.719565335,1.923833089,195
19500000,300,0.5,0.5,567.580093,61.25340643,5.817907376,1.241305643,195
19500000,300,0.596,0.404,609.7998834,48.21697538,1.292656128,1.00873598,195
19500000,300,0.692,0.308,647.2560675,37.05628527,7.174089826,0.88306512,195
19500000,300,0.788,0.212,684.4653878,25.8738139,5.307639109,1.122560568,195
19500000,300,0.884,0.116,719.3965606,14.88326293,3.076243865,0.677326927,195
19500000,300,0.98,0.02,757.9339442,2.657744468,4.304672768,0.152426785,195
19500000,320,0.02,0.98,43.79035288,198.3061877,0.517991832,0.420546163,195
19500000,320,0.116,0.884,206.7961578,153.2959638,4.954880195,0.911769958,195
19500000,320,0.212,0.788,322.7480986,120.717766,5.142680515,1.141239972,195
19500000,320,0.308,0.692,409.8482612,95.97123992,3.227518255,1.388221287,195
19500000,320,0.404,0.596,475.178134,77.16821251,3.787104883,0.723253567,195
19500000,320,0.5,0.5,532.5620861,60.43218338,2.190528656,0.82558868,195
19500000,320,0.596,0.404,579.8327175,46.54747676,6.020258224,1.660857365,195
19500000,320,0.692,0.308,619.6823432,34.88233669,8.742720484,1.307256187,195
19500000,320,0.788,0.212,652.4291129,24.3653043,3.754768404,0.743830081,195
19500000,320,0.884,0.116,689.7750949,13.62316577,3.949248066,0.344252714,195
19500000,320,0.98,0.02,725.6568066,2.47669812,2.899883463,0.075524329,195
19500000,340,0.02,0.98,34.96381513,186.1057657,0.336949923,1.092016,195
19500000,340,0.116,0.884,173.610489,149.2625522,1.197898485,0.705632837,195
19500000,340,0.212,0.788,278.997935,119.9216063,2.820326353,0.727531228,195
19500000,340,0.308,0.692,363.6621026,96.12745497,2.591382593,1.200398076,195
19500000,340,0.404,0.596,434.2674943,76.32524135,1.821770097,0.272629291,195
19500000,340,0.5,0.5,488.3381077,60.6422051,4.983765201,0.587048556,195
19500000,340,0.596,0.404,540.4949135,46.24834085,4.335034045,0.410004913,195
19500000,340,0.692,0.308,580.5313919,34.53685345,2.83293213,0.552794581,195
19500000,340,0.788,0.212,620.825736,22.99693075,2.649119621,0.474497001,195
19500000,340,0.884,0.116,655.665801,12.64572767,2.475082415,0.330001451,195
19500000,340,0.98,0.02,690.3267421,2.287927217,2.227786251,0.075071308,195
19500000,360,0.02,0.98,28.35168597,173.8357565,0.63357427,1.119179105,195
19500000,360,0.116,0.884,146.7168903,143.1134743,0.925962652,0.74299312,195
19500000,360,0.212,0.788,242.289798,117.0968722,3.491004029,0.832664635,195
19500000,360,0.308,0.692,322.1642636,95.35993914,1.954543501,0.697786653,195
19500000,360,0.404,0.596,388.2045402,76.66024837,1.750816222,0.355221529,195
19500000,360,0.5,0.5,445.0135681,60.87649453,5.686826637,0.711191883,195
19500000,360,0.596,0.404,497.3410417,46.69149165,2.977474022,0.499119471,195
19500000,360,0.692,0.308,541.8694398,34.04215035,2.60558825,0.74030982,195
19500000,360,0.788,0.212,579.7914371,22.81999532,1.845897824,0.292028047,195
19500000,360,0.884,0.116,616.9618412,12.23848113,1.894141853,0.118094828,195
19500000,360,0.98,0.02,651.7598076,2.13519319,2.514537426,0.075460153,195
19500000,380,0.02,0.98,23.4990633,162.3820305,0.324605401,0.503891275,195
19500000,380,0.116,0.884,123.8827678,136.0803823,1.153279773,1.003860844,195
19500000,380,0.212,0.788,209.7242436,113.3132323,0.785154725,0.430536536,195
19500000,380,0.308,0.692,283.3608309,93.17611108,2.984768152,0.378070574,195
19500000,380,0.404,0.596,347.0831344,76.04536711,2.811121712,0.30168433,195
19500000,380,0.5,0.5,404.1571202,60.1703773,4.359798004,1.281388161,195
19500000,380,0.596,0.404,454.6338886,46.47245243,1.811980051,0.842416274,195
19500000,380,0.692,0.308,499.4305181,33.86226435,2.238107153,0.462487698,195
19500000,380,0.788,0.212,539.6762169,22.60420505,1.424855138,0.421715227,195
19500000,380,0.884,0.116,579.9702883,11.96543632,2.401256122,0.161484405,195
19500000,380,0.98,0.02,612.7003276,2.049891551,4.20417764,0.075573269,195
19500000,400,0.02,0.98,19.70736366,151.1485042,0.199917349,1.310726982,195
19500000,400,0.116,0.884,105.3149781,128.8107797,1.214948501,0.794599559,195
19500000,400,0.212,0.788,181.0797763,108.5811959,1.052137167,0.843322027,195
19500000,400,0.308,0.692,249.3160036,90.47503617,0.504030557,0.430061607,195
19500000,400,0.404,0.596,310.8168062,73.91262721,2.440789219,0.450474159,195
19500000,400,0.5,0.5,365.4972594,59.17235144,2.087030679,0.475485196,195
19500000,400,0.596,0.404,413.645871,45.91340014,2.40687819,0.555086064,195
19500000,400,0.692,0.308,458.3368446,33.79721895,3.232579821,0.685556082,195
19500000,400,0.788,0.212,497.6426428,22.50657064,2.44560524,0.203054258,195
19500000,400,0.884,0.116,537.464718,11.89545118,1.561726518,0.207390158,195
19500000,400,0.98,0.02,572.1082013,2.007621986,2.105725912,0.054189078,195
21000000,200,0.02,0.98,188.1662657,235.274486,2.451483068,2.082010619,210
21000000,200,0.116,0.884,444.369631,152.4088666,12.6415153,3.660758382,210
21000000,200,0.212,0.788,560.3769457,115.5199025,35.73435252,12.07295627,210
21000000,200,0.308,0.692,654.2284449,84.43917439,50.33823217,13.38239498,210
21000000,200,0.404,0.596,708.3601605,66.80507449,24.25854795,6.271845436,210
21000000,200,0.5,0.5,748.8778186,54.61005642,42.79115823,9.836401609,210
21000000,200,0.596,0.404,776.4029885,45.07662852,19.70180702,5.338338461,210
21000000,200,0.692,0.308,801.6439186,39.28649381,21.43659872,4.319026948,210
21000000,200,0.788,0.212,822.411296,29.63998239,12.95566628,2.62571156,210
21000000,200,0.884,0.116,863.5332475,19.10965581,15.87933882,2.090139565,210
21000000,200,0.98,0.02,904.5290847,4.747352833,12.91363,0.795911073,210
21000000,220,0.02,0.98,139.604396,241.4297634,6.740637329,1.734797167,210
21000000,220,0.116,0.884,398.2914015,158.2411051,12.85751582,3.092772346,210
21000000,220,0.212,0.788,528.6009006,116.6643302,19.0047092,5.538058698,210
21000000,220,0.308,0.692,610.5796636,90.15968864,6.248872478,1.442121041,210
21000000,220,0.404,0.596,654.9690361,75.23992469,21.47987047,5.496324448,210
21000000,220,0.5,0.5,699.6429157,61.65223221,10.39880322,2.438734833,210
21000000,220,0.596,0.404,739.4817212,49.14040789,8.689157796,2.565000962,210
21000000,220,0.692,0.308,773.6531174,39.32919436,18.52987662,3.658365984,210
21000000,220,0.788,0.212,799.2070144,30.30177459,17.52946466,2.632981892,210
21000000,220,0.884,0.116,828.2405535,18.74762942,5.368326818,1.778973472,210
21000000,220,0.98,0.02,880.7155998,4.199671884,9.495809236,0.523204604,210
21000000,240,0.02,0.98,108.6742343,239.6182722,2.881605742,2.020964086,210
21000000,240,0.116,0.884,358.1783635,161.7874055,9.501419529,4.300641436,210
21000000,240,0.212,0.788,481.3359066,121.2220502,16.43717198,4.901892475,210
21000000,240,0.308,0.692,557.5393312,97.22318155,8.546232504,2.396831088,210
21000000,240,0.404,0.596,613.7112414,78.80827162,11.15974286,1.935824408,210
21000000,240,0.5,0.5,662.5866235,63.59848873,16.37602383,4.380298237,210
21000000,240,0.596,0.404,700.3002188,51.71331486,13.92503686,3.367206587,210
21000000,240,0.692,0.308,737.7812256,40.84184803,10.32254429,3.777515749,210
21000000,240,0.788,0.212,768.6148241,30.43252844,11.19938797,1.55036043,210
21000000,240,0.884,0.116,805.2815898,18.16318224,12.38271634,0.980477014,210
21000000,240,0.98,0.02,852.1822439,3.579917184,7.054076788,0.431751469,210
21000000,260,0.02,0.98,85.4064864,234.4247517,2.512386465,1.25885772,210
21000000,260,0.116,0.884,321.7094524,160.6498072,7.532248616,2.636180705,210
21000000,260,0.212,0.788,440.2662375,123.5070268,7.240402984,1.945782089,210
21000000,260,0.308,0.692,521.9952272,98.21457689,5.980980593,1.54594555,210
21000000,260,0.404,0.596,582.799083,79.14357701,7.724029673,2.722226337,210
21000000,260,0.5,0.5,626.9909645,65.44919946,3.514914118,1.002837528,210
21000000,260,0.596,0.404,667.3729612,52.45841954,10.85018215,2.252266734,210
21000000,260,0.692,0.308,700.8271342,41.36675314,6.519010717,2.674197934,210
21000000,260,0.788,0.212,741.0955645,29.34286879,9.731699502,1.895720933,210
21000000,260,0.884,0.116,778.3127954,17.16399603,11.49479282,1.502591057,210
21000000,260,0.98,0.02,820.625512,3.191103493,9.740000166,0.545351016,210
21000000,280,0.02,0.98,67.48226995,224.9895549,1.463961331,0.458340111,210
21000000,280,0.116,0.884,281.4824844,161.3870216,2.551486178,1.036282499,210
21000000,280,0.212,0.788,405.8598889,122.863999,7.658433155,3.459985847,210
21000000,280,0.308,0.692,489.6941761,96.94082086,12.28675646,3.289532012,210
21000000,280,0.404,0.596,547.7137,79.68270459,4.543479212,1.30270166,210
21000000,280,0.5,0.5,599.2421171,63.14860795,9.286998648,1.256808498,210
21000000,280,0.596,0.404,639.6070197,50.83172093,5.836839804,1.862834322,210
21000000,280,0.692,0.308,677.843075,39.28513455,6.922836805,1.608426188,210
21000000,280,0.788,0.212,712.9681926,28.21982447,11.08269197,1.674154466,210
21000000,280,0.884,0.116,752.5821385,15.73637878,4.625641614,1.115602451,210
21000000,280,0.98,0.02,790.1070626,2.986253579,3.904109518,0.226218183,210
21000000,300,0.02,0.98,54.12916968,212.8472826,0.949789774,1.144992072,210
21000000,300,0.116,0.884,241.7759759,159.5060094,2.664911221,0.597476797,210
21000000,300,0.212,0.788,360.2743866,124.0815614,2.484576507,0.623995517,210
21000000,300,0.308,0.692,446.2189723,98.60733574,6.709601267,2.003388719,210
21000000,300,0.404,0.596,512.5393006,78.88501989,4.157730655,1.018817325,210
21000000,300,0.5,0.5,567.1813831,62.55733134,3.171211982,1.485886569,210
21000000,300,0.596,0.404,608.9445437,49.68417684,3.279709935,0.649638788,210
21000000,300,0.692,0.308,646.5184768,37.95336147,2.997736137,1.3995689,210
21000000,300,0.788,0.212,682.2928051,27.01970036,2.573482705,1.178821979,210
21000000,300,0.884,0.116,721.0750521,15.24416213,4.764578656,0.244173127,210
21000000,300,0.98,0.02,757.5458726,2.759755017,3.600095444,0.274559127,210
21000000,320,0.02,0.98,43.2891695,201.7818068,0.830333438,0.961705413,210
21000000,320,0.116,0.884,203.9174448,156.5045719,2.887071303,1.03121119,210
21000000,320,0.212,0.788,319.3786587,123.4698296,3.928848786,1.325122819,210
21000000,320,0.308,0.692,404.8500662,98.41959257,3.165450221,1.815810781,210
21000000,320,0.404,0.596,474.5309237,78.30637441,4.552444674,1.714216994,210
21000000,320,0.5,0.5,528.2672936,62.61133692,6.343781024,1.344825638,210
21000000,320,0.596,0.404,573.4844552,48.87631428,5.554855224,1.199065704,210
21000000,320,0.692,0.308,616.7611679,36.22345881,3.504655827,0.796331537,210
21000000,320,0.788,0.212,653.1140575,25.32460793,4.653794636,0.872447409,210
21000000,320,0.884,0.116,690.6749882,14.00014398,2.752245601,0.513377547,210
21000000,320,0.98,0.02,726.4344956,2.50219247,4.513831964,0.098615918,210
21000000,340,0.02,0.98,35.21358849,189.6915841,0.383685877,1.25364769,210
21000000,340,0.116,0.884,172.5792987,151.554292,2.19198992,0.790919316,210
21000000,340,0.212,0.788,279.8900087,121.7907499,2.311545147,0.639026398,210
21000000,340,0.308,0.692,362.2840301,98.6654191,3.422818224,1.346271383,210
21000000,340,0.404,0.596,432.0555407,78.50134485,0.900855658,0.869517585,210
21000000,340,0.5,0.5,488.7169049,62.46795193,5.491353188,1.299285822,210
21000000,340,0.596,0.404,539.260322,47.66743789,6.006229313,0.95997577,210
21000000,340,0.692,0.308,580.4056414,35.70090753,3.686734061,0.946750057,210
21000000,340,0.788,0.212,619.5849616,24.27254333,2.441214089,0.50180787,210
21000000,340,0.884,0.116,657.5063225,13.22712481,4.362981893,0.370124188,210
21000000,340,0.98,0.02,693.0196026,2.38118548,1.922991224,0.058338026,210
21000000,360,0.02,0.98,28.72802814,177.5189109,0.700178545,0.783586983,210
21000000,360,0.116,0.884,146.712344,145.8588743,1.916835369,0.659452242,210
21000000,360,0.212,0.788,243.1031299,119.4574367,5.892678389,2.005775062,210
21000000,360,0.308,0.692,323.2193674,97.01869631,3.106307651,1.120195875,210
21000000,360,0.404,0.596,389.0406945,78.50797537,1.688977962,0.498927061,210
21000000,360,0.5,0.5,447.7370706,62.0034177,2.920751844,0.464796025,210
21000000,360,0.596,0.404,500.2997694,47.41010741,1.677170035,0.211243059,210
21000000,360,0.692,0.308,543.4679166,34.97317481,5.649764612,0.680747576,210
21000000,360,0.788,0.212,584.04895,23.41956009,3.409746574,0.676342242,210
21000000,360,0.884,0.116,620.9427576,12.69847345,3.615856958,0.204421135,210
21000000,360,0.98,0.02,655.8181019,2.202459815,2.612952336,0.056409867,210
21000000,380,0.02,0.98,23.80148274,165.6751446,0.346308738,0.640595497,210
21000000,380,0.116,0.884,125.2757521,138.5411341,0.854743286,0.598598796,210
21000000,380,0.212,0.788,210.2534321,115.6343452,2.000876855,0.869946521,210
21000000,380,0.308,0.692,285.6216117,95.36182883,1.695281897,0.627788905,210
21000000,380,0.404,0.596,350.2919992,77.36245359,3.120682965,0.763901379,210
21000000,380,0.5,0.5,407.8385267,61.55267495,3.359742382,0.982030766,210
21000000,380,0.596,0.404,456.8673917,47.60656971,2.902850718,0.753080335,210
21000000,380,0.692,0.308,502.8970668,34.85276457,4.612602814,0.956982709,210
21000000,380,0.788,0.212,543.2449663,23.33783893,3.434053581,0.314988055,210
21000000,380,0.884,0.116,581.4614726,12.49481703,2.57813045,0.277823739,210
21000000,380,0.98,0.02,617.8283648,2.119744078,1.352061806,0.02211594,210
21000000,400,0.02,0.98,19.96204702,154.4736768,0.212399871,0.46526342,210
21000000,400,0.116,0.884,106.6270384,131.746774,1.081816159,1.109741135,210
21000000,400,0.212,0.788,184.7376331,110.7361149,1.13015513,0.750414861,210
21000000,400,0.308,0.692,252.0891516,92.42218781,2.083425073,0.496032978,210
21000000,400,0.404,0.596,313.327815,75.77626745,3.783905771,0.792607525,210
21000000,400,0.5,0.5,368.69785,60.67761208,1.53378768,0.570921906,210
21000000,400,0.596,0.404,417.2877248,46.9069504,3.671039108,0.713994543,210
21000000,400,0.692,0.308,460.5579817,34.70430723,0.827584178,0.595851631,210
21000000,400,0.788,0.212,504.2905058,23.03160837,1.426698166,0.329732298,210
21000000,400,0.884,0.116,541.6947712,12.28386704,2.204879801,0.175398497,210
21000000,400,0.98,0.02,578.681596,2.063218896,0.794009042,0.045709922,210
22500000,200,0.02,0.98,186.0964293,236.5673047,10.4537284,3.248729459,225
22500000,200,0.116,0.884,445.2798899,154.2621963,9.857692745,3.504522031,225
22500000,200,0.212,0.788,565.3067644,113.5334981,17.76484609,5.242522866,225
22500000,200,0.308,0.692,646.8267155,87.15772073,43.28045579,14.6936941,225
22500000,200,0.404,0.596,736.9067916,59.95694087,32.69294883,7.180138889,225
22500000,200,0.5,0.5,738.3616964,57.45269294,28.64493555,8.463538292,225
22500000,200,0.596,0.404,766.5628091,48.77337546,22.46641826,3.116543442,225
22500000,200,0.692,0.308,811.5873897,37.09311781,6.101886236,1.518576002,225
22500000,200,0.788,0.212,830.5377046,29.32523161,13.78724497,2.539642184,225
22500000,200,0.884,0.116,857.0161358,19.88688536,13.72017556,1.605888054,225
22500000,200,0.98,0.02,899.4624225,5.142067686,12.92083983,1.27849669,225
22500000,220,0.02,0.98,140.7392418,241.2875387,10.855465,3.775846681,225
22500000,220,0.116,0.884,405.5503772,156.6311817,21.54078076,5.169710599,225
22500000,220,0.212,0.788,510.8710837,121.4969847,9.794706543,2.923813519,225
22500000,220,0.308,0.692,595.3284858,95.12687636,17.91280183,5.787477958,225
22500000,220,0.404,0.596,659.8135664,74.83483308,8.511917974,3.561430518,225
22500000,220,0.5,0.5,691.7180897,64.62164427,7.344607298,5.045280382,225
22500000,220,0.596,0.404,732.7044707,52.20085699,26.7857867,6.817524761,225
22500000,220,0.692,0.308,766.0037969,40.77438249,27.57623504,8.184600797,225
22500000,220,0.788,0.212,804.2864971,29.68526884,12.58872358,3.777594665,225
22500000,220,0.884,0.116,838.4847164,18.35835159,12.66028473,2.589036226,225
22500000,220,0.98,0.02,878.5191945,4.002447068,9.075610681,1.303150534,225
22500000,240,0.02,0.98,106.4004511,241.7851593,3.485617398,2.060391116,225
22500000,240,0.116,0.884,357.5317896,161.9428249,3.43357531,2.524939323,225
22500000,240,0.212,0.788,475.6034852,122.8686403,11.23631705,3.789457823,225
22500000,240,0.308,0.692,555.7544564,98.81632973,8.747628666,2.902345393,225
22500000,240,0.404,0.596,609.878807,80.85232831,15.52460811,4.233957584,225
22500000,240,0.5,0.5,656.9664956,65.72821174,14.67779258,5.202555145,225
22500000,240,0.596,0.404,700.9607043,52.33698157,8.262629456,1.933566481,225
22500000,240,0.692,0.308,737.4831706,41.41949893,13.74359083,2.518056533,225
22500000,240,0.788,0.212,770.861966,30.00247292,7.722432805,1.731036748,225
22500000,240,0.884,0.116,813.1025784,17.31291751,9.859211516,2.0724006,225
22500000,240,0.98,0.02,853.274991,3.541625931,9.710866944,0.482603232,225
22500000,260,0.02,0.98,83.70417229,236.2859718,3.027420746,1.991422496,225
22500000,260,0.116,0.884,315.1623353,164.051065,8.610222076,3.19373283,225
22500000,260,0.212,0.788,437.6199311,125.6616806,15.76618645,4.639947072,225
22500000,260,0.308,0.692,523.9023063,98.20234358,12.04341804,3.468610981,225
22500000,260,0.404,0.596,574.532194,82.3888187,10.31536421,2.911340173,225
22500000,260,0.5,0.5,629.8653131,65.27975653,13.75884246,3.537418586,225
22500000,260,0.596,0.404,668.3536877,52.88327011,7.056231765,2.268323977,225
22500000,260,0.692,0.308,706.2783218,41.07325318,6.569595984,1.343172579,225
22500000,260,0.788,0.212,743.5804775,29.04681607,9.283189091,1.794382386,225
22500000,260,0.884,0.116,778.5025577,17.41598895,6.160761367,1.133999466,225
22500000,260,0.98,0.02,819.9888491,3.331040617,9.676478539,0.18378689,225
22500000,280,0.02,0.98,66.32160124,226.1797996,2.828513674,2.283529338,225
22500000,280,0.116,0.884,279.8954642,162.5976219,2.184926453,1.049337496,225
22500000,280,0.212,0.788,397.7171137,125.9793819,3.57936531,1.067431508,225
22500000,280,0.308,0.692,482.8491858,100.1950469,7.799256319,2.136068994,225
22500000,280,0.404,0.596,543.0112869,81.53066366,6.902677093,1.163788542,225
22500000,280,0.5,0.5,599.6986559,64.31538055,6.188233037,2.42925327,225
22500000,280,0.596,0.404,636.5079933,52.22005235,5.816049829,1.537166394,225
22500000,280,0.692,0.308,679.3880874,39.76064229,12.89253276,1.965063695,225
22500000,280,0.788,0.212,713.8305336,28.08350098,4.385501688,1.247442501,225
22500000,280,0.884,0.116,749.6609631,16.43135673,5.238035264,0.714543256,225
22500000,280,0.98,0.02,790.3309221,2.995503155,4.360082509,0.081170402,225
22500000,300,0.02,0.98,53.36057332,215.691842,1.675401207,1.283082819,225
22500000,300,0.116,0.884,237.5830204,161.8175744,3.724691848,1.462262943,225
22500000,300,0.212,0.788,359.9217761,125.7577568,7.025298067,2.255880019,225
22500000,300,0.308,0.692,445.2952564,100.1935219,4.833103223,1.735866372,225
22500000,300,0.404,0.596,512.5352089,80.11140086,5.515286727,1.149367069,225
22500000,300,0.5,0.5,561.4521441,64.74871818,8.537717482,1.764905463,225
22500000,300,0.596,0.404,608.0449232,50.80254664,3.527253547,1.396562575,225
22500000,300,0.692,0.308,646.5729414,39.12974832,2.883896961,0.827700095,225
22500000,300,0.788,0.212,684.1099586,27.53545535,3.97247968,1.157131391,225
22500000,300,0.884,0.116,721.8571055,15.78239459,2.659135852,0.568043135,225
22500000,300,0.98,0.02,760.9361345,2.74231675,1.884340257,0.103594443,225
22500000,320,0.02,0.98,42.82399275,204.5994462,0.534004336,1.136158952,225
22500000,320,0.116,0.884,203.3279724,158.4858044,3.728199535,1.763532912,225
22500000,320,0.212,0.788,317.5669608,125.6015086,2.618149879,1.010437848,225
22500000,320,0.308,0.692,405.0906561,100.2082748,8.197115074,2.088379965,225
22500000,320,0.404,0.596,474.7455996,80.01897141,3.933253667,1.574017322,225
22500000,320,0.5,0.5,528.0047906,64.03238996,7.268529446,1.336970264,225
22500000,320,0.596,0.404,573.6164796,50.02336108,3.73787779,1.104502426,225
22500000,320,0.692,0.308,615.5612192,37.6304883,5.324722496,0.863478091,225
22500000,320,0.788,0.212,653.6632497,26.06904956,6.694511512,1.262259592,225
22500000,320,0.884,0.116,689.6415248,14.46733041,2.234391475,0.379440819,225
22500000,320,0.98,0.02,728.7358293,2.60025786,8.544450674,0.147917018,225
22500000,340,0.02,0.98,35.00109473,192.1826373,0.450597414,1.218725336,225
22500000,340,0.116,0.884,173.9267292,153.5887676,3.879497042,1.94269714,225
22500000,340,0.212,0.788,278.0390308,124.4592026,4.46355105,0.886762859,225
22500000,340,0.308,0.692,363.267939,99.77858394,4.192783364,1.238327975,225
22500000,340,0.404,0.596,431.135189,80.43192019,3.880977697,0.716025046,225
22500000,340,0.5,0.5,487.1053348,64.27287892,2.873412186,0.48320783,225
22500000,340,0.596,0.404,537.278229,49.48904063,4.294616295,1.291249731,225
22500000,340,0.692,0.308,583.8999225,35.9357274,4.312349031,1.149222435,225
22500000,340,0.788,0.212,620.2708155,24.86388625,4.596519915,0.628517567,225
22500000,340,0.884,0.116,658.9081266,13.63917847,2.581374459,0.460025093,225
22500000,340,0.98,0.02,694.4391373,2.397695475,2.903744019,0.096361919,225
22500000,360,0.02,0.98,28.8076792,180.0208381,0.404395251,1.016217392,225
22500000,360,0.116,0.884,146.5815016,148.4220344,2.356105899,0.962894532,225
22500000,360,0.212,0.788,244.5998606,121.3113964,1.986862062,0.366892535,225
22500000,360,0.308,0.692,323.7317347,99.12633969,3.182620005,1.250418002,225
22500000,360,0.404,0.596,391.4183151,79.74178252,3.832622347,0.60186092,225
22500000,360,0.5,0.5,447.1461434,63.91834502,3.000106381,0.57565254,225
22500000,360,0.596,0.404,498.5139854,49.20730984,4.227125244,0.438866328,225
22500000,360,0.692,0.308,545.3877254,36.0396608,2.416474565,0.333698491,225
22500000,360,0.788,0.212,585.0751394,24.16347128,2.634924262,0.194760664,225
22500000,360,0.884,0.116,622.4244856,13.12614199,1.458191213,0.273496242,225
22500000,360,0.98,0.02,660.2755607,2.272975395,2.795241055,0.093662144,225
22500000,380,0.02,0.98,23.9205047,168.7927819,0.1711819,0.518457964,225
22500000,380,0.116,0.884,125.6528217,141.3210127,1.625986749,0.685261835,225
22500000,380,0.212,0.788,212.1546011,117.7002495,1.016684092,0.661580795,225
22500000,380,0.308,0.692,287.127526,96.94950684,4.988282677,1.062530539,225
22500000,380,0.404,0.596,352.0806929,78.92261494,5.489998061,1.117711125,225
22500000,380,0.5,0.5,409.6224923,62.82669621,2.676233331,0.887822448,225
22500000,380,0.596,0.404,458.3042932,48.98634776,4.664610331,0.6658939,225
22500000,380,0.692,0.308,504.994272,35.87366573,1.722116803,0.350788008,225
22500000,380,0.788,0.212,547.1337748,23.90978758,2.578288668,0.469269091,225
22500000,380,0.884,0.116,585.9425721,12.77694566,3.057581548,0.179665632,225
22500000,380,0.98,0.02,620.900568,2.17497631,1.959345537,0.022636211,225
22500000,400,0.02,0.98,20.20818334,158.2016203,0.278457351,0.633260915,225
22500000,400,0.116,0.884,108.6881459,134.1995691,1.610066888,0.796749941,225
22500000,400,0.212,0.788,187.415309,112.9726888,1.729411032,0.701286234,225
22500000,400,0.308,0.692,254.9979611,94.60047938,2.640864736,0.56391765,225
22500000,400,0.404,0.596,315.7485344,77.31666985,3.719001699,0.565045776,225
22500000,400,0.5,0.5,370.7322254,61.96207641,2.009583028,0.26102795,225
22500000,400,0.596,0.404,421.7574587,47.97973538,1.020337086,0.37151611,225
22500000,400,0.692,0.308,467.3258669,35.2682661,2.657969236,0.251152368,225
22500000,400,0.788,0.212,508.0577464,23.55903308,2.52592818,0.309207415,225
22500000,400,0.884,0.116,545.302346,12.62152627,3.155554272,0.095936086,225
22500000,400,0.98,0.02,583.7013404,2.126672972,2.505008699,0.064162607,225
24000000,200,0.02,0.98,180.6281475,239.3166498,4.778696282,0.966742234,240
24000000,200,0.116,0.884,439.8726194,155.3737699,20.38850552,5.064820389,240
24000000,200,0.212,0.788,573.7330465,112.1474874,11.83806855,4.206289022,240
24000000,200,0.308,0.692,636.9302531,90.61358088,39.57563086,13.37432492,240
24000000,200,0.404,0.596,710.0247404,67.62082736,32.51745882,7.668746295,240
24000000,200,0.5,0.5,746.6105821,56.35501036,26.82775675,8.076975231,240
24000000,200,0.596,0.404,791.6870814,45.52879683,11.48907462,2.986958834,240
24000000,200,0.692,0.308,813.4503699,36.84735758,28.18496798,3.670186255,240
24000000,200,0.788,0.212,827.792198,29.9608001,12.19672225,1.590992075,240
24000000,200,0.884,0.116,859.730273,20.19102731,11.33425462,2.559200442,240
24000000,200,0.98,0.02,909.881436,4.359666331,16.60478572,1.571471567,240
24000000,220,0.02,0.98,135.8075136,244.5932176,6.514343615,1.836330821,240
24000000,220,0.116,0.884,390.1938164,162.2365569,10.15131726,4.035060136,240
24000000,220,0.212,0.788,512.938647,122.8351562,14.51774469,5.343493706,240
24000000,220,0.308,0.692,585.8557379,97.70986171,6.959184551,1.623183956,240
24000000,220,0.404,0.596,649.2374331,78.23197998,36.3944934,10.34555888,240
24000000,220,0.5,0.5,699.8167659,61.83125625,7.318295431,3.532792119,240
24000000,220,0.596,0.404,736.4797128,50.69122021,14.13181704,3.873954775,240
24000000,220,0.692,0.308,766.751844,40.66481315,19.87122293,2.945356652,240
24000000,220,0.788,0.212,798.1547293,30.81086591,16.57163605,3.359455089,240
24000000,220,0.884,0.116,837.2019343,19.28493361,11.02421445,1.741194963,240
24000000,220,0.98,0.02,878.5112839,4.039047538,9.016905035,0.830371483,240
24000000,240,0.02,0.98,104.8067025,243.3402483,1.218958093,1.24075471,240
24000000,240,0.116,0.884,347.1978828,166.1534703,9.623507882,3.616362787,240
24000000,240,0.212,0.788,475.3627135,124.8208312,9.93823015,2.313066105,240
24000000,240,0.308,0.692,561.0728923,97.33944772,13.83103692,3.564843943,240
24000000,240,0.404,0.596,609.2731498,81.67762913,12.8647246,4.059791458,240
24000000,240,0.5,0.5,657.574335,66.37942826,23.21959085,4.429460602,240
24000000,240,0.596,0.404,700.3898717,53.11915085,2.368212699,1.559055867,240
24000000,240,0.692,0.308,735.6942951,41.39844703,15.16603017,3.935099112,240
24000000,240,0.788,0.212,769.6000059,30.77124855,5.847169778,2.068328322,240
24000000,240,0.884,0.116,807.9978183,18.30318567,7.293663308,0.715832802,240
24000000,240,0.98,0.02,853.4085611,3.515170156,6.056236345,0.406935867,240
24000000,260,0.02,0.98,81.83955551,237.6977421,1.828967948,2.040374104,240
24000000,260,0.116,0.884,312.513301,165.7541804,4.088018738,2.778884316,240
24000000,260,0.212,0.788,433.3496886,127.8318498,9.946085969,2.566090041,240
24000000,260,0.308,0.692,520.7809122,100.2368192,9.818186487,4.008015154,240
24000000,260,0.404,0.596,582.2049734,80.19756447,9.411061939,3.860830294,240
24000000,260,0.5,0.5,622.9802245,68.24923489,6.569276002,2.443688619,240
24000000,260,0.596,0.404,668.6319208,53.19682739,8.856182528,2.344552317,240
24000000,260,0.692,0.308,707.1567567,41.57823358,10.25651735,3.009080789,240
24000000,260,0.788,0.212,743.1488524,29.69978968,11.08604902,1.76925574,240
24000000,260,0.884,0.116,778.4512755,17.65114034,5.881044051,1.304434974,240
24000000,260,0.98,0.02,822.1221518,3.273487704,8.027058914,0.40041726,240
24000000,280,0.02,0.98,65.32278057,228.1615625,1.657221234,1.326972514,240
24000000,280,0.116,0.884,269.7574118,166.79799,0.884780261,1.225468502,240
24000000,280,0.212,0.788,399.0260825,126.4699078,5.960686002,2.591316203,240
24000000,280,0.308,0.692,481.9266519,100.9342173,11.35368395,3.371010323,240
24000000,280,0.404,0.596,545.7167861,81.62922634,10.27288324,3.111902799,240
24000000,280,0.5,0.5,592.9662318,67.00906244,6.757056623,2.115715017,240
24000000,280,0.596,0.404,634.8345937,53.45979382,3.886632415,1.87276467,240
24000000,280,0.692,0.308,673.927989,41.29779573,10.22678349,2.142978733,240
24000000,280,0.788,0.212,716.1569628,28.29458358,6.636628092,2.030796244,240
24000000,280,0.884,0.116,754.0743229,16.46586859,8.330749156,0.048347085,240
24000000,280,0.98,0.02,793.9092187,3.093734308,4.636543788,0.158050874,240
24000000,300,0.02,0.98,52.95495302,218.3012831,1.672382728,1.666957163,240
24000000,300,0.116,0.884,234.3722462,164.2255472,6.366601687,2.069747717,240
24000000,300,0.212,0.788,355.1452584,128.4113572,5.247060049,1.739677114,240
24000000,300,0.308,0.692,440.4614554,102.8582947,4.836244687,1.133049597,240
24000000,300,0.404,0.596,505.1008371,82.86535417,4.040034633,1.47825795,240
24000000,300,0.5,0.5,558.7913804,66.18333063,4.450283175,1.059234547,240
24000000,300,0.596,0.404,606.2134034,52.20112221,4.436282966,1.274589931,240
24000000,300,0.692,0.308,646.0332964,39.64328209,8.353306457,1.861367371,240
24000000,300,0.788,0.212,684.2647145,28.05608378,8.544456955,1.560352324,240
24000000,300,0.884,0.116,725.0007765,15.59428674,3.88348255,0.567651295,240
24000000,300,0.98,0.02,764.0075194,2.801560446,2.537073705,0.075160095,240
24000000,320,0.02,0.98,42.70469801,206.4850004,0.876432744,1.089450281,240
24000000,320,0.116,0.884,201.3448792,161.4035647,2.372409282,1.362061003,240
24000000,320,0.212,0.788,313.1606023,128.3028819,3.381700906,1.230285197,240
24000000,320,0.308,0.692,400.2766769,102.7220707,4.69686902,1.286089767,240
24000000,320,0.404,0.596,469.0017216,82.4972277,2.91073566,0.666665543,240
24000000,320,0.5,0.5,527.4792391,65.14595263,6.778699975,1.821127893,240
24000000,320,0.596,0.404,573.7325919,51.17239704,4.917832073,1.498850301,240
24000000,320,0.692,0.308,615.7069733,38.73357475,6.310061877,1.65434975,240
24000000,320,0.788,0.212,653.2920903,26.58095885,2.044354758,0.631804757,240
24000000,320,0.884,0.116,693.5535193,14.81128864,4.295593797,0.524119616,240
24000000,320,0.98,0.02,730.8644039,2.673989242,5.085008005,0.064182474,240
24000000,340,0.02,0.98,35.00509547,194.6734584,0.857970443,1.171602119,240
24000000,340,0.116,0.884,173.3833562,156.1926391,2.711156123,1.322842995,240
24000000,340,0.212,0.788,277.3649973,126.2639639,2.681809843,1.174349496,240
24000000,340,0.308,0.692,361.0747161,102.2837601,4.015389688,1.073003268,240
24000000,340,0.404,0.596,430.1300945,82.09979434,3.851444054,1.458506681,240
24000000,340,0.5,0.5,489.699268,64.72103576,2.577022665,1.137172513,240
24000000,340,0.596,0.404,537.5574623,50.56892027,3.761033311,0.557226097,240
24000000,340,0.692,0.308,582.092589,37.44490004,3.687571101,0.66188464,240
24000000,340,0.788,0.212,621.8680193,25.72857236,3.470601423,0.842846989,240
24000000,340,0.884,0.116,659.1519898,14.19438506,1.511891805,0.558615172,240
24000000,340,0.98,0.02,697.7225613,2.481273179,1.903506039,0.050331019,240
24000000,360,0.02,0.98,28.93833968,182.8456054,0.741821494,0.359928211,240
24000000,360,0.116,0.884,147.2532619,150.4345298,2.3049339,1.225558653,240
24000000,360,0.212,0.788,243.5401196,123.5896431,2.626177254,0.582553371,240
24000000,360,0.308,0.692,322.5897058,101.191813,1.229110128,0.798943247,240
24000000,360,0.404,0.596,390.8845802,81.61294841,4.867876256,1.874019146,240
24000000,360,0.5,0.5,449.591049,64.79579487,5.215259995,1.278768522,240
24000000,360,0.596,0.404,501.0697297,50.02080833,1.727096698,0.377453552,240
24000000,360,0.692,0.308,543.8482595,37.39782335,3.700719199,0.278048892,240
24000000,360,0.788,0.212,586.0319523,25.0825608,2.860398488,0.791634864,240
24000000,360,0.884,0.116,626.9039485,13.4132435,4.140983528,0.436128185,240
24000000,360,0.98,0.02,662.284295,2.323267889,3.228967942,0.050994087,240
24000000,380,0.02,0.98,24.21574099,171.6771907,0.504097279,0.847007898,240
24000000,380,0.116,0.884,126.7021062,144.2246169,2.051047641,0.277614288,240
24000000,380,0.212,0.788,214.5799577,119.4309147,3.396956344,1.326355182,240
24000000,380,0.308,0.692,289.0735214,98.59012954,3.457269149,1.353296752,240
24000000,380,0.404,0.596,354.0032294,80.56350286,2.800090168,0.703801394,240
24000000,380,0.5,0.5,409.9983798,64.45737314,1.853358373,0.453454255,240
24000000,380,0.596,0.404,461.7493834,49.81987043,2.224452073,0.197000035,240
24000000,380,0.692,0.308,507.8875331,36.54858636,3.746526573,0.364125796,240
24000000,380,0.788,0.212,549.8412744,24.55954539,3.047035151,0.588963101,240
24000000,380,0.884,0.116,588.9238495,13.06348358,3.256872189,0.424993282,240
24000000,380,0.98,0.02,625.5776128,2.232462918,3.325426774,0.032676693,240
24000000,400,0.02,0.98,20.53306147,160.87309,0.297332651,0.698856099,240
24000000,400,0.116,0.884,109.7014238,136.6752726,0.910603502,0.789150363,240
24000000,400,0.212,0.788,189.1370812,115.0125019,1.724563063,0.807110592,240
24000000,400,0.308,0.692,256.6400823,96.25860666,1.0985147,0.389543437,240
24000000,400,0.404,0.596,318.749088,78.9080941,4.776936401,0.914572175,240
24000000,400,0.5,0.5,373.7053194,63.36930481,3.30322405,0.642474721,240
24000000,400,0.596,0.404,425.9503232,49.08474468,3.441969004,0.276694228,240
24000000,400,0.692,0.308,471.2321331,36.09814198,1.986219819,0.477313793,240
24000000,400,0.788,0.212,513.1408661,24.12856159,2.651595049,0.312246568,240
24000000,400,0.884,0.116,551.8891977,12.92172306,1.292398993,0.125299636,240
24000000,400,0.98,0.02,589.7139953,2.173086611,3.913024582,0.048756464,240
25500000,200,0.02,0.98,178.693245,240.4203993,6.131811002,1.503067692,255
25500000,200,0.116,0.884,444.5815792,154.6947383,24.2048909,6.199887164,255
25500000,200,0.212,0.788,548.7521643,119.2316675,20.11376096,6.579148974,255
25500000,200,0.308,0.692,666.6985641,82.31289925,26.1924946,5.171944771,255
25500000,200,0.404,0.596,709.885351,67.56963975,39.74930378,13.3137899,255
25500000,200,0.5,0.5,748.2841636,57.5179041,19.51586973,4.959242445,255
25500000,200,0.596,0.404,781.7959836,46.34113498,28.31115025,6.293425257,255
25500000,200,0.692,0.308,798.5871728,38.75959954,17.38995153,6.657206659,255
25500000,200,0.788,0.212,830.8125735,29.9608664,14.60761941,2.344456311,255
25500000,200,0.884,0.116,859.9960493,19.72254792,25.77250349,1.966989276,255
25500000,200,0.98,0.02,904.2958599,4.871940303,18.31748441,1.203602713,255
25500000,220,0.02,0.98,134.4638111,244.806853,10.23062221,3.644132687,255
25500000,220,0.116,0.884,394.4763339,160.6037914,13.15747309,6.25851372,255
25500000,220,0.212,0.788,516.7819925,121.229178,18.75477182,6.558745338,255
25500000,220,0.308,0.692,592.8522107,95.23545112,20.82395783,5.558560833,255
25500000,220,0.404,0.596,660.8179335,75.68058905,22.63066578,7.644040045,255
25500000,220,0.5,0.5,699.6491896,62.73917335,17.28359065,4.633608723,255
25500000,220,0.596,0.404,732.5464415,51.65025861,18.91990712,2.742688954,255
25500000,220,0.692,0.308,769.0177166,39.84140202,5.33401253,1.453577235,255
25500000,220,0.788,0.212,806.9563534,28.87538398,7.984299587,1.298152983,255
25500000,220,0.884,0.116,830.3390316,19.67218912,15.39209335,2.518370269,255
25500000,220,0.98,0.02,874.7328595,4.117950726,12.47562372,1.035333995,255
25500000,240,0.02,0.98,102.4509041,244.0077427,2.32268764,1.327511292,255
25500000,240,0.116,0.884,350.1493365,165.7081646,9.22041111,2.614726302,255
25500000,240,0.212,0.788,469.990995,127.1541443,14.50538604,5.369024726,255
25500000,240,0.308,0.692,548.1313225,100.8364502,11.2888989,3.964617616,255
25500000,240,0.404,0.596,603.1088306,83.59086567,22.22026227,4.426953295,255
25500000,240,0.5,0.5,662.2036438,65.67907959,24.00214468,5.745601131,255
25500000,240,0.596,0.404,699.012072,52.82366173,11.04820237,1.676532923,255
25500000,240,0.692,0.308,741.4993663,40.7579388,6.19783278,1.966471986,255
25500000,240,0.788,0.212,771.1761149,30.87093842,11.86012375,2.706327265,255
25500000,240,0.884,0.116,808.3334257,18.582861,4.863288123,0.957295289,255
25500000,240,0.98,0.02,858.1485266,3.450423129,5.307120557,0.52886881,255
25500000,260,0.02,0.98,81.5635955,238.0051661,2.433972928,2.267470632,255
25500000,260,0.116,0.884,309.2812501,167.2760836,5.388532967,1.636768208,255
25500000,260,0.212,0.788,431.3313161,128.8582542,7.916430239,2.913782585,255
25500000,260,0.308,0.692,512.3898184,102.9267217,7.577098935,3.395175903,255
25500000,260,0.404,0.596,577.661044,83.01914908,16.33116557,5.248419444,255
25500000,260,0.5,0.5,618.042677,69.56741541,9.672479366,3.141238232,255
25500000,260,0.596,0.404,666.0552636,54.73640098,7.17304808,2.802714837,255
25500000,260,0.692,0.308,705.2876845,42.08288245,7.685476997,1.646945314,255
25500000,260,0.788,0.212,741.3027845,30.27293182,3.91802099,1.080572654,255
25500000,260,0.884,0.116,775.0857454,17.92580963,6.205084654,1.249483784,255
25500000,260,0.98,0.02,826.1310733,3.279256256,3.835591599,0.209330608,255
25500000,280,0.02,0.98,64.08055136,230.486057,0.360762589,2.255445398,255
25500000,280,0.116,0.884,269.985272,167.9329029,7.987573022,2.882537834,255
25500000,280,0.212,0.788,392.5658905,129.856247,4.868334254,1.497259718,255
25500000,280,0.308,0.692,475.7476027,103.5566874,3.583350366,2.164778991,255
25500000,280,0.404,0.596,539.0813799,83.77419954,6.592872278,2.113192623,255
25500000,280,0.5,0.5,591.519874,68.3156064,11.16162975,2.343580287,255
25500000,280,0.596,0.404,634.9644358,54.55011652,7.341018815,2.191388301,255
25500000,280,0.692,0.308,672.4602636,41.99274053,8.023227587,1.551297781,255
25500000,280,0.788,0.212,714.1085849,29.16593336,7.511693326,1.129144739,255
25500000,280,0.884,0.116,752.0911388,16.80349466,3.300085992,0.671205724,255
25500000,280,0.98,0.02,792.8893032,3.057100685,7.175051543,0.350881365,255
25500000,300,0.02,0.98,52.39866856,219.7248226,1.645912977,1.304752868,255
25500000,300,0.116,0.884,233.0802805,166.2221293,2.697315237,1.639357549,255
25500000,300,0.212,0.788,355.1234361,129.6892242,2.274199361,0.800702908,255
25500000,300,0.308,0.692,436.7019435,104.8433729,7.701992164,1.55272571,255
25500000,300,0.404,0.596,506.2426842,83.2164402,10.21311336,2.21734714,255
25500000,300,0.5,0.5,558.0913422,67.66932961,5.915934638,1.713696982,255
25500000,300,0.596,0.404,604.8085987,53.313624,4.331708626,0.520720218,255
25500000,300,0.692,0.308,645.0931229,40.35951085,8.612195739,1.760490148,255
25500000,300,0.788,0.212,686.5923258,27.90759329,3.48639829,0.745795438,255
25500000,300,0.884,0.116,724.3642954,16.13732632,3.803829196,0.490491942,255
25500000,300,0.98,0.02,764.7007383,2.881723432,4.753886961,0.064024048,255
25500000,320,0.02,0.98,42.28398402,208.6193979,1.303645446,1.788253795,255
25500000,320,0.116,0.884,200.8456053,163.0316889,2.054996031,0.868979094,255
25500000,320,0.212,0.788,313.2822611,129.6911802,4.617817141,0.896937578,255
25500000,320,0.308,0.692,400.6376526,104.064552,7.192991321,2.11047152,255
25500000,320,0.404,0.596,469.8201453,83.3662568,4.498741266,0.687971919,255
25500000,320,0.5,0.5,524.1402593,66.87980045,5.438126413,1.517347122,255
25500000,320,0.596,0.404,572.5925634,52.25105003,4.294121111,1.353631207,255
25500000,320,0.692,0.308,616.0407622,39.17297931,4.260080952,1.288706986,255
25500000,320,0.788,0.212,655.2324484,27.33030707,2.207545611,0.489092133,255
25500000,320,0.884,0.116,692.5061442,15.03341106,5.702403256,0.287102081,255
25500000,320,0.98,0.02,731.3881369,2.69348297,5.549214468,0.137425424,255
25500000,340,0.02,0.98,35.01682491,196.7235157,0.544986749,0.816415828,255
25500000,340,0.116,0.884,172.3332533,158.3210028,2.800347256,1.467351798,255
25500000,340,0.212,0.788,276.4911088,127.890132,4.225065174,0.789981112,255
25500000,340,0.308,0.692,361.3180337,103.6533603,3.835343971,1.607718304,255
25500000,340,0.404,0.596,429.4105072,83.74887096,6.372187605,1.460090157,255
25500000,340,0.5,0.5,487.7597283,66.43777684,4.150579224,0.771326406,255
25500000,340,0.596,0.404,537.7986887,51.8489753,4.25617405,1.383810046,255
25500000,340,0.692,0.308,581.7487074,38.35841993,3.357768944,0.680033588,255
25500000,340,0.788,0.212,622.2065363,26.36553326,3.013816026,0.325721254,255
25500000,340,0.884,0.116,662.8013904,14.24858956,2.851017688,0.365802703,255
25500000,340,0.98,0.02,699.2507524,2.550230587,3.276081748,0.049142129,255
25500000,360,0.02,0.98,29.07190978,185.5733018,0.350649384,0.968715299,255
25500000,360,0.116,0.884,148.5035836,152.7274299,1.174766668,0.896325264,255
25500000,360,0.212,0.788,243.8910025,125.5028465,1.376802419,0.657115218,255
25500000,360,0.308,0.692,323.6238057,102.7175288,3.031179136,0.998869577,255
25500000,360,0.404,0.596,390.9479555,83.15089751,3.014111729,0.788894389,255
25500000,360,0.5,0.5,449.937022,66.18628122,2.321957964,0.560279078,255
25500000,360,0.596,0.404,500.9829864,51.2120807,3.83023722,0.413307844,255
25500000,360,0.692,0.308,548.0287581,37.65780604,3.009035437,0.411066442,255
25500000,360,0.788,0.212,589.2675493,25.39847192,5.835220428,0.81237399,255
25500000,360,0.884,0.116,628.7085542,13.78498361,2.458442433,0.41755135,255
25500000,360,0.98,0.02,666.525714,2.369151087,5.22240047,0.064513153,255
25500000,380,0.02,0.98,24.59126483,174.327078,0.419841039,1.13778634,255
25500000,380,0.116,0.884,127.4072363,146.1570487,1.342293287,0.890874278,255
25500000,380,0.212,0.788,215.3049097,121.5805292,2.662835095,1.298227616,255
25500000,380,0.308,0.692,290.2222788,100.2150379,2.22979533,0.947337808,255
25500000,380,0.404,0.596,355.3923039,81.97577046,3.72418751,0.618781885,255
25500000,380,0.5,0.5,413.0394864,65.43709877,2.271183495,0.511740979,255
25500000,380,0.596,0.404,464.7228412,50.6573051,2.126938304,0.292455572,255
25500000,380,0.692,0.308,509.3919016,37.50477364,3.349931198,0.556798426,255
25500000,380,0.788,0.212,552.5869629,25.17757615,1.752250999,0.06336363,255
25500000,380,0.884,0.116,593.2507388,13.43751121,2.006768351,0.243715186,255
25500000,380,0.98,0.02,630.8398566,2.295883841,3.57688959,0.033584484,255
25500000,400,0.02,0.98,20.75492059,163.9515078,0.464697411,1.519511246,255
25500000,400,0.116,0.884,110.4858413,139.4904919,1.209186611,0.818063374,255
25500000,400,0.212,0.788,189.8239352,117.447693,1.800563133,0.81047353,255
25500000,400,0.308,0.692,260.0181601,97.53402033,2.868087893,1.073212049,255
25500000,400,0.404,0.596,322.5607914,80.17362829,1.872850012,0.82031981,255
25500000,400,0.5,0.5,378.574036,64.24098612,4.308832847,0.810219679,255
25500000,400,0.596,0.404,426.3966783,50.21514887,1.290288963,0.257748754,255
25500000,400,0.692,0.308,473.3044246,37.00917542,2.610435641,0.410187491,255
25500000,400,0.788,0.212,517.5206743,24.73548623,2.236766503,0.39355317,255
25500000,400,0.884,0.116,555.4172124,13.26757098,2.261167166,0.250298624,255
25500000,400,0.98,0.02,593.7726533,2.235612415,2.054743202,0.032359655,255
27000000,200,0.02,0.98,182.6633412,238.8555303,15.5414143,5.889567436,270
27000000,200,0.116,0.884,439.2907848,155.5450693,27.78919442,9.817230109,270
27000000,200,0.212,0.788,545.9220058,121.2394884,23.32312117,6.074106911,270
27000000,200,0.308,0.692,662.1319942,83.46084117,25.48453337,7.158083138,270
27000000,200,0.404,0.596,704.9812643,70.33436765,39.40601873,10.29118261,270
27000000,200,0.5,0.5,755.3440118,55.29067929,24.69873137,3.254234754,270
27000000,200,0.596,0.404,772.904252,48.22609234,17.83579904,4.4213874,270
27000000,200,0.692,0.308,803.7226658,38.30113224,17.54201479,2.645832632,270
27000000,200,0.788,0.212,830.0156992,28.88990482,16.81054625,3.69369305,270
27000000,200,0.884,0.116,866.7295645,18.29963834,5.73398388,1.473804118,270
27000000,200,0.98,0.02,899.4207785,5.589561478,10.49964255,0.902023046,270
27000000,220,0.02,0.98,131.0968262,246.4123008,9.848570314,1.79024048,270
27000000,220,0.116,0.884,383.0713203,165.3214063,7.528540072,3.374057095,270
27000000,220,0.212,0.788,501.3015906,126.6458155,16.24494127,3.679169474,270
27000000,220,0.308,0.692,586.4693966,98.80041648,8.645672356,3.460149095,270
27000000,220,0.404,0.596,660.8920381,75.29436126,14.28421074,3.008046243,270
27000000,220,0.5,0.5,694.1899095,64.36583881,27.03885606,7.285629034,270
27000000,220,0.596,0.404,729.0354301,52.38604741,20.13248613,4.847454998,270
27000000,220,0.692,0.308,764.0909894,42.60244999,5.743011101,1.497731452,270
27000000,220,0.788,0.212,803.787496,29.72263182,16.44091402,4.090470551,270
27000000,220,0.884,0.116,841.7530468,18.90729234,12.50892101,1.799327885,270
27000000,220,0.98,0.02,880.3103432,4.228282578,18.45226015,0.873617392,270
27000000,240,0.02,0.98,99.32951001,246.2556216,3.318133369,1.064254917,270
27000000,240,0.116,0.884,342.9444616,168.7366546,5.944120844,3.285536878,270
27000000,240,0.212,0.788,459.3891297,131.4025174,12.27649412,3.859515105,270
27000000,240,0.308,0.692,547.6325941,102.2015085,21.06682544,7.108636261,270
27000000,240,0.404,0.596,612.1116736,80.92509827,11.52248726,4.053221886,270
27000000,240,0.5,0.5,653.0708677,68.00108768,15.7021251,4.63343804,270
27000000,240,0.596,0.404,699.6414609,53.77093097,4.400102732,1.545184736,270
27000000,240,0.692,0.308,739.6025617,42.31213268,4.023893201,2.368766219,270
27000000,240,0.788,0.212,777.0545632,29.39163626,11.88564134,2.06478232,270
27000000,240,0.884,0.116,814.03766,17.5664686,6.778730983,1.202630627,270
27000000,240,0.98,0.02,853.2702628,3.695619757,4.953167349,0.671455658,270
27000000,260,0.02,0.98,77.88928115,240.9446082,2.153918745,0.921174857,270
27000000,260,0.116,0.884,306.6795882,169.1038196,11.18106512,3.418155443,270
27000000,260,0.212,0.788,428.2575672,130.187574,8.395481201,2.984279796,270
27000000,260,0.308,0.692,507.8998991,105.061517,17.90224418,6.242440777,270
27000000,260,0.404,0.596,572.7447733,84.6114353,10.12689455,2.65103706,270
27000000,260,0.5,0.5,622.6898982,68.62057716,11.78193727,3.064976029,270
27000000,260,0.596,0.404,670.2484009,54.00323123,13.22835887,3.724617055,270
27000000,260,0.692,0.308,707.021459,41.68385776,5.342195474,1.148798358,270
27000000,260,0.788,0.212,742.9765479,30.44061767,4.239730894,1.111328307,270
27000000,260,0.884,0.116,783.908737,17.72709294,8.775006357,1.255152045,270
27000000,260,0.98,0.02,825.816197,3.27955463,8.976299782,0.349205737,270
27000000,280,0.02,0.98,62.89560544,232.1154742,1.434982527,0.876061358,270
27000000,280,0.116,0.884,266.0857343,169.8854585,6.878905478,1.990262033,270
27000000,280,0.212,0.788,390.2070916,132.1810399,4.306038837,1.960190568,270
27000000,280,0.308,0.692,472.9292645,105.7998254,6.347589011,1.383573373,270
27000000,280,0.404,0.596,534.5362685,86.15846822,5.313664108,1.72709164,270
27000000,280,0.5,0.5,590.3612056,68.51356057,7.855703815,3.153758524,270
27000000,280,0.596,0.404,635.1266475,54.91834244,8.650194664,2.104097048,270
27000000,280,0.692,0.308,674.7254088,42.02559476,8.720645144,2.153194049,270
27000000,280,0.788,0.212,715.0974946,29.90318088,8.679754951,1.016769068,270
27000000,280,0.884,0.116,754.5924185,16.99548137,3.868781013,0.277731848,270
27000000,280,0.98,0.02,795.8453941,3.135606041,6.33191167,0.265064969,270
27000000,300,0.02,0.98,52.07888228,221.3461837,0.286130056,0.867880745,270
27000000,300,0.116,0.884,231.6164649,167.8735598,5.192861586,1.987014554,270
27000000,300,0.212,0.788,349.6820685,132.1616124,5.51811432,1.640077475,270
27000000,300,0.308,0.692,436.6029252,105.8143794,7.389500844,2.139550885,270
27000000,300,0.404,0.596,501.9230689,85.59666426,4.086448037,1.050864316,270
27000000,300,0.5,0.5,556.6550771,68.50653222,5.711850778,1.281112324,270
27000000,300,0.596,0.404,603.1905729,54.13421715,3.95333608,0.924596968,270
27000000,300,0.692,0.308,644.9046336,41.55635286,4.958538263,0.949111943,270
27000000,300,0.788,0.212,683.6576934,28.76243307,5.94861892,1.25057417,270
27000000,300,0.884,0.116,724.7139963,16.17548497,4.256576481,0.578647988,270
27000000,300,0.98,0.02,766.3028521,2.81793783,5.103559908,0.195201922,270
27000000,320,0.02,0.98,42.01520715,210.8999984,0.746451785,1.568770662,270
27000000,320,0.116,0.884,200.1497496,164.7064588,4.98562413,2.521283,270
27000000,320,0.212,0.788,312.2920784,131.7482327,2.105871805,1.650921824,270
27000000,320,0.308,0.692,399.7403052,105.3414907,6.635214251,1.773196466,270
27000000,320,0.404,0.596,466.0186257,85.85658064,2.900422123,0.926469991,270
27000000,320,0.5,0.5,524.1709014,67.92990905,2.849935863,0.696310127,270
27000000,320,0.596,0.404,571.4150734,53.34316297,5.047123191,1.072058289,270
27000000,320,0.692,0.308,615.3592728,40.06057386,2.729999837,1.319039158,270
27000000,320,0.788,0.212,656.2800962,27.7935815,4.440018712,0.544673045,270
27000000,320,0.884,0.116,695.2972956,15.50434374,2.347352998,0.402351479,270
27000000,320,0.98,0.02,732.2794832,2.842603364,0.951450755,0.172272674,270
27000000,340,0.02,0.98,35.07501747,199.3858021,0.609936907,1.486709057,270
27000000,340,0.116,0.884,171.3138834,160.1163156,3.01569731,1.281931351,270
27000000,340,0.212,0.788,277.6521412,129.6698299,7.054407313,1.578233538,270
27000000,340,0.308,0.692,359.613992,105.5389145,5.929670274,1.286730303,270
27000000,340,0.404,0.596,429.7476603,84.95108368,9.172616223,2.103908403,270
27000000,340,0.5,0.5,487.9681304,67.70765402,2.363696145,0.475611296,270
27000000,340,0.596,0.404,538.1733033,52.94006051,4.964816909,1.407008646,270
27000000,340,0.692,0.308,582.5156671,39.32064099,4.859524649,1.352056897,270
27000000,340,0.788,0.212,623.879845,26.85834666,5.036759596,0.377558283,270
27000000,340,0.884,0.116,662.9094104,14.81725611,5.09408455,0.321421894,270
27000000,340,0.98,0.02,702.0070792,2.585239732,4.448648062,0.06308688,270
27000000,360,0.02,0.98,29.04735979,188.197297,0.468475841,1.144862115,270
27000000,360,0.116,0.884,147.5128553,154.6931801,2.135608653,1.179103241,270
27000000,360,0.212,0.788,243.9990225,127.2646751,4.885908641,1.416084673,270
27000000,360,0.308,0.692,324.3717619,104.2301493,6.145406112,0.998545792,270
27000000,360,0.404,0.596,391.7183704,84.26439388,3.01182178,1.09867965,270
27000000,360,0.5,0.5,450.1941603,67.79103281,1.906128026,0.671792706,270
27000000,360,0.596,0.404,503.4658991,51.97286656,2.544943597,0.70992409,270
27000000,360,0.692,0.308,547.3890947,38.69475306,1.084940234,0.582435962,270
27000000,360,0.788,0.212,589.4350348,26.08870905,2.712302861,0.295894975,270
27000000,360,0.884,0.116,629.284024,14.20469552,3.017753748,0.435367858,270
27000000,360,0.98,0.02,668.0332649,2.452032586,3.096381627,0.027395043,270
27000000,380,0.02,0.98,24.61845167,177.0136984,0.453833444,0.534535988,270
27000000,380,0.116,0.884,127.841862,148.3998221,2.281058362,1.367783588,270
27000000,380,0.212,0.788,216.1035116,123.5550318,1.686943107,1.133824625,270
27000000,380,0.308,0.692,291.8638545,101.7769232,4.035835889,1.232715586,270
27000000,380,0.404,0.596,356.1670833,83.69145065,2.625201433,0.73979794,270
27000000,380,0.5,0.5,415.8018143,66.3136535,3.384688379,0.499811876,270
27000000,380,0.596,0.404,464.54399,51.80302579,2.246457014,0.484747043,270
27000000,380,0.692,0.308,511.9450091,38.31555362,2.511583326,0.226994725,270
27000000,380,0.788,0.212,556.2280893,25.51672725,3.696689113,0.429929019,270
27000000,380,0.884,0.116,595.2850233,13.84585178,3.340916474,0.254764216,270
27000000,380,0.98,0.02,632.3817774,2.359271612,2.499723578,0.04603434,270
27000000,400,0.02,0.98,21.07088798,166.569668,0.261037131,0.506304941,270
27000000,400,0.116,0.884,111.723797,141.3670285,0.739986649,0.824064975,270
27000000,400,0.212,0.788,191.3624919,119.3858603,1.197007947,0.673440647,270
27000000,400,0.308,0.692,261.1917403,99.24704831,2.648030082,0.738203085,270
27000000,400,0.404,0.596,324.3002941,81.50974437,3.652139666,0.6889709,270
27000000,400,0.5,0.5,379.0313022,65.81782322,3.678215741,0.938417572,270
27000000,400,0.596,0.404,430.7769411,50.9563084,2.405918314,0.334284527,270
27000000,400,0.692,0.308,475.2135042,37.90117927,1.456331611,0.553988708,270
27000000,400,0.788,0.212,519.1850723,25.28505688,3.442070904,0.325638438,270
27000000,400,0.884,0.116,558.625077,13.62893432,2.081286623,0.193349486,270
27000000,400,0.98,0.02,598.218019,2.30708942,2.479891634,0.039002452,270
28500000,200,0.02,0.98,177.6112272,241.1386836,18.87546234,7.432896393,285
28500000,200,0.116,0.884,423.756282,162.4754214,13.58967534,8.48562481,285
28500000,200,0.212,0.788,556.4404921,117.5757615,32.46705833,8.568111863,285
28500000,200,0.308,0.692,651.0958669,88.29614785,37.88883597,8.10354219,285
28500000,200,0.404,0.596,700.5993649,70.08608783,37.88110332,11.77450981,285
28500000,200,0.5,0.5,749.4273746,57.07239946,19.9460887,5.008683631,285
28500000,200,0.596,0.404,767.4376978,49.98298122,13.57830323,2.027198905,285
28500000,200,0.692,0.308,814.3216215,37.00383786,15.8876312,3.317132789,285
28500000,200,0.788,0.212,834.0077995,30.18786225,15.15351065,3.764879978,285
28500000,200,0.884,0.116,863.8959508,19.88642122,17.33429527,3.709439233,285
28500000,200,0.98,0.02,899.403048,4.705249031,13.63632888,0.41778288,285
28500000,220,0.02,0.98,132.5391833,246.1580866,11.07220263,2.776127376,285
28500000,220,0.116,0.884,386.0781479,164.4938843,8.936035174,3.442905667,285
28500000,220,0.212,0.788,496.9558797,128.0300028,28.24379785,10.07606187,285
28500000,220,0.308,0.692,594.3080248,96.26132517,25.60057005,8.773082491,285
28500000,220,0.404,0.596,646.5365711,79.99241618,35.43804378,9.791826035,285
28500000,220,0.5,0.5,688.9233923,66.43257188,4.963952918,2.430214179,285
28500000,220,0.596,0.404,736.172747,51.07569091,21.76766964,5.926892879,285
28500000,220,0.692,0.308,773.3383321,41.19760858,13.69933945,2.832603093,285
28500000,220,0.788,0.212,797.6626385,31.47660327,20.15329571,2.38160577,285
28500000,220,0.884,0.116,837.3720566,19.59491041,10.53757036,1.988211838,285
28500000,220,0.98,0.02,881.4422793,4.188797832,15.64912457,0.724041194,285
28500000,240,0.02,0.98,99.61328965,246.5103993,2.791239899,2.455079954,285
28500000,240,0.116,0.884,341.3237989,169.4617351,12.1840283,4.669432541,285
28500000,240,0.212,0.788,462.2964844,130.3966343,13.95670858,3.303228033,285
28500000,240,0.308,0.692,539.5611957,104.6399486,14.44857535,4.330800243,285
28500000,240,0.404,0.596,605.631296,84.3583152,7.425474128,2.659955118,285
28500000,240,0.5,0.5,652.7782682,68.73962815,20.27554608,5.845675094,285
28500000,240,0.596,0.404,693.5657943,56.22196897,14.6403267,4.575210721,285
28500000,240,0.692,0.308,734.4109674,42.66961716,10.58088771,3.058180594,285
28500000,240,0.788,0.212,769.3743279,31.27937845,10.95581838,2.787096792,285
28500000,240,0.884,0.116,812.0695696,18.52673365,17.82436875,1.486125118,285
28500000,240,0.98,0.02,855.3039108,3.660511154,7.296970129,0.355025704,285
28500000,260,0.02,0.98,76.47829352,242.1137347,1.840968261,0.90528916,285
28500000,260,0.116,0.884,301.2464948,171.8482913,9.410858785,3.441445369,285
28500000,260,0.212,0.788,422.110251,132.9161988,5.370757655,2.806430148,285
28500000,260,0.308,0.692,502.7461299,107.5754124,11.47318651,3.052404923,285
28500000,260,0.404,0.596,573.1594861,85.06817867,8.61400427,3.38646304,285
28500000,260,0.5,0.5,625.8603014,68.65784068,3.154470155,1.468692626,285
28500000,260,0.596,0.404,667.2863089,55.386424,7.647732431,2.452622408,285
28500000,260,0.692,0.308,709.7560545,42.21357,9.326089899,2.942511653,285
28500000,260,0.788,0.212,743.8150663,30.3982818,13.45407655,1.946951642,285
28500000,260,0.884,0.116,779.7335121,17.66264429,5.360150493,1.306840642,285
28500000,260,0.98,0.02,826.5564245,3.286085692,9.643696964,0.601360563,285
28500000,280,0.02,0.98,62.66556299,233.7863321,2.080482218,2.774926201,285
28500000,280,0.116,0.884,265.6029179,170.9725985,2.986632334,1.053547205,285
28500000,280,0.212,0.788,383.5257678,134.4933011,4.892686393,1.460118511,285
28500000,280,0.308,0.692,471.1553917,107.0008778,1.998424877,0.797468609,285
28500000,280,0.404,0.596,540.1070237,85.58363529,6.518205071,1.654156778,285
28500000,280,0.5,0.5,586.3169139,70.19893928,8.00437258,1.866704986,285
28500000,280,0.596,0.404,631.6864673,56.01940659,7.33958171,1.99940108,285
28500000,280,0.692,0.308,676.378623,42.95466321,8.852887378,1.353233051,285
28500000,280,0.788,0.212,713.4984723,30.4128358,5.107951311,1.95982484,285
28500000,280,0.884,0.116,756.332285,16.84931156,8.703925424,1.883163657,285
28500000,280,0.98,0.02,797.1610915,3.171444002,5.183878302,0.3310639,285
28500000,300,0.02,0.98,50.91557671,223.5790776,0.746411689,1.280275054,285
28500000,300,0.116,0.884,229.7792168,169.9351211,6.432556667,2.276443918,285
28500000,300,0.212,0.788,347.2527111,134.1176821,4.286051972,0.785172696,285
28500000,300,0.308,0.692,435.1896644,107.1431356,6.372539283,1.354478531,285
28500000,300,0.404,0.596,503.1669348,86.02996874,8.060217246,1.40565044,285
28500000,300,0.5,0.5,553.0613231,70.672922,7.279185114,1.273725635,285
28500000,300,0.596,0.404,605.0755571,54.56530041,5.992549021,1.321331385,285
28500000,300,0.692,0.308,645.079484,41.4708523,6.555059957,1.119722501,285
28500000,300,0.788,0.212,685.6603356,29.25342308,3.470014324,0.594199868,285
28500000,300,0.884,0.116,725.4188536,16.52643839,6.469301919,0.843112483,285
28500000,300,0.98,0.02,768.1062757,2.89418881,5.87500152,0.22909405,285
28500000,320,0.02,0.98,42.38045637,212.4116243,1.127423191,0.48291086,285
28500000,320,0.116,0.884,198.100917,166.767788,5.371279139,0.695496399,285
28500000,320,0.212,0.788,311.1952396,133.3971104,5.055710842,1.637735477,285
28500000,320,0.308,0.692,394.5363449,107.9885932,1.915753406,0.889614701,285
28500000,320,0.404,0.596,465.5137144,86.3801928,5.217003959,0.807079124,285
28500000,320,0.5,0.5,520.0607793,69.68630063,5.481180488,1.111253809,285
28500000,320,0.596,0.404,570.9429863,54.42818126,6.971412421,1.451354961,285
28500000,320,0.692,0.308,615.4197385,40.86919892,7.424306696,1.612761135,285
28500000,320,0.788,0.212,655.4403958,28.11131601,5.483701403,0.648396597,285
28500000,320,0.884,0.116,696.1466342,15.72331666,6.642271372,0.763906673,285
28500000,320,0.98,0.02,735.9013333,2.810180122,3.163562635,0.079949885,285
28500000,340,0.02,0.98,34.81069597,201.3337826,0.917411391,0.711446554,285
28500000,340,0.116,0.884,171.2135922,162.7695844,1.948257837,1.487131052,285
28500000,340,0.212,0.788,275.84208,131.6908787,4.098791456,1.600512183,285
28500000,340,0.308,0.692,360.0259771,106.6027814,3.301161197,0.897613888,285
28500000,340,0.404,0.596,428.3328538,86.32568993,5.839182494,1.238958233,285
28500000,340,0.5,0.5,486.7409039,69.0023625,5.482054866,1.47865952,285
28500000,340,0.596,0.404,538.1065637,53.40830783,5.556284829,1.562410247,285
28500000,340,0.692,0.308,583.0858632,40.20147241,3.171101285,1.101510251,285
28500000,340,0.788,0.212,623.7730981,27.2222959,5.257057426,0.920668633,285
28500000,340,0.884,0.116,663.141726,14.9823229,2.051301103,0.22064902,285
28500000,340,0.98,0.02,703.0539996,2.66606577,2.813087942,0.045067347,285
28500000,360,0.02,0.98,29.32641128,190.2383036,0.736383994,1.144473105,285
28500000,360,0.116,0.884,149.1598865,156.184583,2.096116663,0.697402092,285
28500000,360,0.212,0.788,245.5418526,128.3748893,3.412795447,1.561131707,285
28500000,360,0.308,0.692,324.3075682,105.7175738,1.072096424,0.709981749,285
28500000,360,0.404,0.596,392.8754021,85.74658032,2.943186379,0.959028684,285
28500000,360,0.5,0.5,451.4031107,68.39198998,2.43565937,0.770679628,285
28500000,360,0.596,0.404,504.1800308,53.10075116,3.361813171,0.679583485,285
28500000,360,0.692,0.308,547.3141717,39.91082357,4.345343582,1.18593404,285
28500000,360,0.788,0.212,592.8488465,26.53321911,4.424273647,0.324895708,285
28500000,360,0.884,0.116,630.3733159,14.48085668,1.886737896,0.374992068,285
28500000,360,0.98,0.02,671.6672991,2.482665588,0.768767243,0.038772047,285
28500000,380,0.02,0.98,24.80057618,179.5373074,0.443869284,0.806486925,285
28500000,380,0.116,0.884,129.2476668,150.0899748,0.727829312,1.023640824,285
28500000,380,0.212,0.788,217.1056965,125.1803711,3.363902877,0.760330383,285
28500000,380,0.308,0.692,291.902407,103.7261303,2.173584999,0.60796418,285
28500000,380,0.404,0.596,358.270926,84.53717347,2.703938709,0.4416149,285
28500000,380,0.5,0.5,414.798902,68.11029234,2.775201541,0.792514617,285
28500000,380,0.596,0.404,468.2048473,52.53221723,3.678245707,1.155404558,285
28500000,380,0.692,0.308,513.5822203,39.15995034,1.85984783,0.44896957,285
28500000,380,0.788,0.212,557.5215097,26.29833294,2.274382677,0.662296031,285
28500000,380,0.884,0.116,597.960517,14.09386638,1.870171132,0.312939849,285
28500000,380,0.98,0.02,636.4251599,2.432141026,3.240146251,0.062353898,285
28500000,400,0.02,0.98,21.12926239,168.9400126,0.292456042,0.442565378,285
28500000,400,0.116,0.884,112.9554788,143.5858989,2.228411466,0.854996743,285
28500000,400,0.212,0.788,192.9095955,120.8650961,1.721893629,0.341063854,285
28500000,400,0.308,0.692,264.1180075,100.6764558,3.373036617,0.700913623,285
28500000,400,0.404,0.596,326.1051726,83.07700037,2.271955125,0.634387782,285
28500000,400,0.5,0.5,380.8274518,66.78050841,2.988055157,0.666162919,285
28500000,400,0.596,0.404,433.6952069,52.14555846,2.770425275,0.895385867,285
28500000,400,0.692,0.308,479.6895119,38.38653334,3.428862526,0.499404469,285
28500000,400,0.788,0.212,523.8293838,25.70818351,1.946093141,0.352671616,285
28500000,400,0.884,0.116,563.6299096,13.77536935,2.58201771,0.232648156,285
28500000,400,0.98,0.02,601.5744565,2.361857515,1.315969136,0.07113519,285
30000000,200,0.02,0.98,168.3065103,245.165763,6.777442409,4.066361405,300
30000000,200,0.116,0.884,429.1912849,159.9837052,20.24123066,8.769287637,300
30000000,200,0.212,0.788,558.9264053,117.7826005,28.06126741,7.088058264,300
30000000,200,0.308,0.692,633.6016389,92.34729609,21.58496685,6.749086655,300
30000000,200,0.404,0.596,697.0698954,72.50649284,14.99921773,3.4752051,300
30000000,200,0.5,0.5,744.2302338,58.69584912,24.21086246,6.901868005,300
30000000,200,0.596,0.404,776.9348139,49.42240391,21.03051974,6.270289973,300
30000000,200,0.692,0.308,798.539073,41.69221221,20.85689164,4.670227747,300
30000000,200,0.788,0.212,830.00497,29.7809804,7.408257704,3.696716493,300
30000000,200,0.884,0.116,856.478764,20.13609345,10.28862245,2.008002623,300
30000000,200,0.98,0.02,896.1073489,5.041316935,16.26874488,1.637862934,300
30000000,220,0.02,0.98,131.0724581,247.5988655,2.531121442,1.862669973,300
30000000,220,0.116,0.884,381.5566772,167.4306411,15.35224475,4.558516789,300
30000000,220,0.212,0.788,496.7009235,128.9482967,30.9501478,9.946695221,300
30000000,220,0.308,0.692,583.2445288,101.8128606,19.25093279,6.606111108,300
30000000,220,0.404,0.596,649.1451433,79.13429429,20.07332032,4.992863712,300
30000000,220,0.5,0.5,698.0287087,64.11679648,27.33781588,5.625526094,300
30000000,220,0.596,0.404,736.8237762,51.57390818,23.73055759,4.898877464,300
30000000,220,0.692,0.308,759.6009791,43.53556307,15.85228807,5.30656099,300
30000000,220,0.788,0.212,793.8042902,32.93173718,26.10835677,5.637202027,300
30000000,220,0.884,0.116,834.8494093,18.8480818,19.31546045,3.636072354,300
30000000,220,0.98,0.02,882.7022391,4.138206964,11.8607519,0.55727793,300
30000000,240,0.02,0.98,97.57945982,248.2370199,3.085978239,2.520963968,300
30000000,240,0.116,0.884,339.3718933,170.2242449,3.905235273,1.315655609,300
30000000,240,0.212,0.788,467.5795501,128.4034337,8.606584733,3.325562027,300
30000000,240,0.308,0.692,541.0037346,105.0153355,4.134795323,1.72885054,300
30000000,240,0.404,0.596,610.0685693,82.83044448,6.505799641,2.348291828,300
30000000,240,0.5,0.5,659.4699575,68.29279741,12.78685229,2.5391707,300
30000000,240,0.596,0.404,698.0223439,54.58678329,13.01161128,2.943061726,300
30000000,240,0.692,0.308,732.8828673,42.74619967,8.198939052,2.432635635,300
30000000,240,0.788,0.212,771.5098128,31.44792627,8.398270816,1.726796249,300
30000000,240,0.884,0.116,814.1411337,18.3189,4.518070264,2.045287449,300
30000000,240,0.98,0.02,857.863474,3.650267001,10.87019321,0.488895894,300
30000000,260,0.02,0.98,76.38227581,243.4154715,0.52725872,1.451548902,300
30000000,260,0.116,0.884,299.8496007,172.705286,7.416125884,3.008754892,300
30000000,260,0.212,0.788,420.3010081,134.4489429,6.109478099,2.834492335,300
30000000,260,0.308,0.692,505.1836706,106.2917437,7.206964074,1.509121993,300
30000000,260,0.404,0.596,567.0458126,86.95568878,2.595087468,0.764159259,300
30000000,260,0.5,0.5,620.7726353,69.91448998,7.887508078,1.670311303,300
30000000,260,0.596,0.404,662.7602919,56.76964992,11.39689968,2.685727925,300
30000000,260,0.692,0.308,702.830322,44.12979027,11.61287033,3.63076579,300
30000000,260,0.788,0.212,741.4006208,31.66179369,5.841882214,1.0884748,300
30000000,260,0.884,0.116,786.01849,18.01770863,10.92093092,1.685419792,300
30000000,260,0.98,0.02,824.9698591,3.450456282,6.402272917,0.286153884,300
30000000,280,0.02,0.98,61.28048924,236.0478366,2.634505852,1.297425932,300
30000000,280,0.116,0.884,261.4358763,173.5969583,5.061864295,1.320401984,300
30000000,280,0.212,0.788,381.1320534,136.4093224,7.973119019,2.710806671,300
30000000,280,0.308,0.692,468.878608,108.3883473,4.773886462,1.933408749,300
30000000,280,0.404,0.596,535.2493092,87.48566624,11.7753346,3.550904264,300
30000000,280,0.5,0.5,586.5966019,70.54249968,9.494944037,1.78195942,300
30000000,280,0.596,0.404,634.2137518,56.08004269,10.18799896,1.366989145,300
30000000,280,0.692,0.308,676.3458896,42.97100745,8.91400288,2.314723374,300
30000000,280,0.788,0.212,714.2984381,30.58738423,3.774193226,0.974041761,300
30000000,280,0.884,0.116,755.1586139,17.2145869,6.352685569,0.942900564,300
30000000,280,0.98,0.02,796.3951319,3.217625573,4.453131925,0.118523581,300
30000000,300,0.02,0.98,50.75518348,224.9305101,1.498714229,1.144976602,300
30000000,300,0.116,0.884,226.9336918,171.6535529,3.952382443,1.201108195,300
30000000,300,0.212,0.788,343.3870888,136.548928,4.87809315,2.261197551,300
30000000,300,0.308,0.692,433.8268675,108.31203,7.995858458,1.706830555,300
30000000,300,0.404,0.596,498.5971825,88.24555698,5.433287382,1.483138122,300
30000000,300,0.5,0.5,556.2072672,70.62902796,7.364895695,2.316133117,300
30000000,300,0.596,0.404,604.8728833,55.63752179,7.702976098,1.964328394,300
30000000,300,0.692,0.308,645.393542,42.39760008,8.583129132,1.555215426,300
30000000,300,0.788,0.212,688.241721,29.40154889,5.422489281,1.516941262,300
30000000,300,0.884,0.116,727.7654685,16.5636356,7.266340323,1.473006841,300
30000000,300,0.98,0.02,767.2113833,2.998752109,3.731528853,0.158261581,300
30000000,320,0.02,0.98,41.81126043,214.4789541,0.399065505,1.278336054,300
30000000,320,0.116,0.884,196.4910745,168.7799187,2.685539424,0.708156089,300
30000000,320,0.212,0.788,309.7657941,134.6286632,4.038198991,1.847844327,300
30000000,320,0.308,0.692,393.9411442,109.4429646,3.156387434,0.932969967,300
30000000,320,0.404,0.596,463.5578989,88.31070184,3.121513664,1.431939061,300
30000000,320,0.5,0.5,521.1268851,70.57754197,3.69418645,1.014385204,300
30000000,320,0.596,0.404,568.9700768,55.6701771,6.588286432,1.93245299,300
30000000,320,0.692,0.308,616.2134304,41.55648547,5.188026961,0.848421716,300
30000000,320,0.788,0.212,655.7003529,28.82701434,3.344426963,0.676497235,300
30000000,320,0.884,0.116,696.9961546,16.0432724,4.056618205,0.576293487,300
30000000,320,0.98,0.02,738.592739,2.80862195,2.299853071,0.172552782,300
30000000,340,0.02,0.98,34.58929148,203.4004493,0.311319658,0.733281352,300
30000000,340,0.116,0.884,170.6941327,164.0752001,2.303405154,1.284626034,300
30000000,340,0.212,0.788,274.6836844,133.207577,2.554220295,1.117624592,300
30000000,340,0.308,0.692,360.3853162,107.9835209,2.497159725,1.628792045,300
30000000,340,0.404,0.596,428.9165069,87.74183638,4.140499706,0.75544942,300
30000000,340,0.5,0.5,487.1157913,69.88694017,2.601730309,0.644128979,300
30000000,340,0.596,0.404,537.5048163,54.92649798,2.696982384,0.990325649,300
30000000,340,0.692,0.308,583.8802825,40.69488255,3.996063487,0.909178256,300
30000000,340,0.788,0.212,625.874213,27.98623125,4.318585759,0.566160659,300
30000000,340,0.884,0.116,666.7416629,15.23056957,5.830470143,0.691661716,300
30000000,340,0.98,0.02,707.7064945,2.660297218,4.392116378,0.11536617,300
30000000,360,0.02,0.98,29.09100421,192.6937841,0.422288005,1.813532708,300
30000000,360,0.116,0.884,148.3148215,158.4698249,2.131995794,0.774334326,300
30000000,360,0.212,0.788,245.0219385,130.8891825,2.056584071,0.927850941,300
30000000,360,0.308,0.692,326.5607112,106.4862832,4.043615656,1.086015643,300
30000000,360,0.404,0.596,392.988332,87.2352315,1.86008313,1.068094187,300
30000000,360,0.5,0.5,449.922292,69.87046333,2.808174082,0.78691807,300
30000000,360,0.596,0.404,503.8039615,54.16494961,4.872852105,0.529185308,300
30000000,360,0.692,0.308,550.5444951,39.81942185,4.07461555,0.760446931,300
30000000,360,0.788,0.212,592.1533545,27.1694175,3.996920935,0.909475444,300
30000000,360,0.884,0.116,633.0002552,14.87504109,5.80619319,0.384621735,300
30000000,360,0.98,0.02,672.5965615,2.596577921,1.399490915,0.06434256,300
30000000,380,0.02,0.98,24.91541555,181.7733177,0.634758795,0.674007197,300
30000000,380,0.116,0.884,128.9949839,152.533222,0.638605873,0.477084392,300
30000000,380,0.212,0.788,217.7756383,126.79235,1.490632709,0.65115354,300
30000000,380,0.308,0.692,292.715648,105.3162948,2.515547038,0.743345153,300
30000000,380,0.404,0.596,357.7403736,86.19006264,2.120640902,0.976692664,300
30000000,380,0.5,0.5,418.1987111,68.69626455,3.644032327,0.840336352,300
30000000,380,0.596,0.404,468.4325257,53.78064468,3.257473551,1.167534067,300
30000000,380,0.692,0.308,517.0805021,39.48355286,3.494137453,0.612347289,300
30000000,380,0.788,0.212,561.0657092,26.46638347,5.045943319,0.428377005,300
30000000,380,0.884,0.116,600.4553409,14.35295395,2.193467654,0.329110145,300
30000000,380,0.98,0.02,639.9867261,2.45819897,3.397351745,0.081320726,300
30000000,400,0.02,0.98,21.39767555,171.4817561,0.187671874,1.278468062,300
30000000,400,0.116,0.884,114.0054907,145.3759403,1.602873271,0.639585001,300
30000000,400,0.212,0.788,193.7871211,123.0887405,3.37821244,0.786989891,300
30000000,400,0.308,0.692,263.9289727,102.5948973,1.080012796,0.776878401,300
30000000,400,0.404,0.596,327.915143,84.11159355,1.590291558,0.523339401,300
30000000,400,0.5,0.5,383.7987273,67.85514994,1.964978544,0.816250094,300
30000000,400,0.596,0.404,435.3576045,52.82936398,1.623918803,0.322359106,300
30000000,400,0.692,0.308,482.1586038,39.04719834,2.186328902,0.47963064,300
30000000,400,0.788,0.212,525.7827442,26.29438778,2.507001912,0.190130273,300
30000000,400,0.884,0.116,566.5237163,14.08541246,2.34545518,0.066516509,300
30000000,400,0.98,0.02,604.9962697,2.414271775,3.282498073,0.040469861,300
