Pressure [Pa],Mole fraction CH4,Mole Fraction CO2,Uptake_CH4 [mg/gr],Uptake_CO2 [mg/gr],Error_CH4 [mg/gr],Error_CO2 [mg/gr]
1,0,1.00,0.0000000000,0.0003571423,0.0000000000,0.0000000000
1,0.02,.98,0.0000000000,0.0003571423,0.0000000000,0.0000000000
1,0.04,.96,0.0000000000,0.0002857139,0.0000000000,0.0003709581
1,0.06,.94,0.0000260436,0.0002142854,0.0000722971,0.0003965708
1,0.08,.92,0.0000000000,0.0003571423,0.0000000000,0.0005430270
1,0.1,.90,0.0000000000,0.0002857139,0.0000000000,0.0001982854
1,0.12,.88,0.0000000000,0.0004285708,0.0000000000,0.0001982854
1,0.14,.86,0.0000260436,0.0002857139,0.0000722971,0.0003709581
1,0.16,.84,0.0000000000,0.0001428569,0.0000000000,0.0003965708
1,0.18,.82,0.0000000000,0.0001428569,0.0000000000,0.0003965708
1,0.2,.80,0.0000000000,0.0002142854,0.0000000000,0.0002428491
1,0.22,.78,0.0000000000,0.0000714285,0.0000000000,0.0001982854
1,0.24,.76,0.0000000000,0.0001428569,0.0000000000,0.0002428491
1,0.26,.74,0.0000260436,0.0004999993,0.0000722971,0.0009194117
1,0.28,.72,0.0000260436,0.0001428569,0.0000722971,0.0003965708
1,0.3,.70,0.0000000000,0.0002857139,0.0000000000,0.0003709581
1,0.32,.68,0.0000000000,0.0003571423,0.0000000000,0.0005430270
1,0.34,.66,0.0000260436,0.0002142854,0.0000722971,0.0003965708
1,0.36,.64,0.0000260436,0.0002142854,0.0000722971,0.0003965708
1,0.38,.62,0.0000260436,0.0000714285,0.0000722971,0.0001982854
1,0.4,.60,0.0000000000,0.0001428569,0.0000000000,0.0002428491
1,0.42,.58,0.0000000000,0.0000000000,0.0000000000,0.0000000000
1,0.44,.56,0.0000000000,0.0000000000,0.0000000000,0.0000000000
1,0.46,.54,0.0000260436,0.0000714285,0.0000722971,0.0001982854
1,0.48,.52,0.0000520873,0.0000714285,0.0000885455,0.0001982854
1,0.5,.50,0.0000260436,0.0000714285,0.0000722971,0.0001982854
1,0.52,.48,0.0000000000,0.0000000000,0.0000000000,0.0000000000
1,0.54,.46,0.0000260436,0.0000000000,0.0000722971,0.0000000000
1,0.56,.44,0.0000000000,0.0002142854,0.0000000000,0.0003965708
1,0.58,.42,0.0000000000,0.0002142854,0.0000000000,0.0003965708
1,0.6,.40,0.0000260436,0.0003571423,0.0000722971,0.0003135168
1,0.62,.38,0.0000260436,0.0001428569,0.0000722971,0.0002428491
1,0.64,.36,0.0000781309,0.0000000000,0.0000885455,0.0000000000
1,0.66,.34,0.0001041745,0.0000000000,0.0000722971,0.0000000000
1,0.68,.32,0.0000781309,0.0000714285,0.0001445942,0.0001982854
1,0.7,.30,0.0000781309,0.0000714285,0.0000885455,0.0001982854
1,0.72,.28,0.0000520873,0.0001428569,0.0001445942,0.0002428491
1,0.74,.26,0.0000781309,0.0000714285,0.0000885455,0.0001982854
1,0.76,.24,0.0000000000,0.0000000000,0.0000000000,0.0000000000
1,0.78,.22,0.0000260436,0.0002142854,0.0000722971,0.0002428491
1,0.8,.20,0.0000260436,0.0002142854,0.0000722971,0.0002428491
1,0.82,.18,0.0000781309,0.0000000000,0.0001445942,0.0000000000
1,0.84,.16,0.0000260436,0.0000000000,0.0000722971,0.0000000000
1,0.86,.14,0.0000000000,0.0000000000,0.0000000000,0.0000000000
1,0.88,.12,0.0001302181,0.0002142854,0.0001616612,0.0003965708
1,0.9,.10,0.0001302181,0.0002142854,0.0001616612,0.0003965708
1,0.92,.08,0.0001041745,0.0000714285,0.0001352555,0.0001982854
1,0.94,.06,0.0000520873,0.0000000000,0.0001445942,0.0000000000
1,0.96,.04,0.0000000000,0.0000000000,0.0000000000,0.0000000000
1,0.98,.02,0.0000520873,0.0000714285,0.0000885455,0.0001982854
1,1,0,0.0000260436,0.0000000000,0.0000722971,0.0000000000
20000.98,0,1.00,0.0000000000,7.1444181146,0.0000000000,0.1482531996
20000.98,0.02,.98,0.0241163983,7.0064183165,0.0034205778,0.0596918172
20000.98,0.04,.96,0.0478160986,6.8862756352,0.0017161999,0.0641573625
20000.98,0.06,.94,0.0742503797,6.6802045083,0.0017161999,0.0592642924
20000.98,0.08,.92,0.0966218551,6.6029903356,0.0027458628,0.1006416222
20000.98,0.1,.90,0.1221966965,6.4356334377,0.0031835365,0.1047940811
20000.98,0.12,.88,0.1412085440,6.2857765142,0.0018664699,0.0515250312
20000.98,0.14,.86,0.1668875599,6.1831338072,0.0055797726,0.0646326844
20000.98,0.16,.84,0.1919675725,5.9725626869,0.0061190437,0.0829857073
20000.98,0.18,.82,0.2166308870,5.8449200166,0.0029313780,0.0432419096
20000.98,0.2,.80,0.2406170672,5.7585630001,0.0039423474,0.0819850885
20000.98,0.22,.78,0.2647855527,5.5908489599,0.0070453522,0.0772089426
20000.98,0.24,.76,0.2898134780,5.4140635043,0.0064061520,0.0555717674
20000.98,0.26,.74,0.3126276950,5.3109207981,0.0071856561,0.0516890206
20000.98,0.28,.72,0.3290351798,5.1091353792,0.0056366249,0.0702547671
20000.98,0.3,.70,0.3638815524,4.9855641315,0.0121577427,0.0968171097
20000.98,0.32,.68,0.3833621852,4.8499214729,0.0091370788,0.0335966551
20000.98,0.34,.66,0.4094318555,4.6855645706,0.0041364435,0.1031611243
20000.98,0.36,.64,0.4382881939,4.5454933470,0.0083262605,0.0563978265
20000.98,0.38,.62,0.4531330611,4.3679936068,0.0091744716,0.0708718541
20000.98,0.4,.60,0.4804267819,4.2474223547,0.0134905318,0.0452816361
20000.98,0.42,.58,0.5073558919,4.1436367923,0.0061201114,0.0446531995
20000.98,0.44,.56,0.5266542193,3.9881370199,0.0086429068,0.0682173906
20000.98,0.46,.54,0.5496767853,3.8074229987,0.0126258366,0.0778730504
20000.98,0.48,.52,0.5760589792,3.6930660232,0.0067534941,0.0405002529
20000.98,0.5,.50,0.5997065922,3.5622090719,0.0103239409,0.0276257925
20000.98,0.52,.48,0.6248386920,3.4109235791,0.0120226417,0.0960608466
20000.98,0.54,.46,0.6502312280,3.2653523635,0.0093432649,0.0796832372
20000.98,0.56,.44,0.6763269420,3.1202097188,0.0035646213,0.0582648822
20000.98,0.58,.42,0.7037769245,2.9662099442,0.0163136145,0.0710429308
20000.98,0.6,.40,0.7186217918,2.8233530105,0.0127863725,0.0228041169
20000.98,0.62,.38,0.7416964450,2.6779960804,0.0065830080,0.0381855205
20000.98,0.64,.36,0.7631303498,2.5342820050,0.0115180661,0.0375710330
20000.98,0.66,.34,0.7947733563,2.3864965070,0.0257540625,0.0439308506
20000.98,0.68,.32,0.8162333047,2.2499967068,0.0251367385,0.0398166315
20000.98,0.7,.30,0.8451156867,2.1289254554,0.0184329271,0.0054030504
20000.98,0.72,.28,0.8639452288,1.9742828246,0.0159801959,0.0119053845
20000.98,0.74,.26,0.8929578290,1.8249973289,0.0138946878,0.0476266977
20000.98,0.76,.24,0.9104331025,1.6717832674,0.0130928645,0.0374058502
20000.98,0.78,.22,0.9486391029,1.5547120102,0.0124042750,0.0267509011
20000.98,0.8,.20,0.9610358692,1.3927122473,0.0169607227,0.0367211008
20000.98,0.82,.18,0.9805685892,1.2609981543,0.0148501498,0.0103289388
20000.98,0.84,.16,1.0120292903,1.1301412030,0.0130772858,0.0149984280
20000.98,0.86,.14,1.0286972114,0.9872128408,0.0076095926,0.0302594862
20000.98,0.88,.12,1.0509645122,0.8287845012,0.0194821591,0.0317544681
20000.98,0.9,.10,1.0762789174,0.6978561214,0.0111881964,0.0163840643
20000.98,0.92,.08,1.1168288441,0.5692848811,0.0194896027,0.0258399460
20000.98,0.94,.06,1.1257357645,0.4235708086,0.0167625642,0.0220912567
20000.98,0.96,.04,1.1578735998,0.2876424361,0.0252166674,0.0080213745
20000.98,0.98,.02,1.1774323635,0.1400712236,0.0095974240,0.0110106452
20000.98,1,0,1.2157946256,0.0000000000,0.0197916551,0.0000000000
40000.96,0,1.00,0.0000000000,14.4299788797,0.0000000000,0.1907243992
40000.96,0.02,.98,0.0485713638,14.1652649814,0.0044243231,0.1513962776
40000.96,0.04,.96,0.0959707644,13.8448368790,0.0080368569,0.3263686525
40000.96,0.06,.94,0.1462349640,13.5939801033,0.0074906921,0.2046559662
40000.96,0.08,.92,0.1911862637,13.2426234747,0.0013878409,0.1348652856
40000.96,0.1,.90,0.2380127045,12.9734095830,0.0054239698,0.1096383926
40000.96,0.12,.88,0.2876518570,12.7107671103,0.0028805657,0.1898704336
40000.96,0.14,.86,0.3377337512,12.4053389859,0.0058216009,0.1521318992
40000.96,0.16,.84,0.3872426855,12.0582680653,0.0056747473,0.1117054624
40000.96,0.18,.82,0.4356577876,11.7534827971,0.0094468836,0.0801864147
40000.96,0.2,.80,0.4799579966,11.4591975135,0.0038822268,0.1738086264
40000.96,0.22,.78,0.5301961525,11.2181978663,0.0061671170,0.1513516681
40000.96,0.24,.76,0.5785070801,10.8902697748,0.0190977979,0.0532253261
40000.96,0.26,.74,0.6292400649,10.6384844291,0.0131112155,0.0511958604
40000.96,0.28,.72,0.6808064458,10.3669848264,0.0143001230,0.0974071974
40000.96,0.3,.70,0.7287006753,10.0464852955,0.0097272528,0.0659499526
40000.96,0.32,.68,0.7760740323,9.7032715122,0.0107759076,0.1293849997
40000.96,0.34,.66,0.8243589162,9.5877716812,0.0125376610,0.2117314190
40000.96,0.36,.64,0.8613669098,9.1958436834,0.0121312737,0.1130638198
40000.96,0.38,.62,0.9125426362,8.9560583201,0.0156408406,0.1435064644
40000.96,0.4,.60,0.9682499538,8.5437017808,0.0181394437,0.0733231240
40000.96,0.42,.58,1.0116646795,8.3375592254,0.0132685383,0.0666681479
40000.96,0.44,.56,1.0662521211,8.0700596169,0.0121855483,0.0651348755
40000.96,0.46,.54,1.1140682197,7.7654886341,0.0118507729,0.0955905423
40000.96,0.48,.52,1.1594622611,7.4814176213,0.0233109129,0.0949924812
40000.96,0.5,.50,1.2073564906,7.1774180663,0.0044894117,0.0429522570
40000.96,0.52,.48,1.2479324610,6.8763470783,0.0150503930,0.0704906774
40000.96,0.54,.46,1.3060097486,6.5807760824,0.0161477658,0.0531994656
40000.96,0.56,.44,1.3480441621,6.2717765346,0.0119773421,0.0983488707
40000.96,0.58,.42,1.4022669929,5.9907769459,0.0168207732,0.0991676928
40000.96,0.6,.40,1.4566200418,5.6769202624,0.0056995621,0.0342560667
40000.96,0.62,.38,1.4926383776,5.4346349028,0.0228093078,0.0618693420
40000.96,0.64,.36,1.5493353529,5.1228496448,0.0193966552,0.0442392067
40000.96,0.66,.34,1.5955107031,4.8746357224,0.0106196798,0.0791342694
40000.96,0.68,.32,1.6445248085,4.5742790192,0.0300692093,0.0523835791
40000.96,0.7,.30,1.6955963605,4.2537794883,0.0157971248,0.0852411718
40000.96,0.72,.28,1.7405476602,3.9907798732,0.0201942659,0.0619411103
40000.96,0.74,.26,1.7857073089,3.6848517496,0.0288940707,0.0922200972
40000.96,0.76,.24,1.8467014827,3.4271378410,0.0234137172,0.0490280509
40000.96,0.78,.22,1.8897515976,3.1236382853,0.0236220220,0.0407962322
40000.96,0.8,.20,1.9118886803,2.8423529827,0.0127083633,0.0614697607
40000.96,0.82,.18,1.9668146890,2.5414962802,0.0173449034,0.0321050983
40000.96,0.84,.16,2.0138494789,2.2601395491,0.0436741855,0.0376254103
40000.96,0.86,.14,2.0711454576,1.9585685619,0.0377752215,0.0252901379
40000.96,0.88,.12,2.1256808120,1.6767118316,0.0346287298,0.0275848451
40000.96,0.9,.10,2.1694341048,1.3954265290,0.0185308502,0.0309753947
40000.96,0.92,.08,2.2105049042,1.1257126381,0.0201673945,0.0247042472
40000.96,0.94,.06,2.2591804425,0.8537844647,0.0294674799,0.0024805499
40000.96,0.96,.04,2.3022305574,0.5617134636,0.0101579366,0.0153987495
40000.96,0.98,.02,2.3605943249,0.2827138719,0.0433283811,0.0108315398
40000.96,1,0,2.4182549144,0.0000000000,0.0238304801,0.0000000000
60000.94,0,1.00,0.0000000000,21.6914682515,0.0000000000,0.1904478081
60000.94,0.02,.98,0.0738597253,21.2291832138,0.0020715361,0.3565885648
60000.94,0.04,.96,0.1435264268,20.8857551450,0.0051799755,0.2421513605
60000.94,0.06,.94,0.2180111992,20.3046131385,0.0091294960,0.1307481517
60000.94,0.08,.92,0.2950482470,19.9427565252,0.0068045752,0.2153833833
60000.94,0.1,.90,0.3648191229,19.4165430097,0.0092037654,0.1432310612
60000.94,0.12,.88,0.4339909955,19.0701149453,0.0069018183,0.2222598734
60000.94,0.14,.86,0.5105592580,18.5066157701,0.0130151863,0.2055036391
60000.94,0.16,.84,0.5771788551,18.0924735191,0.0120139435,0.3984762550
60000.94,0.18,.82,0.6548930372,17.7469025963,0.0073234508,0.1985283236
60000.94,0.2,.80,0.7289611116,17.2364747720,0.0084521163,0.1828777017
60000.94,0.22,.78,0.8045918035,16.9486180504,0.0125313017,0.1169133469
60000.94,0.24,.76,0.8672788130,16.3975474284,0.0085500309,0.1633194961
60000.94,0.26,.74,0.9523112542,16.0574764976,0.0118748962,0.1306232979
60000.94,0.28,.72,1.0204934690,15.5899771819,0.0150259760,0.1484544179
60000.94,0.3,.70,1.0870088916,15.1360492748,0.0190734925,0.3131054932
60000.94,0.32,.68,1.1530294853,14.6818356539,0.0101129416,0.1015438223
60000.94,0.34,.66,1.2407183764,14.2429791534,0.0122334953,0.1845681053
60000.94,0.36,.64,1.3084318058,13.8600511424,0.0142825677,0.0898012992
60000.94,0.38,.62,1.3814320915,13.3545518823,0.0074685047,0.1497971905
60000.94,0.4,.60,1.4465932455,12.9235525131,0.0125675375,0.1512207508
60000.94,0.42,.58,1.5152963328,12.4961959958,0.0250213804,0.0948073924
60000.94,0.44,.56,1.5951460923,12.0528395018,0.0255459045,0.1670350222
60000.94,0.46,.54,1.6662972804,11.5986258809,0.0160396963,0.1190965214
60000.94,0.48,.52,1.7360681564,11.1363408432,0.0100743627,0.1482610891
60000.94,0.5,.50,1.8139386003,10.8149841707,0.0243011325,0.1424529325
60000.94,0.52,.48,1.8768339588,10.2668421159,0.0279407511,0.0524195937
60000.94,0.54,.46,1.9591057755,9.8938426618,0.0178737693,0.1112040981
60000.94,0.56,.44,2.0289547824,9.3829862667,0.0154407227,0.1625606743
60000.94,0.58,.42,2.1088045419,9.0946295459,0.0207807344,0.0441123796
60000.94,0.6,.40,2.1635742888,8.5961302755,0.0285287447,0.1424948094
60000.94,0.62,.38,2.2410019910,8.1027738547,0.0227628566,0.0566202978
60000.94,0.64,.36,2.3146273237,7.6952744512,0.0294243455,0.1000690372
60000.94,0.66,.34,2.4028110438,7.3337035518,0.0421733576,0.1268471238
60000.94,0.68,.32,2.4668523218,6.8742756528,0.0214842263,0.0502478504
60000.94,0.7,.30,2.5358158454,6.4119906151,0.0123216205,0.0454703109
60000.94,0.72,.28,2.6118111481,5.9961340809,0.0322216051,0.1002299967
60000.94,0.74,.26,2.6796808393,5.5587061498,0.0377712778,0.0610332714
60000.94,0.76,.24,2.7510403765,5.0908496917,0.0267231959,0.0661666011
60000.94,0.78,.22,2.8102896273,4.7069931106,0.0192619902,0.0813366713
60000.94,0.8,.20,2.8847223124,4.2756365991,0.0360712941,0.0785473114
60000.94,0.82,.18,2.9775678416,3.8399943796,0.0306952099,0.0461711346
60000.94,0.84,.16,3.0562195943,3.4225664192,0.0131000484,0.0261281961
60000.94,0.86,.14,3.1054941360,2.9908527653,0.0549412356,0.0388313034
60000.94,0.88,.12,3.1864637714,2.5409248524,0.0342220862,0.0395200310
60000.94,0.9,.10,3.2734494846,2.1109969103,0.0362451944,0.0383867983
60000.94,0.92,.08,3.3248856474,1.7004260826,0.0333415104,0.0216744200
60000.94,0.94,.06,3.3947346542,1.2569981602,0.0338711371,0.0150115293
60000.94,0.96,.04,3.4742198029,0.8362844903,0.0460822468,0.0299348609
60000.94,0.98,.02,3.5476107430,0.4106422561,0.0714949129,0.0125891726
60000.94,1,0,3.6057661614,0.0000000000,0.0148681775,0.0000000000
80000.92,0,1.00,0.0000000000,29.1492430502,0.0000000000,0.3911507310
80000.92,0.02,.98,0.0956842845,28.2498157952,0.0054263784,0.2970669713
80000.92,0.04,.96,0.1945458915,27.9580305080,0.0105464606,0.7776785298
80000.92,0.06,.94,0.2929387132,27.2145315962,0.0041854344,0.1779962098
80000.92,0.08,.92,0.3902897899,26.4569612765,0.0086774602,0.3834850610
80000.92,0.1,.90,0.4876929537,26.2699615502,0.0153102675,0.3029041069
80000.92,0.12,.88,0.5779862075,25.4881055517,0.0051612743,0.2480770566
80000.92,0.14,.86,0.6901821514,24.7841780105,0.0043759165,0.0945965915
80000.92,0.16,.84,0.7772980827,24.1966074420,0.0148681775,0.2045337457
80000.92,0.18,.82,0.8689716488,23.7361081160,0.0117826543,0.1864123972
80000.92,0.2,.80,0.9671821651,23.1081804636,0.0153073654,0.2035450825
80000.92,0.22,.78,1.0709660175,22.5526098482,0.0188363451,0.2242654605
80000.92,0.24,.76,1.1614155331,21.7999680926,0.0105885032,0.1382491708
80000.92,0.26,.74,1.2525421829,21.3235402185,0.0143348046,0.2666059793
80000.92,0.28,.72,1.3607274083,20.8493980554,0.0100116486,0.2387628639
80000.92,0.3,.70,1.4498226552,20.1237562603,0.0134725035,0.2573498463
80000.92,0.32,.68,1.5666022774,19.7326854041,0.0216425712,0.2410260265
80000.92,0.34,.66,1.6426757110,19.0356864243,0.0212190472,0.2331839959
80000.92,0.36,.64,1.7377609921,18.4576158418,0.0191672573,0.0917767036
80000.92,0.38,.62,1.8494881507,17.9401880277,0.0265114588,0.2413208965
80000.92,0.4,.60,1.9315255748,17.2554033157,0.0249474786,0.0643194027
80000.92,0.42,.58,2.0413775923,16.7219755250,0.0358976435,0.1514414581
80000.92,0.44,.56,2.1197949523,16.1656906249,0.0221240963,0.0612963398
80000.92,0.46,.54,2.2128488306,15.5179772872,0.0177458107,0.1930539515
80000.92,0.48,.52,2.3257479523,14.9508352602,0.0271544222,0.0604848552
80000.92,0.5,.50,2.4256773480,14.3451218610,0.0230250682,0.1756487677
80000.92,0.52,.48,2.5188874880,13.7256941962,0.0176042344,0.1217975380
80000.92,0.54,.46,2.6027479660,13.2369091973,0.0190721223,0.1457595464
80000.92,0.56,.44,2.7142407320,12.6208386705,0.0232338204,0.1764374299
80000.92,0.58,.42,2.8240146185,12.0730537579,0.0236123394,0.0865042746
80000.92,0.6,.40,2.8828471713,11.4556260902,0.0229338574,0.0549051945
80000.92,0.62,.38,3.0041062972,10.9222697280,0.0166273132,0.1556719278
80000.92,0.64,.36,3.0892950002,10.2913420800,0.0364460971,0.1027418943
80000.92,0.66,.34,3.1842500632,9.7800571141,0.0324257566,0.1666227117
80000.92,0.68,.32,3.2862629490,9.1630580171,0.0074378230,0.0633626649
80000.92,0.7,.30,3.3924949023,8.5842731500,0.0309621596,0.0360748710
80000.92,0.72,.28,3.4814859748,8.0262025382,0.0385183833,0.0564431223
80000.92,0.74,.26,3.5760503834,7.4400605390,0.0297906634,0.1233557671
80000.92,0.76,.24,3.6720732350,6.8502756879,0.0386523557,0.1111846507
80000.92,0.78,.22,3.7602048678,6.2687765390,0.0182453179,0.1063439502
80000.92,0.8,.20,3.8899802597,5.6862059631,0.0234094753,0.0956994768
80000.92,0.82,.18,3.9356347373,5.1415639032,0.0450408080,0.0603709924
80000.92,0.84,.16,4.0378038849,4.5612076097,0.0283073414,0.0792649548
80000.92,0.86,.14,4.1746631433,3.9667799083,0.0704540786,0.0683660711
80000.92,0.88,.12,4.2407618679,3.4051378732,0.0461991530,0.0354240670
80000.92,0.9,.10,4.3256120037,2.8157815930,0.0382654939,0.0620924719
80000.92,0.92,.08,4.4347868868,2.2561395550,0.0293675800,0.0368264133
80000.92,0.94,.06,4.5486756664,1.6787832571,0.0268385424,0.0196757698
80000.92,0.96,.04,4.6214936467,1.1177840782,0.0565653375,0.0162406536
80000.92,0.98,.02,4.6974629058,0.5664991708,0.0474856903,0.0224868260
80000.92,1,0,4.7961422074,0.0000000000,0.0324346614,0.0000000000
100000.9,0,1.00,0.0000000000,36.6726606101,0.0000000000,0.3359492308
100000.9,0.02,.98,0.1199309010,35.8185904315,0.0063728168,0.4258863731
100000.9,0.04,.96,0.2415806813,35.2823055022,0.0070256646,0.4263747108
100000.9,0.06,.94,0.3605740118,34.0578787229,0.0068041911,0.4132825997
100000.9,0.08,.92,0.4817029196,33.4257367910,0.0168846641,0.4768355699
100000.9,0.1,.90,0.6162963824,32.6825950215,0.0079521889,0.2572751658
100000.9,0.12,.88,0.7306799909,32.0737387698,0.0073785565,0.4666967283
100000.9,0.14,.86,0.8485794890,31.2465971233,0.0148897820,0.3761001486
100000.9,0.16,.84,0.9699948768,30.4922410846,0.0160195611,0.4019518216
100000.9,0.18,.82,1.0922176169,29.7487421728,0.0152436356,0.3878161552
100000.9,0.2,.80,1.2108984238,28.8397435032,0.0138288890,0.3310601551
100000.9,0.22,.78,1.3339285164,28.1754587612,0.0294339808,0.2156308631
100000.9,0.24,.76,1.4637559955,27.5896024758,0.0132213799,0.3409752670
100000.9,0.26,.74,1.5796240908,26.7984607766,0.0118551826,0.1901766553
100000.9,0.28,.72,1.6938514375,26.0051762234,0.0256051718,0.3051880331
100000.9,0.3,.70,1.8161262649,25.2733201518,0.0198156732,0.2751608766
100000.9,0.32,.68,1.9354842061,24.6890352927,0.0138659746,0.3378913370
100000.9,0.34,.66,2.0666919975,23.8092508661,0.0302662928,0.2028749155
100000.9,0.36,.64,2.1840966667,23.0450376989,0.0171401333,0.2976982434
100000.9,0.38,.62,2.3178827771,22.5016813513,0.0161252536,0.3110180356
100000.9,0.4,.60,2.4284900597,21.7873252540,0.0316440485,0.2211259455
100000.9,0.42,.58,2.5431861917,20.9288979390,0.0119401907,0.2634940238
100000.9,0.44,.56,2.6784567889,20.2129704154,0.0201191953,0.1211516639
100000.9,0.46,.54,2.8083103116,19.4373286936,0.0255788761,0.2272102657
100000.9,0.48,.52,2.8974836895,18.7770439457,0.0251678060,0.1247195615
100000.9,0.5,.50,3.0547871948,18.0801878228,0.0255058725,0.2426284896
100000.9,0.52,.48,3.1619827623,17.3452603270,0.0248641621,0.3406045527
100000.9,0.54,.46,3.2862369054,16.5875471503,0.0282103741,0.0854736685
100000.9,0.56,.44,3.3888487946,15.7538340849,0.0387472368,0.1045330027
100000.9,0.58,.42,3.4946380063,14.9310495749,0.0576533058,0.0761716754
100000.9,0.6,.40,3.6452743432,14.3529789924,0.0124319496,0.0917081340
100000.9,0.62,.38,3.7505687259,13.6118372200,0.0200223182,0.1385057397
100000.9,0.64,.36,3.8703694088,12.9182668066,0.0297758339,0.1796846168
100000.9,0.66,.34,3.9959778204,12.1585536328,0.0275615597,0.1579863303
100000.9,0.68,.32,4.1301285416,11.4624117946,0.0551229297,0.0919713120
100000.9,0.7,.30,4.2128691436,10.7419128491,0.0186312747,0.1067549277
100000.9,0.72,.28,4.3674901554,10.0878423779,0.0536315178,0.0406811434
100000.9,0.74,.26,4.4564551843,9.2707007167,0.0141381981,0.0973862061
100000.9,0.76,.24,4.5893558113,8.5801302989,0.0294402398,0.1024761632
100000.9,0.78,.22,4.7091044070,7.8101314259,0.0297209268,0.0606560590
100000.9,0.8,.20,4.7967151672,7.1146324439,0.0211948932,0.0408402996
100000.9,0.82,.18,4.9447731850,6.3751335262,0.0401784306,0.0561252839
100000.9,0.84,.16,5.0590005318,5.6674917048,0.0474424671,0.0642602343
100000.9,0.86,.14,5.1870830879,4.9399213412,0.0435282328,0.0361285075
100000.9,0.88,.12,5.3043835826,4.2412080781,0.0547254484,0.0532245874
100000.9,0.9,.10,5.4369716862,3.5671376361,0.0619100738,0.0957597485
100000.9,0.92,.08,5.5478914924,2.8063530354,0.0539409346,0.0652012406
100000.9,0.94,.06,5.6104743273,2.1138540489,0.0512606888,0.0382585547
100000.9,0.96,.04,5.7860604586,1.3972122407,0.0926994829,0.0247924188
100000.9,0.98,.02,5.9228936733,0.6895704193,0.0950418697,0.0143033765
100000.9,1,0,6.0158954643,0.0000000000,0.0548898383,0.0000000000
120000.88,0,1.00,0.0000000000,44.1801496218,0.0000000000,0.2751724860
120000.88,0.02,.98,0.1479798870,43.1677225322,0.0058092424,0.5466773912
120000.88,0.04,.96,0.2924178407,42.2266524810,0.0035447708,0.4757869390
120000.88,0.06,.94,0.4439657045,41.2798681525,0.0103504868,0.6375627542
120000.88,0.08,.92,0.5849919431,40.5940834419,0.0109038085,0.3121431730
120000.88,0.1,.90,0.7343000551,39.5220850110,0.0153548403,0.3954454687
120000.88,0.12,.88,0.8759513407,38.6216577574,0.0122699715,0.1671566118
120000.88,0.14,.86,1.0330985843,37.6327306334,0.0154995119,0.3518830869
120000.88,0.16,.84,1.1789168502,36.6575892035,0.0145336069,0.1138219649
120000.88,0.18,.82,1.3256726867,35.8201618578,0.0162703031,0.1693326176
120000.88,0.2,.80,1.4672458415,35.0555915483,0.0192657210,0.2798497594
120000.88,0.22,.78,1.6080897748,34.1447357386,0.0287669365,0.3318113583
120000.88,0.24,.76,1.7554706583,33.1626657474,0.0245799534,0.5369901519
120000.88,0.26,.74,1.8966792023,32.2784527559,0.0224623635,0.3714145089
120000.88,0.28,.72,2.0587226477,31.4694539400,0.0167709033,0.2384306166
120000.88,0.3,.70,2.2104267733,30.6970264991,0.0150316276,0.4142746051
120000.88,0.32,.68,2.3376759334,29.5167425123,0.0235290712,0.4914394331
120000.88,0.34,.66,2.4905520222,28.6707437506,0.0169636501,0.3601257721
120000.88,0.36,.64,2.6377506003,27.9234591300,0.0278997059,0.1602108802
120000.88,0.38,.62,2.7796883659,26.9057463339,0.0232172794,0.3022785363
120000.88,0.4,.60,2.9155579664,25.9270334807,0.0312237306,0.3036638500
120000.88,0.42,.58,3.0739553041,25.1880345623,0.0253136427,0.1204612918
120000.88,0.44,.56,3.2061527532,24.2318931046,0.0243818177,0.2726126415
120000.88,0.46,.54,3.3552785598,23.2648945199,0.0263397722,0.3460454759
120000.88,0.48,.52,3.4962006239,22.5041099192,0.0265031770,0.1719429056
120000.88,0.5,.50,3.6176941425,21.6330397655,0.0379114411,0.1870843204
120000.88,0.52,.48,3.7955981565,20.9036122617,0.0138449433,0.2413296128
120000.88,0.54,.46,3.9508702590,19.8107567184,0.0415783175,0.1395256771
120000.88,0.56,.44,4.0713480761,19.0416864155,0.0306827767,0.1825533147
120000.88,0.58,.42,4.2216718895,18.1601162772,0.0239373311,0.2319167376
120000.88,0.6,.40,4.3746781964,17.1810462817,0.0196430058,0.1803539189
120000.88,0.62,.38,4.5007814369,16.3441903637,0.0167553909,0.0846654381
120000.88,0.64,.36,4.6712369737,15.5039058793,0.0329782209,0.1580675013
120000.88,0.66,.34,4.8387756243,14.7467641303,0.0324534703,0.1624864060
120000.88,0.68,.32,4.9193285617,13.8121226411,0.0261545717,0.0682955854
120000.88,0.7,.30,5.0965033542,12.9226239430,0.0432646093,0.1399853667
120000.88,0.72,.28,5.2313832970,12.0877680221,0.0334054495,0.1410837369
120000.88,0.74,.26,5.3750659855,11.2096978787,0.0259113782,0.1568281023
120000.88,0.76,.24,5.4943978831,10.3036992048,0.0437563873,0.1490882246
120000.88,0.78,.22,5.6436278641,9.4341290490,0.0398758694,0.0876690699
120000.88,0.8,.20,5.7760597060,8.5429874961,0.0775483292,0.0742509417
120000.88,0.82,.18,5.9282586604,7.7092030022,0.0394288767,0.1034878014
120000.88,0.84,.16,6.0925679013,6.8343471398,0.0399732729,0.1138089243
120000.88,0.86,.14,6.1998676434,5.9371341673,0.0950107234,0.0490150178
120000.88,0.88,.12,6.3372738179,5.0959211128,0.0401318308,0.0585736284
120000.88,0.9,.10,6.4935876654,4.2313509497,0.0519946404,0.0632903344
120000.88,0.92,.08,6.6591990876,3.4054235871,0.0901577400,0.0379062406
120000.88,0.94,.06,6.8167369856,2.5454248458,0.0674346985,0.0550303678
120000.88,0.96,.04,6.9238544223,1.6846403914,0.0359861350,0.0359151231
120000.88,0.98,.02,7.0993624227,0.8429273377,0.0967721836,0.0152994905
120000.88,1,0,7.2252833578,0.0000000000,0.1001007567,0.0000000000
140000.86,0,1.00,0.0000000000,51.4204247389,0.0000000000,0.5370296879
140000.86,0.02,.98,0.1692575300,50.6521401491,0.0061964990,0.3494199617
140000.86,0.04,.96,0.3384369291,49.0879995813,0.0047559739,0.7012532715
140000.86,0.06,.94,0.5155596343,48.1465723878,0.0141157210,0.6330021561
140000.86,0.08,.92,0.6806501840,47.4436448452,0.0069533132,0.2000641464
140000.86,0.1,.90,0.8569655368,46.4427891672,0.0196944939,0.5385975623
140000.86,0.12,.88,1.0274992045,45.2542194783,0.0084471676,0.6084390741
140000.86,0.14,.86,1.2014966746,44.3887921735,0.0192004295,0.6218256981
140000.86,0.16,.84,1.3613264117,42.8495087122,0.0251414167,0.6121381597
140000.86,0.18,.82,1.5318861230,41.9660100054,0.0328309676,0.5373931000
140000.86,0.2,.80,1.7083837812,41.0004399900,0.0127914813,0.4447880186
140000.86,0.22,.78,1.8971219440,39.8037274559,0.0340590362,0.5925527422
140000.86,0.24,.76,2.0532013988,38.8734431032,0.0276200974,0.1963880243
140000.86,0.26,.74,2.2259487748,37.7636590132,0.0316342189,0.2993416481
140000.86,0.28,.72,2.3987482380,36.6608034846,0.0224397808,0.3700051440
140000.86,0.3,.70,2.5762876413,35.5465194012,0.0504373506,0.2984000634
140000.86,0.32,.68,2.7434095939,34.7534491334,0.0378296646,0.4849110890
140000.86,0.34,.66,2.8975357767,33.6200936494,0.0170081155,0.3442477956
140000.86,0.36,.64,3.0807787342,32.6388093713,0.0180314263,0.3413351834
140000.86,0.38,.62,3.2354257896,31.3958826191,0.0334211708,0.1570104447
140000.86,0.4,.60,3.3823639315,30.3784555368,0.0179489856,0.4165253535
140000.86,0.42,.58,3.5832905116,29.4925996905,0.0290382483,0.2899880433
140000.86,0.44,.56,3.7492665446,28.2678157689,0.0349884391,0.2741813166
140000.86,0.46,.54,3.9088098018,27.4104598809,0.0405330883,0.3011107309
140000.86,0.48,.52,4.0921048466,26.3251757551,0.0337053040,0.3487019302
140000.86,0.5,.50,4.2469081638,25.3356772033,0.0436351229,0.3019734678
140000.86,0.52,.48,4.4363755481,24.3313215305,0.0294865418,0.2737820922
140000.86,0.54,.46,4.5810999817,23.0342520004,0.0231128663,0.3168078952
140000.86,0.56,.44,4.7895010826,22.1294676104,0.0302275409,0.3007589560
140000.86,0.58,.42,4.9381060166,21.3834687023,0.0288587741,0.1677031723
140000.86,0.6,.40,5.0789499498,20.1289705384,0.0354669819,0.1634963423
140000.86,0.62,.38,5.2725061835,19.0706863731,0.0712087426,0.1829791495
140000.86,0.64,.36,5.4146002109,18.0523307207,0.0373570426,0.2486551002
140000.86,0.66,.34,5.5974785576,17.1941176911,0.0243133894,0.0433488400
140000.86,0.68,.32,5.7790026358,15.9925480212,0.0272682322,0.1214105230
140000.86,0.7,.30,5.9250813380,15.0281922898,0.0710112004,0.1647222670
140000.86,0.72,.28,6.0917865925,14.1068364955,0.0825612395,0.1961443785
140000.86,0.74,.26,6.2463815607,13.0509094696,0.0676303216,0.1579071717
140000.86,0.76,.24,6.4386095694,12.0607680616,0.0291713230,0.0655388070
140000.86,0.78,.22,6.6065388744,11.0464124034,0.0554597753,0.1040181409
140000.86,0.8,.20,6.7840782777,10.0835566699,0.0340872238,0.0961055516
140000.86,0.82,.18,6.9290371040,9.0075582447,0.0367446094,0.0777972804
140000.86,0.84,.16,7.0844394245,7.9501312210,0.0556263409,0.1485489368
140000.86,0.86,.14,7.2592442470,6.9693469422,0.0380912803,0.0438558322
140000.86,0.88,.12,7.4810057284,5.9857055248,0.0481831070,0.0648434266
140000.86,0.9,.10,7.5858573696,4.9635641637,0.0578576774,0.0703487232
140000.86,0.92,.08,7.7954304337,3.9649227682,0.1063641698,0.0889826691
140000.86,0.94,.06,7.9391391659,2.9739956471,0.0503629924,0.0541399097
140000.86,0.96,.04,8.0716751822,1.9772828203,0.0744993895,0.0218622606
140000.86,0.98,.02,8.2316351374,0.9739271459,0.0352716910,0.0127273914
140000.86,1,0,8.4194096860,0.0000000000,0.0489351026,0.0000000000
160000.84,0,1.00,0.0000000000,58.8663424122,0.0000000000,0.5581184357
160000.84,0.02,.98,0.1913164818,57.6454870562,0.0061478053,0.7376148215
160000.84,0.04,.96,0.3916961457,56.6967741591,0.0130870746,0.5214883469
160000.84,0.06,.94,0.5930394238,55.5434187043,0.0084354027,0.7615487493
160000.84,0.08,.92,0.7820901101,53.9500638936,0.0101557495,0.4621502827
160000.84,0.1,.90,0.9883295900,52.8130655577,0.0193957794,0.7389124619
160000.84,0.12,.88,1.1801409007,52.0032096002,0.0029175265,0.3944799185
160000.84,0.14,.86,1.3640870361,50.7312828904,0.0155087829,0.2227373804
160000.84,0.16,.84,1.5760300703,49.3234278082,0.0118372026,0.2838304340
160000.84,0.18,.82,1.7748992038,48.2723579180,0.0230743896,0.5219006835
160000.84,0.2,.80,1.9597047789,46.8030029257,0.0285401017,0.9226446103
160000.84,0.22,.78,2.1333376382,45.7294330685,0.0330753144,0.3634082297
160000.84,0.24,.76,2.3469735081,44.6270775391,0.0140843042,0.4939503438
160000.84,0.26,.74,2.5390973423,43.3622222475,0.0321408012,0.5173606045
160000.84,0.28,.72,2.7401280969,42.2956523800,0.0349651267,0.6060268070
160000.84,0.3,.70,2.9190478124,40.9880114368,0.0233051944,0.3020354043
160000.84,0.32,.68,3.1186201239,39.6943704731,0.0111314070,0.3338069892
160000.84,0.34,.66,3.3079052028,38.2799439719,0.0460072403,0.2538101837
160000.84,0.36,.64,3.4916429892,37.0240886671,0.0172604708,0.2657070184
160000.84,0.38,.62,3.6911111262,36.0031615900,0.0385107834,0.4789077391
160000.84,0.4,.60,3.9085233219,34.8133776171,0.0296399185,0.3920126654
160000.84,0.42,.58,4.0906984908,33.4993081119,0.0334996667,0.4108329002
160000.84,0.44,.56,4.3065220253,32.5224523988,0.0398890079,0.4329092377
160000.84,0.46,.54,4.4899993755,31.1590258229,0.0377935854,0.3290169466
160000.84,0.48,.52,4.6582151604,30.1693129858,0.0158776531,0.3252331902
160000.84,0.5,.50,4.8548184984,28.9259576627,0.0361773528,0.1814575450
160000.84,0.52,.48,5.0513697492,27.7656022182,0.0337149173,0.0823859831
160000.84,0.54,.46,5.2503691008,26.4950326493,0.0154271762,0.3238953710
160000.84,0.56,.44,5.4492382344,25.4013913929,0.0465528257,0.3021737474
160000.84,0.58,.42,5.6510242541,24.4022499981,0.0693067429,0.2491080940
160000.84,0.6,.40,5.8204380459,23.1527518269,0.0407650241,0.2299152197
160000.84,0.62,.38,6.0163642496,21.9994678007,0.0661303585,0.2965448841
160000.84,0.64,.36,6.1921066426,20.6883982910,0.0192754855,0.3511030491
160000.84,0.66,.34,6.3941010114,19.5116857276,0.0959063441,0.2405873949
160000.84,0.68,.32,6.6071639215,18.5201871788,0.0563695407,0.1664383211
160000.84,0.7,.30,6.7937925505,17.2571890274,0.0440455852,0.1128570716
160000.84,0.72,.28,6.9865935190,16.1124049886,0.0715341430,0.0897169786
160000.84,0.74,.26,7.1562156598,15.0088351753,0.0446837069,0.1117516491
160000.84,0.76,.24,7.3594080353,13.8491940155,0.0558872309,0.0936431125
160000.84,0.78,.22,7.5373120494,12.6329100814,0.0308348224,0.0688127560
160000.84,0.8,.20,7.6831563590,11.4502689552,0.0581847330,0.1363323686
160000.84,0.82,.18,7.9821111499,10.3666991126,0.0600478512,0.0819043620
160000.84,0.84,.16,8.0923538218,9.0327010651,0.0723513644,0.0663934989
160000.84,0.86,.14,8.3290122577,7.9864883106,0.0836300524,0.1446037835
160000.84,0.88,.12,8.5147293598,6.7679186656,0.0770991455,0.0912594528
160000.84,0.9,.10,8.7280006189,5.7885629562,0.1137280269,0.0591550592
160000.84,0.92,.08,8.8612919004,4.5289933712,0.0581504968,0.0528025931
160000.84,0.94,.06,9.1681118666,3.4126378623,0.1236130126,0.0602022435
160000.84,0.96,.04,9.2410340214,2.2592109790,0.0732307072,0.0156048235
160000.84,0.98,.02,9.4203964786,1.1187126483,0.0864409659,0.0091812789
160000.84,1,0,9.5817107024,0.0000000000,0.0938656907,0.0000000000
180000.82,0,1.00,0.0000000000,67.0919732299,0.0000000000,0.7509158544
180000.82,0.02,.98,0.2236887098,65.4128328304,0.0057217577,1.3071072462
180000.82,0.04,.96,0.4450334932,64.0781204983,0.0123755882,0.4091589817
180000.82,0.06,.94,0.6618727292,62.8335508913,0.0076455687,0.5313793548
180000.82,0.08,.92,0.8883220634,61.3814815880,0.0155503499,0.8300287773
180000.82,0.1,.90,1.1008120137,60.1746976401,0.0233679083,0.5895891800
180000.82,0.12,.88,1.3226776697,58.4997000917,0.0168835806,0.5562913033
180000.82,0.14,.86,1.5541273802,57.5662014580,0.0117870895,0.2543973013
180000.82,0.16,.84,1.7687268643,55.4559902608,0.0245723501,0.2140141898
180000.82,0.18,.82,1.9826492141,54.3614204343,0.0310093917,0.3784885710
180000.82,0.2,.80,2.2236308920,53.0835651618,0.0120209025,0.5531165951
180000.82,0.22,.78,2.4194789649,51.8213527235,0.0323785727,0.6211401286
180000.82,0.24,.76,2.6323335260,50.2092122260,0.0326772530,0.5244394576
180000.82,0.26,.74,2.8780291003,49.1516423453,0.0405271238,0.6033743839
180000.82,0.28,.72,3.1023949444,47.6350731364,0.0125761645,0.0975135985
180000.82,0.3,.70,3.3117075723,45.7805758508,0.0219576802,0.3063358036
180000.82,0.32,.68,3.5157593875,44.7484345043,0.0347372368,0.3914882455
180000.82,0.34,.66,3.7493707191,43.0554369822,0.0477972195,0.2330879950
180000.82,0.36,.64,3.9463386679,42.0328670504,0.0359732784,0.2912439974
180000.82,0.38,.62,4.1742464452,40.6196548331,0.0454579240,0.3276241986
180000.82,0.4,.60,4.3903043724,39.5481564014,0.0462174494,0.3225268005
180000.82,0.42,.58,4.6155556998,38.2337297538,0.0341000634,0.5159289572
180000.82,0.44,.56,4.8213003508,36.7135891216,0.0411667439,0.4626043351
180000.82,0.46,.54,5.0343893045,35.3096626050,0.0363962985,0.4979084201
180000.82,0.48,.52,5.2821423254,34.0461644543,0.0469481074,0.2723175451
180000.82,0.5,.50,5.4728077166,32.7000949959,0.0500389221,0.1418778974
180000.82,0.52,.48,5.7148832268,31.7224535697,0.0408712118,0.2733607472
180000.82,0.54,.46,5.9177891225,29.9840275427,0.0518858819,0.2336904556
180000.82,0.56,.44,6.1422851847,28.5091011300,0.0367322317,0.4146669976
180000.82,0.58,.42,6.3426127614,27.4152455882,0.0422702586,0.3040997087
180000.82,0.6,.40,6.5526546108,25.9306049040,0.0582348154,0.2218353131
180000.82,0.62,.38,6.7875681237,24.6992495634,0.0596354297,0.3880466520
180000.82,0.64,.36,7.0125329712,23.5304655598,0.0692910733,0.1758677140
180000.82,0.66,.34,7.1975468953,22.1613961351,0.0550909179,0.1902721451
180000.82,0.68,.32,7.3887071154,20.7241839529,0.0665533066,0.2324763205
180000.82,0.7,.30,7.6624516757,19.4605429453,0.0427771057,0.2052983451
180000.82,0.72,.28,7.8406421697,18.1082592103,0.0779093673,0.1240157635
180000.82,0.74,.26,8.0399540449,16.9384037797,0.0682428213,0.1196265182
180000.82,0.76,.24,8.2918219588,15.5657629316,0.1258260803,0.2657659786
180000.82,0.78,.22,8.4805601215,14.3066219174,0.0776272330,0.1043189585
180000.82,0.8,.20,8.7068011067,12.9031239716,0.1424675182,0.2155211606
180000.82,0.82,.18,8.9250466986,11.6652686405,0.0869856496,0.1573827398
180000.82,0.84,.16,9.1548296170,10.3146277602,0.0474581642,0.0544825061
180000.82,0.86,.14,9.3054659539,9.0009868258,0.0791825471,0.0872018627
180000.82,0.88,.12,9.5801220412,7.7094172876,0.0665150483,0.0894625511
180000.82,0.9,.10,9.7796943526,6.4055620531,0.0765362806,0.0460502690
180000.82,0.92,.08,9.9419201034,5.0744925728,0.0691068649,0.1087892396
180000.82,0.94,.06,10.1660515549,3.8111372790,0.0655665017,0.0468132108
180000.82,0.96,.04,10.4020589001,2.5562105443,0.0923760999,0.0302646830
180000.82,0.98,.02,10.6266330932,1.2803552689,0.1173816852,0.0308730469
180000.82,1,0,10.7966198447,0.0000000000,0.1161164700,0.0000000000
200000.8,0,1.00,0.0000000000,74.8851761092,0.0000000000,1.1825310887
200000.8,0.02,.98,0.2466591886,73.1091787086,0.0068285374,0.7236124254
200000.8,0.04,.96,0.4932923335,71.8176805989,0.0094238940,1.0874523585
200000.8,0.06,.94,0.7395348240,70.0728974384,0.0113580114,0.4714296527
200000.8,0.08,.92,0.9811675926,68.6076852972,0.0165050513,0.5835765565
200000.8,0.1,.90,1.2357700873,67.3486871399,0.0130019268,0.3173908955
200000.8,0.12,.88,1.4757360638,65.4436899281,0.0126568472,0.7723810065
200000.8,0.14,.86,1.7178115741,63.7404067069,0.0198314933,0.6146234550
200000.8,0.16,.84,1.9621268362,62.3027659539,0.0253903387,0.5427598534
200000.8,0.18,.82,2.2097235954,60.9463393678,0.0174940328,0.4089221653
200000.8,0.2,.80,2.4536482031,59.2481989961,0.0263228994,0.6947018617
200000.8,0.22,.78,2.7099174899,57.6846298561,0.0359841741,0.3028863237
200000.8,0.24,.76,2.9358459516,56.0892036198,0.0435227087,0.3438005663
200000.8,0.26,.74,3.1960999133,54.4972059499,0.0243495865,0.4405341007
200000.8,0.28,.72,3.4457541189,53.1587079090,0.0226898342,0.2908923200
200000.8,0.3,.70,3.6911632134,51.4579246840,0.0273250551,0.4899430406
200000.8,0.32,.68,3.9081847548,49.6933558381,0.0398883527,0.3434768603
200000.8,0.34,.66,4.1690898072,48.5158575616,0.0442283724,0.2533527168
200000.8,0.36,.64,4.4182491839,46.9992883527,0.0401324820,0.2658264417
200000.8,0.38,.62,4.6312600067,45.1032911278,0.0374783283,0.2909669865
200000.8,0.4,.60,4.8956288614,43.9254357089,0.0339534036,0.2934926713
200000.8,0.42,.58,5.1286932769,42.1842954001,0.0128113861,0.2662755093
200000.8,0.44,.56,5.3745972002,40.8790115963,0.0485050288,0.3291028251
200000.8,0.46,.54,5.6252410637,39.5540135356,0.0927216114,0.3539538671
200000.8,0.48,.52,5.8241101972,38.0289443392,0.0754704760,0.3634572905
200000.8,0.5,.50,6.0784001684,36.5825893133,0.0323953570,0.2375722119
200000.8,0.52,.48,6.3517801180,34.8463061403,0.0532870638,0.2698770245
200000.8,0.54,.46,6.5719789818,33.3968796903,0.0592530926,0.3384428707
200000.8,0.56,.44,6.7883494325,31.8943104610,0.0651659877,0.3689558965
200000.8,0.58,.42,7.0495409648,30.4323840293,0.0445759601,0.1202116729
200000.8,0.6,.40,7.2940906196,28.9716004531,0.0950061159,0.2899090561
200000.8,0.62,.38,7.5411144189,27.5336739863,0.0703401631,0.2526357070
200000.8,0.64,.36,7.7579536549,26.1851045315,0.0972139800,0.2562743413
200000.8,0.66,.34,7.9898461071,24.4823927380,0.0291749512,0.2217052283
200000.8,0.68,.32,8.2340832383,22.9755378006,0.0585690244,0.1861641963
200000.8,0.7,.30,8.5126979569,21.6857539741,0.1078471128,0.1378513011
200000.8,0.72,.28,8.7297455419,20.1642562010,0.0447548587,0.1246283438
200000.8,0.74,.26,8.9891661075,18.6624012564,0.0876831293,0.1605406153
200000.8,0.76,.24,9.1759509983,17.1920462656,0.0500297814,0.2334880120
200000.8,0.78,.22,9.4418303833,15.7309769755,0.0561467922,0.0910470228
200000.8,0.8,.20,9.6657013985,14.3692646828,0.0741910651,0.1006266781
200000.8,0.82,.18,9.9001982134,12.9071953942,0.0297635436,0.2492364569
200000.8,0.84,.16,10.1588895575,11.4554832333,0.0719304086,0.0837245968
200000.8,0.86,.14,10.3805729080,10.0811995304,0.0358017438,0.0529728334
200000.8,0.88,.12,10.5881145693,8.6081302579,0.0624269513,0.0337746496
200000.8,0.9,.10,10.8290702036,7.1284895664,0.0787817075,0.0957748361
200000.8,0.92,.08,11.1324784548,5.7775629723,0.1144414918,0.0964498092
200000.8,0.94,.06,11.3410618611,4.2185652541,0.0653962608,0.0571228956
200000.8,0.96,.04,11.5365192795,2.8450672644,0.1257543403,0.0349249817
200000.8,0.98,.02,11.7495040587,1.3883551108,0.0777982555,0.0506119418
200000.8,1,0,12.0225975284,0.0000000000,0.1426353686,0.0000000000
220000.78,0,1.00,0.0000000000,81.9853085743,0.0000000000,0.7818501006
220000.78,0.02,.98,0.2668690429,81.6042377035,0.0119621677,0.8722729622
220000.78,0.04,.96,0.5388947239,79.7170976084,0.0051726547,0.8566093491
220000.78,0.06,.94,0.8213899428,77.3638153385,0.0050703421,0.9290580440
220000.78,0.08,.92,1.0885975528,76.0893886324,0.0146414585,1.0492943341
220000.78,0.1,.90,1.3458564974,73.7286778019,0.0096534914,0.5951545839
220000.78,0.12,.88,1.6372846803,72.5094653007,0.0189080090,0.9238120567
220000.78,0.14,.86,1.9017837531,70.5043253783,0.0264311443,0.4490265915
220000.78,0.16,.84,2.1651108628,69.0693989071,0.0231591798,1.1422578860
220000.78,0.18,.82,2.4477623435,67.1869730909,0.0295175908,0.7482099154
220000.78,0.2,.80,2.7051775499,65.3850471568,0.0248767719,0.4484533593
220000.78,0.22,.78,2.9769167509,63.7284067244,0.0307885108,1.0589312079
220000.78,0.24,.76,3.2925915503,61.6234098054,0.0372611466,0.7501780826
220000.78,0.26,.74,3.5013572620,60.1661262240,0.0419179229,0.5740575007
220000.78,0.28,.72,3.8144016550,58.8499138648,0.0238220341,0.6370324679
220000.78,0.3,.70,4.0589252662,56.7886311675,0.0522575327,0.6664626191
220000.78,0.32,.68,4.3227992920,55.0267766033,0.0275103558,0.5092859310
220000.78,0.34,.66,4.5945124494,53.2511363451,0.0492713409,0.5459721370
220000.78,0.36,.64,4.8494535113,51.5737102288,0.0480593630,0.4094017354
220000.78,0.38,.62,5.0886642226,50.4452118805,0.0289685047,0.5658232226
220000.78,0.4,.60,5.4094435728,48.4635004953,0.0496386382,0.1976938990
220000.78,0.42,.58,5.6123234248,46.5254319034,0.0899962226,0.4642551194
220000.78,0.44,.56,5.9117470011,45.1730053115,0.0502357482,0.2059288878
220000.78,0.46,.54,6.1685892477,43.4237935860,0.0632788050,0.9103608278
220000.78,0.48,.52,6.4465268319,41.7187960815,0.0582231461,0.4321172835
220000.78,0.5,.50,6.7255842921,40.0427271061,0.0289122000,0.1564129545
220000.78,0.52,.48,6.9379961116,38.6993719294,0.0562650122,0.3844351952
220000.78,0.54,.46,7.2306223013,36.7332319500,0.0371921015,0.2557225546
220000.78,0.56,.44,7.5073358350,35.2197341652,0.0562668236,0.3691060134
220000.78,0.58,.42,7.7468851135,33.4871652725,0.0808267114,0.1045471063
220000.78,0.6,.40,8.0235986473,31.8783819129,0.0693229555,0.3043956715
220000.78,0.62,.38,8.2789824508,30.3134556319,0.0524627986,0.3731749855
220000.78,0.64,.36,8.5440023962,28.6691723243,0.0995639062,0.3663834182
220000.78,0.66,.34,8.8494680938,27.2378887049,0.0204689570,0.2262981864
220000.78,0.68,.32,9.0734432835,25.4190342242,0.0496238679,0.2817564710
220000.78,0.7,.30,9.3548707138,23.7463223867,0.0776713741,0.2224112457
220000.78,0.72,.28,9.5746268359,22.2531102866,0.0667299367,0.3369341986
220000.78,0.74,.26,9.8543874740,20.4991128538,0.0451903191,0.1457393146
220000.78,0.76,.24,10.1669630818,19.0332578564,0.0811506131,0.1135750627
220000.78,0.78,.22,10.3797395120,17.4554030230,0.1339753190,0.2060922554
220000.78,0.8,.20,10.6255913481,15.8493339451,0.0779185915,0.1950559225
220000.78,0.82,.18,10.9491834100,14.1336221706,0.1346909185,0.1120573194
220000.78,0.84,.16,11.1702677571,12.6524814813,0.1013209467,0.0889763725
220000.78,0.86,.14,11.3666367025,10.9706268001,0.0773894359,0.1440893258
220000.78,0.88,.12,11.6756964206,9.4764861298,0.0706951123,0.0579687361
220000.78,0.9,.10,11.9196731157,7.8492742258,0.1113001822,0.0806396616
220000.78,0.92,.08,12.1445337887,6.2512765647,0.0788195158,0.1016793464
220000.78,0.94,.06,12.4161948589,4.7050645420,0.0423246003,0.0852641157
220000.78,0.96,.04,12.6903821608,3.1339954130,0.1089691186,0.0407419855
220000.78,0.98,.02,12.8911264355,1.5479977343,0.0966822521,0.0374919410
220000.78,1,0,13.2381056742,0.0000000000,0.1656600709,0.0000000000
240000.76,0,1.00,0.0000000000,91.3182234857,0.0000000000,1.6892028437
240000.76,0.02,.98,0.2991891836,88.9837269025,0.0105894904,0.7218061574
240000.76,0.04,.96,0.5998368104,87.0370868946,0.0156630478,0.8710818489
240000.76,0.06,.94,0.8901190736,85.3900893052,0.0141841509,0.4727541606
240000.76,0.08,.92,1.1847506226,82.8262359149,0.0166202387,0.5408001301
240000.76,0.1,.90,1.4760746310,80.9940243109,0.0111713654,1.0701438160
240000.76,0.12,.88,1.7795610130,79.4068837767,0.0489850919,0.5436651865
240000.76,0.14,.86,2.0723955517,76.9797444721,0.0147020217,1.1302015920
240000.76,0.16,.84,2.3772101587,75.7082463331,0.0319070325,1.1422033713
240000.76,0.18,.82,2.6676486838,73.2108928455,0.0218980886,0.7421897455
240000.76,0.2,.80,2.9641553738,71.5000382067,0.0261131709,0.6541147030
240000.76,0.22,.78,3.2600891041,69.5484696345,0.0327414117,0.6082829169
240000.76,0.24,.76,3.5540956061,67.7149723181,0.0405828659,0.5753799546
240000.76,0.26,.74,3.8323457138,65.8451179120,0.0438584015,0.9017786197
240000.76,0.28,.72,4.1261959540,64.2738344975,0.0417088212,0.1885242401
240000.76,0.3,.70,4.4300469468,62.2065518090,0.0530133548,0.2133777355
240000.76,0.32,.68,4.7083491418,60.3056260199,0.0445960359,0.6515344945
240000.76,0.34,.66,5.0117053057,58.5042715135,0.0342881943,0.8009575447
240000.76,0.36,.64,5.2952422697,56.7844168879,0.0639526664,0.6885507817
240000.76,0.38,.62,5.5828941267,55.0081337735,0.0649013637,0.6576616689
240000.76,0.4,.60,5.8725252993,53.0069938453,0.0450677810,0.5492487814
240000.76,0.42,.58,6.1532495516,51.2416392863,0.0647643084,0.7352852515
240000.76,0.44,.56,6.4440787310,49.5732845853,0.0413276790,0.7229198455
240000.76,0.46,.54,6.7351943904,47.6229302971,0.0609741137,0.4453815276
240000.76,0.48,.52,7.0266486169,45.7502187523,0.0455750840,0.4386697436
240000.76,0.5,.50,7.3490426719,44.0557212325,0.0510872051,0.4344762822
240000.76,0.52,.48,7.5903629170,42.0887241115,0.0414019473,0.3913804192
240000.76,0.54,.46,7.8754624986,40.2392982469,0.0556438859,0.3664292909
240000.76,0.56,.44,8.2046539402,38.6988719301,0.0661391115,0.4311836113
240000.76,0.58,.42,8.4318845832,36.5781607484,0.0529541151,0.2251502395
240000.76,0.6,.40,8.7787075601,34.7171634722,0.0672105154,0.3349690841
240000.76,0.62,.38,9.0619320005,33.3102369600,0.0761003560,0.1705235625
240000.76,0.64,.36,9.2996842688,31.1945971994,0.0947501385,0.3041786624
240000.76,0.66,.34,9.5981702745,29.5228139320,0.0476366899,0.2459924288
240000.76,0.68,.32,9.8765506004,27.8082450130,0.0562321401,0.2945006517
240000.76,0.7,.30,10.1564154130,26.1178903442,0.0812469287,0.2073342692
240000.76,0.72,.28,10.4746685313,24.2263216842,0.1114061014,0.3159621459
240000.76,0.74,.26,10.7734410169,22.6561811252,0.0592776106,0.2335375135
240000.76,0.76,.24,11.0559101922,20.7751124498,0.0765736959,0.1832978495
240000.76,0.78,.22,11.2990795348,19.0179721645,0.0559494607,0.2824019895
240000.76,0.8,.20,11.6128010621,17.3116175191,0.0646777943,0.1927046154
240000.76,0.82,.18,11.8835506054,15.4647630794,0.0815776358,0.0530247628
240000.76,0.84,.16,12.1793801612,13.8281226177,0.0988836803,0.0988897737
240000.76,0.86,.14,12.4772932071,12.0588394930,0.0686035937,0.1191827362
240000.76,0.88,.12,12.7201500262,10.2782706706,0.0764214627,0.1079565351
240000.76,0.9,.10,13.0313713653,8.5444160655,0.0681682179,0.1031344422
240000.76,0.92,.08,13.2146924537,6.8607756726,0.0954448744,0.0989911061
240000.76,0.94,.06,13.5505250201,5.0820639902,0.1372309946,0.0412574269
240000.76,0.96,.04,13.8295824803,3.4099950090,0.1155933539,0.0370228676
240000.76,0.98,.02,14.1083013734,1.7015689381,0.0777216270,0.0235588619
240000.76,1,0,14.4322580460,0.0000000000,0.1414582381,0.0000000000
260000.74,0,1.00,0.0000000000,99.4126402098,0.0000000000,0.5155014334
260000.74,0.02,.98,0.3188260782,96.9844294781,0.0074175916,1.5537113479
260000.74,0.04,.96,0.6439547140,94.1862907164,0.0144473972,0.4600277392
260000.74,0.06,.94,0.9697083969,92.8137212968,0.0075258476,0.6694721582
260000.74,0.08,.92,1.3024938590,90.7268672083,0.0208457148,0.3073162773
260000.74,0.1,.90,1.6183249201,88.2267994390,0.0175696103,0.9673552910
260000.74,0.12,.88,1.9440525593,86.4443020479,0.0288168599,0.7759680109
260000.74,0.14,.86,2.2638682953,84.2880194896,0.0359210783,0.7391417589
260000.74,0.16,.84,2.5730842752,82.4200222237,0.0110719663,0.8665960393
260000.74,0.18,.82,2.8865714099,79.4382408737,0.0130452714,0.7553793510
260000.74,0.2,.80,3.2252687752,77.9585287538,0.0385865113,0.8186637272
260000.74,0.22,.78,3.5256559657,75.9560316847,0.0124531637,0.9069780126
260000.74,0.24,.76,3.8513575613,74.4334624846,0.0509587435,1.2018502223
260000.74,0.26,.74,4.1620319843,71.7832520779,0.0546755690,0.5038684475
260000.74,0.28,.72,4.4876814927,69.8176835262,0.0706827086,0.7489434576
260000.74,0.3,.70,4.8114037727,67.7415437078,0.0773012462,0.6131132004
260000.74,0.32,.68,5.1201249237,65.7429752044,0.0396028154,0.6023503242
260000.74,0.34,.66,5.4897360739,63.9843349213,0.0564303125,0.9273702233
260000.74,0.36,.64,5.7535580125,61.6372669280,0.0607615148,1.0921384758
260000.74,0.38,.62,6.0676962378,59.6716269478,0.0628292232,0.8939806370
260000.74,0.4,.60,6.3748808149,57.5439157763,0.0635960431,0.6898562919
260000.74,0.42,.58,6.6933943695,55.5268473000,0.0643444868,0.3206704468
260000.74,0.44,.56,7.0108922227,53.6217786598,0.0468238345,0.9889309552
260000.74,0.46,.54,7.3426619834,51.7622099529,0.0399323897,0.6753643168
260000.74,0.48,.52,7.6141147045,49.6070702501,0.0503540403,0.5887874408
260000.74,0.5,.50,7.9450510691,47.9645012257,0.0623850733,0.7247893313
260000.74,0.52,.48,8.2804669375,45.7057188175,0.0414189556,0.6223111035
260000.74,0.54,.46,8.5462942353,43.7539359599,0.0798320659,0.5951901572
260000.74,0.56,.44,8.8766576401,42.0480813138,0.0460648895,0.4864170611
260000.74,0.58,.42,9.1721486288,40.0901556081,0.1168925072,0.2239621796
260000.74,0.6,.40,9.4890735222,37.6628734465,0.0710720100,0.3900000593
260000.74,0.62,.38,9.8220412897,36.0322329760,0.0885559597,0.3891751913
260000.74,0.64,.36,10.0873737586,33.8979503855,0.1035491337,0.4072444961
260000.74,0.66,.34,10.4706057256,31.8720247793,0.0729464382,0.3249111638
260000.74,0.68,.32,10.7220829851,30.2335271775,0.0585714339,0.1448776627
260000.74,0.7,.30,11.0539569202,28.2235301194,0.1080125806,0.1606353654
260000.74,0.72,.28,11.3647355177,26.2291044671,0.0869260059,0.1974550008
260000.74,0.74,.26,11.6357454973,24.5085355568,0.0783127697,0.2064186026
260000.74,0.76,.24,12.0128311684,22.5420384351,0.0671471040,0.1337653076
260000.74,0.78,.22,12.2404264222,20.4783985984,0.0997337619,0.2505520135
260000.74,0.8,.20,12.6093604382,18.7179011751,0.1024971576,0.2606756596
260000.74,0.82,.18,12.8988874363,16.8806181500,0.0948459802,0.2375521033
260000.74,0.84,.16,13.1662252644,14.9571923937,0.0865016087,0.1155003660
260000.74,0.86,.14,13.4601015482,13.1334807773,0.0937681503,0.1130028614
260000.74,0.88,.12,13.8118728142,11.1851264861,0.1470386320,0.1157614183
260000.74,0.9,.10,14.0832474045,9.2777007065,0.1326623067,0.2426633271
260000.74,0.92,.08,14.3815250612,7.3889177567,0.0976923212,0.0615763245
260000.74,0.94,.06,14.7429585126,5.5089919368,0.0335836602,0.1060129084
260000.74,0.96,.04,15.0778274649,3.6819946109,0.1558031188,0.0298789883
260000.74,0.98,.02,15.3930334789,1.8315687478,0.1035968993,0.0360824994
260000.74,1,0,15.5969811197,0.0000000000,0.2404647722,0.0000000000
280000.72,0,1.00,0.0000000000,108.0591275544,0.0000000000,0.8853681214
280000.72,0.02,.98,0.3503909537,104.9527749581,0.0088445103,1.4766339760
280000.72,0.04,.96,0.6930729940,101.9114936952,0.0131108169,1.0267931499
280000.72,0.06,.94,1.0334631951,100.5978527607,0.0142016439,1.2012893602
280000.72,0.08,.92,1.3879950854,97.4829287484,0.0091105831,0.5951965318
280000.72,0.1,.90,1.7343753207,95.4285746124,0.0090782543,1.2596639536
280000.72,0.12,.88,2.0872143753,93.5631487713,0.0279282614,0.7617054882
280000.72,0.14,.86,2.4181767835,91.3878662409,0.0234122661,1.2002621276
280000.72,0.16,.84,2.7469515271,88.2905136314,0.0402935592,1.3348245152
280000.72,0.18,.82,3.1077599315,86.5776589956,0.0320271699,1.3028524969
280000.72,0.2,.80,3.4542182976,83.9916627805,0.0246082724,0.7686751276
280000.72,0.22,.78,3.7910405218,82.3779508567,0.0353067942,0.6303372937
280000.72,0.24,.76,4.1358841831,79.4986693567,0.0335666915,0.6413536294
280000.72,0.26,.74,4.4789568777,77.4906008672,0.0488256311,0.5868143141
280000.72,0.28,.72,4.8207794783,75.4225324655,0.0299552228,0.3498883262
280000.72,0.3,.70,5.1767437681,73.1291072509,0.0683293348,0.5005400656
280000.72,0.32,.68,5.5010910952,71.4099669099,0.0372230771,0.5386564511
280000.72,0.34,.66,5.8499194313,68.8621849247,0.0398479399,0.3873106960
280000.72,0.36,.64,6.1632242606,66.6332596156,0.0492237926,0.5792138021
280000.72,0.38,.62,6.5665098202,64.2454059677,0.0644949365,0.6172013740
280000.72,0.4,.60,6.8689805008,62.3616944391,0.0659919944,0.7045031169
280000.72,0.42,.58,7.2270282808,60.1649833686,0.0658645698,0.6697118744
280000.72,0.44,.56,7.5500213392,57.8296296438,0.0256719384,0.6260340939
280000.72,0.46,.54,7.8971828832,55.5657043860,0.0988684029,0.3243879846
280000.72,0.48,.52,8.2104616689,53.8139926641,0.0542899773,0.3318685259
280000.72,0.5,.50,8.5126979569,51.6785672182,0.0965621590,0.5575837071
280000.72,0.52,.48,8.9048108006,49.2945707075,0.0364775270,0.7182567557
280000.72,0.54,.46,9.1864465798,47.2093594738,0.0522119031,0.3115684302
280000.72,0.56,.44,9.5444943598,45.1960767063,0.0652932748,0.5706816238
280000.72,0.58,.42,9.8323545658,42.8686515413,0.0737114486,0.3640351904
280000.72,0.6,.40,10.2077474012,40.8330116637,0.1114656705,0.3614295942
280000.72,0.62,.38,10.5171717301,38.7688003992,0.0883244181,0.1809943551
280000.72,0.64,.36,10.9323852708,36.7608747667,0.0622811994,0.4004335478
280000.72,0.66,.34,11.2417314688,34.7431634342,0.0557665698,0.2240116360
280000.72,0.68,.32,11.5644380473,32.4630953428,0.1221600466,0.2109377172
280000.72,0.7,.30,11.8749822522,30.1648129924,0.1018232322,0.1029360159
280000.72,0.72,.28,12.1948500755,28.3528870729,0.0933488094,0.2201766117
280000.72,0.74,.26,12.5669093266,26.2763901122,0.0390130829,0.1136778308
280000.72,0.76,.24,12.8963091172,24.2464645119,0.0344067777,0.1703964151
280000.72,0.78,.22,13.1732570436,22.0461105895,0.1453338211,0.1951440888
280000.72,0.8,.20,13.5748497675,20.1072562845,0.0830409470,0.2633691390
280000.72,0.82,.18,13.8848210126,18.1731876867,0.0565661460,0.2207238314
280000.72,0.84,.16,14.1935682072,16.2097619890,0.1284161083,0.2435687657
280000.72,0.86,.14,14.4878351454,14.1286936064,0.0831933189,0.1492779802
280000.72,0.88,.12,14.8346060350,12.0966251520,0.0926823403,0.1715975624
280000.72,0.9,.10,15.1635630840,9.9775568250,0.1431609430,0.0679278807
280000.72,0.92,.08,15.5150999573,8.1027738547,0.0820928008,0.0926326177
280000.72,0.94,.06,15.9368764918,6.0284911764,0.1906813088,0.0955693577
280000.72,0.96,.04,16.1793687001,3.9918513002,0.1101981654,0.0997965831
280000.72,0.98,.02,16.4323304463,1.9622828422,0.1528036786,0.0086748457
280000.72,1,0,16.7890500014,0.0000000000,0.1420320061,0.0000000000
300000.7,0,1.00,0.0000000000,115.3051883773,0.0000000000,1.4982142756
300000.7,0.02,.98,0.3712518987,113.5695480605,0.0100542379,1.0335839279
300000.7,0.04,.96,0.7463061670,109.8293392491,0.0075015000,0.8330547778
300000.7,0.06,.94,1.1201103411,107.8249850399,0.0190494305,1.1765936776
300000.7,0.08,.92,1.4832105847,104.5010613336,0.0238991975,1.0930909385
300000.7,0.1,.90,1.8694375688,102.9754207094,0.0211873085,1.9349138976
300000.7,0.12,.88,2.2069108837,100.2187104585,0.0155347963,0.5506824265
300000.7,0.14,.86,2.6048835434,97.9760708838,0.0371421773,1.1123989279
300000.7,0.16,.84,2.9669420419,95.8420740072,0.0474300986,1.2025481489
300000.7,0.18,.82,3.3430120116,93.0683637812,0.0458979315,1.0060094284
300000.7,0.2,.80,3.6893662032,90.2782964363,0.0303138333,0.6998657143
300000.7,0.22,.78,4.0935893333,88.4877990570,0.0401404585,1.0550947681
300000.7,0.24,.76,4.4657006717,86.0093741131,0.0517694747,0.9972020499
300000.7,0.26,.74,4.7952827677,83.6824489474,0.0173907984,0.5853531643
300000.7,0.28,.72,5.1885154874,81.3328095293,0.0404473727,1.2873478022
300000.7,0.3,.70,5.5293223865,78.5435278975,0.0382999003,0.7474083225
300000.7,0.32,.68,5.9371655808,76.5237451395,0.0466017814,1.1357471823
300000.7,0.34,.66,6.2600544647,73.7551063346,0.0551661279,0.7187255571
300000.7,0.36,.64,6.6401091093,71.7332521510,0.0504800544,0.9792426396
300000.7,0.38,.62,7.0323000839,69.1663273367,0.0980933488,0.5891673594
300000.7,0.4,.60,7.3679243013,66.7815451129,0.0647329263,0.7892207377
300000.7,0.42,.58,7.7658188301,65.0047619991,0.0737300246,0.9331168903
300000.7,0.44,.56,8.1189443647,62.2380517629,0.0406500735,0.5416158645
300000.7,0.46,.54,8.4301917475,59.8704837996,0.0702840749,0.9186977228
300000.7,0.48,.52,8.8047251432,57.7665583076,0.0785907638,0.7716682156
300000.7,0.5,.50,9.1360000749,55.1665621130,0.0458783968,0.2316875454
300000.7,0.52,.48,9.5225135389,52.9645653360,0.0683208242,0.3824582233
300000.7,0.54,.46,9.8823583291,51.1659251114,0.0920522339,0.2607226005
300000.7,0.56,.44,10.2557458052,48.4371433911,0.0751145204,0.2956917716
300000.7,0.58,.42,10.6367640640,46.2720751314,0.0683412670,0.4022131974
300000.7,0.6,.40,10.9536108265,43.9951498926,0.0514210606,0.3346765745
300000.7,0.62,.38,11.3647094741,41.7575103105,0.0269005967,0.2385270221
300000.7,0.64,.36,11.6258749628,39.3503709766,0.0998474492,0.4629690144
300000.7,0.66,.34,12.0672363046,37.0815885830,0.1342961152,0.1909066484
300000.7,0.68,.32,12.4151270702,34.9993059164,0.0590582634,0.3340692205
300000.7,0.7,.30,12.7693203934,32.7875234394,0.1365337627,0.3166391310
300000.7,0.72,.28,13.1117940846,30.7105264794,0.0996358020,0.3120874314
300000.7,0.74,.26,13.4614297732,28.1536016503,0.1252633196,0.2537302776
300000.7,0.76,.24,13.8166908851,26.0038190826,0.1144860370,0.3139144467
300000.7,0.78,.22,14.0852788074,23.7681794976,0.0911480894,0.1303460873
300000.7,0.8,.20,14.6096672311,21.7431824615,0.0913814708,0.0473036467
300000.7,0.82,.18,14.8626289774,19.5183285750,0.1253469336,0.1722615962
300000.7,0.84,.16,15.1818717536,17.2679032974,0.0716627188,0.1138853330
300000.7,0.86,.14,15.5667184254,15.1343349916,0.0726820231,0.2139150538
300000.7,0.88,.12,15.9034364751,13.0134095245,0.1022604446,0.0883047167
300000.7,0.9,.10,16.1638727422,10.7620556768,0.1310525127,0.1178666337
300000.7,0.92,.08,16.6191934680,8.5875588595,0.1395769767,0.1298521269
300000.7,0.94,.06,16.9770849862,6.4305620165,0.1410186731,0.0808804033
300000.7,0.96,.04,17.3438313375,4.2712080342,0.1551734349,0.0772999138
300000.7,0.98,.02,17.7165937666,2.1094254840,0.0696963805,0.0477890497
300000.7,1,0,17.9467412958,0.0000000000,0.2740258907,0.0000000000
320000.68,0,1.00,0.0000000000,122.6670347451,0.0000000000,1.6373640078
320000.68,0.02,.98,0.3949776427,120.1235384678,0.0080266071,1.9811581154
320000.68,0.04,.96,0.7924554735,118.5483979161,0.0088357892,0.8051879493
320000.68,0.06,.94,1.1888394720,114.8361176353,0.0137143631,0.6922771897
320000.68,0.08,.92,1.5750664561,112.3226927426,0.0218160641,1.1888309630
320000.68,0.1,.90,1.9803313313,109.9089105613,0.0168954953,0.5501545670
320000.68,0.12,.88,2.3818719679,106.9967005380,0.0140275953,0.8742118203
320000.68,0.14,.86,2.7840897388,104.2967044898,0.0229064347,0.8078146960
320000.68,0.16,.84,3.1857866371,102.4270643691,0.0293941316,0.6790126056
320000.68,0.18,.82,3.5590438951,100.0550678409,0.0206261000,1.0587981476
320000.68,0.2,.80,3.9665485222,96.6422156932,0.0327989915,0.8836263279
320000.68,0.22,.78,4.3582967552,94.3977189784,0.0685035030,0.5962469408
320000.68,0.24,.76,4.7416849840,91.9689368190,0.0367898522,1.4441617491
320000.68,0.26,.74,5.1336936532,88.5372275560,0.0383425923,0.8532888790
320000.68,0.28,.72,5.5211186441,86.5837304153,0.0197309523,1.3468732612
320000.68,0.3,.70,5.9154972834,84.3322337106,0.0784082549,0.9743540047
320000.68,0.32,.68,6.3402167477,81.6663090412,0.0253621201,1.0488894577
320000.68,0.34,.66,6.6559436343,79.0882413860,0.0376468402,0.3357042501
320000.68,0.36,.64,7.0941797409,76.6140307216,0.0393965176,1.1033814910
320000.68,0.38,.62,7.4655358142,74.5602480133,0.0824863743,0.6734171925
320000.68,0.4,.60,7.8493407410,71.3693955407,0.0889749934,0.5827237702
320000.68,0.42,.58,8.2730184603,69.0461132269,0.0555245788,0.6658518279
320000.68,0.44,.56,8.6256752095,66.3742599947,0.0575264684,0.4907254190
320000.68,0.46,.54,9.0771414785,63.8180494504,0.0440857365,0.4878596578
320000.68,0.48,.52,9.3647152047,61.2332675193,0.1151446123,0.3226818244
320000.68,0.5,.50,9.8084204729,59.4045559101,0.0497085335,0.3846051088
320000.68,0.52,.48,10.1994655279,56.7105598532,0.0738959026,0.3905429380
320000.68,0.54,.46,10.5366784065,54.2391348990,0.0835846964,0.3962398708
320000.68,0.56,.44,10.9113159767,51.7523528245,0.0817622916,0.2402237119
320000.68,0.58,.42,11.2764997105,48.9342140921,0.0762017175,0.4149089925
320000.68,0.6,.40,11.6777538672,46.8490028584,0.0663745528,0.2737648947
320000.68,0.62,.38,12.0685905732,44.4782206141,0.1124355661,0.3149025063
320000.68,0.64,.36,12.4017406460,41.7931531155,0.0872700810,0.3860750107
320000.68,0.66,.34,12.7728883703,39.6692276527,0.0563028783,0.2777100450
320000.68,0.68,.32,13.1917219750,37.3693024476,0.0882378277,0.3164497149
320000.68,0.7,.30,13.5926896518,34.9360917232,0.1923856127,0.4096978739
320000.68,0.72,.28,13.9220373551,32.4333811006,0.0866625222,0.3597071389
320000.68,0.74,.26,14.3127438430,30.2083129287,0.1143968721,0.4347143496
320000.68,0.76,.24,14.7191285942,27.8303164092,0.1173588620,0.1607742066
320000.68,0.78,.22,15.0732177429,25.5963911075,0.0755541615,0.3474128127
320000.68,0.8,.20,15.4753573829,23.1938231954,0.1215009521,0.2963679643
320000.68,0.82,.18,15.8243419808,20.8696837400,0.0540295011,0.0996610631
320000.68,0.84,.16,16.1757225924,18.4769015279,0.1500884474,0.2240889803
320000.68,0.86,.14,16.5978897813,16.1177621236,0.1549760808,0.3003797414
320000.68,0.88,.12,17.0054985829,13.7509084450,0.0784060884,0.1307596533
320000.68,0.9,.10,17.3750836896,11.4577689442,0.1495854327,0.1475323507
320000.68,0.92,.08,17.7686549764,9.1871294105,0.1376801091,0.1114282049
320000.68,0.94,.06,18.1194105409,6.8587042470,0.1392072127,0.0965364963
320000.68,0.96,.04,18.5340511217,4.5786361557,0.1526387144,0.0495171945
320000.68,0.98,.02,18.7639121711,2.2554966988,0.1752410905,0.0312694291
320000.68,1,0,19.1627703141,0.0000000000,0.0971076924,0.0000000000
340000.66,0,1.00,0.0000000000,131.3045935313,0.0000000000,1.5978949221
340000.66,0.02,.98,0.4244850717,128.2168837649,0.0091573641,1.2190026593
340000.66,0.04,.96,0.8487357508,126.0521726476,0.0065161716,1.3196875413
340000.66,0.06,.94,1.2650170801,122.8937486990,0.0235184058,1.8896091149
340000.66,0.08,.92,1.6853612152,120.3353238721,0.0155819137,2.0719766720
340000.66,0.1,.90,2.1051844777,116.5021151969,0.0248000157,1.5669444508
340000.66,0.12,.88,2.5296435058,114.7224749445,0.0234499099,1.1473159262
340000.66,0.14,.86,2.9541546212,111.7524792915,0.0276784168,1.1368337577
340000.66,0.16,.84,3.3804627468,108.3234843103,0.0190400305,1.0629249814
340000.66,0.18,.82,3.7951033276,106.4907727070,0.0363537292,1.1666193151
340000.66,0.2,.80,4.1831273219,103.3920629567,0.0228714960,0.5255094405
340000.66,0.22,.78,4.6294369529,100.2118533257,0.0380143940,0.9302098229
340000.66,0.24,.76,5.0270450018,97.9250709585,0.0302255523,0.8614665710
340000.66,0.26,.74,5.4586399836,95.0885036816,0.0355980490,0.7229513074
340000.66,0.28,.72,5.8698167621,92.6148644450,0.0189817430,1.5153622515
340000.66,0.3,.70,6.2362766335,89.6655116189,0.0523157128,1.1349329818
340000.66,0.32,.68,6.7184483384,86.3455879067,0.0568312752,0.6527829008
340000.66,0.34,.66,7.1154052967,84.5184477238,0.0598412424,0.4842841906
340000.66,0.36,.64,7.5383798381,81.5940948612,0.0403106786,0.9808954866
340000.66,0.38,.62,7.9689070312,79.2194554796,0.0702950062,0.2832700738
340000.66,0.4,.60,8.3316426640,76.1835313517,0.0817494091,0.7049119614
340000.66,0.42,.58,8.7938389072,73.2858927357,0.0653032005,0.8174580482
340000.66,0.44,.56,9.0945386212,70.9266819030,0.1521020326,1.2028221249
340000.66,0.46,.54,9.5578026531,68.7895421739,0.0562401799,0.4816053554
340000.66,0.48,.52,10.0353906797,65.6333325077,0.0291508447,0.4343958717
340000.66,0.5,.50,10.4166433310,62.9212650486,0.0718739616,0.4503455958
340000.66,0.52,.48,10.8719640568,60.5217685606,0.0944950855,0.4668903265
340000.66,0.54,.46,11.1925090143,57.7276297931,0.1290835452,0.5767632364
340000.66,0.56,.44,11.5864449119,54.9544909949,0.1089037446,0.3528862802
340000.66,0.58,.42,12.0262696798,52.4442089547,0.0881435919,0.6718459848
340000.66,0.6,.40,12.4415353076,50.0044982399,0.0658504624,0.5791958815
340000.66,0.62,.38,12.8301843490,47.4978590516,0.1324938246,0.3796120457
340000.66,0.64,.36,13.2532109776,44.8685771856,0.0369941199,0.2514450340
340000.66,0.66,.34,13.6388129147,42.2830095414,0.1199861606,0.4476912745
340000.66,0.68,.32,14.0463175418,39.6444419747,0.2118929930,0.5743859867
340000.66,0.7,.30,14.4061102448,36.9123031165,0.1451939235,0.1316705546
340000.66,0.72,.28,14.8625768901,34.2969498015,0.1533828336,0.4180707925
340000.66,0.74,.26,15.2457307262,32.0941673113,0.1676039931,0.3364403806
340000.66,0.76,.24,15.6296137839,29.5665995822,0.1170196640,0.1971211937
340000.66,0.78,.22,15.9982352764,27.0008890518,0.1089811096,0.1308731116
340000.66,0.8,.20,16.4561864084,24.4015357135,0.1334475655,0.1968457513
340000.66,0.82,.18,16.8667120962,22.1156104878,0.1334505324,0.2769631824
340000.66,0.84,.16,17.2259578830,19.7981138798,0.1790849706,0.1595222565
340000.66,0.86,.14,17.6321603288,17.2532604617,0.1510768427,0.1639589068
340000.66,0.88,.12,17.9703889089,14.5669072507,0.1108485488,0.0791942402
340000.66,0.9,.10,18.3348955083,12.1664107642,0.0412721830,0.0562515863
340000.66,0.92,.08,18.7759443266,9.7369857485,0.1164645371,0.1247401295
340000.66,0.94,.06,19.2123834230,7.3064178774,0.0892973183,0.0826186623
340000.66,0.96,.04,19.5023271191,4.8428500547,0.1537870371,0.0713359199
340000.66,0.98,.02,20.0423417189,2.4078536186,0.1675391140,0.0480520087
340000.66,1,0,20.4029678180,0.0000000000,0.2161669316,0.0000000000
360000.64,0,1.00,0.0000000000,139.3089389587,0.0000000000,1.1204983959
360000.64,0.02,.98,0.4518829670,136.8464425629,0.0085354995,1.7895816086
360000.64,0.04,.96,0.8969164602,133.6895186121,0.0063865401,1.4310319431
360000.64,0.06,.94,1.3465596753,131.1813079975,0.0169803575,1.6040604024
360000.64,0.08,.92,1.7962289341,126.9340999282,0.0101377200,1.6272644003
360000.64,0.1,.90,2.2381632357,123.9605328519,0.0232245386,0.7481334933
360000.64,0.12,.88,2.6766597786,120.9801086427,0.0154534117,1.1337334517
360000.64,0.14,.86,3.0971080882,117.6482563765,0.0413878052,1.2776682741
360000.64,0.16,.84,3.5706593526,115.8624018475,0.0364892033,1.0745139729
360000.64,0.18,.82,4.0140781410,113.0217631480,0.0463383573,1.4762224178
360000.64,0.2,.80,4.4642161850,110.1261959575,0.0297971545,1.9752925436
360000.64,0.22,.78,4.8823205682,106.4089156840,0.0504723140,0.9269032690
360000.64,0.24,.76,5.3307657765,103.9776335282,0.0283249698,1.1867828806
360000.64,0.26,.74,5.7697050610,100.5638528105,0.0620135790,0.7148453822
360000.64,0.28,.72,6.2281510220,98.0014994180,0.0394212535,0.4803742788
360000.64,0.3,.70,6.6671423938,94.8546468810,0.0661220589,1.1654780370
360000.64,0.32,.68,7.0974612379,91.7348657330,0.0425514085,1.4031471926
360000.64,0.34,.66,7.5620534948,89.5057975670,0.0212906697,0.5627711497
360000.64,0.36,.64,7.9702352562,86.1463024841,0.0766216672,1.1425462248
360000.64,0.38,.62,8.4130550411,83.8353058665,0.0647914401,0.3799579475
360000.64,0.4,.60,8.8443114558,80.7358818316,0.0577333713,0.5856697767
360000.64,0.42,.58,9.2634054968,77.7491719173,0.0250427831,1.1720977890
360000.64,0.44,.56,9.7073451576,75.4039610642,0.1299929038,1.3716826353
360000.64,0.46,.54,10.1470136637,72.5064653051,0.0909571461,0.6762569083
360000.64,0.48,.52,10.5946775632,69.5083268361,0.0980890193,0.6714413072
360000.64,0.5,.50,11.0217409540,66.7174023496,0.0764136824,0.4187440063
360000.64,0.52,.48,11.3973421384,63.9051921800,0.0700550207,0.4065261527
360000.64,0.54,.46,11.8718049298,61.6777668687,0.0846366187,0.7133124183
360000.64,0.56,.44,12.3713216900,58.5929142409,0.0525499275,0.3341813323
360000.64,0.58,.42,12.7231710869,55.5738472312,0.1202428600,0.4561628258
360000.64,0.6,.40,13.1790387288,52.9781367447,0.0785973477,0.6210382892
360000.64,0.62,.38,13.6192801947,50.0114268012,0.0868149046,0.5177673818
360000.64,0.64,.36,13.9890215630,47.6780016450,0.1113064750,0.1640536598
360000.64,0.66,.34,14.3732171442,44.5617204919,0.0496338206,0.3659792484
360000.64,0.68,.32,14.9186748620,41.9962956753,0.0770989760,0.1847540865
360000.64,0.7,.30,15.3224552505,39.3532281152,0.0713904745,0.3260971544
360000.64,0.72,.28,15.7685565324,36.7337319492,0.1790555263,0.2887478682
360000.64,0.74,.26,16.1378551591,34.1195929183,0.1481008767,0.1736215072
360000.64,0.76,.24,16.6153129676,31.3818112111,0.1063057616,0.2383860483
360000.64,0.78,.22,17.0372197203,28.5897438691,0.1852437572,0.1729372900
360000.64,0.8,.20,17.4002157893,26.2395330233,0.0634532856,0.3426449295
360000.64,0.82,.18,17.9487206115,23.4646799418,0.1369366385,0.1976343259
360000.64,0.84,.16,18.2161626141,20.8358980751,0.1310414545,0.1959684550
360000.64,0.86,.14,18.6588521809,18.1727591159,0.1715056853,0.1956923443
360000.64,0.88,.12,19.1440970338,15.5547629477,0.2968528092,0.0316754371
360000.64,0.9,.10,19.4790701605,12.9414810583,0.0733227772,0.0931120567
360000.64,0.92,.08,19.9091806556,10.3670562549,0.1393273783,0.1282308173
360000.64,0.94,.06,20.3345512106,7.7513457977,0.1653640321,0.0768841344
360000.64,0.96,.04,20.7186947046,5.1459924681,0.2710517448,0.0495757181
360000.64,0.98,.02,21.1869851564,2.5591391115,0.3344723431,0.0260739678
360000.64,1,0,21.5721964391,0.0000000000,0.1368476067,0.0000000000
380000.62,0,1.00,0.0000000000,148.1998545170,0.0000000000,1.6350021213
380000.62,0.02,.98,0.4742804860,144.3377173127,0.0111905321,1.1427950984
380000.62,0.04,.96,0.9479880122,140.5558657051,0.0097232219,1.8023456543
380000.62,0.06,.94,1.4220080619,137.9095838640,0.0143657646,1.3719431611
380000.62,0.08,.92,1.8751411230,134.1438036615,0.0258023202,1.0789504803
380000.62,0.1,.90,2.3639018655,132.1625208471,0.0318986359,0.8398030649
380000.62,0.12,.88,2.8466725738,128.7366687184,0.0184628186,0.9722961405
380000.62,0.14,.86,3.3088427733,125.4443163944,0.0124063817,0.5786060409
380000.62,0.16,.84,3.7547877935,122.4410350759,0.0218325295,1.1836554761
380000.62,0.18,.82,4.2330269107,118.8361832092,0.0324150756,1.2102841607
380000.62,0.2,.80,4.7120994240,115.8634732745,0.0231588977,0.9463497435
380000.62,0.22,.78,5.1695296835,113.1372629790,0.0258033330,0.4381158287
380000.62,0.24,.76,5.6143548277,109.2371972587,0.0540048991,2.1675710053
380000.62,0.26,.74,6.0926199886,106.8717007209,0.0475068745,1.2004796887
380000.62,0.28,.72,6.5602593498,104.3112044686,0.0312138105,0.7987692969
380000.62,0.3,.70,7.0007091647,100.8325667029,0.0208829792,0.4104161743
380000.62,0.32,.68,7.4643378073,97.5030001476,0.0481535373,0.7948133026
380000.62,0.34,.66,7.9751054144,94.8659325788,0.0716665844,0.7746912172
380000.62,0.36,.64,8.3869853708,91.2388664589,0.0399675191,0.8572074849
380000.62,0.38,.62,8.8796266136,88.3542992524,0.0923658579,1.3095743757
380000.62,0.4,.60,9.3147114414,85.3365179550,0.0818903662,0.9587180531
380000.62,0.42,.58,9.7955028340,82.1812368589,0.1052485120,0.8118069218
380000.62,0.44,.56,10.2454325291,79.2852410976,0.0723904012,0.7003695486
380000.62,0.46,.54,10.7694042548,76.7618162196,0.0744967585,0.9118362036
380000.62,0.48,.52,11.1010698409,73.6225351001,0.0769954354,0.4103917450
380000.62,0.5,.50,11.6217861134,70.7407536037,0.1277686783,0.5446811272
380000.62,0.52,.48,12.0020230633,67.4939012131,0.0796087350,0.4361449381
380000.62,0.54,.46,12.5710242196,64.5467626695,0.1600386910,0.5976413962
380000.62,0.56,.44,12.9917850527,61.5541956210,0.0769240547,0.5604737529
380000.62,0.58,.42,13.3756941541,58.7706282665,0.0850063508,0.5240097984
380000.62,0.6,.40,13.9303713157,56.1444892531,0.0814037342,0.4596392781
380000.62,0.62,.38,14.3539188169,53.0106366971,0.0792279822,0.3281223878
380000.62,0.64,.36,14.7241810578,50.2666407133,0.0692082355,0.5254293801
380000.62,0.66,.34,15.1881222240,47.1679309630,0.1595944120,0.2382081044
380000.62,0.68,.32,15.6107321546,44.4760063316,0.1501894155,0.6093900973
380000.62,0.7,.30,16.1635081315,41.4509393307,0.0697342614,0.2542529106
380000.62,0.72,.28,16.6678169190,38.7278004592,0.0763564424,0.7662228320
380000.62,0.74,.26,17.0034411364,35.9728759200,0.1735186916,0.4744665468
380000.62,0.76,.24,17.4635278459,33.0765230164,0.0716288315,0.4546429668
380000.62,0.78,.22,17.9592943239,30.4354554534,0.1535362751,0.2493171331
380000.62,0.8,.20,18.3343485921,27.4656740858,0.1597446437,0.3877748910
380000.62,0.82,.18,18.7752932359,24.6813210182,0.1789855994,0.2515255489
380000.62,0.84,.16,19.3005671430,21.9533964395,0.1500572756,0.1227908004
380000.62,0.86,.14,19.6964563126,19.0615435293,0.1683268425,0.1642973329
380000.62,0.88,.12,20.1915717000,16.4969758543,0.0496548252,0.0947181888
380000.62,0.9,.10,20.5986075418,13.6703371344,0.0594237148,0.1149593841
380000.62,0.92,.08,20.9753546458,10.8975554784,0.1926398662,0.1068192676
380000.62,0.94,.06,21.4192161758,8.1226309685,0.1448671686,0.1459344350
380000.62,0.96,.04,21.8526602551,5.4082777985,0.1395539911,0.0471573433
380000.62,0.98,.02,22.3431659205,2.6980674796,0.3344211639,0.0601042011
380000.62,1,0,22.6621482604,0.0000000000,0.1852245833,0.0000000000
400000.6,0,1.00,0.0000000000,154.8982018559,0.0000000000,2.1160790296
400000.6,0.02,.98,0.5036316533,152.8444905761,0.0095164801,0.8922925270
400000.6,0.04,.96,1.0008044872,148.9467105667,0.0182081095,1.8463786912
400000.6,0.06,.94,1.5037850498,144.6560025611,0.0210039585,1.0934892648
400000.6,0.08,.92,1.9821022979,142.0003635909,0.0216787673,1.8570454340
400000.6,0.1,.90,2.4815669709,139.0740821596,0.0250107766,1.8485463210
400000.6,0.12,.88,2.9736612976,135.2985876856,0.0227267772,1.3258336976
400000.6,0.14,.86,3.4639846576,131.6988786685,0.0350697986,1.0074930300
400000.6,0.16,.84,3.9488909433,128.1740266848,0.0318491941,0.9181200978
400000.6,0.18,.82,4.4464023443,125.3914593289,0.0451054291,0.8362717203
400000.6,0.2,.80,4.9366475735,122.0706784751,0.0304607286,0.6041933386
400000.6,0.22,.78,5.4311900011,118.7273262257,0.0505934623,1.2390122593
400000.6,0.24,.76,5.9203413979,115.6710449847,0.0477918061,1.5126468276
400000.6,0.26,.74,6.4230615243,112.0369074466,0.0431203310,1.2413317817
400000.6,0.28,.72,6.8897372713,109.6439823776,0.0620786979,0.6088870948
400000.6,0.3,.70,7.3774823123,105.8347736672,0.0521180668,0.8828126816
400000.6,0.32,.68,7.8555130805,102.1055648397,0.0855363242,1.2445233040
400000.6,0.34,.66,8.3363565604,99.6882826635,0.0340598419,0.5848771850
400000.6,0.36,.64,8.8548070373,96.6365728444,0.0577643711,0.3820980444
400000.6,0.38,.62,9.2978351713,92.8359355500,0.0663563792,0.7418633907
400000.6,0.4,.60,9.8181347456,90.3310820733,0.0271712596,1.0923072133
400000.6,0.42,.58,10.2885086876,87.4626577003,0.0708306354,0.9776622339
400000.6,0.44,.56,10.8213352465,83.5861633741,0.0837830061,0.6162425476
400000.6,0.46,.54,11.2071976198,80.4965964675,0.0830705566,0.5400089199
400000.6,0.48,.52,11.7853661327,77.7172433926,0.0643228347,0.7570363509
400000.6,0.5,.50,12.2506355239,74.2849627020,0.1258085698,0.2486690934
400000.6,0.52,.48,12.6330340948,70.6237537750,0.0677062125,0.1863649353
400000.6,0.54,.46,13.1516929207,68.2844000561,0.0547391764,0.6984827887
400000.6,0.56,.44,13.6800139321,64.5653340709,0.1174510741,0.7163655707
400000.6,0.58,.42,14.1444499272,61.7803381471,0.0597755880,0.5798873584
400000.6,0.6,.40,14.6339398912,59.1204134689,0.1413238520,0.5622000759
400000.6,0.62,.38,15.1065535851,56.0914893307,0.1396751588,0.6915251141
400000.6,0.64,.36,15.5246579683,52.7036371464,0.0911610770,0.6189256941
400000.6,0.66,.34,15.9418247809,50.1677837152,0.0911444766,0.5494164042
400000.6,0.68,.32,16.4833499111,46.9480741420,0.0224326753,0.4531662948
400000.6,0.7,.30,16.9782829930,43.8070787393,0.0865912634,0.7354638661
400000.6,0.72,.28,17.5185319855,41.0309399454,0.1601072216,0.5172041060
400000.6,0.74,.26,17.9032484392,37.8313017714,0.0652118910,0.3260272171
400000.6,0.76,.24,18.3251291483,34.9830916544,0.1637880006,0.4555353982
400000.6,0.78,.22,18.9010058221,32.0965958792,0.2032364286,0.1809254263
400000.6,0.8,.20,19.4202376077,28.9006005570,0.1161241222,0.4417475287
400000.6,0.82,.18,19.7979222823,26.1216760529,0.2014877266,0.3162893990
400000.6,0.84,.16,20.2562119815,23.0288234369,0.2707091323,0.1572312144
400000.6,0.86,.14,20.7133818047,20.3080417049,0.2625473823,0.3451444741
400000.6,0.88,.12,21.2078721450,17.3224032176,0.0918555595,0.1540188972
400000.6,0.9,.10,21.5923542061,14.3431218639,0.1993389838,0.0706404172
400000.6,0.92,.08,22.2222974490,11.5045545900,0.1417372582,0.1879031397
400000.6,0.94,.06,22.5600832874,8.6030588368,0.1969890427,0.0920814325
400000.6,0.96,.04,22.9872508526,5.6965630908,0.1851697949,0.0342316685
400000.6,0.98,.02,23.3566536539,2.8177101616,0.2407104652,0.0211097162
400000.6,1,0,23.8853392761,0.0000000000,0.1730987232,0.0000000000
420000.58,0,1.00,0.0000000000,163.0599756243,0.0000000000,1.9797969150
420000.58,0.02,.98,0.5260291723,160.9621215519,0.0087309048,0.3664409862
420000.58,0.04,.96,1.0508603377,157.7725547917,0.0135110509,2.6345486027
420000.58,0.06,.94,1.5633468241,153.4969896210,0.0236960871,2.4919157170
420000.58,0.08,.92,2.0771875790,150.0894946084,0.0249782584,1.8364250179
420000.58,0.1,.90,2.6158479102,147.2748558709,0.0242896764,1.0758146219
420000.58,0.12,.88,3.1230996277,142.5361485209,0.0295361780,1.3277364117
420000.58,0.14,.86,3.6460296083,139.2478676195,0.0228104536,0.6908657006
420000.58,0.16,.84,4.1512238792,136.4380860178,0.0384979553,1.3465165681
420000.58,0.18,.82,4.6496728508,131.5072360919,0.0152713843,0.8500236995
420000.58,0.2,.80,5.1758061976,128.3948120759,0.0392544668,0.7925883489
420000.58,0.22,.78,5.6857924958,125.2448881149,0.0344544457,1.2366840467
420000.58,0.24,.76,6.1757512451,121.5403935369,0.1032082932,1.5580393309
420000.58,0.26,.74,6.6801642071,118.1438985082,0.0747297717,0.3969114554
420000.58,0.28,.72,7.2144231654,114.6476179112,0.0389970023,0.8720402350
420000.58,0.3,.70,7.7152160634,111.3424798916,0.0361649255,0.7579291162
420000.58,0.32,.68,8.2274421135,108.5149840300,0.0588222615,1.1408188473
420000.58,0.34,.66,8.7653732232,105.2034888769,0.0784160373,0.5397940018
420000.58,0.36,.64,9.2583530332,101.0644949349,0.0782561841,1.4640499991
420000.58,0.38,.62,9.7397955165,97.3400718147,0.0364557763,0.4135129018
420000.58,0.4,.60,10.3037442093,94.8253612096,0.0940709008,0.7637012467
420000.58,0.42,.58,10.7912027704,91.2144379233,0.1009188643,0.8529931162
420000.58,0.44,.56,11.3417650390,88.0881567847,0.1038494163,0.9937575762
420000.58,0.46,.54,11.7553117875,84.7939473206,0.0435904198,1.0037280633
420000.58,0.48,.52,12.3372826699,81.2773096105,0.1719111893,0.5229708424
420000.58,0.5,.50,12.8664891646,78.6109563703,0.1049366058,0.7132465480
420000.58,0.52,.48,13.2764939799,74.7958905256,0.1962712488,1.0580173925
420000.58,0.54,.46,13.7986686954,71.5838952268,0.1002913208,0.3757413828
420000.58,0.56,.44,14.2520882364,68.2684715080,0.0640069736,0.4002065994
420000.58,0.58,.42,14.8873443791,65.1866903043,0.1771339411,0.4884556270
420000.58,0.6,.40,15.2311983825,61.7993381193,0.2224349912,0.9068453098
420000.58,0.62,.38,15.8338999918,58.3482003134,0.1539135383,0.7725118690
420000.58,0.64,.36,16.3895407677,55.7620612414,0.1384419957,0.1514999909
420000.58,0.66,.34,16.8066554930,52.4938517392,0.1012768428,0.6056823753
420000.58,0.68,.32,17.3759170856,49.3537134781,0.1474979716,0.5929424325
420000.58,0.7,.30,17.8225392401,46.0495040286,0.0801143136,0.4788097663
420000.58,0.72,.28,18.2493421946,42.6790803902,0.1367468594,0.5618922804
420000.58,0.74,.26,18.8296983721,40.0118700084,0.0641092743,0.4360066759
420000.58,0.76,.24,19.3567692895,36.7755176024,0.0659272129,0.3022611716
420000.58,0.78,.22,19.7929739932,33.5642365883,0.2178944634,0.2586513463
420000.58,0.8,.20,20.4121091309,30.5640266938,0.2646886966,0.2107219047
420000.58,0.82,.18,20.8576634967,27.5439596855,0.0636294029,0.2651945052
420000.58,0.84,.16,21.4100227755,24.3771071778,0.2161017451,0.2196806531
420000.58,0.86,.14,21.8838605199,21.2403974831,0.1225360584,0.1834486871
420000.58,0.88,.12,22.3612662411,18.2172590507,0.2620587811,0.2720472405
420000.58,0.9,.10,22.8340361967,15.1671206579,0.1573563781,0.2327637789
420000.58,0.92,.08,23.0590010442,12.0016252911,0.2041999588,0.1008294542
420000.58,0.94,.06,23.7753049532,9.0424153366,0.0974876704,0.1251605178
420000.58,0.96,.04,24.2089313379,6.0304197451,0.1727266117,0.1056204495
420000.58,0.98,.02,24.6352655071,2.9907813369,0.1039670116,0.0443771905
420000.58,1,0,25.0333683850,0.0000000000,0.2081720302,0.0000000000
440000.56,0,1.00,0.0000000000,173.4278175923,0.0000000000,2.3457208115
440000.56,0.02,.98,0.5544948563,169.9128227370,0.0053193675,0.9346592404
440000.56,0.04,.96,1.0889361199,165.3575436900,0.0065931236,2.5477306986
440000.56,0.06,.94,1.6403317846,160.9044787791,0.0239639012,1.8579639809
440000.56,0.08,.92,2.1912326204,159.0292672381,0.0156434303,1.1763719830
440000.56,0.1,.90,2.7268458473,153.6934179050,0.0208156042,1.5126718384
440000.56,0.12,.88,3.2875911739,150.8028507072,0.0310190402,1.7989372182
440000.56,0.14,.86,3.7982025192,145.6912153316,0.0544186434,0.9405866653
440000.56,0.16,.84,4.3546246038,142.1212919853,0.0402039529,2.5001077078
440000.56,0.18,.82,4.8785702859,138.5010829983,0.0400800260,0.3960432562
440000.56,0.2,.80,5.3998595181,134.7500170599,0.0387676008,2.0744666316
440000.56,0.22,.78,5.9339101274,131.1302366437,0.0651443679,1.3677526543
440000.56,0.24,.76,6.4835087819,128.2192409043,0.0549986437,0.3948779172
440000.56,0.26,.74,7.0227160292,124.4687463937,0.0681459782,1.9123664426
440000.56,0.28,.72,7.5896076518,120.4065380536,0.0417980150,0.6965445778
440000.56,0.3,.70,8.0839677740,116.1552585617,0.0880468806,0.8457030476
440000.56,0.32,.68,8.6303109751,113.6076908619,0.0508866365,1.0179823817
440000.56,0.34,.66,9.1603508659,110.0460532177,0.0864543433,0.9747735245
440000.56,0.36,.64,9.6535129812,105.5967025871,0.0679802942,0.8546225647
440000.56,0.38,.62,10.1820162980,102.0494220647,0.0569879401,0.5177910163
440000.56,0.4,.60,10.7316409961,99.2212119185,0.0276373130,0.9996002373
440000.56,0.42,.58,11.2752496164,96.2481448414,0.0989455718,0.3592983589
440000.56,0.44,.56,11.8391462219,92.4729360813,0.1389148242,0.6128955308
440000.56,0.46,.54,12.3584561384,89.2327979665,0.1575616485,1.3765065112
440000.56,0.48,.52,12.8490399348,85.3958750110,0.1516083192,1.3736955444
440000.56,0.5,.50,13.3647558308,82.0955941271,0.1036719224,1.0492061072
440000.56,0.52,.48,14.0091272429,78.5788135602,0.1058453485,0.6334880281
440000.56,0.54,.46,14.4277264550,75.1046757879,0.1080435225,0.6168730609
440000.56,0.56,.44,15.0286570976,71.4595382660,0.1753199869,0.6215764171
440000.56,0.58,.42,15.5335648886,68.6169709979,0.1195059601,0.4474740602
440000.56,0.6,.40,16.0177940400,64.8809050376,0.1208677915,0.9055671872
440000.56,0.62,.38,16.5700751880,61.7624810304,0.1235164190,0.3386836647
440000.56,0.64,.36,17.0727692707,58.4130573613,0.1112591769,0.5397798894
440000.56,0.66,.34,17.6679703155,55.0917050797,0.0598095712,0.3055579350
440000.56,0.68,.32,18.1188115375,51.4697103810,0.1115993738,0.4689613348
440000.56,0.7,.30,18.6240318520,48.5003575843,0.1639110087,0.4089324290
440000.56,0.72,.28,19.1083130907,44.9562199145,0.0736607306,0.2313283539
440000.56,0.74,.26,19.7548200801,41.7647960141,0.1245331899,0.6301166045
440000.56,0.76,.24,20.2775417117,38.3423010234,0.1550048304,0.5801743580
440000.56,0.78,.22,20.7763032068,35.1112343240,0.2122167041,0.1364524309
440000.56,0.8,.20,21.2260505965,31.8703819246,0.1573953615,0.1587182858
440000.56,0.82,.18,21.7941141822,28.5618153386,0.1453109998,0.1865568178
440000.56,0.84,.16,22.2632380301,25.4740341437,0.1972400850,0.2832324573
440000.56,0.86,.14,22.9345645958,22.2830388142,0.1212475738,0.1404581782
440000.56,0.88,.12,23.2973783595,19.0452578388,0.1482052179,0.1483734201
440000.56,0.9,.10,23.8311945761,15.8447625232,0.2176616786,0.2359635287
440000.56,0.92,.08,24.3467281668,12.6729814513,0.1653156169,0.1197854047
440000.56,0.94,.06,24.7612385295,9.4348433336,0.2178578605,0.0516300368
440000.56,0.96,.04,25.3419072306,6.2615622639,0.0470701368,0.1300382811
440000.56,0.98,.02,25.8371528361,3.1439953983,0.1085874279,0.0282537596
440000.56,1,0,26.2867960513,0.0000000000,0.0863101967,0.0000000000
460000.54,0,1.00,0.0000000000,181.9703765176,0.0000000000,2.6774816131
460000.54,0.02,.98,0.5728035258,179.6096656872,0.0109467467,1.8287706321
460000.54,0.04,.96,1.1479509781,174.2475306783,0.0092434333,0.5832004115
460000.54,0.06,.94,1.7239839136,170.4075362986,0.0269776733,1.8730204890
460000.54,0.08,.92,2.2851459383,165.6576861079,0.0085517119,1.5106530705
460000.54,0.1,.90,2.8359165559,162.1151912928,0.0233390360,1.4130928475
460000.54,0.12,.88,3.3934585165,156.4481995872,0.0417933253,2.1831592267
460000.54,0.14,.86,3.9797265974,153.6707036525,0.0146010627,1.6390995838
460000.54,0.16,.84,4.5263041911,149.5318525674,0.0648180565,1.1755746233
460000.54,0.18,.82,5.0827523193,145.3490729753,0.0531659825,1.3608519123
460000.54,0.2,.80,5.6752969142,141.0614363937,0.0436759208,0.4898943877
460000.54,0.22,.78,6.2303907739,138.2965832976,0.0577356346,1.8338377624
460000.54,0.24,.76,6.7667592660,133.3670190841,0.1045081138,1.8989042394
460000.54,0.26,.74,7.3087010941,129.8056671538,0.0357908290,1.8887023777
460000.54,0.28,.72,7.8667639272,126.2182438331,0.0552120378,0.8368994255
460000.54,0.3,.70,8.4113361617,122.4505350619,0.0558914861,1.1290251295
460000.54,0.32,.68,8.9851553890,118.6939691316,0.0110400548,0.7240148370
460000.54,0.34,.66,9.5173829444,114.5132609650,0.0552972452,0.6540533155
460000.54,0.36,.64,10.1552434498,111.6405508839,0.0909693710,1.2608561472
460000.54,0.38,.62,10.6714802184,107.0017005307,0.1021565679,1.3749456956
460000.54,0.4,.60,11.1768307510,103.6792768221,0.0517152537,0.8417489853
460000.54,0.42,.58,11.7852359146,100.6606383831,0.1174699194,1.1604675153
460000.54,0.44,.56,12.3074627173,96.5318587119,0.1202751750,0.8052814284
460000.54,0.46,.54,12.8479200588,92.5354359898,0.0772756489,0.5266044828
460000.54,0.48,.52,13.4449181138,89.7830114469,0.0781790015,0.5038396534
460000.54,0.5,.50,13.9945688555,86.1955166978,0.1100900870,0.5201481924
460000.54,0.52,.48,14.5569028434,81.9865942867,0.1334203703,0.8382362633
460000.54,0.54,.46,15.1075953302,78.5724564266,0.0641621659,0.9266701968
460000.54,0.56,.44,15.6583138606,74.7178906397,0.1137568284,0.8061325313
460000.54,0.58,.42,16.2541399524,71.7273950168,0.0770894164,0.6317215373
460000.54,0.6,.40,16.7046165636,67.8529006876,0.1232195666,0.8120172814
460000.54,0.62,.38,17.3046356793,64.3758343482,0.0676322537,0.4737227808
460000.54,0.64,.36,17.9101500003,60.9711964743,0.0971854123,0.3191420070
460000.54,0.66,.34,18.4816513448,57.5139158202,0.2193969645,0.6046372061
460000.54,0.68,.32,19.0432300675,54.1904921131,0.1573845933,0.5963980584
460000.54,0.7,.30,19.5111559086,50.7269257539,0.1210688735,0.4350359836
460000.54,0.72,.28,20.0697396142,47.1922880702,0.1450915325,0.2065931922
460000.54,0.74,.26,20.5776945096,43.6630789500,0.0936740376,0.3521383052
460000.54,0.76,.24,21.1740154303,40.2329411134,0.1533355612,0.4016957080
460000.54,0.78,.22,21.6742614121,36.7491604981,0.0745217496,0.2681560934
460000.54,0.8,.20,22.1894303921,33.5211652227,0.1803437912,0.3465741358
460000.54,0.82,.18,22.7270229346,29.7948849624,0.1120344287,0.4141469370
460000.54,0.84,.16,23.2964928762,26.6456038575,0.1196271167,0.0406912901
460000.54,0.86,.14,23.8027288922,23.2694659418,0.1762798749,0.1499110588
460000.54,0.88,.12,24.2959691384,19.9736136229,0.0603064711,0.2518217860
460000.54,0.9,.10,24.8595532204,16.4779758821,0.4016586016,0.2262958409
460000.54,0.92,.08,25.5142379086,13.2429091885,0.2026963751,0.1644004409
460000.54,0.94,.06,25.9176015990,9.8712712663,0.1160823106,0.1714786632
460000.54,0.96,.04,26.4135243388,6.5019904834,0.2911125569,0.1092265657
460000.54,0.98,.02,26.9845568980,3.2478523892,0.1882963008,0.0723918332
460000.54,1,0,27.5260299409,0.0000000000,0.1928636637,0.0000000000
480000.52,0,1.00,0.0000000000,190.4427212600,0.0000000000,1.1127718375
480000.52,0.02,.98,0.5938467762,186.7656552133,0.0134750250,3.1900402751
480000.52,0.04,.96,1.1997517516,182.0544478231,0.0174319256,2.1232526072
480000.52,0.06,.94,1.8052400289,178.3613103714,0.0160584229,1.7945479019
480000.52,0.08,.92,2.4076030711,173.2896035089,0.0281933230,0.9412732825
480000.52,0.1,.90,2.9725414216,169.3551092676,0.0371855309,1.9410776085
480000.52,0.12,.88,3.5624556102,164.1539025946,0.0230463971,1.4074534754
480000.52,0.14,.86,4.1621361588,159.4571237547,0.0380342915,1.5091130484
480000.52,0.16,.84,4.7418152021,156.1955570999,0.0208795374,1.3854975820
480000.52,0.18,.82,5.3106600967,152.3177770613,0.0157482452,1.1215638039
480000.52,0.2,.80,5.8967979594,147.7754265668,0.0366997737,0.8952726552
480000.52,0.22,.78,6.4685336965,143.5423613339,0.0370914109,0.9096765189
480000.52,0.24,.76,7.0686569868,140.3864373816,0.0612730677,0.9509100280
480000.52,0.26,.74,7.6300013168,136.0866579607,0.1020896218,1.2971299286
480000.52,0.28,.72,8.2025183628,131.2874506993,0.0314267137,0.8132492171
480000.52,0.3,.70,8.8412643514,127.9325984667,0.0768711896,0.7615588167
480000.52,0.32,.68,9.4130521758,123.6271047684,0.0631887062,1.4521815024
480000.52,0.34,.66,9.9539522589,119.8064675033,0.0803879633,0.8699763434
480000.52,0.36,.64,10.5451425852,116.3847582258,0.0435294636,0.9137383804
480000.52,0.38,.62,11.1778985397,113.2088343028,0.0603342430,0.6793880051
480000.52,0.4,.60,11.7595048114,109.1651259356,0.0591848429,1.0431274145
480000.52,0.42,.58,12.2917584104,105.2059888732,0.0936926724,0.7301623078
480000.52,0.44,.56,12.8223452174,100.3004960531,0.0644729904,0.6600067727
480000.52,0.46,.54,13.4410115698,97.0209294246,0.0873078055,1.1726475757
480000.52,0.48,.52,14.0107679913,93.3656490604,0.1363029435,1.5919234286
480000.52,0.5,.50,14.5089044394,89.4781547503,0.1001800285,0.4799234800
480000.52,0.52,.48,15.1833041530,85.9988027000,0.0888231832,0.7498042774
480000.52,0.54,.46,15.7037339455,81.9343800774,0.0837321462,0.7800209741
480000.52,0.56,.44,16.2904708117,78.7115990801,0.1292233496,0.7279076822
480000.52,0.58,.42,16.9743764490,74.7545334433,0.0729472622,1.1724270632
480000.52,0.6,.40,17.4485006733,71.1101102060,0.0876642753,0.2859255189
480000.52,0.62,.38,18.0227365986,67.6748295197,0.1404262403,0.6228439498
480000.52,0.64,.36,18.6559352947,63.6604068239,0.0771229545,0.7115575839
480000.52,0.66,.34,19.2260302834,60.0286978538,0.2146622574,0.5541758882
480000.52,0.68,.32,19.6797363043,56.1602035158,0.1533758476,0.3191484439
480000.52,0.7,.30,20.2708224561,53.0152081190,0.2145082539,0.8114823652
480000.52,0.72,.28,20.8797484921,49.1228566731,0.1500528431,0.6584469305
480000.52,0.74,.26,21.4772413761,45.5063619664,0.0810294973,0.5532066498
480000.52,0.76,.24,22.0409035889,42.1825096885,0.0737741063,0.2649616385
480000.52,0.78,.22,22.5287267608,38.1490155921,0.2399732741,0.4474563991
480000.52,0.8,.20,23.1746347468,34.8243061725,0.0789042201,0.4182089911
480000.52,0.82,.18,23.6533686930,31.3462398346,0.2114541291,0.3379135902
480000.52,0.84,.16,24.3096420424,27.7701736401,0.1897331844,0.3222180238
480000.52,0.86,.14,24.8408538964,24.3755357515,0.1828895563,0.2377022970
480000.52,0.88,.12,25.3484441809,20.7590410448,0.3157289607,0.2692055270
480000.52,0.9,.10,25.8941102477,17.3639745854,0.2254863632,0.1814754197
480000.52,0.92,.08,26.4644396290,13.8276940469,0.1990939026,0.1088371154
480000.52,0.94,.06,27.0060168464,10.3428420046,0.2558964682,0.1001640738
480000.52,0.96,.04,27.6349443878,6.8530613981,0.2223022795,0.0558909950
480000.52,0.98,.02,28.0295834633,3.3780664843,0.2484377841,0.0522027569
480000.52,1,0,28.6387699357,0.0000000000,0.2695522160,0.0000000000
500000.5,0,1.00,0.0000000000,201.8439188584,0.0000000000,2.7073303286
500000.5,0.02,.98,0.6206196245,194.7772863443,0.0135824313,2.2930341572
500000.5,0.04,.96,1.2575165156,190.7985778820,0.0052021273,1.6732645796
500000.5,0.06,.94,1.8669894679,185.7857280762,0.0182364349,1.3857533471
500000.5,0.08,.92,2.5018809998,181.3270917449,0.0123186507,1.6877282182
500000.5,0.1,.90,3.0974726990,177.8411682756,0.0339371973,1.9315441819
500000.5,0.12,.88,3.7168422294,172.5271760534,0.0285759749,2.0828230111
500000.5,0.14,.86,4.3387379915,168.6085389317,0.0229595968,1.3087152913
500000.5,0.16,.84,4.9300324923,163.6354747819,0.0224023062,2.6670784870
500000.5,0.18,.82,5.5414587166,159.1052671268,0.0366157194,1.5990382106
500000.5,0.2,.80,6.1802307488,155.2026299817,0.0547118364,1.1852181365
500000.5,0.22,.78,6.7085778039,149.4539955385,0.0682193225,1.1230284265
500000.5,0.24,.76,7.3480530141,146.3731429050,0.0673266598,0.8138344126
500000.5,0.26,.74,7.9372379811,141.8414352520,0.0368464605,1.2013821436
500000.5,0.28,.72,8.5336630764,137.4195845812,0.0707299458,1.2748798156
500000.5,0.3,.70,9.1421463708,133.3148048748,0.0992331861,0.8046695769
500000.5,0.32,.68,9.7700321671,128.9303827206,0.0421170833,1.2856543716
500000.5,0.34,.66,10.3663791315,125.2793166359,0.0753813413,1.1508649228
500000.5,0.36,.64,10.9619708307,121.0488942563,0.0597301229,0.7319064317
500000.5,0.38,.62,11.5730584878,117.5703279191,0.1088571912,1.1444701878
500000.5,0.4,.60,12.2088875903,112.5241924477,0.1105627261,1.5858354645
500000.5,0.42,.58,12.7477562705,109.2381258288,0.1231961914,1.4032905250
500000.5,0.44,.56,13.3378527644,104.9069178824,0.0555505779,0.6144137434
500000.5,0.46,.54,14.0151172770,101.3569230783,0.1723612555,0.9783093877
500000.5,0.48,.52,14.4478581784,96.7602869490,0.0538709759,1.0010112901
500000.5,0.5,.50,15.2093998670,93.2238635536,0.0644023391,0.6762100900
500000.5,0.52,.48,15.6662050795,89.0634410716,0.1047445502,0.4241765060
500000.5,0.54,.46,16.3542516535,85.8610886158,0.2247401383,0.9920054791
500000.5,0.56,.44,16.8941620788,81.3405238037,0.0787711411,0.6228260378
500000.5,0.58,.42,17.5404607192,77.5941007157,0.1922507950,0.8400579334
500000.5,0.6,.40,18.2437688584,73.8421776358,0.1355902621,0.6505324882
500000.5,0.62,.38,18.7010949434,69.7912549934,0.1286194603,0.8507627505
500000.5,0.64,.36,19.2789248892,65.8904749885,0.0963684107,0.5492173912
500000.5,0.66,.34,19.8925908654,61.9404807699,0.1034334889,0.5418287176
500000.5,0.68,.32,20.5600629743,58.6919140960,0.1571715095,0.7063775674
500000.5,0.7,.30,21.0897903415,54.8946339396,0.1334250224,0.1870929366
500000.5,0.72,.28,21.6748343719,51.2232107418,0.1473324061,0.3013518365
500000.5,0.74,.26,22.3460307195,47.6439302663,0.1772486238,0.3674211252
500000.5,0.76,.24,22.9370908276,43.8401501194,0.1470339751,0.4216395827
500000.5,0.78,.22,23.4110067028,40.0801556227,0.1409720375,0.2507153552
500000.5,0.8,.20,24.0455075803,36.0693757788,0.1945910130,0.2183120718
500000.5,0.82,.18,24.6561785394,32.6204522553,0.1241571747,0.4157106761
500000.5,0.84,.16,25.2949245281,29.0559574725,0.1273664736,0.4023034123
500000.5,0.86,.14,25.8235059757,25.2668201613,0.1636103515,0.2049362595
500000.5,0.88,.12,26.5384295725,21.6753968464,0.2976090572,0.2048532674
500000.5,0.9,.10,27.0389620342,17.9904736684,0.2130386002,0.0839965235
500000.5,0.92,.08,27.6030149015,14.3756218164,0.2904756043,0.1540523983
500000.5,0.94,.06,28.0261196610,10.7684128103,0.2833319087,0.0694371378
500000.5,0.96,.04,28.8794651337,7.1704180765,0.2928045940,0.0449121957
500000.5,0.98,.02,29.2509514251,3.5680662062,0.2315235889,0.0393742632
500000.5,1,0,29.6684568049,0.0000000000,0.1479893540,0.0000000000
520000.48,0,1.00,0.0000000000,212.0589039074,0.0000000000,0.8964772389
520000.48,0.02,.98,0.6501791408,205.3081280738,0.0087267131,2.8872331100
520000.48,0.04,.96,1.3006708051,201.7800618091,0.0118546315,2.5988173033
520000.48,0.06,.94,1.9474382308,196.3070698196,0.0196218399,1.1702840585
520000.48,0.08,.92,2.6096755707,191.4084341323,0.0276888012,0.9892509587
520000.48,0.1,.90,3.2295399300,186.1094418881,0.0303240909,0.8723006262
520000.48,0.12,.88,3.8703954524,181.4718058188,0.0346806897,0.9164820833
520000.48,0.14,.86,4.5071881691,175.4939574254,0.0595385009,1.5594907016
520000.48,0.16,.84,5.1347614419,171.5666060307,0.0645897885,1.4101335078
520000.48,0.18,.82,5.7668142185,166.5417562425,0.0419624459,1.9331582811
520000.48,0.2,.80,6.3836835607,161.1716212453,0.0662428537,0.9925242412
520000.48,0.22,.78,7.0301905501,158.0392686871,0.0740180282,1.7177840800
520000.48,0.24,.76,7.6907090107,153.1136330393,0.0384661040,1.1516220184
520000.48,0.26,.74,8.2498656761,147.6429267607,0.0495353119,1.3255777831
520000.48,0.28,.72,8.8986645047,144.0244320569,0.0616144227,1.0123468588
520000.48,0.3,.70,9.4847763238,139.4272244999,0.1164656591,2.1652205493
520000.48,0.32,.68,10.1493055029,135.3120876658,0.0701232006,1.5700474022
520000.48,0.34,.66,10.7318493451,130.2640236258,0.0805561095,1.9733348916
520000.48,0.36,.64,11.3595528360,125.9749584749,0.0751127808,0.8919214501
520000.48,0.38,.62,12.0196806422,122.0282499657,0.1280337383,0.7069726720
520000.48,0.4,.60,12.6572807113,118.4093266911,0.0939792604,1.3026469025
520000.48,0.42,.58,13.1892478304,113.4005483079,0.0482382643,0.8430558997
520000.48,0.44,.56,13.8901339124,108.8253407186,0.1123946495,0.9709308854
520000.48,0.46,.54,14.4912208169,105.4089885761,0.0992296833,1.2591077043
520000.48,0.48,.52,15.0884011773,100.4897100619,0.0905569543,0.8304226110
520000.48,0.5,.50,15.7261054209,97.0613579369,0.1071436429,0.3179271043
520000.48,0.52,.48,16.3047166755,92.4878646309,0.1240033661,1.3275151240
520000.48,0.54,.46,16.9949248705,88.8657270752,0.1409136007,1.5165009559
520000.48,0.56,.44,17.5686399233,84.8188044271,0.1078601008,1.1373711814
520000.48,0.58,.42,18.2178294062,80.6315962699,0.1008573546,0.9696056573
520000.48,0.6,.40,18.8616539021,76.7978875954,0.1041542406,0.7008026291
520000.48,0.62,.38,19.4956339071,72.4163225798,0.1424848065,0.4224573219
520000.48,0.64,.36,20.0133812060,69.1167559807,0.1291843010,0.7325631713
520000.48,0.66,.34,20.6952814842,64.7743337650,0.1821397681,1.0077039852
520000.48,0.68,.32,21.3251726397,61.0785534600,0.1143137648,0.6992958928
520000.48,0.7,.30,21.8603952122,56.9023452868,0.1155156097,0.4196667085
520000.48,0.72,.28,22.5854758234,53.1370650835,0.1329640224,0.5599568615
520000.48,0.74,.26,23.0900710909,49.3709991671,0.2539669025,0.5743549606
520000.48,0.76,.24,23.7806699403,45.2247909499,0.1392178570,0.5178978042
520000.48,0.78,.22,24.3652712291,41.4859392794,0.1235672844,0.5419009863
520000.48,0.8,.20,25.0098509901,37.6885876945,0.1813078062,0.4114199651
520000.48,0.82,.18,25.7099557633,33.9373074708,0.1946796000,0.3328847920
520000.48,0.84,.16,26.2350473650,30.0588131475,0.1356751109,0.1290202131
520000.48,0.86,.14,26.8961648290,26.2561758561,0.1941638737,0.3717734843
520000.48,0.88,.12,27.4050052076,22.5701098226,0.1065529505,0.1051588758
520000.48,0.9,.10,28.1015940912,18.6476869922,0.0445340794,0.1678959509
520000.48,0.92,.08,28.7125515302,14.9607638171,0.1313511016,0.1588430238
520000.48,0.94,.06,29.3646058121,11.2131978736,0.2029805323,0.1153481890
520000.48,0.96,.04,29.8348495359,7.4958461716,0.2743461054,0.0644066037
520000.48,0.98,.02,30.2758462670,3.6904231700,0.1579494091,0.0447334729
520000.48,1,0,30.9553765750,0.0000000000,0.2338017541,0.0000000000
540000.46,0,1.00,0.0000000000,222.3409602867,0.0000000000,1.6286705826
540000.46,0.02,.98,0.6786448248,215.4943274506,0.0245567107,3.1920301720
540000.46,0.04,.96,1.3511954409,210.0084783370,0.0171728840,1.7419220626
540000.46,0.06,.94,2.0370283066,205.8658415432,0.0133922465,1.9407354258
540000.46,0.08,.92,2.7000209118,199.4582794930,0.0303494182,0.9105332739
540000.46,0.1,.90,3.3800981360,194.3622869517,0.0477239500,1.8835428324
540000.46,0.12,.88,4.0429084357,189.4415084397,0.0193012291,0.4918904486
540000.46,0.14,.86,4.6972545568,183.7443024927,0.0681853529,1.9107178291
540000.46,0.16,.84,5.3510277181,178.7975954472,0.0523973756,3.2934196156
540000.46,0.18,.82,5.9913623680,174.2611735154,0.0211224510,1.1861759898
540000.46,0.2,.80,6.6729501225,169.3329664428,0.0866501723,1.9966126758
540000.46,0.22,.78,7.3021901875,163.4829035767,0.0590075290,2.5487133671
540000.46,0.24,.76,7.9341127459,159.1684813200,0.0579622195,1.6214533253
540000.46,0.26,.74,8.5681969254,154.1058458728,0.0599934669,0.8713135686
540000.46,0.28,.72,9.2432998169,150.5568510672,0.0543345834,2.2520797968
540000.46,0.3,.70,9.8402457847,144.3376458842,0.0481515292,1.6403522589
540000.46,0.32,.68,10.5289434494,140.4318658866,0.0572914552,1.5206071885
540000.46,0.34,.66,11.1687572268,135.5182302212,0.0953548286,1.4852569193
540000.46,0.36,.64,11.8191968038,131.4811647015,0.0538409138,1.3250139681
540000.46,0.38,.62,12.5148220732,126.7107431122,0.0856474057,1.3676737880
540000.46,0.4,.60,13.1068197519,122.2489639284,0.0534870841,0.7724525866
540000.46,0.42,.58,13.7291061685,118.1798984555,0.1656411230,0.9342615717
540000.46,0.44,.56,14.3703263017,113.8816904608,0.1573812887,1.8397828258
540000.46,0.46,.54,15.0247245100,109.9771247471,0.0620325826,1.4218991836
540000.46,0.48,.52,15.6440940404,105.7007024349,0.1237790355,1.0847295872
540000.46,0.5,.50,16.3116442802,100.8687809356,0.1490581575,0.7390922613
540000.46,0.52,.48,17.0282086254,96.6869299135,0.1516708374,0.8945340068
540000.46,0.54,.46,17.6401296786,92.5334359927,0.1231047481,0.4710950384
540000.46,0.56,.44,18.2397841836,88.1132996051,0.1114231311,1.2791634068
540000.46,0.58,.42,18.8883225759,84.2279481490,0.1393583529,0.6926956342
540000.46,0.6,.40,19.5387881965,79.6174548971,0.2100995684,0.6754572962
540000.46,0.62,.38,20.1213580824,75.5050323448,0.1617073386,1.1688614021
540000.46,0.64,.36,20.7879186644,71.7496092700,0.1252384582,0.9382644073
540000.46,0.66,.34,21.4681781940,67.2911157956,0.1209979307,0.5100406047
540000.46,0.68,.32,22.1099712870,63.2057646322,0.1686039779,0.6927923315
540000.46,0.7,.30,22.7514779001,59.2005562087,0.1689029488,0.9706651460
540000.46,0.72,.28,23.4125953641,55.2382048653,0.0516183629,0.5722558562
540000.46,0.74,.26,24.0291782264,51.2296393039,0.1057728182,0.3596458966
540000.46,0.76,.24,24.6161234415,47.3522164076,0.1949331205,0.4710243642
540000.46,0.78,.22,25.2634898706,43.1157226083,0.2552768542,0.4518549588
540000.46,0.8,.20,25.9398428562,39.0887999308,0.2285639645,0.5121447464
540000.46,0.82,.18,26.4703515323,35.1750199449,0.1863422364,0.3928608496
540000.46,0.84,.16,27.1452460748,31.1710258053,0.2429783447,0.1487933611
540000.46,0.86,.14,27.8749103643,27.2479601187,0.3160553753,0.2948309231
540000.46,0.88,.12,28.5430856512,23.2938230490,0.2793801644,0.4758661596
540000.46,0.9,.10,29.1484957976,19.5800427704,0.2051989019,0.1692097453
540000.46,0.92,.08,29.7240078606,15.4730487816,0.1501549055,0.1119643891
540000.46,0.94,.06,30.2164667981,11.6197687071,0.1975490192,0.1496551275
540000.46,0.96,.04,31.0226733065,7.7383458167,0.1837743346,0.0655502042
540000.46,0.98,.02,31.6915517712,3.8282086826,0.1918016652,0.0765822102
540000.46,1,0,32.0369423486,0.0000000000,0.2074997966,0.0000000000
560000.44,0,1.00,0.0000000000,232.9513018998,0.0000000000,4.3436063544
560000.44,0.02,.98,0.7097930023,227.1329532729,0.0088171354,1.3844638257
560000.44,0.04,.96,1.4052099227,221.4694615622,0.0204414878,1.7779039942
560000.44,0.06,.94,2.1207585665,214.1492579907,0.0260360947,3.2506449180
560000.44,0.08,.92,2.8039089387,208.4675520210,0.0378462757,2.7890827679
560000.44,0.1,.90,3.5067482927,204.0584156172,0.0391859995,2.5539839522
560000.44,0.12,.88,4.1707565993,197.6642106903,0.0215106677,1.6138945884
560000.44,0.14,.86,4.8674236137,192.9437890279,0.0281603963,1.1062749951
560000.44,0.16,.84,5.5306506115,187.1730117600,0.0560663255,2.6516967532
560000.44,0.18,.82,6.2326826130,181.5405914324,0.0324660706,1.9620024240
560000.44,0.2,.80,6.9102596491,175.7328856471,0.0169518604,1.2655741903
560000.44,0.22,.78,7.5429895600,171.0092497037,0.0534713241,2.0553679616
560000.44,0.24,.76,8.2524439952,166.0929711850,0.0654711088,1.7525126045
560000.44,0.26,.74,8.9327035248,161.1456927118,0.1071836625,1.9159194456
560000.44,0.28,.72,9.6005402445,155.8437719005,0.0514299541,1.7863607311
560000.44,0.3,.70,10.2279312119,149.9738519205,0.0210093081,0.9001220606
560000.44,0.32,.68,10.9084772214,145.7910723283,0.0993925113,2.1471754115
560000.44,0.34,.66,11.6151189449,140.8806509440,0.0577079255,1.7300467337
560000.44,0.36,.64,12.2347489116,135.9178724934,0.0862574790,0.5381824575
560000.44,0.38,.62,12.9187847671,131.7933071018,0.0446716861,0.6390458364
560000.44,0.4,.60,13.5618800414,127.2690280094,0.1164378869,1.3364537386
560000.44,0.42,.58,14.2375558927,122.8276059386,0.1559723768,1.1818191953
560000.44,0.44,.56,14.9693297160,118.3569696249,0.0467339991,0.8734827406
560000.44,0.46,.54,15.5251007099,113.9259761103,0.1079139020,0.8316054636
560000.44,0.48,.52,16.2506501064,109.2261972748,0.0819370269,0.9200879766
560000.44,0.5,.50,16.8527006250,104.0109191938,0.0792914224,1.1672139741
560000.44,0.52,.48,17.5681190507,99.3389260319,0.1376831936,0.5745991710
560000.44,0.54,.46,18.2548634434,96.3191447375,0.1366721035,0.9405472674
560000.44,0.56,.44,18.8052694503,91.2416521692,0.1678072016,0.2852039622
560000.44,0.58,.42,19.5212608358,86.7262302067,0.1183582816,0.5941624800
560000.44,0.6,.40,20.2048279060,82.6010219588,0.1563814433,0.2743668470
560000.44,0.62,.38,20.9123290691,78.8894559626,0.1189753527,0.5404634163
560000.44,0.64,.36,21.5451631545,74.1162486632,0.1629078848,0.6894979254
560000.44,0.66,.34,22.1503389084,69.8884691369,0.0939303600,0.9347580054
560000.44,0.68,.32,22.8471100973,65.5544754803,0.1799328393,0.5999392813
560000.44,0.7,.30,23.5883898443,61.1634819071,0.1910632969,0.8403041155
560000.44,0.72,.28,24.1404365997,57.3539874829,0.1610252578,0.1700581042
560000.44,0.74,.26,24.8957017742,53.2379935072,0.1202548678,0.4640332881
560000.44,0.76,.24,25.6055468638,49.0121425495,0.2187611326,0.4979917207
560000.44,0.78,.22,26.2269738407,44.8900057257,0.1951160848,0.2312314125
560000.44,0.8,.20,26.7734993472,40.5595120640,0.2207021234,0.4534411350
560000.44,0.82,.18,27.4449040437,36.5748036104,0.1235969753,0.2069480568
560000.44,0.84,.16,28.1173244417,32.3275241126,0.3132210012,0.2305828876
560000.44,0.86,.14,28.7577372225,28.3370299533,0.2912385007,0.2463103661
560000.44,0.88,.12,29.4367727017,24.2405359491,0.1903286963,0.3212760236
560000.44,0.9,.10,30.0579652859,20.0623992073,0.2093398741,0.3679182437
560000.44,0.92,.08,30.7827073300,16.1774763220,0.1927645353,0.0631991048
560000.44,0.94,.06,31.1905244806,12.0505537909,0.1808875731,0.1305034465
560000.44,0.96,.04,31.8977131202,8.0055597113,0.1554504244,0.1103212060
560000.44,0.98,.02,32.7168893547,3.9748513251,0.3520855489,0.0753553747
560000.44,1,0,33.3403737781,0.0000000000,0.1888804107,0.0000000000
580000.42,0,1.00,0.0000000000,243.4575722367,0.0000000000,3.2321941498
580000.42,0.02,.98,0.7403682201,235.7055121543,0.0110247756,2.1019321316
580000.42,0.04,.96,1.4485204739,229.5097355084,0.0141097026,1.9188196718
580000.42,0.06,.94,2.1859197205,224.2148146869,0.0120503252,1.6467208311
580000.42,0.08,.92,2.9019111060,218.4603945379,0.0111182516,1.8235636534
580000.42,0.1,.90,3.6299086034,212.6075459615,0.0072139690,1.5868399502
580000.42,0.12,.88,4.3683495951,206.5541976786,0.0527136651,1.7430451774
580000.42,0.14,.86,5.0328527306,199.5739936094,0.0499620356,1.3837893887
580000.42,0.16,.84,5.7806433843,194.7281435591,0.0485168271,1.4572602274
580000.42,0.18,.82,6.4813471609,190.1097931759,0.0544816393,0.8411611129
580000.42,0.2,.80,7.1272291032,183.5030885600,0.0401992398,1.3079791551
580000.42,0.22,.78,7.8542369428,178.4109531559,0.0761065716,1.1161106605
580000.42,0.24,.76,8.5713742479,173.4297461609,0.1049582086,1.5934152092
580000.42,0.26,.74,9.1937908826,168.0567540251,0.0466466239,2.3307977936
580000.42,0.28,.72,9.9123084998,161.3760495175,0.1010783896,1.1194613886
580000.42,0.3,.70,10.5870988678,156.5908422356,0.0597331637,2.2635647097
580000.42,0.32,.68,11.3506198721,152.2113486456,0.0637938921,0.4006163782
580000.42,0.34,.66,11.9549361862,146.3323572504,0.1323732206,1.1399454035
580000.42,0.36,.64,12.6773082602,141.5402928357,0.0776985900,1.4833531200
580000.42,0.38,.62,13.3669695391,136.9162996035,0.0427166101,2.1612958052
580000.42,0.4,.60,14.0112367766,131.9069497926,0.0554082458,2.0522339033
580000.42,0.42,.58,14.7339995050,126.9963141228,0.1002160618,0.5616223659
580000.42,0.44,.56,15.4037113659,122.6308205124,0.1612853765,1.2194127340
580000.42,0.46,.54,16.0937632991,117.5368279681,0.1514400684,0.8125200182
580000.42,0.48,.52,16.8066815367,113.8342619588,0.1685874768,0.9115689368
580000.42,0.5,.50,17.4843106600,108.3396985723,0.1585717039,1.1211121528
580000.42,0.52,.48,18.2342368911,104.0280620259,0.0912763226,0.5682208663
580000.42,0.54,.46,18.8051913194,99.3429260261,0.1478758651,0.5140932122
580000.42,0.56,.44,19.5405070759,94.7150042283,0.1083760774,1.1012231653
580000.42,0.58,.42,20.1082060509,89.5442260822,0.2038058096,1.0932448649
580000.42,0.6,.40,20.9002708700,86.0943739886,0.2515607966,0.9126715135
580000.42,0.62,.38,21.6509263226,80.9470243797,0.2017426340,0.9318395498
580000.42,0.64,.36,22.1425779076,76.3190311534,0.1883850385,0.5479786935
580000.42,0.66,.34,22.8370572574,72.2563228140,0.0768080301,0.7654796533
580000.42,0.68,.32,23.5963071069,67.8012579061,0.2843025505,0.6918688490
580000.42,0.7,.30,24.3832673751,63.4638356831,0.2066445796,0.5587980002
580000.42,0.72,.28,25.0149294973,59.3785559482,0.2579110630,0.7412615821
580000.42,0.74,.26,25.6859695831,54.6769199726,0.1435703245,0.5647371650
580000.42,0.76,.24,26.4105553654,50.6484972973,0.2324281009,0.8680932129
580000.42,0.78,.22,27.1398029568,46.1081467999,0.0988695660,0.3412988402
580000.42,0.8,.20,27.7580265677,42.1362240419,0.1736909087,0.4237741081
580000.42,0.82,.18,28.5132136113,37.9820158365,0.1446883067,0.5072633155
580000.42,0.84,.16,29.1507876368,33.4663081602,0.1327338966,0.1215270481
580000.42,0.86,.14,29.7596355420,29.2738142965,0.2734713574,0.1398261656
580000.42,0.88,.12,30.4807835655,25.1662488799,0.1856592824,0.2994068211
580000.42,0.9,.10,31.0331428444,20.7358267930,0.2604464699,0.2649987699
580000.42,0.92,.08,31.8734404602,16.6669041770,0.3677291948,0.0821854214
580000.42,0.94,.06,32.3977767967,12.4663388966,0.1329392447,0.1022138763
580000.42,0.96,.04,33.0900945255,8.3012021357,0.3009002975,0.0586029879
580000.42,0.98,.02,33.9263293355,4.1281368150,0.2595182351,0.0399612777
580000.42,1,0,34.3947760491,0.0000000000,0.1063205111,0.0000000000
600000.4,0,1.00,0.0000000000,251.4494176823,0.0000000000,0.7256357027
600000.4,0.02,.98,0.7552912182,249.1749210114,0.0054107032,1.3597907962
600000.4,0.04,.96,1.5052434929,239.3357211267,0.0114731660,3.0923885391
600000.4,0.06,.94,2.2993657585,233.5499438807,0.0170502425,2.3596006371
600000.4,0.08,.92,3.0093931534,226.5192398855,0.0159626055,2.6120989699
600000.4,0.1,.90,3.7483550177,221.1061763797,0.0372139487,1.8660918058
600000.4,0.12,.88,4.5080476088,214.7769713577,0.0312939599,1.2359364697
600000.4,0.14,.86,5.2503430572,209.0461940312,0.0304688782,1.0522622049
600000.4,0.16,.84,5.9705535102,203.3617737797,0.0448937679,1.1703727407
600000.4,0.18,.82,6.7080569314,197.9755673775,0.0580425793,0.7107352598
600000.4,0.2,.80,7.4276162937,191.5782910265,0.0363427644,3.2260267038
600000.4,0.22,.78,8.1404564003,186.0488705482,0.0586302354,2.2094614044
600000.4,0.24,.76,8.8609533332,180.7572354361,0.0687595477,1.8515559094
600000.4,0.26,.74,9.5748351849,174.7761727617,0.0750076308,1.5636116429
600000.4,0.28,.72,10.2438178242,168.3107536533,0.0600833769,1.9349511536
600000.4,0.3,.70,11.0322104919,164.0943312532,0.0372784317,1.5419797476
600000.4,0.32,.68,11.7025473998,158.6133392754,0.0681286032,0.5102496005
600000.4,0.34,.66,12.4415353076,153.7554178142,0.0718619613,1.0730985396
600000.4,0.36,.64,13.0933812405,147.2868558533,0.0967876838,1.8540824977
600000.4,0.38,.62,13.8772944045,141.5931499012,0.0522083991,1.5740353764
600000.4,0.4,.60,14.5214835111,137.3637989486,0.0974355151,0.8413845659
600000.4,0.42,.58,15.2446108503,132.5318774493,0.1529847372,0.8950286117
600000.4,0.44,.56,15.8277797396,126.2610294847,0.0563493694,0.4358648519
600000.4,0.46,.54,16.6374500503,121.6739647700,0.0656280953,1.0931263222
600000.4,0.48,.52,17.2877073220,117.1138285873,0.2043276215,1.8625842230
600000.4,0.5,.50,18.1116234965,112.1355501594,0.1421591875,1.2151205982
600000.4,0.52,.48,18.7645111745,107.6985566536,0.0975359126,0.9763758108
600000.4,0.54,.46,19.4650326457,102.0977791368,0.1654476069,0.7406476458
600000.4,0.56,.44,20.2117294671,97.6022857166,0.1437702837,0.5181704444
600000.4,0.58,.42,20.8511005028,93.5653630538,0.2057554792,1.0665362945
600000.4,0.6,.40,21.5598257164,88.6233702871,0.1067098943,0.6675507401
600000.4,0.62,.38,22.1654181682,83.6748061015,0.2627289131,1.0260288513
600000.4,0.64,.36,23.0075909251,79.0898128122,0.1569493031,0.8963712623
600000.4,0.66,.34,23.6935279654,74.4631767268,0.1373253350,0.7112066835
600000.4,0.68,.32,24.4565541407,70.1194687988,0.0831180483,0.5610164845
600000.4,0.7,.30,25.1715558683,65.7971179823,0.1191011744,0.4260858493
600000.4,0.72,.28,25.7819924348,61.1115534117,0.1076286026,0.5445322280
600000.4,0.74,.26,26.5818182546,56.7708454792,0.1831759262,0.9030292221
600000.4,0.76,.24,27.0322688222,52.1799950557,0.1302096501,0.5376962188
600000.4,0.78,.22,27.9689539004,47.4801447918,0.1988298819,0.5745694908
600000.4,0.8,.20,28.6526772323,43.5081506054,0.1992215315,0.4591685294
600000.4,0.82,.18,29.3789818940,38.9535858430,0.0618108138,0.3235890241
600000.4,0.84,.16,30.0748675997,34.7427348634,0.1307516030,0.3186063929
600000.4,0.86,.14,30.7040816209,30.1139559239,0.0878681006,0.3190617345
600000.4,0.88,.12,31.4666650546,26.0281047613,0.1324209602,0.2169469088
600000.4,0.9,.10,32.3476428153,21.5731112818,0.2397178315,0.3520847080
600000.4,0.92,.08,32.8116100251,17.1891891269,0.2969617760,0.1651615818
600000.4,0.94,.06,33.7430082471,12.8617668893,0.1580480093,0.1141373341
600000.4,0.96,.04,34.3108113966,8.5849160062,0.2177537218,0.0909779033
600000.4,0.98,.02,34.9678139675,4.2667794692,0.1468460689,0.0723864018
600000.4,1,0,35.4138892058,0.0000000000,0.3254977138,0.0000000000
620000.38,0,1.00,0.0000000000,264.7123268416,0.0000000000,1.6944182021
620000.38,0.02,.98,0.7776626935,256.5384816623,0.0174552979,2.8024485484
620000.38,0.04,.96,1.5695191636,250.4720619700,0.0120900566,2.6424010911
620000.38,0.06,.94,2.3583545730,243.4401436907,0.0212826894,1.6137853227
620000.38,0.08,.92,3.1217453591,236.8360819282,0.0310474624,1.8748528300
620000.38,0.1,.90,3.8916991391,230.1398060148,0.0216662261,2.3536075704
620000.38,0.12,.88,4.6324580136,223.4750300554,0.0336629417,1.3733864556
620000.38,0.14,.86,5.4101467507,217.9793238134,0.0290499009,2.4306343574
620000.38,0.16,.84,6.2098683960,212.4572604672,0.0465152535,1.9448753675
620000.38,0.18,.82,6.9103377800,205.3528422941,0.0502758163,1.9489323282
620000.38,0.2,.80,7.6522165304,199.1852798926,0.0332383152,1.0461008201
620000.38,0.22,.78,8.4132113028,193.1192887710,0.0219533950,1.2475276566
620000.38,0.24,.76,9.1614186546,186.9015835858,0.0447087033,1.1374473331
620000.38,0.26,.74,9.8703001299,179.2420233681,0.0816625675,1.1664210056
620000.38,0.28,.72,10.6274404456,175.8105998191,0.0569503918,1.9201739124
620000.38,0.3,.70,11.3557244229,169.5335375779,0.0891462183,1.4706490044
620000.38,0.32,.68,12.1256782029,164.4192593490,0.0345742352,2.9766250405
620000.38,0.34,.66,12.8811777701,158.6727677598,0.0441175292,1.8030297771
620000.38,0.36,.64,13.5964920213,152.2678485629,0.0549764007,1.4210342353
620000.38,0.38,.62,14.2626359052,148.2201402016,0.0756086042,1.3646065695
620000.38,0.4,.60,15.0108953442,142.1962204470,0.0776292193,1.7369837950
620000.38,0.42,.58,15.7472268021,137.2321562841,0.1327057477,0.5501352710
620000.38,0.44,.56,16.4877512840,131.9184497757,0.1213057678,1.8130251197
620000.38,0.46,.54,17.2243171346,126.6239575250,0.1611524830,1.4837660523
620000.38,0.48,.52,17.9031442647,121.2597510905,0.1508897277,1.2478925588
620000.38,0.5,.50,18.6387985884,116.2812583773,0.1995525053,0.9006134002
620000.38,0.52,.48,19.3057498247,110.8079806739,0.1332419710,0.7979463715
620000.38,0.54,.46,20.0507277667,106.0906304356,0.0628934975,1.0673768747
620000.38,0.56,.44,20.8257079667,100.8444238284,0.1693210997,0.9099754509
620000.38,0.58,.42,21.4679958886,96.2252877320,0.1725627390,0.4679690811
620000.38,0.6,.40,22.2997772384,91.5834373832,0.1250515112,0.7685042063
620000.38,0.62,.38,22.9718330256,86.8075872305,0.2426393315,0.5522733717
620000.38,0.64,.36,23.6400083125,81.9080229731,0.1418164759,0.5872271794
620000.38,0.66,.34,24.4164729992,77.2006012917,0.2073053727,0.4346853389
620000.38,0.68,.32,25.0903518403,72.5406795407,0.2209835517,0.6357998547
620000.38,0.7,.30,25.8895265694,67.5325440137,0.2173242100,0.2186598301
620000.38,0.72,.28,26.6365619579,63.3926929301,0.2759484713,1.3296878979
620000.38,0.74,.26,27.3278379417,58.6824855384,0.2482360175,0.4233202712
620000.38,0.76,.24,28.1489674482,54.1315636279,0.1549342116,0.2103364917
620000.38,0.78,.22,28.7553672525,49.2832850098,0.1280728316,0.8006322240
620000.38,0.8,.20,29.4475287195,44.7390059467,0.1542493146,0.2735484870
620000.38,0.82,.18,30.0986193872,40.1165841408,0.1652895541,0.3110378188
620000.38,0.84,.16,31.0878865477,35.7228048575,0.0866470355,0.2858693756
620000.38,0.86,.14,31.7257991403,31.0193831702,0.1810177735,0.5092175268
620000.38,0.88,.12,32.5354694511,26.9238177360,0.0986440056,0.1449402026
620000.38,0.9,.10,33.1782782455,22.1345390315,0.1294713331,0.1240989568
620000.38,0.92,.08,33.9666448696,17.7494025927,0.1670967988,0.2436117403
620000.38,0.94,.06,34.6333096261,13.2544091717,0.1908233301,0.1057786299
620000.38,0.96,.04,35.3388835609,8.8192013776,0.3214242615,0.0929467023
620000.38,0.98,.02,36.0682092832,4.3877792921,0.2667547012,0.0675229562
620000.38,1,0,36.6739059096,0.0000000000,0.1001796764,0.0000000000
640000.36,0,1.00,0.0000000000,274.0539560259,0.0000000000,4.1607543539
640000.36,0.02,.98,0.8148529925,266.3878958177,0.0226517926,1.6166290517
640000.36,0.04,.96,1.6098867850,259.9401195407,0.0199309372,3.2752204589
640000.36,0.06,.94,2.4293234558,251.7819886241,0.0212685632,1.2686906144
640000.36,0.08,.92,3.2197735700,247.4757092127,0.0270610015,2.4713701379
640000.36,0.1,.90,4.0357724820,240.2822197414,0.0399114414,2.2758707501
640000.36,0.12,.88,4.8374734430,232.8962305518,0.0247259808,2.3318966873
640000.36,0.14,.86,5.6133651699,227.2260959937,0.0427488708,1.2632175582
640000.36,0.16,.84,6.3558429237,219.9311066710,0.0901628126,1.8323743948
640000.36,0.18,.82,7.1544446931,212.2494750570,0.0577518827,2.0138674285
640000.36,0.2,.80,7.9605209834,206.6444118322,0.0887995977,2.4879219791
640000.36,0.22,.78,8.6845858932,200.7084205204,0.0333507585,1.0097298328
640000.36,0.24,.76,9.4664676542,194.4210011515,0.0678618218,2.5944673455
640000.36,0.26,.74,10.2448074820,187.5355826579,0.0627491834,1.9439217135
640000.36,0.28,.72,10.9948899749,182.5440899636,0.0338128325,1.6451407890
640000.36,0.3,.70,11.7977889427,176.3075276632,0.0327541406,1.0796951510
640000.36,0.32,.68,12.5190671844,170.8437499459,0.0815201105,1.3969335624
640000.36,0.34,.66,13.2355533987,164.2928309627,0.0487074903,1.1169546419
640000.36,0.36,.64,13.9518573077,158.5094108561,0.1560220497,1.7429984396
640000.36,0.38,.62,14.7611890513,152.5130624897,0.0544439225,2.7168491721
640000.36,0.4,.60,15.5064013860,147.9537834486,0.1204237626,2.1287919896
640000.36,0.42,.58,16.2475769585,141.9087922963,0.1140460808,0.7223111942
640000.36,0.44,.56,16.9282792298,135.8988010928,0.0687531430,0.6290937030
640000.36,0.46,.54,17.7900367939,130.7668086042,0.1316441000,0.4778154798
640000.36,0.48,.52,18.4473518884,125.4931734658,0.0448499990,0.8239081249
640000.36,0.5,.50,19.1630047067,119.8831816768,0.0517177551,1.3483203478
640000.36,0.52,.48,19.9627003085,115.6331878972,0.0721931058,1.7086462952
640000.36,0.54,.46,20.7083293411,110.2519100592,0.1305185074,0.5930813159
640000.36,0.56,.44,21.4057255771,104.4407757075,0.0778137065,0.6070172834
640000.36,0.58,.42,22.1939359395,99.2422118878,0.1346321139,0.9137777080
640000.36,0.6,.40,22.9335228507,94.3087191086,0.1413960931,0.7255982341
640000.36,0.62,.38,23.6342526710,89.9342969398,0.1743416909,0.7825633015
640000.36,0.64,.36,24.4677268565,84.8917328917,0.1394793251,0.7671010235
640000.36,0.66,.34,25.1820774935,79.6845976560,0.2194659176,0.5868485171
640000.36,0.68,.32,25.8746817022,74.3951053979,0.2345125446,0.7541884308
640000.36,0.7,.30,26.7105258578,70.4657540062,0.2071625211,0.6437244448
640000.36,0.72,.28,27.4248504512,65.0119048458,0.1496075059,0.5469418315
640000.36,0.74,.26,28.1886058480,60.6012684443,0.2082293009,0.5182144510
640000.36,0.76,.24,28.8971487563,55.8441325499,0.0484825558,0.3711277883
640000.36,0.78,.22,29.6966099653,50.9934253639,0.1634476920,0.6254712789
640000.36,0.8,.20,30.3905163554,45.8777185657,0.1181725253,0.3531576126
640000.36,0.82,.18,31.0265538068,41.2089396849,0.3392517611,0.4892472751
640000.36,0.84,.16,31.7942938786,36.6478035036,0.2296807372,0.3603772805
640000.36,0.86,.14,32.6982942053,32.2857384595,0.2830078801,0.3105012040
640000.36,0.88,.12,33.4643935285,27.6675309332,0.2723451193,0.2713207284
640000.36,0.9,.10,34.1753324504,22.9761092283,0.1692538601,0.2517868493
640000.36,0.92,.08,35.0309697623,18.3304017423,0.2728545574,0.2126511566
640000.36,0.94,.06,35.6167169706,13.6446228863,0.1393182055,0.0638074053
640000.36,0.96,.04,36.3903429020,9.1130580903,0.3445199253,0.0949705421
640000.36,0.98,.02,37.0769310329,4.5313505106,0.2603484651,0.1068468694
640000.36,1,0,37.8938154283,0.0000000000,0.3935467443,0.0000000000
660000.34,0,1.00,0.0000000000,288.1144354464,0.0000000000,2.9385814485
660000.34,0.02,.98,0.8409487064,280.1134471570,0.0049997514,2.7638984101
660000.34,0.04,.96,1.6678859417,272.8516720714,0.0206327510,3.0176830847
660000.34,0.06,.94,2.5081835574,265.0124692594,0.0380993754,4.1719452310
660000.34,0.08,.92,3.3205103181,255.5674830835,0.0341006766,2.7709425124
660000.34,0.1,.90,4.1498696106,249.7207059268,0.0375946003,2.5009926710
660000.34,0.12,.88,4.9883181289,242.6304305902,0.0452760601,2.3128702469
660000.34,0.14,.86,5.7393902796,235.7102978616,0.0411361013,1.0612977681
660000.34,0.16,.84,6.5871103289,228.7167366691,0.0354110835,1.9740413518
660000.34,0.18,.82,7.3959993309,221.2997475249,0.0279671622,1.7617760466
660000.34,0.2,.80,8.2108783670,215.2316849778,0.0784777861,1.6697782210
660000.34,0.22,.78,9.0034380149,208.7862658402,0.0541393115,1.5078330367
660000.34,0.24,.76,9.7916744209,202.1784897973,0.0657169972,1.5078566998
660000.34,0.26,.74,10.5511065757,194.5085724519,0.1507637661,2.5569347401
660000.34,0.28,.72,11.3846588922,188.3722242905,0.0825101016,1.2100340588
660000.34,0.3,.70,12.1408616373,183.5056599848,0.0878897952,2.4646033251
660000.34,0.32,.68,12.9447502629,177.0141694860,0.0980281467,0.9316157735
660000.34,0.34,.66,13.7273352019,170.9131784157,0.0560294422,0.8491629484
660000.34,0.36,.64,14.4442120707,164.1427597537,0.1271744657,0.6938738832
660000.34,0.38,.62,15.2238019926,158.2278398396,0.1643250201,1.6377496983
660000.34,0.4,.60,15.9839373253,152.6153480543,0.0587447479,1.7550566095
660000.34,0.42,.58,16.7843361049,147.3762842939,0.1268331653,1.0219570644
660000.34,0.44,.56,17.5410336790,139.5852956971,0.1550903141,1.1008551384
660000.34,0.46,.54,18.3079403546,134.9480167701,0.2042589574,1.5264046847
660000.34,0.48,.52,19.0454177322,130.2400950894,0.1402902230,1.9123404193
660000.34,0.5,.50,19.7224218085,123.2979623930,0.1655552227,0.7239483655
660000.34,0.52,.48,20.5816791844,118.4392552187,0.1991924594,1.9414401344
660000.34,0.54,.46,21.2791535513,113.0379774100,0.1663116591,1.2178518351
660000.34,0.56,.44,21.9602204334,107.7999850765,0.1707708112,0.7179315012
660000.34,0.58,.42,22.7578846322,102.5092785345,0.1270102782,0.4786327978
660000.34,0.6,.40,23.7359530333,97.8787853119,0.0928360458,0.7382996076
660000.34,0.62,.38,24.3413892234,92.0991509141,0.3099103332,0.8025769408
660000.34,0.64,.36,25.1886925747,87.7976572099,0.1657251968,1.0629878618
660000.34,0.66,.34,25.8801248202,81.8068802640,0.2465292045,0.5930009469
660000.34,0.68,.32,26.6276550376,76.8013875903,0.1503130591,0.7400034474
660000.34,0.7,.30,27.4602958271,72.2404656944,0.1588235741,1.1765576712
660000.34,0.72,.28,28.1246947881,66.9631162757,0.0765100688,0.6786308862
660000.34,0.74,.26,28.9525175066,62.4240514907,0.2982001680,0.4671998242
660000.34,0.76,.24,29.7318730359,57.5394872114,0.0765439632,0.6302343514
660000.34,0.78,.22,30.5797493470,52.3215662771,0.1460665240,0.4406638270
660000.34,0.8,.20,31.2320640652,47.2877879305,0.2293390125,0.2844340305
660000.34,0.82,.18,32.1077289260,42.8207944685,0.1836334938,0.4650992265
660000.34,0.84,.16,32.8132768172,37.9720872796,0.2072105928,0.3862421162
660000.34,0.86,.14,33.6164362213,33.3233083695,0.2335203407,0.3023839065
660000.34,0.88,.12,34.5185093196,28.4783154608,0.1347458571,0.1765346166
660000.34,0.9,.10,35.1025116049,23.4052514574,0.3866651655,0.2266653493
660000.34,0.92,.08,35.9744001398,18.8884009256,0.0867192129,0.1724190104
660000.34,0.94,.06,36.7496147324,14.2030506404,0.4359774324,0.1698585788
660000.34,0.96,.04,37.3847667006,9.4472718869,0.2693520320,0.0553031520
660000.34,0.98,.02,38.2616035246,4.6787788662,0.2592846341,0.0829941165
660000.34,1,0,39.0241609147,0.0000000000,0.3435469633,0.0000000000
680000.32,0,1.00,0.0000000000,298.2232063651,0.0000000000,4.7473998608
680000.32,0.02,.98,0.8650651048,289.0095769934,0.0087494437,3.2366134538
680000.32,0.04,.96,1.7338804918,281.9311587822,0.0224020145,1.6361492240
680000.32,0.06,.94,2.5886583640,274.8803833878,0.0173752378,3.4860357534
680000.32,0.08,.92,3.4251536102,266.0076820885,0.0274917773,2.5857498821
680000.32,0.1,.90,4.2560755204,258.9694066757,0.0254734219,1.5199200731
680000.32,0.12,.88,5.1079104627,252.3418449476,0.0408715955,2.1601061889
680000.32,0.14,.86,5.9269825227,243.1710012275,0.0342957012,2.5406447530
680000.32,0.16,.84,6.7869430767,237.3871525502,0.0232107497,2.5726046971
680000.32,0.18,.82,7.6227611886,229.6570210072,0.0635388963,3.0078221560
680000.32,0.2,.80,8.4507141253,222.3360317225,0.0775881027,1.2924616899
680000.32,0.22,.78,9.2486908477,215.4080418626,0.0669504594,1.1493907378
680000.32,0.24,.76,10.1293300412,209.4696934113,0.0756657192,1.9048936881
680000.32,0.26,.74,10.9214729912,203.4007022942,0.0606791568,1.6960845191
680000.32,0.28,.72,11.6655654499,195.1473572312,0.0636270412,1.4869282554
680000.32,0.3,.70,12.4496348755,189.7721508129,0.0451095717,2.1120416273
680000.32,0.32,.68,13.3437646677,183.6339455113,0.0973559548,1.9269017837
680000.32,0.34,.66,14.0342332990,176.7835269665,0.1037735771,1.5196740820
680000.32,0.36,.64,14.9105492505,170.3138221501,0.0419676148,1.8172268090
680000.32,0.38,.62,15.6830553059,163.1396183648,0.0752559934,1.5953603533
680000.32,0.4,.60,16.5081955309,157.3319125795,0.1069824742,1.2668123117
680000.32,0.42,.58,17.2705185283,151.9957061041,0.1676732503,0.7661000304
680000.32,0.44,.56,18.0548744339,146.8600707637,0.0268430701,1.5057091401
680000.32,0.46,.54,18.8570441802,139.9345809001,0.0868245372,0.7718772129
680000.32,0.48,.52,19.6281959670,134.7323028001,0.0768973633,1.7824033826
680000.32,0.5,.50,20.4284384849,127.8996699435,0.0560666984,0.9662233561
680000.32,0.52,.48,21.1425547292,122.0897498757,0.0290182164,0.5715198909
680000.32,0.54,.46,21.9253480172,117.4446852459,0.0675861963,0.6345477927
680000.32,0.56,.44,22.6042272346,111.6817651093,0.1437956850,0.6328507397
680000.32,0.58,.42,23.5502880185,106.5986296920,0.0596600753,0.5033079743
680000.32,0.6,.40,24.2879737450,100.6192813008,0.1129335206,0.3064418636
680000.32,0.62,.38,25.1247554711,95.6480028627,0.1262480468,0.7085268719
680000.32,0.64,.36,25.8533259283,89.9237255267,0.0767456530,1.0192873459
680000.32,0.66,.34,26.6798985528,85.0303755460,0.2479838326,0.5594041407
680000.32,0.68,.32,27.4147194804,79.2085269242,0.1790334782,0.3175809573
680000.32,0.7,.30,28.2706172285,74.3920339738,0.1932322629,0.8127753152
680000.32,0.72,.28,28.9069932472,68.5936853177,0.1016032259,0.3571968412
680000.32,0.74,.26,29.7503640109,64.1360489849,0.2825422307,0.4490163906
680000.32,0.76,.24,30.3612172753,58.9563422804,0.2582758041,0.7830890523
680000.32,0.78,.22,31.5251590402,53.9168496565,0.1666618482,0.4672332745
680000.32,0.8,.20,32.0867377629,48.5877145993,0.2572823542,0.3524870465
680000.32,0.82,.18,32.9629495399,43.9749356364,0.1813662542,0.0832066692
680000.32,0.84,.16,33.9178391132,39.1826569363,0.1932539894,0.5841837904
680000.32,0.86,.14,34.5275464580,34.3401640240,0.3300125520,0.2119140625
680000.32,0.88,.12,35.4630335294,29.2321715003,0.2841605745,0.3979109020
680000.32,0.9,.10,36.1853274726,24.3919642989,0.3320028031,0.2236015678
680000.32,0.92,.08,36.8637899919,19.4121858732,0.1303358455,0.1598595609
680000.32,0.94,.06,37.9281669719,14.5136930429,0.1723363720,0.0425466649
680000.32,0.96,.04,38.6323866381,9.6777001210,0.2692108938,0.1302931394
680000.32,0.98,.02,39.1584418540,4.8259215080,0.2758670536,0.0937727599
680000.32,1,0,40.1058569064,0.0000000000,0.2144224962,0.0000000000
700000.3,0,1.00,0.0000000000,308.7387624026,0.0000000000,3.4772160500
700000.3,0.02,.98,0.8928536545,300.6679170726,0.0191493872,5.2635510793
700000.3,0.04,.96,1.7717739686,294.2924978325,0.0092581238,2.8740036922
700000.3,0.06,.94,2.6535590817,285.2217968231,0.0348467934,2.2985944203
700000.3,0.08,.92,3.5444334205,277.4553796189,0.0348496058,1.1866039697
700000.3,0.1,.90,4.4104360959,268.6933210148,0.0426465006,2.8140189550
700000.3,0.12,.88,5.2962579711,262.7434011520,0.0400353027,2.0586311438
700000.3,0.14,.86,6.1302009419,252.5112732710,0.0216835888,1.5814638573
700000.3,0.16,.84,7.0447228938,246.2651395560,0.0408314838,0.6453942768
700000.3,0.18,.82,7.8794211298,240.3239339660,0.0603423859,3.0905368831
700000.3,0.2,.80,8.6900550548,231.4476612434,0.0639262008,2.5973311235
700000.3,0.22,.78,9.4923029319,221.5907470990,0.0567712549,2.1018381217
700000.3,0.24,.76,10.3977356581,217.3172533539,0.0772084031,2.4837324230
700000.3,0.26,.74,11.1994887063,210.6221202960,0.0572744833,0.8890394272
700000.3,0.28,.72,12.0911183103,202.7697032177,0.0354953030,2.5251487993
700000.3,0.3,.70,12.8754742159,195.7424992173,0.0799585584,0.9837836648
700000.3,0.32,.68,13.6703257030,188.8115093618,0.0681032807,2.0051136417
700000.3,0.34,.66,14.4628332638,181.3500202828,0.0962062641,1.5589080178
700000.3,0.36,.64,15.3716256178,176.2380991933,0.1081337571,0.6002185762
700000.3,0.38,.62,16.1818688883,168.8161100565,0.1990380409,1.7644793480
700000.3,0.4,.60,16.9735430530,163.0417613652,0.1171804315,1.1214973278
700000.3,0.42,.58,17.7588625728,157.4014124778,0.0300495168,0.8503096869
700000.3,0.44,.56,18.5903834863,149.7901379037,0.1316563185,1.2962934811
700000.3,0.46,.54,19.3883341650,144.5509312863,0.1613634923,1.1743930024
700000.3,0.48,.52,20.2189695953,138.6727970326,0.0811479884,1.3567265779
700000.3,0.5,.50,20.9939497952,132.0190924856,0.2042995766,1.8701032517
700000.3,0.52,.48,21.8177878389,125.6558875133,0.0653048413,0.7748618519
700000.3,0.54,.46,22.6125091079,120.9001801883,0.1834365837,0.8383591794
700000.3,0.56,.44,23.4058240211,115.0724030038,0.1015295315,1.6656323031
700000.3,0.58,.42,24.2157026809,108.9783404947,0.2102929686,1.2094165181
700000.3,0.6,.40,24.9558104647,103.7373481656,0.0937279374,0.6190381545
700000.3,0.62,.38,25.8801508638,97.7559997773,0.3168978722,0.5807150452
700000.3,0.64,.36,26.5169435805,92.3589362481,0.2322866075,1.2864361767
700000.3,0.66,.34,27.3425525908,87.3660864130,0.0972672885,1.4709410168
700000.3,0.68,.32,28.2018360104,82.0368799274,0.1761066652,0.8381366555
700000.3,0.7,.30,29.1224782145,76.3312454212,0.2818388113,0.8081845714
700000.3,0.72,.28,29.7298416330,71.2988956439,0.1319303366,0.7655142196
700000.3,0.74,.26,30.5512315758,65.7405466365,0.1502873856,0.7112229915
700000.3,0.76,.24,31.4147601066,61.0900534432,0.1123625567,0.3271872628
700000.3,0.78,.22,32.1502060812,55.3814189414,0.1989503241,0.2812026042
700000.3,0.8,.20,33.2099733392,50.6117830653,0.3205786682,0.2489683344
700000.3,0.82,.18,33.9026035915,45.3111479664,0.2230465546,0.2724802845
700000.3,0.84,.16,34.7745181701,40.2358696805,0.2362739664,0.5368123868
700000.3,0.86,.14,35.4798837559,35.2945911985,0.2272216551,0.3237766315
700000.3,0.88,.12,36.3146080355,30.0981702328,0.1728726650,0.2836886893
700000.3,0.9,.10,37.1913146414,25.0093205382,0.2556132313,0.1499270563
700000.3,0.92,.08,37.9729099226,19.9885421725,0.4154309547,0.1530286307
700000.3,0.94,.06,38.8710764769,15.0539065379,0.0944941867,0.0742816473
700000.3,0.96,.04,39.7901039762,9.9974139388,0.2822854204,0.0964834339
700000.3,0.98,.02,40.1891183810,4.9154213770,0.2184563436,0.0809428449
700000.3,1,0,41.1732549470,0.0000000000,0.5002080407,0.0000000000
720000.28,0,1.00,0.0000000000,321.3217439857,0.0000000000,5.3809432306
720000.28,0.02,.98,0.9193400228,310.9257592017,0.0097030422,2.3150630951
720000.28,0.04,.96,1.8280021587,305.3731244716,0.0095728851,2.3169181113
720000.28,0.06,.94,2.7541135244,296.8600655031,0.0094864991,3.9749502509
720000.28,0.08,.92,3.6356902885,286.9567942837,0.0248740403,2.6980530399
720000.28,0.1,.90,4.5439096827,279.1683771117,0.0292701964,1.1836001690
720000.28,0.12,.88,5.4406959248,270.0591761586,0.0380981749,1.7711213649
720000.28,0.14,.86,6.3045630228,263.3221145907,0.0399088220,1.2903023852
720000.28,0.16,.84,7.2147617326,255.6511972467,0.0350846624,1.2170245272
720000.28,0.18,.82,8.0707376116,246.5896390810,0.0542950316,0.7924388348
720000.28,0.2,.80,8.9257238328,238.6762220920,0.0338531931,1.2814852540
720000.28,0.22,.78,9.8269895787,231.0936617616,0.0399215896,1.8458048784
720000.28,0.24,.76,10.7130718902,225.4908842478,0.0499435673,1.9827958100
720000.28,0.26,.74,11.5831113277,217.4071817937,0.0943553151,1.5438387434
720000.28,0.28,.72,12.4278103164,209.4297648983,0.0848985247,1.4185996802
720000.28,0.3,.70,13.2774575941,203.2094168598,0.0630612947,2.9251305650
720000.28,0.32,.68,14.1333292986,195.7073564116,0.0400253465,1.9632124732
720000.28,0.34,.66,14.9501355631,189.2673658374,0.1459366233,1.7128437235
720000.28,0.36,.64,15.8568704706,182.1094477426,0.1342154769,2.0780449472
720000.28,0.38,.62,16.6047652988,175.5419573551,0.0798411007,1.7971001738
720000.28,0.4,.60,17.4248791038,168.6046817945,0.0969942562,2.0825602762
720000.28,0.42,.58,18.3965407727,161.9554772409,0.1646645551,1.6390250844
720000.28,0.44,.56,19.0838060379,155.6684864428,0.1283461825,1.6543042649
720000.28,0.46,.54,19.9713988798,149.1680673856,0.0959608556,1.1080779316
720000.28,0.48,.52,20.7902886344,143.2049332564,0.2823342205,0.7260829808
720000.28,0.5,.50,21.6131891075,136.9372995728,0.1686612035,1.0608085799
720000.28,0.52,.48,22.4063998462,131.1359509210,0.0670667618,1.1516954184
720000.28,0.54,.46,23.2466974619,124.6077461903,0.0798463705,0.7451965118
720000.28,0.56,.44,24.0787652916,119.0000401122,0.1026277753,0.8511516214
720000.28,0.58,.42,24.8379109666,112.3574784060,0.1895958879,0.9924641362
720000.28,0.6,.40,25.6397942329,106.9561291688,0.2255731283,0.7936807008
720000.28,0.62,.38,26.5310592262,101.2954231683,0.1168587424,0.6345663032
720000.28,0.64,.36,27.4042759861,95.2158606381,0.2571731443,0.3936370709
720000.28,0.66,.34,28.0528925092,89.9235826698,0.1848600783,0.5092486032
720000.28,0.68,.32,29.0167150465,84.0489484110,0.2103912479,1.0205937137
720000.28,0.7,.30,29.7120798796,78.5462421793,0.1549950595,0.8945374680
720000.28,0.72,.28,30.7166086054,73.3504640697,0.0804643912,0.5859614927
720000.28,0.74,.26,31.4696079844,68.1922573338,0.3196737963,1.0302857304
720000.28,0.76,.24,32.3728530459,62.8242651906,0.1404031145,0.4600940140
720000.28,0.78,.22,32.9643558957,56.6498456563,0.2752114876,0.7557686330
720000.28,0.8,.20,33.8423907266,51.8758526437,0.2613186685,0.5038764456
720000.28,0.82,.18,34.8290274808,46.2730037015,0.0925512689,0.4465219354
720000.28,0.84,.16,35.6213006489,41.1280826603,0.1863442700,0.4291479527
720000.28,0.86,.14,36.3463552165,36.0714472043,0.2492359036,0.3462263658
720000.28,0.88,.12,37.3687238266,30.9048833377,0.1663117691,0.1715708674
720000.28,0.9,.10,38.2517069465,25.7422480368,0.3343644901,0.2058730345
720000.28,0.92,.08,38.8961044021,20.5089699822,0.2321445551,0.0631683026
720000.28,0.94,.06,39.7267137888,15.4154774373,0.3251161105,0.2546361621
720000.28,0.96,.04,40.7056416295,10.2837706625,0.2351321971,0.1100562700
720000.28,0.98,.02,41.6148506815,5.0832068457,0.1460565757,0.0475213265
720000.28,1,0,42.1946859866,0.0000000000,0.2936243674,0.0000000000
740000.26,0,1.00,0.0000000000,335.4468661687,0.0000000000,2.7526882423
740000.26,0.02,.98,0.9469723108,324.8175960118,0.0154025930,5.0768169026
740000.26,0.04,.96,1.8792299724,314.8706105707,0.0149156485,1.4295251816
740000.26,0.06,.94,2.8272700719,306.0536234756,0.0186287496,1.7613181646
740000.26,0.08,.92,3.7457246114,298.6726342787,0.0255820943,2.7753023045
740000.26,0.1,.90,4.6841546126,289.9152899535,0.0220318245,4.6479700379
740000.26,0.12,.88,5.6173238012,280.6960891614,0.0480723307,2.7582444256
740000.26,0.14,.86,6.5243712322,273.4330283633,0.0283406968,2.2530844236
740000.26,0.16,.84,7.4338146768,263.8356138391,0.0363961549,1.2810908595
740000.26,0.18,.82,8.3092972323,255.3541262529,0.0386247932,2.1091839823
740000.26,0.2,.80,9.2348877255,248.6306360937,0.1040631796,2.9193894761
740000.26,0.22,.78,10.0921397423,238.8332932907,0.0954623971,4.0913081649
740000.26,0.24,.76,10.9939003170,231.7443036664,0.0485090697,1.5158405171
740000.26,0.26,.74,11.8693568289,223.7475296565,0.0270234075,0.9099685702
740000.26,0.28,.72,12.7742686825,217.2020392368,0.0531692268,1.0446994854
740000.26,0.3,.70,13.6193062383,209.7642644088,0.1220559334,2.2334376604
740000.26,0.32,.68,14.5326822706,202.0997041984,0.1092354392,1.6667056740
740000.26,0.34,.66,15.4125661989,195.5195709722,0.0703949443,2.0777891109
740000.26,0.36,.64,16.3039093230,187.8987964120,0.0535270375,1.7722765623
740000.26,0.38,.62,17.1368105488,181.7668768155,0.1240720006,2.3445551655
740000.26,0.4,.60,17.9174682594,175.0103152761,0.1178972436,1.7361165795
740000.26,0.42,.58,18.7570366536,166.6195418429,0.0882137597,1.1041590471
740000.26,0.44,.56,19.7126554484,160.7251218988,0.1488056175,1.4110974576
740000.26,0.46,.54,20.5171170338,153.9005604589,0.1917068136,0.8874886225
740000.26,0.48,.52,21.3166303302,147.5902839806,0.1656133914,1.1407357431
740000.26,0.5,.50,22.1611470135,140.3701516912,0.1417959176,0.8707671155
740000.26,0.52,.48,23.0605636618,135.3426590496,0.1303529784,0.7069968912
740000.26,0.54,.46,23.8628115390,128.7697400986,0.1710117214,1.0794045201
740000.26,0.56,.44,24.7261056771,121.9473215128,0.1406821838,1.0707434472
740000.26,0.58,.42,25.7100859814,116.2376870125,0.1504687018,0.7747674683
740000.26,0.6,.40,26.3459671711,110.0744103190,0.1143289898,0.5540147087
740000.26,0.62,.38,27.1614712543,103.9667049728,0.2132030124,0.9211343666
740000.26,0.64,.36,28.0364068935,98.2419990660,0.1476112200,1.0395580220
740000.26,0.66,.34,28.8593334103,92.1754365167,0.1708646969,0.9068755501
740000.26,0.68,.32,29.6399129900,86.5656590131,0.2571302462,0.9235301093
740000.26,0.7,.30,30.6055846247,81.2533810741,0.1342892942,1.3219618512
740000.26,0.72,.28,31.4421059146,75.2097470627,0.1279662075,0.3699045809
740000.26,0.74,.26,32.3812911810,69.6430409247,0.3415750403,1.2160692213
740000.26,0.76,.24,33.0762132724,64.2428345429,0.1579517835,0.5407085182
740000.26,0.78,.22,34.0311028457,58.4379858963,0.2397903742,0.4820842892
740000.26,0.8,.20,34.9354938268,53.0773508852,0.1874604754,0.6707322407
740000.26,0.82,.18,35.6528655245,47.5266447237,0.2970265676,0.4272248470
740000.26,0.84,.16,36.5094664506,42.3137237821,0.1400126683,0.1754415941
740000.26,0.86,.14,37.4076069612,36.9075888376,0.3455666077,0.2952397055
740000.26,0.88,.12,38.1847227386,31.5643823725,0.1749144293,0.3155190292
740000.26,0.9,.10,39.1153396518,26.2830329596,0.2535908371,0.4399010955
740000.26,0.92,.08,39.9227962543,21.0847548537,0.1933195799,0.1163323025
740000.26,0.94,.06,40.8892231542,15.7335484003,0.2559651405,0.1505814290
740000.26,0.96,.04,41.5240625988,10.5072703354,0.5030775086,0.1532290948
740000.26,0.98,.02,42.3820177935,5.2532780254,0.3683735334,0.0886728337
740000.26,1,0,43.4856685625,0.0000000000,0.2679129628,0.0000000000
760000.24,0,1.00,0.0000000000,345.4557800906,0.0000000000,0.7179198637
760000.24,0.02,.98,0.9694219170,334.9839382748,0.0125813586,3.9676398514
760000.24,0.04,.96,1.9212643859,325.1927383199,0.0238770434,1.3716270057
760000.24,0.06,.94,2.8902956485,314.2753257277,0.0138205712,1.6885478827
760000.24,0.08,.92,3.8435965605,307.2974787979,0.0245236969,1.5299326841
760000.24,0.1,.90,4.8168989779,299.1429193047,0.0427929262,3.8542697013
760000.24,0.12,.88,5.7533757071,290.6391460369,0.0683923188,3.3024595036
760000.24,0.14,.86,6.6853208452,280.1138757278,0.0292594800,3.4830375747
760000.24,0.16,.84,7.6131250467,271.7778165002,0.0757417536,2.3951863567
760000.24,0.18,.82,8.5429346075,264.1051134446,0.0523085188,1.6150574374
760000.24,0.2,.80,9.4633684626,256.7755527439,0.0684686819,2.3815866285
760000.24,0.22,.78,10.3791665522,246.5657105446,0.0453689554,2.3827735292
760000.24,0.24,.76,11.2846774092,240.2980768610,0.0820603543,4.6990037386
760000.24,0.26,.74,12.2314153274,231.6073752954,0.0659421757,2.2246290841
760000.24,0.28,.72,13.1285661802,223.7929581615,0.0693065355,2.1739947432
760000.24,0.3,.70,14.0086063703,216.2037549836,0.0774733594,1.9202859374
760000.24,0.32,.68,14.8739579550,206.8396972607,0.0458680281,2.0824967844
760000.24,0.34,.66,15.7905113097,201.0837056854,0.1282936062,1.6042537824
760000.24,0.36,.64,16.7250608105,192.9985032335,0.0627022066,0.7626926212
760000.24,0.38,.62,17.5882507742,186.4591556619,0.0593316160,1.6241169094
760000.24,0.4,.60,18.4129743012,179.4298088075,0.1146540158,1.5638413073
760000.24,0.42,.58,19.3084062747,171.7994628328,0.1335873024,0.9346344107
760000.24,0.44,.56,20.1765966146,165.5784005096,0.1578633298,2.5282109546
760000.24,0.46,.54,21.0593974292,158.9000531415,0.1323287915,1.5135241953
760000.24,0.48,.52,21.8968042024,151.2127072501,0.1089378759,2.3054196840
760000.24,0.5,.50,22.8623716626,144.9807163715,0.1435709070,1.0885350850
760000.24,0.52,.48,23.7244938375,139.5525100308,0.1611350162,1.5576561535
760000.24,0.54,.46,24.4990833831,131.8220927739,0.1072057510,0.9971270364
760000.24,0.56,.44,25.3329221794,125.2491023944,0.0951940029,0.6366851258
760000.24,0.58,.42,26.2590856324,119.6098249340,0.1617509284,1.3163276855
760000.24,0.6,.40,27.1050347152,112.1304073098,0.2212024501,0.7711287128
760000.24,0.62,.38,27.9288727589,106.7934865497,0.2364610231,1.0060220812
760000.24,0.64,.36,28.6336914285,100.5943527659,0.1131634737,0.3711484724
760000.24,0.66,.34,29.6248076865,95.1226464888,0.1476517143,0.7996952433
760000.24,0.68,.32,30.5806608740,88.8837270489,0.2584478874,0.6527052296
760000.24,0.7,.30,31.4298914537,83.4605207008,0.2401338557,0.8520719088
760000.24,0.72,.28,32.2343790827,77.3871010187,0.3477841566,1.0841377460
760000.24,0.74,.26,33.0459766218,71.7818235085,0.1554569810,0.6318027216
760000.24,0.76,.24,34.1666078355,66.0246176493,0.2000482462,0.6896255734
760000.24,0.78,.22,34.9358323939,60.4999114498,0.2533977787,0.4697248402
760000.24,0.8,.20,35.6867743265,54.4118489320,0.0787562762,0.2564461120
760000.24,0.82,.18,36.4368047320,48.8677141894,0.4003900313,0.1646471827
760000.24,0.84,.16,37.4469588812,43.5729362248,0.3078259178,0.1524338462
760000.24,0.86,.14,38.2260279306,38.0945871003,0.4238041934,0.4803178421
760000.24,0.88,.12,39.1837562591,32.5303095301,0.2823993789,0.1555602545
760000.24,0.9,.10,40.0723387588,27.0676746683,0.5668429778,0.1599797842
760000.24,0.92,.08,40.9321430510,21.6956825310,0.4159573177,0.1672126415
760000.24,0.94,.06,41.8416125393,16.2086191335,0.5479484267,0.2205793668
760000.24,0.96,.04,42.8081957009,10.7083414697,0.1977241438,0.1358159627
760000.24,0.98,.02,43.4904345462,5.4139920759,0.3033960552,0.0533433859
760000.24,1,0,44.6438807295,0.0000000000,0.4591672412,0.0000000000
780000.22,0,1.00,0.0000000000,358.0452616641,0.0000000000,3.4812921477
780000.22,0.02,.98,0.9930174428,346.3649216171,0.0060643441,3.4580120737
780000.22,0.04,.96,1.9764247873,340.0017166449,0.0326932445,2.9554999427
780000.22,0.06,.94,2.9607697024,328.2395910033,0.0192546622,3.5994066486
780000.22,0.08,.92,3.9480315036,318.4041768274,0.0233614766,3.7460683112
780000.22,0.1,.90,4.9420125606,311.3855442430,0.0562204038,0.5898959207
780000.22,0.12,.88,5.9250032071,301.5398443679,0.0315224095,1.0011531695
780000.22,0.14,.86,6.8602819295,292.7310715465,0.0403941287,2.6020799168
780000.22,0.16,.84,7.8448351936,283.0827999538,0.0846115881,2.3378037337
780000.22,0.18,.82,8.7858435138,273.2428143560,0.0666195782,3.3805202137
780000.22,0.2,.80,9.7302635491,266.5451098733,0.0816946441,1.3314020792
780000.22,0.22,.78,10.6939819119,257.2209806634,0.0632225290,2.8553886692
780000.22,0.24,.76,11.5910025466,247.6354232646,0.0255269713,1.8856039273
780000.22,0.26,.74,12.5079465557,238.1267943247,0.0988628517,2.4390283948
780000.22,0.28,.72,13.4547626047,231.6582323638,0.1143107013,1.6104352256
780000.22,0.3,.70,14.4644219250,223.9342436690,0.1260352703,2.2895443463
780000.22,0.32,.68,15.3340446644,215.6914700192,0.0842827081,3.2618439230
780000.22,0.34,.66,16.2471863041,207.3899821696,0.1930491512,1.3998873492
780000.22,0.36,.64,17.1996538201,200.8358489053,0.1055408769,2.4616412160
780000.22,0.38,.62,18.1026644889,192.4363611992,0.0872081896,0.6416748550
780000.22,0.4,.60,19.0427091950,184.4299443463,0.0566147983,1.5473937933
780000.22,0.42,.58,19.8762875550,178.9576666414,0.0889651530,1.3581185699
780000.22,0.44,.56,20.7471864322,170.8767498976,0.1236807649,0.8049249338
780000.22,0.46,.54,21.5975889751,163.4840464321,0.0448715539,1.3133935407
780000.22,0.48,.52,22.4557264752,155.6243436502,0.0733401510,1.9674217959
780000.22,0.5,.50,23.3594924092,149.6055667453,0.1013554527,0.4579036213
780000.22,0.52,.48,24.3851164726,142.4024344309,0.1589004495,0.5773290134
780000.22,0.54,.46,25.2188771381,136.9687995267,0.1003587374,0.6533129655
780000.22,0.56,.44,25.9747152724,129.7263101271,0.1050693272,0.6345452213
780000.22,0.58,.42,26.8680637558,122.3509637791,0.2512727401,1.8364149019
780000.22,0.6,.40,27.8244378158,116.8949717647,0.1290099094,0.6379409895
780000.22,0.62,.38,28.5602223575,110.3584099034,0.2210632885,0.7069688764
780000.22,0.64,.36,29.4781039373,103.6155626296,0.1541924351,0.9137093140
780000.22,0.66,.34,30.4058560515,97.8787138834,0.1854459428,1.1159386432
780000.22,0.68,.32,31.3559535975,91.2906520974,0.2754264951,0.6981030704
780000.22,0.7,.30,32.0112633327,84.8082330140,0.1319860878,0.4258578919
780000.22,0.72,.28,33.0832190080,79.0793128276,0.2201847852,0.4847054238
780000.22,0.74,.26,33.9526333984,73.4225353928,0.1708385628,0.4682877311
780000.22,0.76,.24,34.7637100650,67.6359724337,0.3737253063,0.5420010653
780000.22,0.78,.22,35.6410156743,61.8205523740,0.2465781759,0.3246004765
780000.22,0.8,.20,36.4561811903,55.7201327314,0.1864149275,0.4655622472
780000.22,0.82,.18,37.2953068429,50.1340694788,0.1275801539,0.3905632231
780000.22,0.84,.16,38.3977335615,44.4625777798,0.2690074878,0.4194806058
780000.22,0.86,.14,39.1907099075,38.8128003348,0.2010210323,0.3664431857
780000.22,0.88,.12,40.0502277197,33.2535941858,0.3203180165,0.3900566366
780000.22,0.9,.10,41.0368644740,27.7690307846,0.2435577753,0.1967196278
780000.22,0.92,.08,41.9295879103,22.1208247659,0.1962419394,0.2585617600
780000.22,0.94,.06,42.9406796300,16.6349756523,0.2836277964,0.1066551658
780000.22,0.96,.04,43.8042342044,11.0721980800,0.3886581396,0.1011320784
780000.22,0.98,.02,44.7491751123,5.4873491113,0.1902093968,0.0369079968
780000.22,1,0,45.4888661981,0.0000000000,0.1817775023,0.0000000000
800000.2,0,1.00,0.0000000000,371.7700272903,0.0000000000,2.8007156290
800000.2,0.02,.98,1.0277856844,358.2733327589,0.0135677037,4.0584783992
800000.2,0.04,.96,2.0332519808,350.7996294120,0.0238373333,2.9479579969
800000.2,0.06,.94,3.0397079349,339.5307173342,0.0201537184,3.2629086225
800000.2,0.08,.92,4.0494193424,328.7661616611,0.0180783974,2.4322084388
800000.2,0.1,.90,5.0612663273,319.2428898855,0.0398025947,2.1676201835
800000.2,0.12,.88,6.0540233338,310.8274022028,0.0161526204,3.0749815622
800000.2,0.14,.86,7.0670162383,300.5052744535,0.0517487224,1.5985609605
800000.2,0.16,.84,8.0147177706,292.5951431740,0.0852703394,2.6832066374
800000.2,0.18,.82,9.0295597725,284.5653692124,0.0382986038,0.3188272084
800000.2,0.2,.80,9.9893976349,273.8625277347,0.1019956542,2.3019253143
800000.2,0.22,.78,10.9658773747,264.0053993049,0.0466773722,2.4484081389
800000.2,0.24,.76,11.9152196555,256.3600533520,0.1094684813,2.9123726499
800000.2,0.26,.74,12.9088881889,248.9314927962,0.0590533291,1.2753736896
800000.2,0.28,.72,13.8318222322,237.8678661323,0.0700835163,2.9592546265
800000.2,0.3,.70,14.8493988150,230.4415198589,0.0721577473,2.4655652814
800000.2,0.32,.68,15.6806332487,222.2914603591,0.0657054436,1.9849233601
800000.2,0.34,.66,16.6652906873,214.7476856862,0.1223847396,1.8389900813
800000.2,0.36,.64,17.6154142768,206.7154831568,0.1137795128,2.2299765255
800000.2,0.38,.62,18.5696267158,198.0057101905,0.0827599806,1.9416777663
800000.2,0.4,.60,19.4148986643,189.5960082136,0.1631997477,0.9176804201
800000.2,0.42,.58,20.3921857565,182.6759469135,0.1672202720,1.3984516759
800000.2,0.44,.56,21.1836515722,175.2755291736,0.2096139720,2.4749903788
800000.2,0.46,.54,22.2127133943,168.7284673276,0.1473555528,1.0968241441
800000.2,0.48,.52,23.0069919217,160.5126936383,0.1567556770,1.0518645729
800000.2,0.5,.50,24.0143073155,153.8427748292,0.2108437963,1.1150120095
800000.2,0.52,.48,24.8227014886,146.9463563517,0.2286603627,1.2687856349
800000.2,0.54,.46,25.8654101711,140.6204370391,0.1929978231,0.9852019066
800000.2,0.56,.44,26.7431585221,132.6441629993,0.1008195416,0.4065537155
800000.2,0.58,.42,27.5833519633,126.2240295389,0.1362707661,1.0135868826
800000.2,0.6,.40,28.5430596075,120.3953952128,0.1799874359,1.4553232150
800000.2,0.62,.38,29.4652383857,112.9583346694,0.0873653787,1.0449282238
800000.2,0.64,.36,30.2860032814,106.5334869302,0.2644504030,1.2295107556
800000.2,0.66,.34,31.2974856555,100.3434959902,0.1999750154,1.0784535957
800000.2,0.68,.32,32.0534019207,94.0935765664,0.1713657111,0.2845127412
800000.2,0.7,.30,32.7669712489,87.8214428894,0.1337305283,0.5571990297
800000.2,0.72,.28,33.8280406883,81.3569523511,0.2626582730,0.9436039794
800000.2,0.74,.26,34.6014322270,75.0178902007,0.2879727529,0.8876319928
800000.2,0.76,.24,35.6163263162,69.2553986349,0.2046095772,0.1508242538
800000.2,0.78,.22,36.4604263015,63.2573359853,0.2428265216,0.2501092593
800000.2,0.8,.20,37.4096383641,57.0456307913,0.2457626530,0.2306795476
800000.2,0.82,.18,38.1952443638,51.1952822113,0.1830309339,0.6268212017
800000.2,0.84,.16,39.1554207933,45.4950048402,0.1714490127,0.4653168318
800000.2,0.86,.14,39.9701696112,39.9187272876,0.2314922288,0.3428045613
800000.2,0.88,.12,40.8481263112,34.1861642494,0.4077109322,0.4668445558
800000.2,0.9,.10,42.1017102392,28.3165299833,0.2425001535,0.2275455052
800000.2,0.92,.08,42.9222928295,22.6465382821,0.2058480218,0.2022741187
800000.2,0.94,.06,43.5776546520,17.0141179546,0.4261243508,0.1521934602
800000.2,0.96,.04,44.7244597105,11.3559833789,0.2394209352,0.1424734240
800000.2,0.98,.02,45.7394058870,5.6341346108,0.3079730013,0.0164875254
800000.2,1,0,46.4621165282,0.0000000000,0.2060521285,0.0000000000
820000.18,0,1.00,0.0000000000,383.9320094895,0.0000000000,4.2378297460
820000.18,0.02,.98,1.0492195892,371.6983845380,0.0125235829,3.4846766542
820000.18,0.04,.96,2.0796617236,361.7185420021,0.0204466651,2.0617953187
820000.18,0.06,.94,3.1292719672,353.6543395195,0.0296254988,0.7657212510
820000.18,0.08,.92,4.1611725446,342.8536410421,0.0231978539,2.2695514297
820000.18,0.1,.90,5.1784366039,332.0071569175,0.0302979229,1.7984961972
820000.18,0.12,.88,6.1867676992,320.0865315079,0.0458252467,1.1438614451
820000.18,0.14,.86,7.2007502614,311.4914726594,0.0400537722,2.5628545163
820000.18,0.16,.84,8.2241345729,301.5387729409,0.0594946996,2.7793238166
820000.18,0.18,.82,9.2492638075,293.1766423229,0.0448700978,2.2966682060
820000.18,0.2,.80,10.2394164513,282.0472300409,0.0203379873,1.0510491815
820000.18,0.22,.78,11.2379290993,271.9142448720,0.0748665612,1.9728533049
820000.18,0.24,.76,12.2220396217,263.7183997249,0.0430670843,2.1005334976
820000.18,0.26,.74,13.2055771844,254.3221277634,0.0500513770,2.2551798120
820000.18,0.28,.72,14.1541121127,246.4764249610,0.0655510544,2.0665276550
820000.18,0.3,.70,15.0843644152,237.9467945882,0.1013607900,1.7400207183
820000.18,0.32,.68,16.1228279865,229.2189502198,0.0603304094,1.6086843724
820000.18,0.34,.66,17.1143088553,221.2941046760,0.1600583103,3.4921410928
820000.18,0.36,.64,17.9647374419,212.3215463801,0.0307518618,0.3100363017
820000.18,0.38,.62,18.9452539438,206.0690555315,0.0632837815,1.4749545404
820000.18,0.4,.60,19.9850196966,196.7252834932,0.1916009965,1.2144855402
820000.18,0.42,.58,20.8267497118,188.4865098375,0.1385937441,2.5795557562
820000.18,0.44,.56,21.8642496690,180.8342353234,0.0979231832,1.0665885945
820000.18,0.46,.54,22.8491154566,173.6901029227,0.1632063372,1.5298792494
820000.18,0.48,.52,23.7168630549,165.2726866714,0.1782502529,2.1005071710
820000.18,0.5,.50,24.6399533600,158.2937683146,0.1144166887,1.1268058994
820000.18,0.52,.48,25.6143496096,151.7364921978,0.1218996879,1.8831919074
820000.18,0.54,.46,26.4570171954,144.1150747814,0.0779404737,0.9532300005
820000.18,0.56,.44,27.3853683131,137.0511565490,0.0606949613,0.6897224874
820000.18,0.58,.42,28.3732812050,129.4445248253,0.1690691322,1.3301029034
820000.18,0.6,.40,29.1282078124,122.5123206858,0.2089619177,1.1185977877
820000.18,0.62,.38,30.0352031562,116.0617586985,0.1420575159,1.0143621064
820000.18,0.64,.36,30.8985754252,109.5364111065,0.1499939541,0.5794576102
820000.18,0.66,.34,31.8715392754,102.8113495210,0.2612272438,0.9660722159
820000.18,0.68,.32,32.9215922607,96.6307871385,0.0759329092,0.6904464319
820000.18,0.7,.30,33.6433132440,90.0904395684,0.2366752520,0.4928707800
820000.18,0.72,.28,34.6011717907,83.4141636258,0.2518567317,0.6674187671
820000.18,0.74,.26,35.3459413837,76.9502445152,0.2848852967,0.5591486355
820000.18,0.76,.24,36.4252153182,71.1494672912,0.1856040309,0.3584346219
820000.18,0.78,.22,37.3458314787,64.7797623285,0.4720221026,0.5447749580
820000.18,0.8,.20,38.3756485660,58.7615568513,0.1273098182,0.6198261379
820000.18,0.82,.18,39.0933848745,52.7922798739,0.1692261877,0.1022461822
820000.18,0.84,.16,40.2383147918,46.8767885320,0.2514272900,0.2877188121
820000.18,0.86,.14,40.9880066303,40.6122262725,0.2509283158,0.1864717602
820000.18,0.88,.12,41.9881079395,35.1535199764,0.3501932011,0.2978008444
820000.18,0.9,.10,43.0175343724,29.1372430678,0.2227425198,0.3749388883
820000.18,0.92,.08,43.8432996445,23.0976804790,0.4365691456,0.2685044934
820000.18,0.94,.06,44.7123233805,17.3633317292,0.3693473322,0.1413642970
820000.18,0.96,.04,45.6940899765,11.5931973174,0.5379962130,0.1686865975
820000.18,0.98,.02,46.8239666777,5.8004200817,0.3216376363,0.0666106231
820000.18,1,0,47.5621732767,0.0000000000,0.4348996596,0.0000000000
840000.16,0,1.00,0.0000000000,396.0108489533,0.0000000000,4.4935069889
840000.16,0.02,.98,1.0628404060,383.8857952714,0.0135366561,1.8109986040
840000.16,0.04,.96,2.1340668598,374.3598806425,0.0070286399,3.1405215065
840000.16,0.06,.94,3.2187057813,365.5153221592,0.0181011515,3.8330972569
840000.16,0.08,.92,4.2579767051,352.4281984569,0.0177692849,2.4081592018
840000.16,0.1,.90,5.3332399210,343.1484263249,0.0355488268,2.1570831436
840000.16,0.12,.88,6.3729796301,330.8893728392,0.0390271145,1.5026305908
840000.16,0.14,.86,7.3754509094,321.6172435532,0.0432230603,2.8365527375
840000.16,0.16,.84,8.4416769868,310.3135458120,0.0372415027,2.0702920593
840000.16,0.18,.82,9.4803749509,302.3017003956,0.0351750506,1.9239397746
840000.16,0.2,.80,10.4742257897,288.8057201489,0.0405212229,2.3280337194
840000.16,0.22,.78,11.5442281930,281.1535884918,0.0587192062,1.0319406427
840000.16,0.24,.76,12.5697480819,273.5988138350,0.0776021643,3.5593516570
840000.16,0.26,.74,13.5271638870,262.5839013854,0.1246530559,2.1654150996
840000.16,0.28,.72,14.5617469580,254.1511994422,0.0588218617,2.7835331666
840000.16,0.3,.70,15.4762949535,243.5338578393,0.0927279108,1.7204088415
840000.16,0.32,.68,16.5323379729,237.0047959669,0.1399741090,2.0428046692
840000.16,0.34,.66,17.5218655697,226.3498115620,0.0495686707,2.0741700453
840000.16,0.36,.64,18.5152476233,219.8302496758,0.1548275351,2.1559737375
840000.16,0.38,.62,19.4254984203,209.3746935504,0.0947584956,2.0220273151
840000.16,0.4,.60,20.4518517053,201.3584195690,0.1035544462,2.4207278623
840000.16,0.42,.58,21.4947947805,194.0737159455,0.1427680534,1.3829213376
840000.16,0.44,.56,22.4610133314,186.5282269894,0.1093478279,1.0194759510
840000.16,0.46,.54,23.4419204877,178.5540958036,0.1061389872,2.3881995928
840000.16,0.48,.52,24.2548462518,171.0206782584,0.0487748889,1.0166194729
840000.16,0.5,.50,25.2458322917,162.3674052094,0.1749478944,1.0902025189
840000.16,0.52,.48,26.2554916119,156.7657705510,0.2716209410,1.4318177429
840000.16,0.54,.46,27.0982894159,147.8039979536,0.1454024703,1.0747797708
840000.16,0.56,.44,27.9758554614,140.5168657622,0.1108357105,1.9736959348
840000.16,0.58,.42,28.9597576349,133.1123051712,0.2256073037,1.0628703095
840000.16,0.6,.40,30.0043414585,126.5466004953,0.1628977537,1.1138267837
840000.16,0.62,.38,30.7047327116,119.3249682081,0.2769305205,0.5920278306
840000.16,0.64,.36,31.9770680508,112.5034067638,0.3268822524,1.1030883415
840000.16,0.66,.34,32.5870879192,105.0481319614,0.1105900596,0.7456047680
840000.16,0.68,.32,33.7352212027,98.7123555204,0.2172510043,0.9605900481
840000.16,0.7,.30,34.5432247213,91.9947939240,0.1107028437,0.5114279851
840000.16,0.72,.28,35.4944681868,85.8614457581,0.2540299340,1.3832681886
840000.16,0.74,.26,36.3833632100,79.2578839948,0.2164043797,0.5176569973
840000.16,0.76,.24,37.2930150037,72.8861790350,0.1695046280,0.6170983270
840000.16,0.78,.22,38.0595049814,66.3178315059,0.2229972909,0.7914984634
840000.16,0.8,.20,39.2825136916,60.2532689536,0.2686323787,0.0621377294
840000.16,0.82,.18,40.1149200885,54.2549205902,0.2557510723,0.5501975697
840000.16,0.84,.16,41.1339030271,48.0060011650,0.2089298104,0.4545477649
840000.16,0.86,.14,41.9547981409,41.6267247877,0.1827252582,0.6307392797
840000.16,0.88,.12,42.9266160716,35.5917336207,0.2813412617,0.2123101305
840000.16,0.9,.10,43.9655484282,29.6648137242,0.4636157378,0.1357642068
840000.16,0.92,.08,45.0851378968,23.8417508185,0.2659794382,0.2870158397
840000.16,0.94,.06,45.8063380076,17.7694025634,0.1934958649,0.1858965772
840000.16,0.96,.04,46.8982691447,11.7998398721,0.1926193119,0.0400585634
840000.16,0.98,.02,47.8362824478,5.9244913287,0.2559101888,0.0740905898
840000.16,1,0,48.6748611842,0.0000000000,0.3375990724,0.0000000000
860000.14,0,1.00,0.0000000000,409.8543286914,0.0000000000,3.8165349480
860000.14,0.02,.98,1.0872172406,397.8991319038,0.0119078626,4.3853411136
860000.14,0.04,.96,2.1757887497,386.1452205359,0.0151834254,2.6514910555
860000.14,0.06,.94,3.2544636808,375.6646644471,0.0143754032,2.6240572393
860000.14,0.08,.92,4.3488689623,361.6633277972,0.0249774213,2.8206589338
860000.14,0.1,.90,5.4396541798,353.4504826750,0.0163568112,3.0944433603
860000.14,0.12,.88,6.5233034435,341.8943567319,0.0364185513,5.1690318318
860000.14,0.14,.86,7.5644495084,333.2428693945,0.0783493200,3.2618883645
860000.14,0.16,.84,8.6322382035,320.3132454617,0.0372181972,2.0029973303
860000.14,0.18,.82,9.6722643925,309.4831898845,0.0481503080,1.3581390154
860000.14,0.2,.80,10.7293491569,299.7475612768,0.0658326999,2.2689919773
860000.14,0.22,.78,11.7740892424,289.5747904518,0.0874899858,3.3372847342
860000.14,0.24,.76,12.8419300247,281.4213738141,0.0680176707,1.5497412410
860000.14,0.26,.74,13.8418490285,271.6974594750,0.0744798474,1.2872682629
860000.14,0.28,.72,14.9040643875,260.2462619497,0.0780509644,2.1397681614
860000.14,0.3,.70,15.9305478905,251.2749893662,0.0817517428,1.9649698104
860000.14,0.32,.68,16.9058296235,243.5420721130,0.1081821197,2.2580686590
860000.14,0.34,.66,17.8997846369,233.2103015207,0.1732880385,1.6740258347
860000.14,0.36,.64,19.0258850121,225.8373123121,0.0993654905,1.5764320539
860000.14,0.38,.62,19.9538194318,216.8914682628,0.0452728564,2.6605549992
860000.14,0.4,.60,20.9684530847,208.0335526562,0.1206863526,2.9877364902
860000.14,0.42,.58,21.9586057285,199.6324935238,0.1081945964,3.0474259110
860000.14,0.44,.56,22.8444796910,191.6807194480,0.1415512751,1.1555686137
860000.14,0.46,.54,23.8851309271,182.8607323573,0.2585286599,2.5200377524
860000.14,0.48,.52,24.8320251069,174.7928155944,0.0946686802,1.2700478836
860000.14,0.5,.50,25.8674415740,167.0881125857,0.1200719803,1.4462792781
860000.14,0.52,.48,26.8213935767,158.7439819413,0.2107139918,1.6502678142
860000.14,0.54,.46,27.8080303309,152.0519917360,0.0735465937,1.5687907242
860000.14,0.56,.44,28.5553782430,143.3155759516,0.0695774121,0.5901363149
860000.14,0.58,.42,29.7362744088,137.2507991139,0.3290789632,1.4481379730
860000.14,0.6,.40,30.6519422803,129.4509533873,0.1828573231,1.0877072684
860000.14,0.62,.38,31.5614898994,122.1073212786,0.0701362995,0.6493865802
860000.14,0.64,.36,32.5221611578,115.3223312094,0.2395961110,0.9976975493
860000.14,0.66,.34,33.5170276981,108.4387698559,0.2851786564,1.1417143170
860000.14,0.68,.32,34.3075298996,101.0572092313,0.2614452249,0.6749895192
860000.14,0.7,.30,35.3580256265,94.6969328261,0.2497029854,0.5400325821
860000.14,0.72,.28,36.5206131228,88.2219423032,0.3144989503,0.6587853353
860000.14,0.74,.26,37.2883792382,81.3108809900,0.2575162543,0.4602134211
860000.14,0.76,.24,38.0797929666,74.5014623851,0.2953218581,0.3650924952
860000.14,0.78,.22,39.1430500706,68.3452571099,0.1918596884,0.6487294101
860000.14,0.8,.20,40.0724950206,61.7044096868,0.3371294562,0.2952293846
860000.14,0.82,.18,41.0343382422,55.3271333066,0.2869618290,0.2972156304
860000.14,0.84,.16,42.0792085457,49.1441423563,0.3106100540,0.2803661239
860000.14,0.86,.14,42.9651866827,42.9124371915,0.0675335290,0.4052341170
860000.14,0.88,.12,43.9901336119,36.7718747506,0.1970276722,0.2365540954
860000.14,0.9,.10,44.7793596756,30.2063843601,0.4029056518,0.2066472813
860000.14,0.92,.08,45.7405518066,24.2956787255,0.2012225738,0.2893843129
860000.14,0.94,.06,46.9917397209,18.0624735630,0.2127650450,0.1013503316
860000.14,0.96,.04,47.6653320821,12.1781964612,0.4482864119,0.0947100941
860000.14,0.98,.02,48.7506220943,6.0156340524,0.3984305447,0.0286184330
860000.14,1,0,49.5833410147,0.0000000000,0.4877259635,0.0000000000
880000.12,0,1.00,0.0000000000,422.7782383468,0.0000000000,4.9140015700
880000.12,0.02,.98,1.1158912736,409.8194001710,0.0189204445,5.4906047397
880000.12,0.04,.96,2.2265738218,399.1041301401,0.0200848730,3.6677106779
880000.12,0.06,.94,3.3285057115,385.5753642271,0.0269732167,4.1988386052
880000.12,0.08,.92,4.4514548079,373.4781676473,0.0336359526,2.1482705929
880000.12,0.1,.90,5.5458600895,362.3458267982,0.0565175444,4.4698167023
880000.12,0.12,.88,6.6638348532,351.6579852985,0.0212913448,2.2452135426
880000.12,0.14,.86,7.7583182656,342.8916409865,0.0153141931,3.6829456415
880000.12,0.16,.84,8.8180334364,329.8254458250,0.0933778512,1.8529497993
880000.12,0.18,.82,9.9148347316,321.3816724694,0.0446479860,2.9012663410
880000.12,0.2,.80,11.0159592689,309.5679754747,0.0450797831,1.7815479867
880000.12,0.22,.78,12.0280927336,297.9097068239,0.0558720777,2.1221577663
880000.12,0.24,.76,13.0712441578,287.8370787095,0.0848203767,2.5774128769
880000.12,0.26,.74,14.1956777410,278.7009492244,0.0708367416,1.1626038260
880000.12,0.28,.72,15.2715139167,268.6368210975,0.0851116607,2.9672282211
880000.12,0.3,.70,16.2782563507,258.4561217127,0.1054756700,2.0223126269
880000.12,0.32,.68,17.3399247935,250.8398471459,0.1558511520,2.2442273879
880000.12,0.34,.66,18.3530739597,240.8793617245,0.0651588087,2.3857061108
880000.12,0.36,.64,19.4100285061,230.6277338721,0.0596057099,1.4154909741
880000.12,0.38,.62,20.4444292717,222.4492458425,0.1391218600,2.2991897203
880000.12,0.4,.60,21.4248155555,212.9830454119,0.0969719842,2.3841712451
880000.12,0.42,.58,22.4040819634,205.2918423833,0.1548124693,1.8670605438
880000.12,0.44,.56,23.5466939980,196.5852836981,0.1454287816,1.1731427122
880000.12,0.46,.54,24.4719719677,190.0592932498,0.1716200174,2.2108007486
880000.12,0.48,.52,25.4262625375,179.7708797369,0.0422175802,1.8877971366
880000.12,0.5,.50,26.3940697497,170.7834643198,0.2356645468,1.3635344338
880000.12,0.52,.48,27.4667806902,163.4487607695,0.1104327967,0.1675433808
880000.12,0.54,.46,28.4774557119,156.1624142912,0.1940476325,0.9222977779
880000.12,0.56,.44,29.4968553485,148.9173534669,0.1062588816,1.1192831242
880000.12,0.58,.42,30.3955427753,140.7431511452,0.1190529120,1.4326063432
880000.12,0.6,.40,31.3288942693,132.5375202982,0.1815847828,1.6538110057
880000.12,0.62,.38,32.3899116214,126.4832434452,0.0738134882,1.5004181720
880000.12,0.64,.36,33.2503670042,118.1273985323,0.1816567736,1.1795740727
880000.12,0.66,.34,34.3117489671,111.0696945766,0.2395431211,1.3785052247
880000.12,0.68,.32,35.1590783621,103.2417060339,0.1492195753,0.6601734008
880000.12,0.7,.30,36.0533644160,96.6062871744,0.2228446497,1.0543762868
880000.12,0.72,.28,37.2092326566,89.8737255999,0.3675912051,0.9185931756
880000.12,0.74,.26,38.0302319450,82.7753074180,0.2498248082,0.7842201306
880000.12,0.76,.24,38.7207526635,76.0306030041,0.2875742308,1.1488701789
880000.12,0.78,.22,40.2046664261,69.7774692993,0.1277512908,0.6630817266
880000.12,0.8,.20,40.9807925457,63.0137649133,0.2877765782,0.2062815120
880000.12,0.82,.18,42.0106096330,56.5248458393,0.2552661659,0.2672771308
880000.12,0.84,.16,42.8517146012,50.0959981060,0.2436284506,0.3487221406
880000.12,0.86,.14,43.8648637674,43.4780792208,0.1320097180,0.5365072296
880000.12,0.88,.12,45.1270681358,37.3855881380,0.1492850984,0.3177812984
880000.12,0.9,.10,45.6922408790,30.9843832214,0.4043489562,0.2975293436
880000.12,0.92,.08,46.6684862262,24.7521780574,0.2796370680,0.2734918516
880000.12,0.94,.06,47.7539585438,18.6462584228,0.3026801846,0.1645113711
880000.12,0.96,.04,48.7213230143,12.3866247276,0.3298306770,0.0928574049
880000.12,0.98,.02,49.7804131380,6.1721338233,0.3611551599,0.0580251727
880000.12,1,0,50.8578900622,0.0000000000,0.1634251054,0.0000000000
900000.1,0,1.00,0.0000000000,434.5583639621,0.0000000000,5.0201961405
900000.1,0.02,.98,1.1397993229,421.7985969235,0.0144671011,2.6816793900
900000.1,0.04,.96,2.2830624482,410.6714703525,0.0136838392,1.3930480129
900000.1,0.06,.94,3.3939793890,400.5891279666,0.0310893115,0.8908155236
900000.1,0.08,.92,4.5368518599,386.4427201004,0.0264904042,3.4703188535
900000.1,0.1,.90,5.6406068034,374.9791654504,0.0387726902,2.5675947788
900000.1,0.12,.88,6.8131429651,365.4428222653,0.0288731695,1.0513325986
900000.1,0.14,.86,7.8979121048,351.3623428741,0.0146887726,1.7214117143
900000.1,0.16,.84,9.0114334083,341.0947150451,0.0311680621,3.3455883001
900000.1,0.18,.82,10.1108390662,328.5118763190,0.0520728168,1.7024162729
900000.1,0.2,.80,11.2532687954,317.8868918702,0.0407780042,4.1081057569
900000.1,0.22,.78,12.3287924476,307.8630493987,0.0941842229,2.5760834373
900000.1,0.24,.76,13.4590077159,297.8524926220,0.0669594369,5.5377074141
900000.1,0.26,.74,14.4704119591,286.1965096822,0.0970625762,2.8831674444
900000.1,0.28,.72,15.5556238404,275.3205256007,0.0959264660,1.4785181797
900000.1,0.3,.70,16.6797969873,267.2675373874,0.0666535028,2.2671702414
900000.1,0.32,.68,17.7286259221,256.8496240641,0.0820596537,1.8411336838
900000.1,0.34,.66,18.6881773046,246.0816398245,0.0973559548,0.9822392563
900000.1,0.36,.64,19.8052144978,238.0205087660,0.0988258491,2.2221162524
900000.1,0.38,.62,20.8945673157,227.9158806984,0.1126099922,2.2777860754
900000.1,0.4,.60,21.8951113666,220.1431777892,0.0709230942,2.2105325480
900000.1,0.42,.58,23.0192063826,210.6402631266,0.0675559703,2.4835391963
900000.1,0.44,.56,24.0744420496,201.8969902093,0.1451596211,1.9721095019
900000.1,0.46,.54,25.0096426411,194.4216440077,0.1327687027,1.1146566041
900000.1,0.48,.52,26.0729518323,184.1371590605,0.2224404545,1.8931174409
900000.1,0.5,.50,27.0667766275,176.3306704864,0.2310623198,2.2506061363
900000.1,0.52,.48,27.9602292854,167.6711831608,0.1812739005,1.1199186818
900000.1,0.54,.46,29.1222177783,159.3274810873,0.1537202282,1.9490611630
900000.1,0.56,.44,30.0619760044,151.6805637082,0.2484022415,1.8303557263
900000.1,0.58,.42,30.9593872936,143.5653613003,0.2996842745,1.2818303292
900000.1,0.6,.40,32.0848365781,136.6378714396,0.1882705736,0.3718909866
900000.1,0.62,.38,33.0915008813,128.8178828853,0.1723275004,0.9465319158
900000.1,0.64,.36,34.0618343252,121.1068941714,0.1977225247,0.5415637771
900000.1,0.66,.34,34.9735696090,113.7362621022,0.1829249842,0.7990378568
900000.1,0.68,.32,36.0392227267,106.4509156225,0.2911573507,0.7067076526
900000.1,0.7,.30,36.9567917829,99.2363547535,0.2432914336,0.3438913849
900000.1,0.72,.28,37.8197994412,92.0865080754,0.3498062405,1.1911474968
900000.1,0.74,.26,38.8084675983,84.8519472357,0.2593965569,0.4863354159
900000.1,0.76,.24,39.8715944841,78.2150283783,0.2704503625,0.6620444620
900000.1,0.78,.22,40.8259371413,71.4090383399,0.2174945748,0.2838746194
900000.1,0.8,.20,41.8380445624,64.6453339538,0.2821203228,0.5970335430
900000.1,0.82,.18,42.8769508754,57.6092728235,0.3404917546,0.5987771186
900000.1,0.84,.16,43.9286706528,51.4082818995,0.3334100761,0.3066299287
900000.1,0.86,.14,44.7489667633,44.7360773795,0.2819984901,0.4128952239
900000.1,0.88,.12,45.7642515069,37.8277303480,0.2406522746,0.2695417401
900000.1,0.9,.10,46.8495415191,31.9693817797,0.7579370708,0.6786010196
900000.1,0.92,.08,47.9150644186,25.3895342674,0.2565651346,0.2701480452
900000.1,0.94,.06,48.7607009778,19.0629720986,0.3717857765,0.0520755058
900000.1,0.96,.04,49.9301900352,12.7316956511,0.3773454197,0.1712170238
900000.1,0.98,.02,50.9909209074,6.3133479024,0.4617512386,0.1079211114
900000.1,1,0,52.0383955736,0.0000000000,0.5099768030,0.0000000000
920000.08,0,1.00,0.0000000000,449.2229853554,0.0000000000,4.3823268372
920000.08,0.02,.98,1.1615457512,436.7465036165,0.0024222229,1.4944361142
920000.08,0.04,.96,2.3129605316,419.7513142057,0.0264078485,2.9592702975
920000.08,0.06,.94,3.4740635412,411.0422555241,0.0232773672,4.1050892517
920000.08,0.08,.92,4.6397762727,398.2409885463,0.0453714611,4.4803824593
920000.08,0.1,.90,5.7661631278,386.4747200536,0.0548686228,3.5111618208
920000.08,0.12,.88,6.9350792254,374.1495238076,0.0305863764,3.8743902334
920000.08,0.14,.86,8.1000627353,362.4338980979,0.0470468117,1.9832900886
920000.08,0.16,.84,9.2168915795,351.0331290703,0.0276598095,1.3743055102
920000.08,0.18,.82,10.3494247305,338.9635038787,0.0577477645,2.0211351647
920000.08,0.2,.80,11.4978184502,328.1986624917,0.0727745538,4.2319361852
920000.08,0.22,.78,12.5863639158,317.9205346781,0.0224080217,1.8414937018
920000.08,0.24,.76,13.6629032694,305.3821958869,0.0952142479,2.4690776289
920000.08,0.26,.74,14.7636111086,294.9964253737,0.0605257854,2.6288458641
920000.08,0.28,.72,15.9294280146,284.8528687916,0.1159997124,2.7317300325
920000.08,0.3,.70,16.9825801914,274.2116700808,0.0678330864,2.8998745078
920000.08,0.32,.68,18.1272236289,265.1596119012,0.0865172121,3.5699079716
920000.08,0.34,.66,19.2431149025,254.6384844432,0.0800622330,2.2996751072
920000.08,0.36,.64,20.2092292789,244.0762141883,0.0946148882,2.6716582576
920000.08,0.38,.62,21.3624931568,235.5187981419,0.0780857797,2.1435517719
920000.08,0.4,.60,22.4264794824,225.3397416118,0.1066022386,2.4534784349
920000.08,0.42,.58,23.4960131004,216.2006835596,0.1240115326,1.1428891904
920000.08,0.44,.56,24.4942132249,206.7849116266,0.0742303842,1.5798738360
920000.08,0.46,.54,25.6809171195,198.3952810489,0.1176377807,0.9573182284
920000.08,0.48,.52,26.6279154739,189.2610087039,0.2396981415,0.9158214100
920000.08,0.5,.50,27.7542762854,180.8336638957,0.1440566542,1.6931896730
920000.08,0.52,.48,28.7182029971,171.2571064837,0.1724875284,2.0875811271
920000.08,0.54,.46,29.8002635996,164.1326169114,0.0561692464,1.1579157429
920000.08,0.56,.44,30.7882285788,155.7716291489,0.2107037592,1.1220242876
920000.08,0.58,.42,31.9252151901,148.1073546524,0.1666954572,1.4667414675
920000.08,0.6,.40,32.8783337967,139.5191529367,0.1880354723,0.8709913466
920000.08,0.62,.38,33.8277021211,131.5534503100,0.2609508847,1.0752088324
920000.08,0.64,.36,34.7927747524,124.4943177849,0.3147212472,1.7695944483
920000.08,0.66,.34,35.7960794278,116.4836866524,0.2043749022,0.8408419249
920000.08,0.68,.32,36.7184405113,109.1057688796,0.1981789731,0.6035622820
920000.08,0.7,.30,37.8812103129,101.4234229810,0.2809772564,1.2981012776
920000.08,0.72,.28,38.6446271427,94.5632901646,0.4047173204,1.1534368362
920000.08,0.74,.26,39.7060091055,86.5294447804,0.1788340021,1.2952539976
920000.08,0.76,.24,40.7232210775,80.0273828685,0.1069710410,0.5519826919
920000.08,0.78,.22,41.6243305616,72.4604653724,0.3663080919,0.8465911415
920000.08,0.8,.20,42.8025702776,65.8055465414,0.1642042638,0.3744438454
920000.08,0.82,.18,43.8181675447,59.4794129434,0.2798552403,0.4397668976
920000.08,0.84,.16,44.6623456608,52.6383515277,0.2740290713,0.4458472783
920000.08,0.86,.14,45.6275745539,45.5412904867,0.1702290863,0.5196965453
920000.08,0.88,.12,46.5042290726,39.1595855415,0.4874413087,0.2624951917
920000.08,0.9,.10,47.8451372809,32.4252382553,0.2421220856,0.3083652971
920000.08,0.92,.08,49.0238457821,25.9722477002,0.3901051948,0.2708054823
920000.08,0.94,.06,49.6259223444,19.3582573807,0.3813579508,0.2223193028
920000.08,0.96,.04,50.7942133949,12.9341953547,0.1616754488,0.0969544760
920000.08,0.98,.02,52.0300616131,6.4255620238,0.2616764927,0.0142109934
920000.08,1,0,52.9685697452,0.0000000000,0.4202803031,0.0000000000
940000.06,0,1.00,0.0000000000,461.1265393615,0.0000000000,1.3202158023
940000.06,0.02,.98,1.1802190316,448.3764151659,0.0136384043,2.2186504544
940000.06,0.04,.96,2.3572607407,436.0592189082,0.0200969705,2.7427138566
940000.06,0.06,.94,3.5472461322,421.2083835017,0.0379703350,2.2401485315
940000.06,0.08,.92,4.7305122681,409.6592575483,0.0349107080,3.8214940454
940000.06,0.1,.90,5.9024233827,398.3242741387,0.0493595763,3.6435109158
940000.06,0.12,.88,7.0734750577,385.1585076943,0.0404297618,2.3609722004
940000.06,0.14,.86,8.2414796283,371.6747417155,0.0319356465,3.4008737151
940000.06,0.16,.84,9.4278449558,361.9088274378,0.0640204667,1.6017568292
940000.06,0.18,.82,10.5163122905,347.2109203789,0.0750583092,2.5682786845
940000.06,0.2,.80,11.7145274681,336.7920784855,0.1052562093,3.6462995341
940000.06,0.22,.78,12.8712551483,324.3855966441,0.0591312780,0.9041226659
940000.06,0.24,.76,13.9993087956,314.3719684434,0.0466210690,1.3152470896
940000.06,0.26,.74,15.1126477938,305.3494102206,0.0971113660,1.8994299016
940000.06,0.28,.72,16.2326018731,290.2512180332,0.0518790313,1.1253231776
940000.06,0.3,.70,17.3545092245,280.4020181632,0.1437256046,2.1189222267
940000.06,0.32,.68,18.4969910409,271.4831740744,0.0887262113,3.1858529328
940000.06,0.34,.66,19.6161117242,261.4176888066,0.0716923070,1.1210507353
940000.06,0.36,.64,20.7855226507,250.1460624471,0.1179663845,2.5451751666
940000.06,0.38,.62,21.7036125794,240.7523619104,0.0976429519,2.7526390899
940000.06,0.4,.60,22.8974263841,230.8670192362,0.1359809910,1.1245202664
940000.06,0.42,.58,24.0281104377,222.4686743855,0.1131397764,2.4342026037
940000.06,0.44,.56,25.0377437143,212.1556180515,0.1489355778,2.4953958206
940000.06,0.46,.54,26.0432360543,203.9040587003,0.0980369841,1.5886372893
940000.06,0.48,.52,27.2300701670,194.6491436747,0.1186128965,2.2922931490
940000.06,0.5,.50,28.3142663469,186.2369417015,0.1893315286,1.4074472180
940000.06,0.52,.48,29.3938528048,177.9623823839,0.1447774358,1.5113142673
940000.06,0.54,.46,30.3443670488,167.0747554623,0.1364911379,1.1928398155
940000.06,0.56,.44,31.3570474298,159.4802665780,0.1947720513,0.6504977352
940000.06,0.58,.42,32.5338807899,151.5937066925,0.2214590520,1.0761298611
940000.06,0.6,.40,33.5303099477,143.5086470976,0.2345326031,1.1309556595
940000.06,0.62,.38,34.3995159891,134.7981598466,0.1158651435,1.6098715489
940000.06,0.64,.36,35.5694738318,127.9603841404,0.2192558941,1.1061538856
940000.06,0.66,.34,36.6290587844,119.5868249677,0.3499354965,1.0860951113
940000.06,0.68,.32,37.5922562746,111.5491224463,0.3348298980,0.7291302452
940000.06,0.7,.30,38.6082702398,103.6160626289,0.2761432819,0.4845611182
940000.06,0.72,.28,39.4432809993,96.3705018052,0.2799643678,0.7124073680
940000.06,0.74,.26,40.5037253916,88.9521555202,0.3970036780,0.5781851836
940000.06,0.76,.24,41.6321436497,81.8345945092,0.2241827521,0.7879624497
940000.06,0.78,.22,42.4079832893,74.5046766661,0.2001958479,0.5269632027
940000.06,0.8,.20,43.6332057078,67.4259727411,0.3225584987,0.6972919161
940000.06,0.82,.18,44.3843559893,60.4065544436,0.3208932069,0.3961126184
940000.06,0.84,.16,45.7106537231,53.5202073799,0.4017057978,0.4063846826
940000.06,0.86,.14,46.6661162562,46.5102176400,0.2451242847,0.2828584143
940000.06,0.88,.12,47.4079429193,40.1490840933,0.2860321705,0.2062393852
940000.06,0.9,.10,48.6935865518,33.2742370127,0.5553483472,0.1563078477
940000.06,0.92,.08,49.6716289092,26.3058186406,0.3515907956,0.2761587454
940000.06,0.94,.06,50.8582807166,19.8122567162,0.4305390709,0.1942836971
940000.06,0.96,.04,52.0217536962,13.2024092478,0.2387343385,0.1131667048
940000.06,0.98,.02,52.7858476602,6.5904903539,0.3115216937,0.0536852064
940000.06,1,0,53.9476278040,0.0000000000,0.2348873283,0.0000000000
960000.04,0,1.00,0.0000000000,473.0356647879,0.0000000000,2.1489848783
960000.04,0.02,.98,1.2016268927,460.4282546692,0.0144686365,5.4580322499
960000.04,0.04,.96,2.4162495552,447.4111308645,0.0107158362,5.7117722781
960000.04,0.06,.94,3.5921713883,435.2326486894,0.0189455671,2.0231166713
960000.04,0.08,.92,4.8221077032,419.4973860059,0.0411047366,3.6756708839
960000.04,0.1,.90,6.0207135353,408.3492594657,0.0404629092,3.0754853040
960000.04,0.12,.88,7.2291117709,393.9874947719,0.0339408934,2.2447330231
960000.04,0.14,.86,8.4189669444,380.1193722127,0.0317297831,1.1567171198
960000.04,0.16,.84,9.5903311428,369.9389585417,0.0451481401,1.5358705514
960000.04,0.18,.82,10.7672165902,358.5893322964,0.0395967768,4.9602351485
960000.04,0.2,.80,11.9235275724,345.2262804265,0.0865249750,4.1725888873
960000.04,0.22,.78,13.1339051237,333.6813687527,0.0546447778,0.8597366169
960000.04,0.24,.76,14.3170931287,322.6027421107,0.0793373881,2.5091993517
960000.04,0.26,.74,15.4531942566,312.8110421566,0.0300610818,2.0742012459
960000.04,0.28,.72,16.5516883875,301.8052011223,0.0705735689,2.5611892276
960000.04,0.3,.70,17.7497733470,289.2036481379,0.0605120745,2.2179799874
960000.04,0.32,.68,18.8743371483,277.7064506800,0.0960533126,3.5383604656
960000.04,0.34,.66,19.9663203726,267.1411090010,0.1350603727,1.2247331362
960000.04,0.36,.64,21.1288036943,257.5909801218,0.1211287824,2.3224044202
960000.04,0.38,.62,22.3096738166,247.6934946082,0.0626913897,1.5964791303
960000.04,0.4,.60,23.3007900746,237.7373663233,0.0763551760,3.3638146910
960000.04,0.42,.58,24.5292939901,228.8251650818,0.1284779512,0.8923613838
960000.04,0.44,.56,25.5865350163,218.1996806337,0.1298445991,1.6154504980
960000.04,0.46,.54,26.7484453783,209.0809082661,0.0416383014,1.3896260205
960000.04,0.48,.52,27.7841222816,198.6531378143,0.1133136951,1.1373056984
960000.04,0.5,.50,28.9222027252,190.0076504682,0.1454447925,0.5607004137
960000.04,0.52,.48,29.9364457237,181.4620915473,0.1110447802,1.7466032273
960000.04,0.54,.46,30.9106857116,171.2898921500,0.1663905173,2.7082759063
960000.04,0.56,.44,32.1085102348,163.1549040567,0.1243008065,0.9500395891
960000.04,0.58,.42,33.1131431351,155.0079159810,0.2583197614,1.3637464893
960000.04,0.6,.40,34.2878930051,146.2675716309,0.0884850885,1.5333589986
960000.04,0.62,.38,35.3572703613,138.2721547619,0.1369035793,0.5219584242
960000.04,0.64,.36,36.2823920693,129.8215957019,0.1908220632,0.9516517282
960000.04,0.66,.34,37.3324190109,121.9113929939,0.2003096564,0.5658785659
960000.04,0.68,.32,38.3400990155,114.4256182361,0.3006401663,1.2400623387
960000.04,0.7,.30,39.3381428783,106.6187010912,0.2178827929,0.3381708932
960000.04,0.72,.28,40.4394497209,98.9950693924,0.1944901917,1.2209453607
960000.04,0.74,.26,41.4622089854,91.7598656964,0.3738414933,0.9306028962
960000.04,0.76,.24,42.5934139115,84.0870197838,0.2455988297,0.7584004689
960000.04,0.78,.22,43.3713630849,75.6620321150,0.1832268893,0.9326617397
960000.04,0.8,.20,44.3806838380,68.8626849240,0.2009672667,0.5867336897
960000.04,0.82,.18,45.5658251150,61.9708378683,0.2106943325,0.3257748054
960000.04,0.84,.16,46.5714476731,54.8143483428,0.6096745953,0.7557657847
960000.04,0.86,.14,47.7002565855,47.2397165722,0.3032918517,0.4918216635
960000.04,0.88,.12,48.4987281368,40.8300830965,0.1806808146,0.2595863306
960000.04,0.9,.10,49.6385014161,34.0208787770,0.2417952152,0.3000472897
960000.04,0.92,.08,50.5743791418,27.0053176167,0.4711736659,0.1111614862
960000.04,0.94,.06,51.7243615228,20.0683277700,0.4971873913,0.2108352233
960000.04,0.96,.04,52.9413801989,13.5239087773,0.5339683779,0.0726980457
960000.04,0.98,.02,54.0130754379,6.7653472408,0.2518252988,0.0587808436
960000.04,1,0,55.0286727051,0.0000000000,0.2696046925,0.0000000000
980000.02,0,1.00,0.0000000000,490.3122823583,0.0000000000,3.6623347697
980000.02,0.02,.98,1.2311082781,473.4467356148,0.0193900519,5.0938710220
980000.02,0.04,.96,2.4386210305,462.8763939432,0.0231966709,3.2338790021
980000.02,0.06,.94,3.6653800230,448.8852715640,0.0309058509,3.9129442893
980000.02,0.08,.92,4.9029731642,429.3788001145,0.0120364371,2.0436438665
980000.02,0.1,.90,6.1172833031,418.0057453320,0.0470569484,2.1191350446
980000.02,0.12,.88,7.3300829117,406.1658340900,0.0181058432,1.6530267769
980000.02,0.14,.86,8.5535083199,392.4785684090,0.0603644051,5.5126894233
980000.02,0.16,.84,9.7767514228,379.5785158615,0.0529428121,3.3208249222
980000.02,0.18,.82,10.9607728239,366.3496780809,0.0277232779,1.9065880661
980000.02,0.2,.80,12.1445337887,355.7750507012,0.0204953056,2.9420093153
980000.02,0.22,.78,13.3680112842,343.8054967918,0.0495613152,2.5804709106
980000.02,0.24,.76,14.6174282319,331.5541575805,0.0675237763,1.7956903878
980000.02,0.26,.74,15.7485029399,320.0338887278,0.0867422645,3.2575603697
980000.02,0.28,.72,16.8836925408,306.6309083449,0.0790115936,2.9408766926
980000.02,0.3,.70,18.1400370933,297.6994214174,0.0625364758,1.7274432683
980000.02,0.32,.68,19.3096563687,285.4675107491,0.0935139404,4.5111152368
980000.02,0.34,.66,20.4485181211,274.8535262842,0.1427586624,2.3470196423
980000.02,0.36,.64,21.5857391249,263.3153288863,0.0683573837,1.4923160788
980000.02,0.38,.62,22.7380133450,253.1032724045,0.0897507809,1.1258402710
980000.02,0.4,.60,23.8763542249,243.3848580574,0.0703749866,2.4318076506
980000.02,0.42,.58,24.9906047500,232.0153746982,0.1380196853,2.3378502980
980000.02,0.44,.56,26.1229555956,222.9465308289,0.1689413562,1.4644819120
980000.02,0.46,.54,27.2578326731,212.9083312355,0.1206560862,0.7585298299
980000.02,0.48,.52,28.4626889755,203.5656306242,0.1397670641,2.9860136160
980000.02,0.5,.50,29.4539875389,194.8772147695,0.1284217556,1.5162183469
980000.02,0.52,.48,30.6813455348,185.6962996356,0.2360630378,1.2272269430
980000.02,0.54,.46,31.6029253095,176.0863851297,0.2011643931,1.2183774744
980000.02,0.56,.44,32.6566504462,167.7218259438,0.2401791203,1.3976089918
980000.02,0.58,.42,33.8350203802,158.4766966183,0.2987775094,1.8955063871
980000.02,0.6,.40,34.8309286656,150.0571375129,0.3020435590,1.2020054638
980000.02,0.62,.38,36.0289354942,141.4676500848,0.2295347950,1.5357115528
980000.02,0.64,.36,37.0631799980,132.9023769070,0.2168380397,0.6401994601
980000.02,0.66,.34,38.2100631874,125.2926023308,0.3108721704,0.8621582945
980000.02,0.68,.32,39.2152690475,116.8821146407,0.2950116370,0.9378326016
980000.02,0.7,.30,40.1255198446,108.6982694761,0.1658000387,0.4910355071
980000.02,0.72,.28,41.2581571701,101.3439945258,0.0723947694,0.4892972178
980000.02,0.74,.26,42.1834351398,93.0797923359,0.1916673094,0.6729657584
980000.02,0.76,.24,43.2380718034,85.3199465507,0.3320205533,0.3579689547
980000.02,0.78,.22,44.2522106274,77.9132431057,0.2837203391,0.4680097433
980000.02,0.8,.20,45.4044067166,70.7256107687,0.1412611114,0.1664532027
980000.02,0.82,.18,46.4229469136,63.0336220270,0.3558514318,0.6184594055
980000.02,0.84,.16,47.4613323541,55.8999181825,0.3196391720,0.4738805922
980000.02,0.86,.14,48.3806984205,48.7067144251,0.3197879607,0.2012726473
980000.02,0.88,.12,49.6798847389,41.5415106267,0.3151939652,0.0541990638
980000.02,0.9,.10,50.8120532792,34.6495207141,0.2690094988,0.3935677719
980000.02,0.92,.08,51.6261770501,27.5146740141,0.1811443818,0.1607186845
980000.02,0.94,.06,52.7896239861,20.6568983371,0.4280619713,0.2206954627
980000.02,0.96,.04,53.7287832088,13.7630512844,0.2693268620,0.1497194795
980000.02,0.98,.02,54.8598318731,6.8760613645,0.1240407168,0.0715182568
980000.02,1,0,56.0057514483,0.0000000000,0.3952308614,0.0000000000
1000000,0,1.00,0.0000000000,500.5041960124,0.0000000000,3.7056319023
1000000,0.02,.98,1.2547558912,486.6620734152,0.0165651118,4.8926152658
1000000,0.04,.96,2.4952659186,473.0359505018,0.0087397306,4.3203749820
1000000,0.06,.94,3.7511156421,457.7489728764,0.0301810336,1.7576559819
1000000,0.08,.92,4.9796976885,444.0272072459,0.0144446835,2.1038496506
1000000,0.1,.90,6.2311981263,428.9256579206,0.0208470938,1.7803799292
1000000,0.12,.88,7.4733749458,416.3171763749,0.0448647681,4.4401011661
1000000,0.14,.86,8.7041707004,402.7659104948,0.0972332938,0.8362011834
1000000,0.16,.84,9.9479101375,389.5000013399,0.0231334929,2.0413207442
1000000,0.18,.82,11.1774818417,378.1065894444,0.0461792081,2.3835508884
1000000,0.2,.80,12.4166115569,364.6676805427,0.0745959897,3.9553326726
1000000,0.22,.78,13.6555850103,354.1017674360,0.0140380246,2.0830627379
1000000,0.24,.76,14.8430181264,339.6367886076,0.0630716545,2.7435466002
1000000,0.26,.74,16.0370142365,326.7460217607,0.0810966844,1.8625730089
1000000,0.28,.72,17.3376589980,316.2992513368,0.0678048399,3.3936183270
1000000,0.3,.70,18.4855318452,304.6603398006,0.0731529560,2.9324169077
1000000,0.32,.68,19.6480932978,293.7986414125,0.0660824831,3.9456286689
1000000,0.34,.66,20.7808087543,282.4944436721,0.1155109264,1.4205514512
1000000,0.36,.64,21.9931916648,270.3254614831,0.1087360878,1.1859579762
1000000,0.38,.62,23.2031785617,260.3935474485,0.1761981898,3.0708909723
1000000,0.4,.60,24.4045971054,250.8546328386,0.1924401258,0.8972204553
1000000,0.42,.58,25.5335362360,239.1989356126,0.1052435456,1.8549523262
1000000,0.44,.56,26.6262226381,228.0345948104,0.1284347996,0.9162896565
1000000,0.46,.54,27.8657169641,219.3173932835,0.2053344648,1.9780772086
1000000,0.48,.52,29.0329402259,209.3556935782,0.1587751068,1.4906445655
1000000,0.5,.50,30.0409587977,200.1097785395,0.1364698828,1.5676230248
1000000,0.52,.48,31.2040932101,190.5449353961,0.2379951333,2.0489725882
1000000,0.54,.46,32.2990714515,180.7080212224,0.2717897097,2.0486817101
1000000,0.56,.44,33.4410063518,172.0298910669,0.1136213856,1.0247478482
1000000,0.58,.42,34.5128318089,162.3643337853,0.1434277684,0.8856128514
1000000,0.6,.40,35.6906548268,153.1896329281,0.2044929987,1.5031293210
1000000,0.62,.38,36.6106459403,144.2986459413,0.2183549080,1.1415751145
1000000,0.64,.36,37.6778877192,135.5949443947,0.1454573340,0.5374265343
1000000,0.66,.34,38.7147626294,127.2085995264,0.2383077889,1.1043896751
1000000,0.68,.32,40.0296011674,120.0274671799,0.3269549952,0.5266915497
1000000,0.7,.30,40.8936505707,111.0800517043,0.2188731982,0.4450561067
1000000,0.72,.28,42.1214773519,103.8236337536,0.3128934047,1.0911282504
1000000,0.74,.26,43.0803516000,95.0997893794,0.2639898819,0.5884045539
1000000,0.76,.24,44.2089782071,87.2549437186,0.3064553559,0.9659225378
1000000,0.78,.22,45.4714169682,80.0681685231,0.0905003719,1.0389125672
1000000,0.8,.20,46.1902731526,71.8008949092,0.2413612062,1.0676983521
1000000,0.82,.18,47.5458178791,64.1135490178,0.1213441643,0.3814052990
1000000,0.84,.16,48.5855836319,56.8507025052,0.2925687043,0.1446775163
1000000,0.86,.14,49.3096224980,49.5640703131,0.4770216860,0.3680678492
1000000,0.88,.12,50.5259900834,42.2445810262,0.1513291587,0.1937617426
1000000,0.9,.10,51.5180178684,35.0933057788,0.2916310342,0.3480073861
1000000,0.92,.08,52.3727176097,27.9825304722,0.4795523398,0.1691583284
1000000,0.94,.06,53.9000460980,21.1201833733,0.3232852986,0.1255686969
1000000,0.96,.04,54.9497865598,14.0655508416,0.5010766267,0.1066959846
1000000,0.98,.02,56.0923985944,6.9962040458,0.4458924838,0.0976848065
1000000,1,0,57.2072741665,0.0000000000,0.2181108425,0.0000000000
