Pressure(Pa),Temperature(K),Xe_mole_frac,Kr_mole_frac,Xe_uptake,Kr_uptake,Xe_Error,Kr_Error,P-bar
0.1,200,0.02,0.98,0.032016231,0.007740835,0.00443181,0.000971005,0.000001
0.1,200,0.116,0.884,0.180918838,0.007048143,0.009384202,0.000739593,0.000001
0.1,200,0.212,0.788,0.328600486,0.006234229,0.015142115,0.001327911,0.000001
0.1,200,0.308,0.692,0.491530544,0.005385682,0.025391287,0.00102392,0.000001
0.1,200,0.404,0.596,0.635277994,0.005247143,0.0161882,0.00108202,0.000001
0.1,200,0.5,0.5,0.76912212,0.00417347,0.043432387,0.001211716,0.000001
0.1,200,0.596,0.404,0.916640974,0.003013211,0.045778847,0.001400027,0.000001
0.1,200,0.692,0.308,1.091753478,0.002684182,0.047047486,0.000609805,0.000001
0.1,200,0.788,0.212,1.212601184,0.001818317,0.064672531,0.000379403,0.000001
0.1,200,0.884,0.116,1.39395414,0.000969769,0.084665155,0.000651646,0.000001
0.1,200,0.98,0.02,1.504925653,0.000277077,0.041781217,0.000335795,0.000001
0.1,220,0.02,0.98,0.00531795,0.002130028,0.000775056,0.001151829,0.000001
0.1,220,0.116,0.884,0.030496817,0.002043442,0.005802529,0.00105394,0.000001
0.1,220,0.212,0.788,0.056191199,0.001783682,0.006824001,0.001087549,0.000001
0.1,220,0.308,0.692,0.08199411,0.001558557,0.005734123,0.000464672,0.000001
0.1,220,0.404,0.596,0.104215545,0.001264163,0.010937285,0.000809295,0.000001
0.1,220,0.5,0.5,0.130805296,0.001142942,0.006911896,0.000254511,0.000001
0.1,220,0.596,0.404,0.160596671,0.000848548,0.011136057,0.000400925,0.000001
0.1,220,0.692,0.308,0.179236629,0.000484885,0.009944533,0.000234903,0.000001
0.1,220,0.788,0.212,0.207942707,0.000606106,0.015452991,0.000394895,0.000001
0.1,220,0.884,0.116,0.232606058,0.000346346,0.018795214,0.000328573,0.000001
0.1,220,0.98,0.02,0.25840897,3.46E-05,0.015944435,8.48E-05,0.000001
0.1,240,0.02,0.98,0.00124809,0.000761961,0.000961575,0.000518363,0.000001
0.1,240,0.116,0.884,0.006810232,0.000744644,0.002233443,0.000532067,0.000001
0.1,240,0.212,0.788,0.01345767,0.000744644,0.002125352,0.000779086,0.000001
0.1,240,0.308,0.692,0.01877562,0.000484885,0.004243771,0.000259182,0.000001
0.1,240,0.404,0.596,0.023822247,0.000554154,0.002350361,0.000356585,0.000001
0.1,240,0.5,0.5,0.029167329,0.000380981,0.004562763,0.000339349,0.000001
0.1,240,0.596,0.404,0.035869032,0.000380981,0.001462132,0.000234903,0.000001
0.1,240,0.692,0.308,0.042679264,0.000225125,0.005083543,0.000259182,0.000001
0.1,240,0.788,0.212,0.046667727,0.000155856,0.002001187,0.000129591,0.000001
0.1,240,0.884,0.116,0.052962443,8.66E-05,0.007759297,0.000109524,0.000001
0.1,240,0.98,0.02,0.056109802,0,0.004363511,0,0.000001
0.1,260,0.02,0.98,0.000352721,0.000519519,0.000655684,0.000394895,0.000001
0.1,260,0.116,0.884,0.00214346,0.000294394,0.001049431,0.000138538,0.000001
0.1,260,0.212,0.788,0.003852801,0.000329029,0.001771727,0.000335795,0.000001
0.1,260,0.308,0.692,0.006294717,0.000242442,0.002436483,0.000169674,0.000001
0.1,260,0.404,0.596,0.007325748,0.000277077,0.002334017,0.00022974,0.000001
0.1,260,0.5,0.5,0.007759866,0.00019049,0.002292005,0.00022974,0.000001
0.1,260,0.596,0.404,0.010364577,0.000155856,0.001746619,0.00022974,0.000001
0.1,260,0.692,0.308,0.011694064,8.66E-05,0.002429221,0.000189702,0.000001
0.1,260,0.788,0.212,0.01267083,8.66E-05,0.001093405,0.000109524,0.000001
0.1,260,0.884,0.116,0.015329806,0,0.001306869,0,0.000001
0.1,260,0.98,0.02,0.017229074,1.73E-05,0.002591109,6.93E-05,0.000001
0.1,280,0.02,0.98,0.00010853,0.00019049,0.000265842,0.000277077,0.000001
0.1,280,0.116,0.884,0.000705442,0.000207808,0.000526117,0.000176603,0.000001
0.1,280,0.212,0.788,0.001519414,0.000173173,0.001104125,0.000244904,0.000001
0.1,280,0.308,0.692,0.001492282,0.000207808,0.000485359,0.000403906,0.000001
0.1,280,0.404,0.596,0.002414784,0.000103904,0.001311368,0.000169674,0.000001
0.1,280,0.5,0.5,0.002930299,6.93E-05,0.001171416,0.000129591,0.000001
0.1,280,0.596,0.404,0.003337285,0,0.001220657,0,0.000001
0.1,280,0.692,0.308,0.004015595,1.73E-05,0.000815779,6.93E-05,0.000001
0.1,280,0.788,0.212,0.004205522,0,0.000924096,0,0.000001
0.1,280,0.884,0.116,0.005860598,1.73E-05,0.00236161,6.93E-05,0.000001
0.1,280,0.98,0.02,0.006213319,0,0.001890721,0,0.000001
0.1,300,0.02,0.98,2.71E-05,6.93E-05,0.00010853,0.000129591,0.000001
0.1,300,0.116,0.884,0.000406986,0.000121221,0.000594441,0.000176603,0.000001
0.1,300,0.212,0.788,0.000434118,3.46E-05,0.000316415,0.000138538,0.000001
0.1,300,0.308,0.692,0.000841104,3.46E-05,0.000775056,0.000138538,0.000001
0.1,300,0.404,0.596,0.001193826,3.46E-05,0.000526117,8.48E-05,0.000001
0.1,300,0.5,0.5,0.001166693,1.73E-05,0.000440849,6.93E-05,0.000001
0.1,300,0.596,0.404,0.001627944,8.66E-05,0.001125259,0.000154891,0.000001
0.1,300,0.692,0.308,0.001519414,3.46E-05,0.001230268,8.48E-05,0.000001
0.1,300,0.788,0.212,0.001492282,0,0.00116385,0,0.000001
0.1,300,0.884,0.116,0.00214346,0,0.000898242,0,0.000001
0.1,300,0.98,0.02,0.00271324,0,0.000970718,0,0.000001
0.1,320,0.02,0.98,0,0.000155856,0,0.000129591,0.000001
0.1,320,0.116,0.884,0.000217059,6.93E-05,0.000368042,0.000129591,0.000001
0.1,320,0.212,0.788,0.000271324,8.66E-05,0.00024268,0.000154891,0.000001
0.1,320,0.308,0.692,0.000298456,5.20E-05,0.000359952,8.48E-05,0.000001
0.1,320,0.404,0.596,0.000868237,3.46E-05,0.000368042,8.48E-05,0.000001
0.1,320,0.5,0.5,0.000434118,6.93E-05,0.000265842,0.000201953,0.000001
0.1,320,0.596,0.404,0.00056978,5.20E-05,0.000398763,0.000138538,0.000001
0.1,320,0.692,0.308,0.000651178,0,0.00020304,0,0.000001
0.1,320,0.788,0.212,0.000868237,0,0.001052234,0,0.000001
0.1,320,0.884,0.116,0.001058164,1.73E-05,0.001408796,6.93E-05,0.000001
0.1,320,0.98,0.02,0.00135662,0,0.000707526,0,0.000001
0.1,340,0.02,0.98,2.71E-05,5.20E-05,0.00010853,0.000207808,0.000001
0.1,340,0.116,0.884,8.14E-05,3.46E-05,0.000132921,8.48E-05,0.000001
0.1,340,0.212,0.788,5.43E-05,6.93E-05,0.000132921,0.000201953,0.000001
0.1,340,0.308,0.692,0.00010853,1.73E-05,0.00020304,6.93E-05,0.000001
0.1,340,0.404,0.596,0.000325589,3.46E-05,0.000276697,8.48E-05,0.000001
0.1,340,0.5,0.5,0.000624045,3.46E-05,0.001038147,8.48E-05,0.000001
0.1,340,0.596,0.404,0.000352721,6.93E-05,0.000503231,0.000201953,0.000001
0.1,340,0.692,0.308,0.000298456,1.73E-05,0.000398763,6.93E-05,0.000001
0.1,340,0.788,0.212,0.000651178,1.73E-05,0.000715802,6.93E-05,0.000001
0.1,340,0.884,0.116,0.000515516,0,0.00010853,0,0.000001
0.1,340,0.98,0.02,0.000488383,0,0.000368042,0,0.000001
0.1,360,0.02,0.98,2.71E-05,3.46E-05,0.00010853,8.48E-05,0.000001
0.1,360,0.116,0.884,2.71E-05,3.46E-05,0.00010853,8.48E-05,0.000001
0.1,360,0.212,0.788,0.000135662,3.46E-05,0.000343201,8.48E-05,0.000001
0.1,360,0.308,0.692,5.43E-05,3.46E-05,0.000217059,8.48E-05,0.000001
0.1,360,0.404,0.596,8.14E-05,3.46E-05,0.000132921,8.48E-05,0.000001
0.1,360,0.5,0.5,0.000189927,3.46E-05,0.000217059,8.48E-05,0.000001
0.1,360,0.596,0.404,0.000244192,3.46E-05,0.00020304,0.000138538,0.000001
0.1,360,0.692,0.308,0.000271324,1.73E-05,0.00024268,6.93E-05,0.000001
0.1,360,0.788,0.212,0.000162794,0,0.000265842,0,0.000001
0.1,360,0.884,0.116,0.000298456,0,0.000434118,0,0.000001
0.1,360,0.98,0.02,0.000298456,0,0.000434118,0,0.000001
0.1,380,0.02,0.98,0,0,0,0,0.000001
0.1,380,0.116,0.884,0,0,0,0,0.000001
0.1,380,0.212,0.788,8.14E-05,1.73E-05,0.000217059,6.93E-05,0.000001
0.1,380,0.308,0.692,2.71E-05,0,0.00010853,0,0.000001
0.1,380,0.404,0.596,0.00010853,1.73E-05,0.00020304,6.93E-05,0.000001
0.1,380,0.5,0.5,5.43E-05,0,0.000132921,0,0.000001
0.1,380,0.596,0.404,0.000135662,1.73E-05,0.000343201,6.93E-05,0.000001
0.1,380,0.692,0.308,0.000189927,1.73E-05,0.000325589,6.93E-05,0.000001
0.1,380,0.788,0.212,8.14E-05,0,0.000217059,0,0.000001
0.1,380,0.884,0.116,0.000352721,0,0.000325589,0,0.000001
0.1,380,0.98,0.02,0.000162794,0,0.00020304,0,0.000001
0.1,400,0.02,0.98,0,0,0,0,0.000001
0.1,400,0.116,0.884,0,0,0,0,0.000001
0.1,400,0.212,0.788,2.71E-05,0,0.00010853,0,0.000001
0.1,400,0.308,0.692,5.43E-05,1.73E-05,0.000132921,6.93E-05,0.000001
0.1,400,0.404,0.596,5.43E-05,1.73E-05,0.000132921,6.93E-05,0.000001
0.1,400,0.5,0.5,5.43E-05,3.46E-05,0.000132921,8.48E-05,0.000001
0.1,400,0.596,0.404,5.43E-05,3.46E-05,0.000132921,8.48E-05,0.000001
0.1,400,0.692,0.308,5.43E-05,0,0.000132921,0,0.000001
0.1,400,0.788,0.212,5.43E-05,0,0.000132921,0,0.000001
0.1,400,0.884,0.116,0.00010853,1.73E-05,0.00010853,6.93E-05,0.000001
0.1,400,0.98,0.02,5.43E-05,0,0.000132921,0,0.000001
1000000.095,200,0.02,0.98,347.0137535,1194.861329,4.308845173,2.849365561,10
1000000.095,200,0.116,0.884,944.6625288,784.6363741,5.210495108,2.538594297,10
1000000.095,200,0.212,0.788,1069.967247,687.5776997,5.210136891,2.496147693,10
1000000.095,200,0.308,0.692,1226.929723,573.7873753,3.956645601,6.635651996,10
1000000.095,200,0.404,0.596,1354.478616,476.2557134,2.328095606,2.961373101,10
1000000.095,200,0.5,0.5,1468.591002,388.0505626,7.91386959,4.67083557,10
1000000.095,200,0.596,0.404,1569.740532,312.2264183,6.578061566,5.046813118,10
1000000.095,200,0.692,0.308,1664.331944,237.8083524,5.949736547,4.497256866,10
1000000.095,200,0.788,0.212,1755.918822,164.4598206,3.158183131,4.808399486,10
1000000.095,200,0.884,0.116,1839.107735,92.47899213,9.677113019,1.4072433,10
1000000.095,200,0.98,0.02,1926.278598,16.82596008,18.21521702,0.69363834,10
1000000.095,220,0.02,0.98,263.2658863,1068.481013,3.288709845,4.541997716,10
1000000.095,220,0.116,0.884,821.0975945,696.3254146,3.329742112,1.519303325,10
1000000.095,220,0.212,0.788,1072.243926,524.5901443,2.372901655,3.654060201,10
1000000.095,220,0.308,0.692,1234.187938,413.0960598,4.796198869,4.329689799,10
1000000.095,220,0.404,0.596,1354.56042,328.4085037,5.721867585,2.814109868,10
1000000.095,220,0.5,0.5,1453.843322,260.8497353,5.090207979,1.781168623,10
1000000.095,220,0.596,0.404,1541.261687,202.1531492,9.135223735,3.531701007,10
1000000.095,220,0.692,0.308,1613.333235,149.9588298,9.226232409,1.845071842,10
1000000.095,220,0.788,0.212,1687.070386,100.838886,8.815163699,0.988680154,10
1000000.095,220,0.884,0.116,1753.142282,54.96694102,5.695088272,0.997227559,10
1000000.095,220,0.98,0.02,1811.838263,9.52385911,18.27201468,0.225449978,10
1000000.095,240,0.02,0.98,199.5544548,880.2130336,2.088610568,3.857349881,10
1000000.095,240,0.116,0.884,699.6025095,580.8216815,1.237448534,1.659966347,10
1000000.095,240,0.212,0.788,937.2697911,429.4784717,4.071888384,2.314403909,10
1000000.095,240,0.308,0.692,1086.735151,331.642389,2.151544569,3.029018158,10
1000000.095,240,0.404,0.596,1196.077661,260.4159022,2.161780359,2.465313064,10
1000000.095,240,0.5,0.5,1281.276217,202.1572361,4.557149277,3.268367315,10
1000000.095,240,0.596,0.404,1353.373513,154.4306945,5.592438449,2.608038231,10
1000000.095,240,0.692,0.308,1410.017063,111.7413064,5.999891808,1.378649156,10
1000000.095,240,0.788,0.212,1464.573155,74.43545241,6.940083126,0.35618778,10
1000000.095,240,0.884,0.116,1513.525999,39.47694168,3.746208242,0.817863616,10
1000000.095,240,0.98,0.02,1557.577566,6.629323708,11.31125323,0.119089325,10
1000000.095,260,0.02,0.98,144.7034338,689.2145832,1.345236964,1.785047742,10
1000000.095,260,0.116,0.884,571.3416895,480.7082174,2.10858834,2.010340602,10
1000000.095,260,0.212,0.788,803.5947551,358.6516684,1.634162715,0.565888975,10
1000000.095,260,0.308,0.692,953.9065643,274.6618611,0.487418808,0.803558122,10
1000000.095,260,0.404,0.596,1060.858575,212.5452287,0.521795657,1.574131208,10
1000000.095,260,0.5,0.5,1142.807754,163.0959271,1.726150549,1.132542532,10
1000000.095,260,0.596,0.404,1210.203195,122.1159993,2.57631049,0.937627514,10
1000000.095,260,0.692,0.308,1264.461536,87.34345906,1.619909898,0.219091286,10
1000000.095,260,0.788,0.212,1311.741777,56.95266431,2.359372118,0.588794513,10
1000000.095,260,0.884,0.116,1353.540133,29.62268573,2.392199953,0.209028011,10
1000000.095,260,0.98,0.02,1389.242599,4.884865095,3.129592348,0.060833991,10
1000000.095,280,0.02,0.98,100.5766293,522.6417744,0.864675492,1.678705849,10
1000000.095,280,0.116,0.884,437.3085058,392.8593528,0.566129987,1.5252118,10
1000000.095,280,0.212,0.788,655.9082226,303.1026408,1.413998868,2.106232552,10
1000000.095,280,0.308,0.692,809.1659592,235.8287595,1.010543235,1.06005976,10
1000000.095,280,0.404,0.596,921.4612073,183.4369881,1.334009976,0.993402732,10
1000000.095,280,0.5,0.5,1008.756961,140.7771779,2.550225637,0.497983597,10
1000000.095,280,0.596,0.404,1079.852068,105.5270958,2.229967937,0.637851974,10
1000000.095,280,0.692,0.308,1136.737748,75.1671085,0.99291443,0.783889523,10
1000000.095,280,0.788,0.212,1186.659083,48.77896612,1.423492111,0.149861887,10
1000000.095,280,0.884,0.116,1230.202595,25.20644419,2.122910983,0.136113366,10
1000000.095,280,0.98,0.02,1267.159908,4.178821297,2.44313557,0.025313231,10
1000000.095,300,0.02,0.98,69.69447825,393.5603919,0.457935563,1.838993493,10
1000000.095,300,0.116,0.884,319.3293728,311.4053183,1.221167738,1.269127371,10
1000000.095,300,0.212,0.788,504.8908624,251.545044,0.970629302,0.964814535,10
1000000.095,300,0.308,0.692,650.2934439,201.8546336,1.374160437,0.307642719,10
1000000.095,300,0.404,0.596,765.2715708,159.8413822,1.514319773,1.093457972,10
1000000.095,300,0.5,0.5,857.9986341,124.0588103,3.162579971,0.624623927,10
1000000.095,300,0.596,0.404,932.8113139,93.79995607,1.397226403,0.407354216,10
1000000.095,300,0.692,0.308,998.9657195,67.03639186,1.210721317,0.430448452,10
1000000.095,300,0.788,0.212,1051.822184,43.7017231,1.45238384,0.437589906,10
1000000.095,300,0.884,0.116,1098.768153,22.63368162,1.783235005,0.105759122,10
1000000.095,300,0.98,0.02,1139.97117,3.738372988,2.94137922,0.045471296,10
1000000.095,320,0.02,0.98,49.42768849,301.9942468,0.563624264,0.746821221,10
1000000.095,320,0.116,0.884,231.925252,244.7782729,0.978034674,1.382590546,10
1000000.095,320,0.212,0.788,376.9646934,203.2800035,1.79717188,0.986793033,10
1000000.095,320,0.308,0.692,500.4988324,167.72389,2.308717172,0.600249161,10
1000000.095,320,0.404,0.596,605.6507982,135.803198,1.024280468,0.833981297,10
1000000.095,320,0.5,0.5,696.2491349,107.6372785,1.766243076,0.218602341,10
1000000.095,320,0.596,0.404,773.3120402,82.2593757,1.777526688,0.185959057,10
1000000.095,320,0.692,0.308,841.5301361,59.76040539,1.861318936,0.184954857,10
1000000.095,320,0.788,0.212,900.706577,39.05074551,1.653821624,0.263699671,10
1000000.095,320,0.884,0.116,952.3970804,20.5177322,2.209114333,0.147823955,10
1000000.095,320,0.98,0.02,998.0823157,3.371609808,1.779957183,0.032055148,10
1000000.095,340,0.02,0.98,36.17847672,237.3635575,0.135083494,0.582225607,10
1000000.095,340,0.116,0.884,172.4982705,195.1062707,0.751915091,1.149458316,10
1000000.095,340,0.212,0.788,283.2227155,163.8354452,1.954200842,1.081103623,10
1000000.095,340,0.308,0.692,380.7546826,137.3869001,0.888647525,1.06046753,10
1000000.095,340,0.404,0.596,468.2433479,113.1316608,1.384269373,0.195753554,10
1000000.095,340,0.5,0.5,547.5108963,91.2678372,1.978001574,0.289378468,10
1000000.095,340,0.596,0.404,619.6529611,70.81293219,2.678657073,0.247089847,10
1000000.095,340,0.692,0.308,684.0177137,51.88149966,0.74509693,0.262284741,10
1000000.095,340,0.788,0.212,742.5414848,34.44011724,1.705184738,0.090114924,10
1000000.095,340,0.884,0.116,795.5383318,18.23252345,1.914647308,0.083019596,10
1000000.095,340,0.98,0.02,843.2148139,3.037836092,2.25128748,0.010631527,10
1000000.095,360,0.02,0.98,26.8169579,192.0812321,0.26018533,0.683892249,10
1000000.095,360,0.116,0.884,131.0926828,158.6602209,0.39004194,0.436892984,10
1000000.095,360,0.212,0.788,216.6373117,133.9754605,0.922609926,0.622509387,10
1000000.095,360,0.308,0.692,293.3470889,113.3146181,1.064471527,0.640567842,10
1000000.095,360,0.404,0.596,363.8008402,94.16041575,1.915143651,0.424946936,10
1000000.095,360,0.5,0.5,429.1387233,76.53323597,1.053586795,0.252408278,10
1000000.095,360,0.596,0.404,490.4175725,59.99036187,0.499586708,0.324908407,10
1000000.095,360,0.692,0.308,546.7137735,44.43698119,1.717477525,0.11929976,10
1000000.095,360,0.788,0.212,599.8524688,29.78063685,2.500240832,0.14584429,10
1000000.095,360,0.884,0.116,648.5959596,15.91304376,2.338839044,0.084218876,10
1000000.095,360,0.98,0.02,694.4168569,2.671730969,1.573574156,0.020426022,10
1000000.095,380,0.02,0.98,20.26830917,158.5036205,0.305617157,0.942459303,10
1000000.095,380,0.116,0.884,101.9184621,132.0009068,0.466104313,0.576573609,10
1000000.095,380,0.212,0.788,169.2715499,111.5752161,0.797911953,0.351126707,10
1000000.095,380,0.308,0.692,230.8754452,94.53474659,0.948617674,0.464042219,10
1000000.095,380,0.404,0.596,287.034899,78.9918602,1.29409426,0.346583563,10
1000000.095,380,0.5,0.5,340.6847958,64.50280102,2.2040239,0.236439284,10
1000000.095,380,0.596,0.404,390.7332193,50.89891584,1.466653482,0.21551693,10
1000000.095,380,0.692,0.308,438.5424059,37.98550619,1.176571788,0.180792388,10
1000000.095,380,0.788,0.212,482.9349723,25.58437703,2.045049979,0.116904172,10
1000000.095,380,0.884,0.116,526.7736579,13.72536607,1.387820148,0.071549215,10
1000000.095,380,0.98,0.02,566.8654948,2.328398101,3.230937293,0.016188855,10
1000000.095,400,0.02,0.98,15.50744135,133.2371372,0.14326581,0.3008747,10
1000000.095,400,0.116,0.884,80.11364512,112.1987776,0.605395626,0.433863264,10
1000000.095,400,0.212,0.788,135.6288401,95.05312277,0.782544238,0.535567307,10
1000000.095,400,0.308,0.692,184.6169566,80.44365638,1.116613316,0.100904612,10
1000000.095,400,0.404,0.596,230.5139602,67.25949069,0.99554557,0.265516472,10
1000000.095,400,0.5,0.5,274.0070062,55.07437758,1.069787683,0.125056232,10
1000000.095,400,0.596,0.404,315.6396107,43.51653185,1.062355804,0.178772178,10
1000000.095,400,0.692,0.308,354.9892951,32.63570612,0.923135764,0.086133046,10
1000000.095,400,0.788,0.212,392.7634011,22.02873624,1.227744314,0.092794963,10
1000000.095,400,0.884,0.116,429.5526824,11.86373858,1.928826827,0.046085377,10
1000000.095,400,0.98,0.02,464.1386229,2.016894438,1.074947949,0.025181432,10
2000000.09,200,0.02,0.98,310.3851502,1284.247589,4.479317197,3.310116669,20
2000000.09,200,0.116,0.884,622.175813,1060.654388,3.144250352,2.693140423,20
2000000.09,200,0.212,0.788,838.376266,903.9509704,11.06209008,8.680137585,20
2000000.09,200,0.308,0.692,1004.24175,780.4689476,8.382884149,5.064861415,20
2000000.09,200,0.404,0.596,1148.340186,671.0040181,4.686293598,3.459149807,20
2000000.09,200,0.5,0.5,1276.216648,576.5009795,4.307532206,2.036461455,20
2000000.09,200,0.596,0.404,1399.889597,478.4167397,4.903219485,2.668673893,20
2000000.09,200,0.692,0.308,1518.108146,380.1290909,7.821226558,5.310532897,20
2000000.09,200,0.788,0.212,1636.922903,279.4406404,7.645530678,4.876311816,20
2000000.09,200,0.884,0.116,1680.010129,253.8287288,7.620464288,4.342478364,20
2000000.09,200,0.98,0.02,1899.99018,54.10078143,11.03757915,1.904987747,20
2000000.09,220,0.02,0.98,248.4839924,1207.380908,2.986719316,3.364752333,20
2000000.09,220,0.116,0.884,795.3144895,827.021324,2.580631954,3.767001181,20
2000000.09,220,0.212,0.788,1059.44807,640.4711349,3.469275312,3.13968452,20
2000000.09,220,0.308,0.692,1234.80056,512.3792804,2.864121249,5.408102942,20
2000000.09,220,0.404,0.596,1244.245972,486.2507417,5.731321448,5.372203622,20
2000000.09,220,0.5,0.5,1349.148917,404.642462,2.055013689,3.762874899,20
2000000.09,220,0.596,0.404,1448.579311,324.872518,3.261459572,2.800267661,20
2000000.09,220,0.692,0.308,1546.109107,248.3318183,5.650831365,3.363092213,20
2000000.09,220,0.788,0.212,1636.943876,174.0669586,7.25397728,1.416189368,20
2000000.09,220,0.884,0.116,1725.674717,98.3103691,5.855775914,1.982815314,20
2000000.09,220,0.98,0.02,1819.189814,17.82679634,7.434883878,0.251543015,20
2000000.09,240,0.02,0.98,198.1415622,1071.732977,2.646938441,1.800547546,20
2000000.09,240,0.116,0.884,700.021081,731.9109329,4.896191178,2.745534387,20
2000000.09,240,0.212,0.788,947.9929494,558.6751529,2.421189414,4.619308063,20
2000000.09,240,0.308,0.692,1114.829746,441.991817,3.940676379,4.11006848,20
2000000.09,240,0.404,0.596,1239.177179,352.6838657,2.903863746,1.503644132,20
2000000.09,240,0.5,0.5,1341.322441,279.1440816,4.027671563,0.65367923,20
2000000.09,240,0.596,0.404,1425.192865,217.4534548,5.344491718,2.834984104,20
2000000.09,240,0.692,0.308,1499.020178,162.175547,5.488290929,0.707599895,20
2000000.09,240,0.788,0.212,1561.202644,109.671092,2.41741458,1.138180141,20
2000000.09,240,0.884,0.116,1625.248428,59.82790824,14.83663418,0.779509956,20
2000000.09,240,0.98,0.02,1685.660451,10.38574133,14.02471329,0.209470458,20
2000000.09,260,0.02,0.98,157.8652521,909.8555996,0.379386935,1.547643284,20
2000000.09,260,0.116,0.884,606.7040236,630.5683039,1.898051668,1.576684715,20
2000000.09,260,0.212,0.788,845.3792196,475.4716898,3.823776557,5.077788969,20
2000000.09,260,0.308,0.692,1002.827745,369.6458705,2.061495945,2.1287449,20
2000000.09,260,0.404,0.596,1116.86199,290.2955075,1.846940406,2.455864481,20
2000000.09,260,0.5,0.5,1208.777279,226.0058998,3.258680798,2.0120706,20
2000000.09,260,0.596,0.404,1284.735706,171.8661025,3.905339546,0.784881679,20
2000000.09,260,0.692,0.308,1345.943224,124.6374853,2.142131889,1.168549415,20
2000000.09,260,0.788,0.212,1403.191745,82.72519385,3.068864538,1.03702794,20
2000000.09,260,0.884,0.116,1452.644884,43.45877864,4.108968264,0.410001638,20
2000000.09,260,0.98,0.02,1499.879569,7.360408328,6.010083701,0.10977087,20
2000000.09,280,0.02,0.98,121.9154744,751.5251867,0.586504309,3.335377298,20
2000000.09,280,0.116,0.884,510.6080117,540.7937378,2.401564603,2.393966491,20
2000000.09,280,0.212,0.788,740.1626788,410.2239156,2.080015566,1.463425274,20
2000000.09,280,0.308,0.692,894.0962021,318.2127158,3.469088019,1.250852311,20
2000000.09,280,0.404,0.596,1008.084756,247.7874488,0.966327381,0.850870482,20
2000000.09,280,0.5,0.5,1097.51857,191.2254629,1.50917732,1.352257048,20
2000000.09,280,0.596,0.404,1169.62558,144.1740883,0.96932744,0.421469168,20
2000000.09,280,0.692,0.308,1230.678498,103.5766651,1.557558998,1.219661671,20
2000000.09,280,0.788,0.212,1284.864721,67.64015966,2.274978702,0.376950308,20
2000000.09,280,0.884,0.116,1329.249961,35.13377917,2.574704854,0.18480538,20
2000000.09,280,0.98,0.02,1371.359906,5.850581867,3.306359588,0.062575392,20
2000000.09,300,0.02,0.98,92.42269213,609.4037011,0.466763432,1.547061693,20
2000000.09,300,0.116,0.884,414.2150084,459.5293971,2.264353369,1.266335035,20
2000000.09,300,0.212,0.788,627.2648472,357.5890613,0.651167496,1.212426943,20
2000000.09,300,0.308,0.692,779.2009918,280.181059,1.448124566,1.493943472,20
2000000.09,300,0.404,0.596,894.4355741,219.5987917,0.404404833,0.626979456,20
2000000.09,300,0.5,0.5,985.9218729,169.5823657,1.814787101,0.819746906,20
2000000.09,300,0.596,0.404,1061.068308,127.2450383,3.233547662,0.56795853,20
2000000.09,300,0.692,0.308,1124.026056,91.16602878,1.4560863,0.644010903,20
2000000.09,300,0.788,0.212,1177.985371,59.19073536,1.890325559,0.30307236,20
2000000.09,300,0.884,0.116,1224.633589,30.81150132,2.208299958,0.070891095,20
2000000.09,300,0.98,0.02,1265.032321,5.080152332,2.363806056,0.041715168,20
2000000.09,320,0.02,0.98,69.32439232,490.181129,0.406695003,0.795378628,20
2000000.09,320,0.116,0.884,326.4573525,385.7560198,0.347408418,0.64762378,20
2000000.09,320,0.212,0.788,513.5427062,308.725656,0.969921856,0.935736685,20
2000000.09,320,0.308,0.692,658.2886565,246.8881266,0.732865712,0.36800274,20
2000000.09,320,0.404,0.596,773.456466,195.6250971,1.369017759,0.304115012,20
2000000.09,320,0.5,0.5,866.9340115,152.2829332,0.970095748,0.583673181,20
2000000.09,320,0.596,0.404,943.8353976,115.0597867,2.291868574,0.564961486,20
2000000.09,320,0.692,0.308,1009.991811,82.72929806,2.024423586,0.500411161,20
2000000.09,320,0.788,0.212,1066.711739,53.91893242,1.38554884,0.252072537,20
2000000.09,320,0.884,0.116,1117.306202,28.03011719,0.743076724,0.119887754,20
2000000.09,320,0.98,0.02,1160.135752,4.624049181,1.952768035,0.044918216,20
2000000.09,340,0.02,0.98,52.30469957,396.1971246,0.433443982,0.580588553,20
2000000.09,340,0.116,0.884,253.9510352,321.1137106,0.569068542,1.325238866,20
2000000.09,340,0.212,0.788,411.6893619,263.1743409,0.656924512,0.629268397,20
2000000.09,340,0.308,0.692,541.7824329,214.4590332,1.572583636,0.605902689,20
2000000.09,340,0.404,0.596,649.6958257,172.8793379,0.477412851,0.490353679,20
2000000.09,340,0.5,0.5,741.6407705,136.4923574,2.48257615,0.259685121,20
2000000.09,340,0.596,0.404,820.6039476,104.0284216,0.781394763,0.308859658,20
2000000.09,340,0.692,0.308,887.6430322,75.07633119,1.673143128,0.297800725,20
2000000.09,340,0.788,0.212,947.3960638,49.27006755,1.477087406,0.153172273,20
2000000.09,340,0.884,0.116,1000.479653,25.76586238,1.665626092,0.071195529,20
2000000.09,340,0.98,0.02,1047.252002,4.262256067,1.378824031,0.021847713,20
2000000.09,360,0.02,0.98,39.85258343,325.247022,0.203236514,1.755316312,20
2000000.09,360,0.116,0.884,198.7865536,268.1600447,1.141735182,0.837232439,20
2000000.09,360,0.212,0.788,328.453456,223.8061173,0.951450684,0.977678835,20
2000000.09,360,0.308,0.692,439.0451964,185.3632784,1.703934001,0.640409216,20
2000000.09,360,0.404,0.596,536.6260018,151.1350904,1.142180212,0.171926647,20
2000000.09,360,0.5,0.5,621.0437408,120.7166052,1.269099363,0.521994369,20
2000000.09,360,0.596,0.404,697.0443041,92.91718918,1.652761107,0.260937361,20
2000000.09,360,0.692,0.308,763.9898091,67.82538554,1.400328167,0.109916463,20
2000000.09,360,0.788,0.212,824.2484529,44.81439451,1.705636676,0.224492765,20
2000000.09,360,0.884,0.116,877.5119029,23.51733168,1.707084195,0.055136403,20
2000000.09,360,0.98,0.02,925.9330879,3.916273651,2.692346565,0.041896367,20
2000000.09,380,0.02,0.98,30.9627885,270.342735,0.236843647,0.691792499,20
2000000.09,380,0.116,0.884,157.2141288,225.7320613,0.436083365,0.401813215,20
2000000.09,380,0.212,0.788,262.7036758,190.3888813,0.431160429,0.712965272,20
2000000.09,380,0.308,0.692,355.950189,159.450548,0.844253634,0.395118219,20
2000000.09,380,0.404,0.596,439.9068671,131.5428815,1.625473159,0.290667583,20
2000000.09,380,0.5,0.5,515.8546851,105.9764452,1.52136087,0.440606353,20
2000000.09,380,0.596,0.404,584.4917595,82.42227957,0.582465353,0.165676833,20
2000000.09,380,0.692,0.308,646.5689794,60.59747191,2.268912974,0.282221147,20
2000000.09,380,0.788,0.212,704.7645841,40.32192221,1.474039931,0.074736043,20
2000000.09,380,0.884,0.116,757.2237484,21.35389822,0.138259527,0.116979197,20
2000000.09,380,0.98,0.02,806.1357314,3.575555696,2.314363235,0.03102681,20
2000000.09,400,0.02,0.98,24.27397379,227.4309754,0.245180069,0.796260863,20
2000000.09,400,0.116,0.884,125.7594299,192.4166336,0.565388306,0.794183476,20
2000000.09,400,0.212,0.788,213.0178768,163.5894702,0.963791867,0.743281175,20
2000000.09,400,0.308,0.692,290.6907456,137.7001008,1.079911502,0.37457611,20
2000000.09,400,0.404,0.596,362.3994517,114.4003264,1.190732719,0.391021757,20
2000000.09,400,0.5,0.5,428.1778294,92.90944835,1.433366726,0.462924226,20
2000000.09,400,0.596,0.404,488.8289434,72.8284066,0.812739782,0.171572891,20
2000000.09,400,0.692,0.308,545.4205349,53.83520326,1.501790754,0.220392058,20
2000000.09,400,0.788,0.212,598.5975953,36.05805563,2.339341059,0.146177027,20
2000000.09,400,0.884,0.116,647.3573927,19.24087543,1.084989838,0.131019412,20
2000000.09,400,0.98,0.02,693.8178549,3.228776685,1.067884074,0.016730201,20
3000000.085,200,0.02,0.98,279.7479234,1333.747319,10.37376418,7.79848539,30
3000000.085,200,0.116,0.884,507.3049134,1167.74463,1.055354028,4.718134313,30
3000000.085,200,0.212,0.788,718.7021449,1012.422129,5.956756095,5.17556678,30
3000000.085,200,0.308,0.692,881.390615,890.7282044,2.401861683,3.768475462,30
3000000.085,200,0.404,0.596,941.1398209,856.1913354,1.534950796,3.534432727,30
3000000.085,200,0.5,0.5,1076.182737,753.7066995,3.541757963,3.307428529,30
3000000.085,200,0.596,0.404,1206.989607,651.2981384,5.270395416,3.756181345,30
3000000.085,200,0.692,0.308,1348.093684,540.8098256,2.668528256,4.389630305,30
3000000.085,200,0.788,0.212,1501.547371,410.1217089,3.714565952,6.102299725,30
3000000.085,200,0.884,0.116,1685.834886,254.8415141,5.591615239,3.791333181,30
3000000.085,200,0.98,0.02,1897.067559,54.33650457,8.456045961,1.282468522,30
3000000.085,220,0.02,0.98,231.7966444,1268.704893,4.261755239,2.212695191,30
3000000.085,220,0.116,0.884,760.393084,897.4752512,4.63114721,5.389619947,30
3000000.085,220,0.212,0.788,1025.031463,709.2476214,4.858582799,6.289217717,30
3000000.085,220,0.308,0.692,1014.920628,700.3185424,1.733337339,3.008179335,30
3000000.085,220,0.404,0.596,1130.159525,605.8515931,5.553094495,5.445167546,30
3000000.085,220,0.5,0.5,1247.380307,513.1741273,4.002406415,6.179331222,30
3000000.085,220,0.596,0.404,1356.87731,423.1312123,7.440773942,4.627507135,30
3000000.085,220,0.692,0.308,1320.780013,479.6517233,5.937042961,5.601330283,30
3000000.085,220,0.788,0.212,1460.945417,355.2245739,10.01601568,4.979636237,30
3000000.085,220,0.884,0.116,1618.572637,215.4875079,6.899228525,3.343698043,30
3000000.085,220,0.98,0.02,1799.670223,43.45659666,16.33461965,0.860187374,30
3000000.085,240,0.02,0.98,188.5812443,1160.388516,1.655432881,3.298269571,30
3000000.085,240,0.116,0.884,679.0798612,817.2539143,3.890687036,3.077075321,30
3000000.085,240,0.212,0.788,933.164008,637.525271,1.016345857,2.431198047,30
3000000.085,240,0.308,0.692,1104.959468,512.6442178,2.465611577,6.193627222,30
3000000.085,240,0.404,0.596,1237.900138,414.2045404,2.887377559,1.165055798,30
3000000.085,240,0.5,0.5,1346.580239,332.282679,6.608128006,1.310358659,30
3000000.085,240,0.596,0.404,1372.619202,291.5564497,4.859708757,4.096426735,30
3000000.085,240,0.692,0.308,1451.855358,224.0992646,9.822585081,1.963625545,30
3000000.085,240,0.788,0.212,1531.792806,154.7586323,8.357700727,1.280774269,30
3000000.085,240,0.884,0.116,1606.18922,87.23053292,6.53087319,0.995994696,30
3000000.085,240,0.98,0.02,1690.646084,16.38329515,12.3485376,0.091625788,30
3000000.085,260,0.02,0.98,154.9984157,1022.525616,3.143184798,4.727605645,30
3000000.085,260,0.116,0.884,602.5509487,722.4269209,2.150146093,2.520667584,30
3000000.085,260,0.212,0.788,845.4398605,552.8581493,2.733914574,2.975318379,30
3000000.085,260,0.308,0.692,1009.400677,436.2836527,2.261304092,2.23086568,30
3000000.085,260,0.404,0.596,1132.117399,346.6394686,1.657635599,2.371530019,30
3000000.085,260,0.5,0.5,1229.98049,274.1210937,2.770441653,2.902124591,30
3000000.085,260,0.596,0.404,1313.759505,212.0964681,2.988878678,1.329687594,30
3000000.085,260,0.692,0.308,1385.090989,155.9872604,7.071810579,1.012284521,30
3000000.085,260,0.788,0.212,1448.641526,104.3998778,4.953948387,1.900381354,30
3000000.085,260,0.884,0.116,1507.863657,56.18457261,3.399161984,0.615087288,30
3000000.085,260,0.98,0.02,1561.921164,9.629910279,6.641840594,0.191468382,30
3000000.085,280,0.02,0.98,126.3995917,875.5138619,0.474975183,2.919366296,30
3000000.085,280,0.116,0.884,524.9113443,630.2529385,1.127913716,1.627887941,30
3000000.085,280,0.212,0.788,758.2070809,480.3211237,2.065987157,3.444970671,30
3000000.085,280,0.308,0.692,915.9938661,377.1770101,1.700684571,2.269590658,30
3000000.085,280,0.404,0.596,1033.875757,296.6437887,1.223931351,1.165381164,30
3000000.085,280,0.5,0.5,1128.573066,231.5962199,1.510377385,2.463807833,30
3000000.085,280,0.596,0.404,1205.919207,175.4000274,1.321121096,1.755456662,30
3000000.085,280,0.692,0.308,1271.187441,126.7040458,2.150853245,0.298663665,30
3000000.085,280,0.788,0.212,1329.955621,84.06323266,2.376468786,0.906041272,30
3000000.085,280,0.884,0.116,1379.102055,44.0002561,2.948769937,0.526699716,30
3000000.085,280,0.98,0.02,1424.66476,7.336493132,3.565211975,0.07597221,30
3000000.085,300,0.02,0.98,100.9029506,739.3264622,0.234456963,2.244056069,30
3000000.085,300,0.116,0.884,445.4904436,549.2030206,1.856788713,1.489944995,30
3000000.085,300,0.212,0.788,665.3733058,425.2609463,1.092541751,1.810409432,30
3000000.085,300,0.308,0.692,820.8369064,332.7878247,1.896573027,1.933254687,30
3000000.085,300,0.404,0.596,939.0551573,260.782371,1.905396839,1.397687763,30
3000000.085,300,0.5,0.5,1033.124705,202.1832987,1.969216441,0.841434078,30
3000000.085,300,0.596,0.404,1108.910569,152.8849347,1.507335025,1.063838537,30
3000000.085,300,0.692,0.308,1174.081914,109.6547617,1.290310945,0.345110234,30
3000000.085,300,0.788,0.212,1231.772992,71.85481046,3.008892425,0.308809564,30
3000000.085,300,0.884,0.116,1279.25507,37.48664662,1.43235906,0.243647478,30
3000000.085,300,0.98,0.02,1325.367532,6.213846952,3.038489308,0.089408796,30
3000000.085,320,0.02,0.98,79.59989314,617.0120413,0.677956962,1.203023054,30
3000000.085,320,0.116,0.884,368.5583707,475.718877,1.741135656,1.816262245,30
3000000.085,320,0.212,0.788,570.8885242,375.3067413,0.507459797,1.060150618,30
3000000.085,320,0.308,0.692,720.1564957,297.3092061,1.988192177,0.892174809,30
3000000.085,320,0.404,0.596,838.0737126,234.1805851,1.330459313,1.729103973,30
3000000.085,320,0.5,0.5,930.8215323,182.0879528,1.024708076,1.420596868,30
3000000.085,320,0.596,0.404,1010.406937,137.6078689,2.200672154,0.678717926,30
3000000.085,320,0.692,0.308,1077.578509,98.83833906,1.858457988,0.429214009,30
3000000.085,320,0.788,0.212,1135.298564,64.61733767,1.842352291,0.396005439,30
3000000.085,320,0.884,0.116,1185.955025,33.64090635,0.663827145,0.201611459,30
3000000.085,320,0.98,0.02,1231.201258,5.558923834,1.690534936,0.058420114,30
3000000.085,340,0.02,0.98,62.15248525,512.7705302,0.248205693,1.124042311,30
3000000.085,340,0.116,0.884,299.9080828,408.6601804,1.158065256,1.757925717,30
3000000.085,340,0.212,0.788,478.1189714,329.4514729,0.846630793,0.603294432,30
3000000.085,340,0.308,0.692,618.4901751,264.8623105,2.005008133,0.926911308,30
3000000.085,340,0.404,0.596,732.26498,211.7829729,0.683813882,0.363596459,30
3000000.085,340,0.5,0.5,827.1063628,165.4912739,2.544205305,0.601233983,30
3000000.085,340,0.596,0.404,906.7992386,125.6531971,1.660798981,0.592349124,30
3000000.085,340,0.692,0.308,976.2176718,90.50435191,1.563933825,0.239245773,30
3000000.085,340,0.788,0.212,1035.869228,59.2201055,1.765788417,0.129560962,30
3000000.085,340,0.884,0.116,1087.55908,30.95885426,1.691377245,0.112149427,30
3000000.085,340,0.98,0.02,1135.812859,5.136156493,1.960633209,0.044065975,30
3000000.085,360,0.02,0.98,48.61406924,429.0403093,0.409459997,0.779929541,30
3000000.085,360,0.116,0.884,242.4642084,349.685184,0.767259769,1.222611609,30
3000000.085,360,0.212,0.788,396.0923565,287.7992181,0.994543788,1.206588706,30
3000000.085,360,0.308,0.692,522.6416105,234.9029418,1.314287382,0.936809014,30
3000000.085,360,0.404,0.596,629.7629815,189.6239067,1.282178844,0.823800742,30
3000000.085,360,0.5,0.5,721.0572371,149.9270526,0.625690972,0.252265094,30
3000000.085,360,0.596,0.404,799.8243013,114.6978897,0.753407434,0.765700078,30
3000000.085,360,0.692,0.308,868.8355857,83.24590787,1.937968735,0.366240916,30
3000000.085,360,0.788,0.212,929.9792883,54.75781726,2.581652521,0.114915854,30
3000000.085,360,0.884,0.116,984.1286655,28.6844342,2.34687289,0.166294729,30
3000000.085,360,0.98,0.02,1033.135368,4.747486923,1.410587538,0.047551765,30
3000000.085,380,0.02,0.98,38.54306531,361.4767095,0.160172827,1.327923799,30
3000000.085,380,0.116,0.884,196.2601202,300.1079768,0.974609414,0.900647713,30
3000000.085,380,0.212,0.788,326.1616365,250.3604712,0.983166535,0.940416528,30
3000000.085,380,0.308,0.692,437.4826687,207.2457874,0.965811781,0.743091166,30
3000000.085,380,0.404,0.596,534.2997242,169.2935304,0.939516363,0.478780506,30
3000000.085,380,0.5,0.5,619.5778044,135.0977949,0.94626652,0.514147232,30
3000000.085,380,0.596,0.404,695.4167672,104.1982698,1.029363485,0.1584416,30
3000000.085,380,0.692,0.308,763.4730726,76.0424809,2.486442145,0.223197291,30
3000000.085,380,0.788,0.212,823.7587402,50.22987912,1.685122865,0.125802222,30
3000000.085,380,0.884,0.116,878.8824147,26.43604204,2.015570141,0.03823394,30
3000000.085,380,0.98,0.02,928.5545389,4.409643641,2.502875043,0.018574486,30
3000000.085,400,0.02,0.98,30.93405529,308.0644467,0.249455933,1.053515825,30
3000000.085,400,0.116,0.884,159.9580012,259.4880584,0.677034739,0.787524214,30
3000000.085,400,0.212,0.788,269.4534299,218.5660743,1.742261929,0.653946831,30
3000000.085,400,0.308,0.692,366.0422205,182.6062597,1.173846159,0.382767666,30
3000000.085,400,0.404,0.596,452.4942925,150.2702469,1.076464793,0.774874228,30
3000000.085,400,0.5,0.5,529.7235737,121.0414432,1.654062083,0.527231072,30
3000000.085,400,0.596,0.404,598.5917347,94.10839457,2.749463627,0.361586159,30
3000000.085,400,0.692,0.308,663.6275258,69.04282665,2.287928072,0.205842848,30
3000000.085,400,0.788,0.212,721.1515222,45.99926176,1.790475516,0.102084295,30
3000000.085,400,0.884,0.116,774.9099215,24.35083084,1.282485187,0.089765888,30
3000000.085,400,0.98,0.02,824.5404518,4.061080947,2.423557035,0.021343744,30
4000000.08,200,0.02,0.98,115.0533108,1465.694975,5.916395735,6.882968175,40
4000000.08,200,0.116,0.884,438.037689,1232.883894,8.956902625,6.756856285,40
4000000.08,200,0.212,0.788,638.7499646,1085.838493,3.835985679,2.94613745,40
4000000.08,200,0.308,0.692,797.3619546,967.1345911,6.47194835,6.648301891,40
4000000.08,200,0.404,0.596,938.0990115,859.5504421,8.631980405,5.219660401,40
4000000.08,200,0.5,0.5,1073.260198,758.3590797,4.167635773,4.960689321,40
4000000.08,200,0.596,0.404,1206.721078,653.4001474,6.748204794,6.257857634,40
4000000.08,200,0.692,0.308,1348.064082,540.3159014,2.618118364,7.279298694,40
4000000.08,200,0.788,0.212,1502.119294,412.1647525,5.870959936,1.949271973,40
4000000.08,200,0.884,0.116,1683.013523,255.9002074,7.306129911,3.247852843,40
4000000.08,200,0.98,0.02,1909.467744,55.46616426,9.053785954,0.914008448,40
4000000.08,220,0.02,0.98,210.3983522,1311.926407,3.885772674,3.79697876,40
4000000.08,220,0.116,0.884,718.105829,951.4850128,5.101508872,3.457862797,40
4000000.08,220,0.212,0.788,974.1371866,768.6606936,3.416930144,4.087187745,40
4000000.08,220,0.308,0.692,918.6499923,791.6991499,4.961389018,4.589698526,40
4000000.08,220,0.404,0.596,939.3024691,795.6917928,3.472410732,2.563813783,40
4000000.08,220,0.5,0.5,1064.669917,693.6369897,2.965078462,3.427379807,40
4000000.08,220,0.596,0.404,1193.356336,592.4349945,2.606193766,5.651956018,40
4000000.08,220,0.692,0.308,1319.546004,482.7353463,2.770776457,0.696378252,40
4000000.08,220,0.788,0.212,1464.242465,360.0141419,7.039018032,3.023181177,40
4000000.08,220,0.884,0.116,1619.568477,216.9439451,4.233408535,1.49346423,40
4000000.08,220,0.98,0.02,1801.417984,44.04961042,10.61208707,0.942168323,40
4000000.08,240,0.02,0.98,177.2137458,1215.398664,2.392252064,1.341287008,40
4000000.08,240,0.116,0.884,656.0379154,878.9330943,4.029128293,4.890035891,40
4000000.08,240,0.212,0.788,908.5483287,694.6178591,2.563496097,4.154247044,40
4000000.08,240,0.308,0.692,1083.862183,567.0610747,3.632786281,4.020390881,40
4000000.08,240,0.404,0.596,1219.540729,465.3362181,3.829280627,2.207892043,40
4000000.08,240,0.5,0.5,1234.506228,429.7468553,3.176555245,2.186572317,40
4000000.08,240,0.596,0.404,1314.667572,358.8452585,4.638797012,1.526025755,40
4000000.08,240,0.692,0.308,1294.382576,407.1683986,7.359367403,1.915552539,40
4000000.08,240,0.788,0.212,1411.358299,298.8669841,3.756581309,2.399739255,40
4000000.08,240,0.884,0.116,1538.163656,176.6056234,4.157692686,1.175935655,40
4000000.08,240,0.98,0.02,1675.52083,33.97393542,13.91109225,0.541062498,40
4000000.08,260,0.02,0.98,149.8470041,1090.437155,1.72865911,2.845577722,40
4000000.08,260,0.116,0.884,589.0072147,786.0345905,2.630708202,4.203887463,40
4000000.08,260,0.212,0.788,833.0027215,611.7774706,3.395041562,1.57370576,40
4000000.08,260,0.308,0.692,1001.676979,489.1859728,1.975267116,3.36687493,40
4000000.08,260,0.404,0.596,1128.179755,394.4184643,2.334914491,3.52927059,40
4000000.08,260,0.5,0.5,1232.849714,315.5382141,2.413102779,1.291974911,40
4000000.08,260,0.596,0.404,1319.949273,245.7879063,4.048943129,3.132886028,40
4000000.08,260,0.692,0.308,1399.235027,184.4551417,5.002068915,2.177637442,40
4000000.08,260,0.788,0.212,1440.569962,131.9096446,4.0373176,1.183246498,40
4000000.08,260,0.884,0.116,1506.586834,74.35723015,5.500468391,0.770415393,40
4000000.08,260,0.98,0.02,1560.109914,24.72834807,8.415369801,0.352636396,40
4000000.08,280,0.02,0.98,125.8002099,956.1205261,1.713168461,3.622500741,40
4000000.08,280,0.116,0.884,522.5462402,697.5408122,3.246302255,2.737801402,40
4000000.08,280,0.212,0.788,757.6621809,536.739324,2.38963066,1.819760217,40
4000000.08,280,0.308,0.692,919.5577067,425.6682839,1.720256357,2.27039007,40
4000000.08,280,0.404,0.596,1041.565675,336.0690382,0.848967899,2.214466602,40
4000000.08,280,0.5,0.5,1139.971794,264.7718276,2.484132688,1.631051052,40
4000000.08,280,0.596,0.404,1220.820971,202.8054575,1.208113652,1.0762441,40
4000000.08,280,0.692,0.308,1292.144805,147.8832297,2.17677578,0.936717981,40
4000000.08,280,0.788,0.212,1355.203024,98.72269411,1.329439038,0.787589503,40
4000000.08,280,0.884,0.116,1411.332008,52.83324137,2.891149779,0.319775402,40
4000000.08,280,0.98,0.02,1462.345015,8.949305599,3.708044928,0.098870456,40
4000000.08,300,0.02,0.98,103.9189338,826.688624,0.834501381,2.217237208,40
4000000.08,300,0.116,0.884,456.1119096,614.5742671,1.570211544,2.224025915,40
4000000.08,300,0.212,0.788,678.5117088,476.1272363,2.805915098,1.052370227,40
4000000.08,300,0.308,0.692,836.12737,375.1351788,1.744297265,1.420835303,40
4000000.08,300,0.404,0.596,956.5840438,295.7324655,1.956170237,1.264221417,40
4000000.08,300,0.5,0.5,1052.581457,230.3042624,0.839556831,0.703267543,40
4000000.08,300,0.596,0.404,1132.729126,174.8286083,1.678569995,0.615957563,40
4000000.08,300,0.692,0.308,1200.400884,126.4787476,1.057158657,0.991692365,40
4000000.08,300,0.788,0.212,1260.727603,83.34532651,1.722089196,0.341058434,40
4000000.08,300,0.884,0.116,1313.367333,43.80534984,2.764768943,0.366348756,40
4000000.08,300,0.98,0.02,1362.285665,7.36669451,2.761566024,0.07958329,40
4000000.08,320,0.02,0.98,84.45141031,706.967781,0.704005499,0.63114942,40
4000000.08,320,0.116,0.884,389.5770264,540.5889607,1.132726006,1.468201355,40
4000000.08,320,0.212,0.788,596.742092,424.8532796,0.641858234,0.924781345,40
4000000.08,320,0.308,0.692,750.1962671,336.4127694,1.35936767,0.726266499,40
4000000.08,320,0.404,0.596,869.4287271,265.6397709,1.151624439,0.990958635,40
4000000.08,320,0.5,0.5,965.4386208,206.8005248,2.869812715,0.966369034,40
4000000.08,320,0.596,0.404,1044.369049,156.9467083,1.252526729,1.10845929,40
4000000.08,320,0.692,0.308,1114.3676,112.945188,2.138314157,0.293821671,40
4000000.08,320,0.788,0.212,1173.358591,73.94322536,2.434767644,0.503414394,40
4000000.08,320,0.884,0.116,1225.818787,38.74945906,0.929550984,0.236017281,40
4000000.08,320,0.98,0.02,1273.324253,6.446366392,2.729021773,0.049272523,40
4000000.08,340,0.02,0.98,68.00719574,600.6708965,0.538139368,2.491684894,40
4000000.08,340,0.116,0.884,326.3499624,473.1383043,1.454938028,1.679514312,40
4000000.08,340,0.212,0.788,514.5526012,378.3350702,1.295725585,1.727437713,40
4000000.08,340,0.308,0.692,660.5774643,303.33613,1.861596763,0.782106028,40
4000000.08,340,0.404,0.596,777.0877577,241.2349274,1.457146829,1.184802699,40
4000000.08,340,0.5,0.5,872.6905027,188.6402665,1.051985918,0.786694797,40
4000000.08,340,0.596,0.404,954.065723,143.2213249,1.140887718,0.566485446,40
4000000.08,340,0.692,0.308,1023.140443,103.5041056,1.090230451,0.375167176,40
4000000.08,340,0.788,0.212,1084.027853,67.66114823,2.687670513,0.099447497,40
4000000.08,340,0.884,0.116,1138.035138,35.48984025,2.537146375,0.190885725,40
4000000.08,340,0.98,0.02,1186.765388,5.858894173,2.478523055,0.070151917,40
4000000.08,360,0.02,0.98,54.78088372,511.4301709,0.315990747,1.426513173,40
4000000.08,360,0.116,0.884,271.1062543,412.8363348,0.499007148,0.640820028,40
4000000.08,360,0.212,0.788,438.1246484,336.3333002,1.404623623,1.538322893,40
4000000.08,360,0.308,0.692,572.2027904,273.2123854,1.17467343,1.278419117,40
4000000.08,360,0.404,0.596,684.7244313,218.9263781,1.39492564,0.810056052,40
4000000.08,360,0.5,0.5,778.6153389,172.5696872,1.745630254,0.372887831,40
4000000.08,360,0.596,0.404,859.3003381,131.3997366,1.77012512,0.415354723,40
4000000.08,360,0.692,0.308,929.4616022,95.31653628,2.744145665,0.354471572,40
4000000.08,360,0.788,0.212,991.4948948,62.49685112,1.429510288,0.14567116,40
4000000.08,360,0.884,0.116,1046.661031,32.8154251,1.525721691,0.20764301,40
4000000.08,360,0.98,0.02,1096.442092,5.464111595,1.437225205,0.046197348,40
4000000.08,380,0.02,0.98,44.1093584,437.3771019,0.183509043,1.501531805,40
4000000.08,380,0.116,0.884,224.2231778,360.1026853,0.489651413,0.200350804,40
4000000.08,380,0.212,0.788,369.5026325,297.536842,0.592869398,0.469545218,40
4000000.08,380,0.308,0.692,490.8078449,244.5241068,1.226320108,0.795468969,40
4000000.08,380,0.404,0.596,595.6430127,198.0634255,1.67023715,0.525968853,40
4000000.08,380,0.5,0.5,685.6431615,157.195454,1.123347718,0.713153915,40
4000000.08,380,0.596,0.404,763.7316443,120.85194,2.361388992,0.558838724,40
4000000.08,380,0.692,0.308,833.8017978,88.05287973,1.4471224,0.36316601,40
4000000.08,380,0.788,0.212,895.9717834,58.04585376,2.169840189,0.204182966,40
4000000.08,380,0.884,0.116,951.6589978,30.57963994,1.978894669,0.133025149,40
4000000.08,380,0.98,0.02,1002.985737,5.083459937,1.140548298,0.057096661,40
4000000.08,400,0.02,0.98,35.98247227,377.0525334,0.187199508,1.355287803,40
4000000.08,400,0.116,0.884,185.9064239,314.5683931,0.508906794,1.379893381,40
4000000.08,400,0.212,0.788,310.8208423,263.0444612,0.824540721,1.351712235,40
4000000.08,400,0.308,0.692,419.5278035,218.2950412,1.586340579,0.42386299,40
4000000.08,400,0.404,0.596,514.860961,178.4821438,0.991164414,0.743047043,40
4000000.08,400,0.5,0.5,598.2624288,142.8610557,1.682513529,0.539126734,40
4000000.08,400,0.596,0.404,673.5456658,110.4093633,2.154749774,0.459637167,40
4000000.08,400,0.692,0.308,741.1762367,80.92540646,1.423482281,0.424718196,40
4000000.08,400,0.788,0.212,801.2199647,53.60351505,1.610036161,0.158616431,40
4000000.08,400,0.884,0.116,857.7929163,28.32172327,1.000681999,0.040944582,40
4000000.08,400,0.98,0.02,908.6860257,4.722013169,0.582306927,0.044633704,40
5000000.075,200,0.02,0.98,106.0186288,1476.638731,8.135933765,9.65885023,50
5000000.075,200,0.116,0.884,428.5154107,1241.343172,8.279929452,5.570330626,50
5000000.075,200,0.212,0.788,631.4024296,1091.812114,5.415430598,4.330516255,50
5000000.075,200,0.308,0.692,793.2232599,971.043124,4.61073521,3.430524055,50
5000000.075,200,0.404,0.596,938.1972037,860.6030744,3.062842265,3.05519598,50
5000000.075,200,0.5,0.5,1072.247508,761.5434549,4.960903363,6.29520508,50
5000000.075,200,0.596,0.404,1208.496405,656.164145,8.041044063,6.870837759,50
5000000.075,200,0.692,0.308,1347.508031,544.7510708,3.590804833,4.278866916,50
5000000.075,200,0.788,0.212,1504.572904,413.2894248,5.649740627,4.011458202,50
5000000.075,200,0.884,0.116,1683.984076,257.3057144,1.960579456,4.232513728,50
5000000.075,200,0.98,0.02,1910.783557,55.96007109,8.957699404,1.178350138,50
5000000.075,220,0.02,0.98,190.2371075,1341.190556,4.639585355,3.630718732,50
5000000.075,220,0.116,0.884,661.4970627,1006.907745,4.777068749,4.007435473,50
5000000.075,220,0.212,0.788,671.113626,1002.404502,5.32683132,4.525627497,50
5000000.075,220,0.308,0.692,805.1385615,900.783774,4.140365807,4.310868485,50
5000000.075,220,0.404,0.596,935.5483761,799.8388369,6.363458486,6.353880546,50
5000000.075,220,0.5,0.5,1061.539408,701.3705513,5.679091206,4.114172609,50
5000000.075,220,0.596,0.404,1187.851688,596.8682416,3.233194904,4.878570277,50
5000000.075,220,0.692,0.308,1321.682871,487.1891837,2.935086594,3.626573519,50
5000000.075,220,0.788,0.212,1461.26965,361.3774294,7.23763109,6.077634201,50
5000000.075,220,0.884,0.116,1621.288509,219.2737979,6.414950508,2.061781682,50
5000000.075,220,0.98,0.02,1806.696565,44.7417311,8.050063557,0.469138371,50
5000000.075,240,0.02,0.98,164.9453703,1253.986934,3.501164061,3.154701652,50
5000000.075,240,0.116,0.884,625.3338344,926.0875761,2.247731328,3.483580533,50
5000000.075,240,0.212,0.788,873.5476966,746.745403,1.852816256,1.473953995,50
5000000.075,240,0.308,0.692,1048.233897,618.9246682,3.216370059,2.327558383,50
5000000.075,240,0.404,0.596,1171.21307,523.3319036,2.96468361,3.324170438,50
5000000.075,240,0.5,0.5,1078.1955,598.6235928,3.914580059,4.911989129,50
5000000.075,240,0.596,0.404,1178.78811,513.1781622,4.824955917,5.104747886,50
5000000.075,240,0.692,0.308,1291.219807,413.0557278,5.010107744,4.433236587,50
5000000.075,240,0.788,0.212,1411.831244,302.931061,5.96500843,4.404751431,50
5000000.075,240,0.884,0.116,1543.00649,179.4303008,5.002717694,2.519419061,50
5000000.075,240,0.98,0.02,1686.18777,34.62840829,6.515524563,0.376074457,50
5000000.075,260,0.02,0.98,142.4988992,1139.756317,0.883381328,1.649863262,50
5000000.075,260,0.116,0.884,570.9813984,838.0394586,2.444241446,2.141807295,50
5000000.075,260,0.212,0.788,815.45335,661.770726,4.095876147,3.707315901,50
5000000.075,260,0.308,0.692,984.843984,534.2412163,2.092627311,2.878512467,50
5000000.075,260,0.404,0.596,1114.645002,436.5538199,3.724044853,3.64176907,50
5000000.075,260,0.5,0.5,1221.923225,352.7967572,3.754190546,2.748147289,50
5000000.075,260,0.596,0.404,1309.966151,281.731789,3.516399366,3.237376658,50
5000000.075,260,0.692,0.308,1350.692371,232.4323686,3.861767921,2.815042272,50
5000000.075,260,0.788,0.212,1365.302598,235.9932219,1.006624223,1.324590299,50
5000000.075,260,0.884,0.116,1462.886958,138.1259507,3.586175027,1.307956244,50
5000000.075,260,0.98,0.02,1567.2946,25.50636258,7.003432822,0.277075621,50
5000000.075,280,0.02,0.98,122.6708404,1015.043778,1.196213176,2.482784009,50
5000000.075,280,0.116,0.884,515.021015,748.8300081,1.774375172,1.831370608,50
5000000.075,280,0.212,0.788,749.6219014,583.9913715,3.488019986,3.435522848,50
5000000.075,280,0.308,0.692,913.9197569,465.4842984,2.551372211,2.485289329,50
5000000.075,280,0.404,0.596,1038.757906,373.0358886,2.604741859,3.353343936,50
5000000.075,280,0.5,0.5,1141.543248,295.254785,0.885610995,2.042833766,50
5000000.075,280,0.596,0.404,1227.768684,229.2047002,2.191844666,0.681596276,50
5000000.075,280,0.692,0.308,1299.425268,168.344369,3.356596324,1.149489435,50
5000000.075,280,0.788,0.212,1366.077553,115.038902,2.797931674,1.420163649,50
5000000.075,280,0.884,0.116,1426.158887,62.55858731,4.062138317,0.587846191,50
5000000.075,280,0.98,0.02,1481.459193,11.30361039,2.39677643,0.10607682,50
5000000.075,300,0.02,0.98,103.5663212,890.6433323,0.700802267,2.941744807,50
5000000.075,300,0.116,0.884,457.2060779,665.7203528,1.4253686,0.985786144,50
5000000.075,300,0.212,0.788,680.985044,518.5442406,0.815667515,2.796772875,50
5000000.075,300,0.308,0.692,840.4737361,410.7201257,2.598718851,1.430124049,50
5000000.075,300,0.404,0.596,963.5995868,326.3335963,1.541525519,2.439389616,50
5000000.075,300,0.5,0.5,1062.935072,256.5826131,2.506602441,0.668622724,50
5000000.075,300,0.596,0.404,1144.854839,195.6415313,0.909536331,0.87695099,50
5000000.075,300,0.692,0.308,1216.309342,142.2172676,2.099521166,1.298934062,50
5000000.075,300,0.788,0.212,1277.845053,94.14074329,1.233274111,1.013308857,50
5000000.075,300,0.884,0.116,1335.16553,50.14945756,2.839725425,0.387947829,50
5000000.075,300,0.98,0.02,1385.253729,8.45728636,1.837095001,0.059854335,50
5000000.075,320,0.02,0.98,86.51447654,773.686383,0.196298166,1.562382691,50
5000000.075,320,0.116,0.884,397.3338808,592.1151612,1.699323716,2.603548753,50
5000000.075,320,0.212,0.788,607.8169675,465.9245562,1.304839731,1.566766394,50
5000000.075,320,0.308,0.692,764.2590168,369.1326376,1.933705592,1.662539109,50
5000000.075,320,0.404,0.596,884.3739309,292.1933281,2.612072882,1.318460682,50
5000000.075,320,0.5,0.5,983.1341545,228.8122555,2.407918782,0.904885677,50
5000000.075,320,0.596,0.404,1064.751016,173.5218792,1.262552924,0.959372527,50
5000000.075,320,0.692,0.308,1135.170825,125.9163162,0.938203127,0.464511849,50
5000000.075,320,0.788,0.212,1197.27789,82.49786961,1.520005308,0.394705124,50
5000000.075,320,0.884,0.116,1252.915995,43.4824514,2.419331317,0.560335316,50
5000000.075,320,0.98,0.02,1304.140717,7.295035506,2.408316248,0.084768838,50
5000000.075,340,0.02,0.98,71.55331892,669.358424,0.386063299,0.373070913,50
5000000.075,340,0.116,0.884,341.4493054,524.1628225,0.662243917,1.301718427,50
5000000.075,340,0.212,0.788,535.2923901,418.0447738,0.922571667,1.079748205,50
5000000.075,340,0.308,0.692,684.5871685,334.5809623,0.794480892,1.011260941,50
5000000.075,340,0.404,0.596,802.8110629,265.6239948,2.14126857,0.874439051,50
5000000.075,340,0.5,0.5,900.2435626,208.2106902,1.648496738,0.968555632,50
5000000.075,340,0.596,0.404,982.2318123,158.0550157,0.88476126,0.416271094,50
5000000.075,340,0.692,0.308,1053.605976,114.4686432,2.302095217,0.695141642,50
5000000.075,340,0.788,0.212,1116.290636,75.21452328,1.496293336,0.427090715,50
5000000.075,340,0.884,0.116,1171.631478,39.37513325,0.826917182,0.113106629,50
5000000.075,340,0.98,0.02,1221.635378,6.578012536,1.242454953,0.096124896,50
5000000.075,360,0.02,0.98,58.73605494,577.9746994,0.371129385,1.747112622,50
5000000.075,360,0.116,0.884,288.9451284,463.5141087,1.430120176,1.026597935,50
5000000.075,360,0.212,0.788,464.5053987,375.0819454,1.204603022,0.767530079,50
5000000.075,360,0.308,0.692,604.4351853,303.5103594,1.709665626,0.723783561,50
5000000.075,360,0.404,0.596,718.4496779,243.1816867,1.746912819,1.102440843,50
5000000.075,360,0.5,0.5,814.4585677,190.950187,1.034977171,0.900340268,50
5000000.075,360,0.596,0.404,896.3806144,146.0332048,1.282383995,0.69749441,50
5000000.075,360,0.692,0.308,968.5571645,105.7214998,1.301846661,0.587311604,50
5000000.075,360,0.788,0.212,1031.133187,69.49337094,1.577835521,0.22304659,50
5000000.075,360,0.884,0.116,1088.63819,36.35546301,0.849963701,0.144572446,50
5000000.075,360,0.98,0.02,1139.01497,6.073680694,2.201894248,0.042927972,50
5000000.075,380,0.02,0.98,48.22759534,499.8235077,0.300091322,0.89596487,50
5000000.075,380,0.116,0.884,243.5619581,408.7591142,0.801922822,1.021816925,50
5000000.075,380,0.212,0.788,399.3857685,336.0655401,0.986559919,1.156841335,50
5000000.075,380,0.308,0.692,527.4544369,274.8864665,1.647446663,0.794279295,50
5000000.075,380,0.404,0.596,635.4125168,222.2257575,0.686787444,0.337425761,50
5000000.075,380,0.5,0.5,729.0517985,175.79765,1.126597755,0.610011936,50
5000000.075,380,0.596,0.404,810.9346389,134.8451008,0.999083068,0.309394606,50
5000000.075,380,0.692,0.308,881.6412641,97.94031563,0.739660155,0.349824466,50
5000000.075,380,0.788,0.212,944.7278094,64.45898824,1.539116385,0.245622818,50
5000000.075,380,0.884,0.116,1001.426194,34.00295922,1.012998231,0.18853399,50
5000000.075,380,0.98,0.02,1052.566371,5.657043678,0.939631542,0.060789114,50
5000000.075,400,0.02,0.98,39.9299379,435.0993396,0.236747993,1.045086854,50
5000000.075,400,0.116,0.884,205.589243,360.9637016,0.770287943,0.797144217,50
5000000.075,400,0.212,0.788,341.9790112,300.312979,1.202887941,0.998479088,50
5000000.075,400,0.308,0.692,458.4339817,248.0689936,0.808707265,0.78905268,50
5000000.075,400,0.404,0.596,558.9956339,202.0880015,1.465710761,0.390274174,50
5000000.075,400,0.5,0.5,646.5058966,161.1263781,1.295461968,0.520821255,50
5000000.075,400,0.596,0.404,725.0778517,124.3552998,1.021617469,0.297471221,50
5000000.075,400,0.692,0.308,794.7083246,90.80106659,1.017028538,0.450379518,50
5000000.075,400,0.788,0.212,857.3544839,60.09980723,1.739394898,0.269857529,50
5000000.075,400,0.884,0.116,914.351759,31.65625673,1.832156761,0.089837967,50
5000000.075,400,0.98,0.02,967.5894875,5.28390773,1.321610774,0.030762006,50
6000000.07,200,0.02,0.98,102.6093343,1481.41732,4.862171489,2.959615489,60
6000000.07,200,0.116,0.884,424.1137487,1246.903048,7.887033941,5.461721341,60
6000000.07,200,0.212,0.788,630.5340571,1095.53904,2.78962056,3.846246682,60
6000000.07,200,0.308,0.692,790.007962,974.7691497,5.945148376,5.768447246,60
6000000.07,200,0.404,0.596,936.1240171,865.3435479,5.372477635,8.734245234,60
6000000.07,200,0.5,0.5,1072.110272,763.2573138,5.368125939,2.687089747,60
6000000.07,200,0.596,0.404,1204.787921,659.4217723,6.425760062,6.583435719,60
6000000.07,200,0.692,0.308,1343.540026,550.6219832,2.966848177,5.937261519,60
6000000.07,200,0.788,0.212,1504.689709,418.4493233,7.462091721,6.809914748,60
6000000.07,200,0.884,0.116,1682.876586,260.6622582,8.298283754,7.026401042,60
6000000.07,200,0.98,0.02,1911.327181,56.76309179,5.978923443,0.723800719,60
6000000.07,220,0.02,0.98,163.865962,1370.977409,2.766004198,2.566703267,60
6000000.07,220,0.116,0.884,482.4414611,1144.711317,5.569591788,2.557644286,60
6000000.07,220,0.212,0.788,650.8986049,1019.68395,2.962026577,2.706648035,60
6000000.07,220,0.308,0.692,795.9065999,911.4533287,2.953182245,1.528140245,60
6000000.07,220,0.404,0.596,929.1547076,809.3171342,3.362037928,3.817813479,60
6000000.07,220,0.5,0.5,1055.500767,709.889747,3.996280829,1.072308785,60
6000000.07,220,0.596,0.404,1187.417027,601.3537351,3.61219405,4.677022294,60
6000000.07,220,0.692,0.308,1320.740454,489.2061474,6.063061194,4.271125872,60
6000000.07,220,0.788,0.212,1463.795703,366.9965655,3.657427416,3.341300063,60
6000000.07,220,0.884,0.116,1624.848497,220.7242433,5.389832174,1.526785307,60
6000000.07,220,0.98,0.02,1816.987395,45.0001226,11.78462902,1.028030015,60
6000000.07,240,0.02,0.98,153.4906954,1283.191736,3.406574807,2.116255105,60
6000000.07,240,0.116,0.884,592.4037027,970.3363355,5.822068659,5.42969258,60
6000000.07,240,0.212,0.788,831.3067837,796.8502166,4.582134912,0.807659068,60
6000000.07,240,0.308,0.692,975.7629328,684.7045165,4.816201258,2.688305337,60
6000000.07,240,0.404,0.596,968.3131629,692.5026024,4.586057205,3.923177711,60
6000000.07,240,0.5,0.5,1064.736147,612.1490479,4.524756854,2.510803764,60
6000000.07,240,0.596,0.404,1172.918802,522.4584188,2.487284102,3.408685055,60
6000000.07,240,0.692,0.308,1289.23594,421.2420676,4.265808539,2.947058957,60
6000000.07,240,0.788,0.212,1412.618246,308.4115374,5.229705224,4.592536976,60
6000000.07,240,0.884,0.116,1543.598574,182.2232702,4.324795069,1.714350158,60
6000000.07,240,0.98,0.02,1684.477126,34.85427788,9.695822282,0.42787832,60
6000000.07,260,0.02,0.98,135.4232308,1178.227314,2.669318256,2.888387661,60
6000000.07,260,0.116,0.884,550.2573191,881.0457188,2.154393635,3.092288802,60
6000000.07,260,0.212,0.788,793.374116,702.0947609,2.376438881,2.305135811,60
6000000.07,260,0.308,0.692,961.9287737,578.0137845,2.910258242,2.484541611,60
6000000.07,260,0.404,0.596,1090.834097,479.7941408,3.224483614,2.67898513,60
6000000.07,260,0.5,0.5,1191.547012,397.3099345,3.830466914,1.940941498,60
6000000.07,260,0.596,0.404,1247.553141,352.5674588,2.981098837,2.945327813,60
6000000.07,260,0.692,0.308,1270.628188,332.3916394,3.422881843,2.329770793,60
6000000.07,260,0.788,0.212,1364.375321,244.6360978,4.510769944,2.702955239,60
6000000.07,260,0.884,0.116,1466.094468,143.0024342,4.798330968,1.214435175,60
6000000.07,260,0.98,0.02,1572.346409,26.14499011,11.98871602,0.534860248,60
6000000.07,280,0.02,0.98,118.5056101,1059.042545,0.976350695,1.027687705,60
6000000.07,280,0.116,0.884,501.8320643,792.4223205,4.494465377,3.498575917,60
6000000.07,280,0.212,0.788,738.1955527,624.1318949,2.90317637,2.95206321,60
6000000.07,280,0.308,0.692,904.7594249,502.1677684,3.81007461,2.670964998,60
6000000.07,280,0.404,0.596,1031.4734,405.1043491,0.824338897,2.17291197,60
6000000.07,280,0.5,0.5,1136.180991,324.1373119,2.817367577,3.709891871,60
6000000.07,280,0.596,0.404,1223.259876,255.5327169,2.09589877,0.890208864,60
6000000.07,280,0.692,0.308,1298.007275,192.1669008,1.974936563,1.174485559,60
6000000.07,280,0.788,0.212,1362.542283,134.3528738,3.053835768,0.685284798,60
6000000.07,280,0.884,0.116,1405.121944,98.70866709,4.4421569,1.152432343,60
6000000.07,280,0.98,0.02,1483.519112,19.01555999,4.685917155,0.290853151,60
6000000.07,300,0.02,0.98,102.1678631,940.3808458,1.172387835,1.652508998,60
6000000.07,300,0.116,0.884,453.2281697,708.5171775,2.267731438,3.09663121,60
6000000.07,300,0.212,0.788,676.1523025,556.1633646,2.796285844,3.474456637,60
6000000.07,300,0.308,0.692,839.3156168,443.0326389,2.846589815,1.539915499,60
6000000.07,300,0.404,0.596,963.6852981,354.8853799,1.895871317,2.441128445,60
6000000.07,300,0.5,0.5,1065.741457,279.0826225,0.428901242,2.45795587,60
6000000.07,300,0.596,0.404,1150.444954,215.4151216,1.474390204,1.654974144,60
6000000.07,300,0.692,0.308,1224.040936,157.7725532,1.671599211,0.751989862,60
6000000.07,300,0.788,0.212,1289.949875,106.1504494,1.847924903,0.747775242,60
6000000.07,300,0.884,0.116,1346.771142,57.10290924,1.529803139,0.40164933,60
6000000.07,300,0.98,0.02,1403.559145,9.892683049,3.364486803,0.180402959,60
6000000.07,320,0.02,0.98,87.34904201,826.839804,0.404592769,1.395281413,60
6000000.07,320,0.116,0.884,401.5120804,634.1364824,0.95735923,1.89369403,60
6000000.07,320,0.212,0.788,613.7236637,500.222914,2.112472366,1.842869432,60
6000000.07,320,0.308,0.692,770.4808829,397.9633337,1.942580574,1.016613846,60
6000000.07,320,0.404,0.596,892.4017023,316.2961925,1.915904766,0.699933846,60
6000000.07,320,0.5,0.5,992.8602785,248.5443535,2.465261803,2.019011326,60
6000000.07,320,0.596,0.404,1076.585165,190.3461075,1.48702385,1.221940024,60
6000000.07,320,0.692,0.308,1149.342321,137.7332635,3.500219064,0.425443691,60
6000000.07,320,0.788,0.212,1213.283672,91.33797229,2.948577822,0.40920899,60
6000000.07,320,0.884,0.116,1271.742706,48.42068842,1.710354209,0.199731288,60
6000000.07,320,0.98,0.02,1323.565127,8.15385256,1.737196267,0.061671683,60
6000000.07,340,0.02,0.98,73.28886996,723.8734526,0.36901773,0.392359748,60
6000000.07,340,0.116,0.884,349.4559136,566.4459987,1.709480245,1.625216774,60
6000000.07,340,0.212,0.788,547.0669017,451.9131256,1.04385881,0.662554051,60
6000000.07,340,0.308,0.692,697.7970925,361.473575,1.44113257,1.379027862,60
6000000.07,340,0.404,0.596,817.8919287,288.0703205,1.752598779,1.739549004,60
6000000.07,340,0.5,0.5,916.8275633,225.6146153,1.430141844,1.354530336,60
6000000.07,340,0.596,0.404,1001.601741,172.0996609,2.235593356,0.379494112,60
6000000.07,340,0.692,0.308,1073.418461,124.8653291,1.673198996,0.427854218,60
6000000.07,340,0.788,0.212,1137.30685,82.32597805,2.583475342,0.490159399,60
6000000.07,340,0.884,0.116,1195.157439,43.43356465,1.129903641,0.384008169,60
6000000.07,340,0.98,0.02,1246.01392,7.244295805,2.547947807,0.059092224,60
6000000.07,360,0.02,0.98,61.51411416,632.0957247,0.379055701,1.441875146,60
6000000.07,360,0.116,0.884,301.9556565,505.1215637,0.834123577,1.47721331,60
6000000.07,360,0.212,0.788,482.1557569,408.3920739,1.108586973,1.02652365,60
6000000.07,360,0.308,0.692,624.888239,329.2420894,1.719976954,1.05147268,60
6000000.07,360,0.404,0.596,741.4382543,263.8005347,1.001352001,1.002965337,60
6000000.07,360,0.5,0.5,839.238805,207.6738884,2.255186795,0.815262956,60
6000000.07,360,0.596,0.404,922.1460833,158.7598646,1.485068581,0.427079312,60
6000000.07,360,0.692,0.308,994.4191705,115.1596729,1.15473787,0.468431972,60
6000000.07,360,0.788,0.212,1059.841463,75.79823764,1.558599622,0.349546708,60
6000000.07,360,0.884,0.116,1117.591309,39.85236351,0.583160881,0.159238183,60
6000000.07,360,0.98,0.02,1169.427514,6.652390357,1.896682129,0.057948947,60
6000000.07,380,0.02,0.98,51.26229993,552.6112911,0.453437136,0.779989182,60
6000000.07,380,0.116,0.884,257.8957876,450.4122695,1.521076955,0.903730198,60
6000000.07,380,0.212,0.788,420.7102063,368.4944776,0.870128476,0.822583851,60
6000000.07,380,0.308,0.692,553.2965548,300.4602454,1.266910249,0.629500105,60
6000000.07,380,0.404,0.596,665.0941948,242.2323175,0.879566615,0.469987885,60
6000000.07,380,0.5,0.5,759.6012792,191.5823206,1.91820118,0.653541355,60
6000000.07,380,0.596,0.404,842.3508098,147.1096484,0.760279753,0.3992316,60
6000000.07,380,0.692,0.308,914.625959,106.7620793,1.341160319,0.482682036,60
6000000.07,380,0.788,0.212,979.0044948,70.45306129,2.032142823,0.307259409,60
6000000.07,380,0.884,0.116,1037.745786,37.12393569,0.864034299,0.240331478,60
6000000.07,380,0.98,0.02,1090.487507,6.183836064,1.952713369,0.054659952,60
6000000.07,400,0.02,0.98,42.84403896,484.9204784,0.121854937,1.062373082,60
6000000.07,400,0.116,0.884,219.9802404,400.5510411,0.615202568,0.504968062,60
6000000.07,400,0.212,0.788,364.8980473,331.9501867,0.801164303,1.162995835,60
6000000.07,400,0.308,0.692,487.0221426,273.5516141,2.880718856,0.321184716,60
6000000.07,400,0.404,0.596,591.9673052,222.3067505,1.290501341,0.26211533,60
6000000.07,400,0.5,0.5,683.0338386,177.0181216,0.687791653,0.127616269,60
6000000.07,400,0.596,0.404,762.3699777,136.2862469,0.709014527,0.27632506,60
6000000.07,400,0.692,0.308,833.8514501,99.32526702,0.754541951,0.116238749,60
6000000.07,400,0.788,0.212,898.2442846,65.71142762,1.299341134,0.324648428,60
6000000.07,400,0.884,0.116,956.622219,34.71366137,0.655834875,0.208637596,60
6000000.07,400,0.98,0.02,1009.90146,5.783667805,2.924143724,0.046158019,60
7000000.065,200,0.02,0.98,98.46787206,1487.893594,7.323383422,7.340594506,70
7000000.065,200,0.116,0.884,422.035624,1250.534521,5.195407892,7.446793819,70
7000000.065,200,0.212,0.788,622.6959411,1101.971137,4.35939686,3.316194169,70
7000000.065,200,0.308,0.692,790.5927195,977.7734595,5.188079688,7.537413763,70
7000000.065,200,0.404,0.596,932.7478784,871.5824703,6.396074602,2.704349744,70
7000000.065,200,0.5,0.5,1072.044856,764.4588057,8.038250344,1.275823841,70
7000000.065,200,0.596,0.404,1208.420543,657.9851634,6.366511987,4.573960201,70
7000000.065,200,0.692,0.308,1345.728281,550.0684875,4.455500146,8.152083967,70
7000000.065,200,0.788,0.212,1503.638899,418.5494693,4.719417278,4.717341269,70
7000000.065,200,0.884,0.116,1684.781009,262.257407,2.392342203,5.821529282,70
7000000.065,200,0.98,0.02,1911.11194,56.3330685,6.248429433,1.48760843,70
7000000.065,220,0.02,0.98,125.7669998,1404.705266,5.505042539,4.355101552,70
7000000.065,220,0.116,0.884,448.2478279,1173.249662,4.967246328,3.275425421,70
7000000.065,220,0.212,0.788,637.0616511,1034.200319,4.862027245,4.917555402,70
7000000.065,220,0.308,0.692,789.9765427,919.24473,3.752031603,2.435071164,70
7000000.065,220,0.404,0.596,925.6753844,816.0512449,3.292870912,5.1671749,70
7000000.065,220,0.5,0.5,1052.805624,714.3855962,3.515130422,8.291310199,70
7000000.065,220,0.596,0.404,1184.342438,608.0303004,4.4915435,3.135883597,70
7000000.065,220,0.692,0.308,1319.399435,495.7520364,4.562490628,2.872088074,70
7000000.065,220,0.788,0.212,1466.220227,367.5674996,3.875556208,5.350696727,70
7000000.065,220,0.884,0.116,1625.403327,222.8515009,7.233009603,1.856495314,70
7000000.065,220,0.98,0.02,1818.992914,45.46412244,13.21802018,0.943430079,70
7000000.065,240,0.02,0.98,141.5968555,1308.810695,5.734797319,4.355271562,70
7000000.065,240,0.116,0.884,550.5970439,1013.424333,2.334228282,2.271048629,70
7000000.065,240,0.212,0.788,764.8710423,857.0247307,3.364752717,1.514274787,70
7000000.065,240,0.308,0.692,847.8877999,793.9184836,1.943674464,3.961772431,70
7000000.065,240,0.404,0.596,946.6110963,715.5649565,4.6895928,4.966520486,70
7000000.065,240,0.5,0.5,1054.782925,626.936086,2.006849497,5.10026209,70
7000000.065,240,0.596,0.404,1169.774103,531.2760956,7.071916742,3.289051128,70
7000000.065,240,0.692,0.308,1288.318187,426.2099692,4.561845713,4.056402798,70
7000000.065,240,0.788,0.212,1416.25784,311.4861208,5.018811882,3.535714521,70
7000000.065,240,0.884,0.116,1551.032471,184.3265261,6.710329369,1.668633342,70
7000000.065,240,0.98,0.02,1697.351585,35.40131419,5.827901258,0.293402056,70
7000000.065,260,0.02,0.98,127.4262817,1207.468499,2.068752271,3.123842187,70
7000000.065,260,0.116,0.884,529.0553841,918.9539552,1.886352188,4.461521053,70
7000000.065,260,0.212,0.788,767.3845606,741.7433517,3.389373697,3.595715012,70
7000000.065,260,0.308,0.692,933.0657073,617.3089811,1.78524979,2.713590511,70
7000000.065,260,0.404,0.596,1052.631733,524.0845137,2.476553087,3.380893593,70
7000000.065,260,0.5,0.5,1127.775998,463.9087701,2.609618896,2.228377389,70
7000000.065,260,0.596,0.404,1175.733273,421.9487002,2.167454538,2.158711114,70
7000000.065,260,0.692,0.308,1263.182352,344.9857699,3.554397542,2.847554263,70
7000000.065,260,0.788,0.212,1361.838279,251.3287336,4.277521924,2.07549606,70
7000000.065,260,0.884,0.116,1471.875921,146.8298354,7.02653231,1.654225416,70
7000000.065,260,0.98,0.02,1578.025437,26.79691734,2.914754431,0.400688984,70
7000000.065,280,0.02,0.98,114.3688417,1092.927885,0.612348486,2.266525386,70
7000000.065,280,0.116,0.884,492.1675579,827.9578611,4.686498677,3.007184992,70
7000000.065,280,0.212,0.788,723.3302539,659.3048978,3.288180256,2.016589399,70
7000000.065,280,0.308,0.692,889.8443923,535.3675684,2.701143352,2.394922938,70
7000000.065,280,0.404,0.596,1017.898138,436.2544903,3.212463326,3.570470797,70
7000000.065,280,0.5,0.5,1122.042244,354.9927818,2.487055549,1.695275953,70
7000000.065,280,0.596,0.404,1208.887925,284.5522756,2.432958011,2.656068434,70
7000000.065,280,0.692,0.308,1281.29464,221.6012608,4.881643108,1.257059525,70
7000000.065,280,0.788,0.212,1333.438851,176.5697073,2.685106865,1.385441425,70
7000000.065,280,0.884,0.116,1402.313469,108.071458,2.563103906,0.763145143,70
7000000.065,280,0.98,0.02,1486.603442,19.79083837,4.162646727,0.427350887,70
7000000.065,300,0.02,0.98,100.1550732,979.2471794,1.081010659,1.023301465,70
7000000.065,300,0.116,0.884,446.9392865,744.4696495,1.800151646,3.272501221,70
7000000.065,300,0.212,0.788,670.6750851,589.3208411,2.962182323,3.975489583,70
7000000.065,300,0.308,0.692,832.8655672,474.0387694,2.842529892,3.348454369,70
7000000.065,300,0.404,0.596,959.7344138,379.5850852,1.103851869,0.518222894,70
7000000.065,300,0.5,0.5,1062.517368,302.6861077,1.226169562,1.67594067,70
7000000.065,300,0.596,0.404,1149.74738,234.6587158,2.418558281,1.646833013,70
7000000.065,300,0.692,0.308,1225.446991,173.8632379,4.830435314,1.192314138,70
7000000.065,300,0.788,0.212,1292.830142,118.2209913,2.019356376,0.700778096,70
7000000.065,300,0.884,0.116,1354.470422,65.39891955,3.176915796,0.883302339,70
7000000.065,300,0.98,0.02,1414.294974,12.14008812,2.874552408,0.07671629,70
7000000.065,320,0.02,0.98,86.78327722,870.0816834,0.501444304,1.702722775,70
7000000.065,320,0.116,0.884,400.3437321,670.2761372,1.275188948,1.975145373,70
7000000.065,320,0.212,0.788,613.6075913,530.2494219,2.311689922,2.374533037,70
7000000.065,320,0.308,0.692,771.5690277,425.2668861,0.936725834,3.03522644,70
7000000.065,320,0.404,0.596,895.969043,339.1522803,2.836177173,1.796400447,70
7000000.065,320,0.5,0.5,997.5540208,267.2589042,2.200716276,2.616655282,70
7000000.065,320,0.596,0.404,1082.955879,205.0740762,2.019853263,1.603866913,70
7000000.065,320,0.692,0.308,1157.571306,150.5758453,1.195254162,0.910733208,70
7000000.065,320,0.788,0.212,1223.509548,99.99825208,1.797381704,0.678769554,70
7000000.065,320,0.884,0.116,1282.702865,53.30939796,1.539854317,0.430585483,70
7000000.065,320,0.98,0.02,1337.960221,9.089056242,2.041300251,0.087211043,70
7000000.065,340,0.02,0.98,74.52434376,768.8213636,0.49862528,1.991513562,70
7000000.065,340,0.116,0.884,353.2667676,602.4573495,1.189912475,1.380827034,70
7000000.065,340,0.212,0.788,554.0422074,480.3314275,1.380470163,1.381480297,70
7000000.065,340,0.308,0.692,705.9862204,385.6531897,1.300253705,1.210441653,70
7000000.065,340,0.404,0.596,827.0240702,307.9586899,1.799415924,0.94618607,70
7000000.065,340,0.5,0.5,927.5416051,242.3377799,1.497686026,0.367164525,70
7000000.065,340,0.596,0.404,1012.902548,185.649343,1.985451929,0.446254505,70
7000000.065,340,0.692,0.308,1087.467264,135.0302748,2.028710264,0.650325321,70
7000000.065,340,0.788,0.212,1152.916825,89.23873407,1.21316601,0.271001972,70
7000000.065,340,0.884,0.116,1212.01933,47.33220928,1.748242879,0.266779227,70
7000000.065,340,0.98,0.02,1266.085709,7.925333417,1.618460966,0.089637778,70
7000000.065,360,0.02,0.98,63.08323507,678.4982546,0.37956382,2.43766326,70
7000000.065,360,0.116,0.884,309.0272551,541.4422535,1.06609301,1.459034531,70
7000000.065,360,0.212,0.788,493.6776116,436.8988499,0.587263781,0.772930507,70
7000000.065,360,0.308,0.692,638.113113,353.0229385,1.090839847,0.850090975,70
7000000.065,360,0.404,0.596,755.6411427,282.4705278,1.632346266,0.727720499,70
7000000.065,360,0.5,0.5,856.4709987,222.2524088,1.193530741,0.541810212,70
7000000.065,360,0.596,0.404,940.5808121,170.0079384,1.763202266,0.722888757,70
7000000.065,360,0.692,0.308,1014.095505,124.0035334,1.35357248,0.995703635,70
7000000.065,360,0.788,0.212,1079.620059,81.63300881,1.985795592,0.184696021,70
7000000.065,360,0.884,0.116,1139.894358,43.07828284,2.418534104,0.15087061,70
7000000.065,360,0.98,0.02,1193.891577,7.208933871,1.301665868,0.062686153,70
7000000.065,380,0.02,0.98,53.33353302,598.2240826,0.32912558,1.361393416,70
7000000.065,380,0.116,0.884,267.9179803,485.4009816,1.408453495,0.779795219,70
7000000.065,380,0.212,0.788,436.5600314,396.3196791,1.517263442,0.365539326,70
7000000.065,380,0.308,0.692,572.2785984,323.2352016,0.386644476,1.181547764,70
7000000.065,380,0.404,0.596,685.0467099,260.2967072,2.534555525,0.903831231,70
7000000.065,380,0.5,0.5,782.0566225,205.9902482,0.532381027,0.753109528,70
7000000.065,380,0.596,0.404,865.5118939,158.0584619,1.391685459,0.666898081,70
7000000.065,380,0.692,0.308,939.1738344,114.9142694,1.278811963,0.506918484,70
7000000.065,380,0.788,0.212,1005.160562,75.83527936,1.359713736,0.270012625,70
7000000.065,380,0.884,0.116,1064.558729,39.98826971,1.448353773,0.053206176,70
7000000.065,380,0.98,0.02,1119.004554,6.698523654,1.042668883,0.024208922,70
7000000.065,400,0.02,0.98,45.21706573,528.3769018,0.120444555,0.915476919,70
7000000.065,400,0.116,0.884,231.305548,436.1908492,1.113406497,1.045076144,70
7000000.065,400,0.212,0.788,382.5958601,359.9986602,1.141899878,1.754910764,70
7000000.065,400,0.308,0.692,508.2375896,295.9578849,0.93829713,0.793287587,70
7000000.065,400,0.404,0.596,616.0580811,239.9970692,1.26973456,1.023948283,70
7000000.065,400,0.5,0.5,709.362332,190.9105824,0.966937954,0.912471646,70
7000000.065,400,0.596,0.404,791.3062202,146.6129362,1.539707569,0.463943179,70
7000000.065,400,0.692,0.308,863.854647,107.277044,2.213791328,0.294183664,70
7000000.065,400,0.788,0.212,929.6471064,70.80212619,1.06787816,0.365919482,70
7000000.065,400,0.884,0.116,988.5534443,37.39902106,2.293410742,0.075774364,70
7000000.065,400,0.98,0.02,1043.153463,6.268864026,1.387882509,0.054850985,70
8000000.06,200,0.02,0.98,97.02765718,1490.864931,5.682469147,4.967940579,80
8000000.06,200,0.116,0.884,419.6616476,1253.668711,6.30687801,4.430319188,80
8000000.06,200,0.212,0.788,623.6585172,1103.593717,7.293777433,6.120493488,80
8000000.06,200,0.308,0.692,786.6744483,981.7408885,6.569080166,5.073691016,80
8000000.06,200,0.404,0.596,930.4365507,875.2945036,6.070868784,3.166509723,80
8000000.06,200,0.5,0.5,1068.356369,770.334411,4.6789835,7.725280845,80
8000000.06,200,0.596,0.404,1206.0734,666.1564891,5.964155764,3.252863947,80
8000000.06,200,0.692,0.308,1346.716199,552.4672458,8.29764675,6.463366607,80
8000000.06,200,0.788,0.212,1506.414733,420.7603348,3.286618411,5.643255894,80
8000000.06,200,0.884,0.116,1690.575187,261.7473951,4.296582953,6.109831496,80
8000000.06,200,0.98,0.02,1914.405515,56.53007015,8.414359313,1.433211802,80
8000000.06,220,0.02,0.98,108.0353529,1421.572649,3.425930821,4.084094659,80
8000000.06,220,0.116,0.884,428.7161905,1191.180086,5.457822454,3.163206407,80
8000000.06,220,0.212,0.788,623.5311849,1046.807922,6.522078273,4.582789907,80
8000000.06,220,0.308,0.692,780.5796161,928.0202911,5.947453417,4.947055319,80
8000000.06,220,0.404,0.596,919.582967,823.7085584,2.740500789,1.581748209,80
8000000.06,220,0.5,0.5,1054.412487,716.9386517,2.95979971,5.502360804,80
8000000.06,220,0.596,0.404,1182.328617,613.1350086,4.617202549,7.974202466,80
8000000.06,220,0.692,0.308,1320.797893,497.8461313,3.315639596,2.60021522,80
8000000.06,220,0.788,0.212,1466.682183,370.0028148,8.338208536,3.669443916,80
8000000.06,220,0.884,0.116,1631.943483,224.3202681,12.65667195,2.382253199,80
8000000.06,220,0.98,0.02,1819.454083,45.68947251,9.10660103,1.00655365,80
8000000.06,240,0.02,0.98,129.2001437,1327.269816,5.209179944,4.511455336,80
8000000.06,240,0.116,0.884,509.4575437,1054.785865,2.375965055,1.641091876,80
8000000.06,240,0.212,0.788,692.9652735,917.3056596,5.840933631,4.222640073,80
8000000.06,240,0.308,0.692,814.8427083,823.1143324,3.942120997,4.560561706,80
8000000.06,240,0.404,0.596,931.2147079,731.7372923,1.814098054,2.367740744,80
8000000.06,240,0.5,0.5,1047.796088,637.2401243,3.692573738,4.871254285,80
8000000.06,240,0.596,0.404,1166.453721,535.8182859,3.658661938,3.230803133,80
8000000.06,240,0.692,0.308,1287.409251,431.6253325,5.957035055,3.485343507,80
8000000.06,240,0.788,0.212,1416.251274,315.0052568,3.580217794,1.481528031,80
8000000.06,240,0.884,0.116,1548.976622,185.9979923,8.407883572,1.625971008,80
8000000.06,240,0.98,0.02,1697.715783,35.80212319,8.774289978,0.497682858,80
8000000.06,260,0.02,0.98,121.7004772,1229.629159,1.272937193,2.699356356,80
8000000.06,260,0.116,0.884,505.9472081,952.0977856,4.090701739,4.724948089,80
8000000.06,260,0.212,0.788,737.1474281,780.6437831,5.346205141,4.023157145,80
8000000.06,260,0.308,0.692,894.8274473,661.702288,3.047564999,4.911675857,80
8000000.06,260,0.404,0.596,1000.809393,576.3188015,2.273643263,1.901813165,80
8000000.06,260,0.5,0.5,1075.226971,516.431339,6.616901239,1.960192372,80
8000000.06,260,0.596,0.404,1159.529479,441.6883832,1.43367984,3.231405735,80
8000000.06,260,0.692,0.308,1256.171313,355.2614078,3.242281856,4.647763187,80
8000000.06,260,0.788,0.212,1361.817631,256.4031539,5.281217045,3.281599286,80
8000000.06,260,0.884,0.116,1471.461257,149.211363,6.473560188,1.450709179,80
8000000.06,260,0.98,0.02,1584.750501,27.45360682,10.13180957,0.455147002,80
8000000.06,280,0.02,0.98,110.0047039,1123.582042,1.448296102,1.706050626,80
8000000.06,280,0.116,0.884,476.2071955,861.2788995,3.642957405,2.530204443,80
8000000.06,280,0.212,0.788,707.6760262,690.9461231,1.827277188,3.411691411,80
8000000.06,280,0.308,0.692,871.170193,567.613514,2.849485453,3.550388608,80
8000000.06,280,0.404,0.596,1000.121912,468.7521949,2.704909461,2.011858624,80
8000000.06,280,0.5,0.5,1103.218925,385.0984645,1.757257992,3.167209642,80
8000000.06,280,0.596,0.404,1185.79904,315.917134,2.404936678,1.963884822,80
8000000.06,280,0.692,0.308,1253.476008,258.527,2.409627763,0.783529419,80
8000000.06,280,0.788,0.212,1321.087586,194.5882582,3.106189958,2.388519897,80
8000000.06,280,0.884,0.116,1403.337446,113.6126662,2.768027127,0.719848938,80
8000000.06,280,0.98,0.02,1491.012294,20.47656897,3.458413476,0.173674184,80
8000000.06,300,0.02,0.98,97.9972606,1012.938392,0.454712706,1.938200531,80
8000000.06,300,0.116,0.884,438.7412864,777.3688211,2.009792082,2.775375799,80
8000000.06,300,0.212,0.788,662.3417485,617.8298336,2.599783352,3.465915837,80
8000000.06,300,0.308,0.692,825.0058809,499.98158,2.900276268,3.085343298,80
8000000.06,300,0.404,0.596,950.7130538,405.6297734,1.211844721,1.904828563,80
8000000.06,300,0.5,0.5,1057.021945,324.0364559,1.669926846,1.531713225,80
8000000.06,300,0.596,0.404,1144.610376,254.3507417,1.271703439,0.644691073,80
8000000.06,300,0.692,0.308,1221.923008,191.1432057,2.322107318,1.273977479,80
8000000.06,300,0.788,0.212,1291.076086,132.710518,2.0434068,0.659327693,80
8000000.06,300,0.884,0.116,1354.771835,76.46923122,1.704809906,0.681004381,80
8000000.06,300,0.98,0.02,1419.122832,14.55917694,2.49799438,0.104902218,80
8000000.06,320,0.02,0.98,86.06660203,906.0961514,0.714271642,3.430295625,80
8000000.06,320,0.116,0.884,398.7932512,701.0214344,1.759400071,1.668023905,80
8000000.06,320,0.212,0.788,610.4737721,558.6881063,1.80449064,0.753116384,80
8000000.06,320,0.308,0.692,769.6037195,448.7683205,1.343812123,2.151332774,80
8000000.06,320,0.404,0.596,895.0114321,359.9340321,1.108910402,1.265742277,80
8000000.06,320,0.5,0.5,997.3571752,285.4024513,1.803529293,1.360601748,80
8000000.06,320,0.596,0.404,1085.395027,220.3934309,3.104754586,1.253114015,80
8000000.06,320,0.692,0.308,1161.582045,162.3500188,2.132809745,1.351361028,80
8000000.06,320,0.788,0.212,1229.76769,108.8757775,1.939703566,0.615107578,80
8000000.06,320,0.884,0.116,1291.874674,58.57986746,1.41667849,0.724395946,80
8000000.06,320,0.98,0.02,1349.890256,10.16766452,2.073080895,0.014702136,80
8000000.06,340,0.02,0.98,74.69386699,807.0942158,0.443768052,1.33839566,80
8000000.06,340,0.116,0.884,355.4170102,633.9038591,1.305541181,1.862829153,80
8000000.06,340,0.212,0.788,556.4422581,506.5026013,1.370525603,0.794158135,80
8000000.06,340,0.308,0.692,709.6391096,407.470066,1.287924689,0.859767497,80
8000000.06,340,0.404,0.596,832.739293,326.5468069,0.817814573,1.264820622,80
8000000.06,340,0.5,0.5,934.0206049,258.0682646,1.718197214,1.03080268,80
8000000.06,340,0.596,0.404,1020.72083,198.0927783,1.089559783,1.685601627,80
8000000.06,340,0.692,0.308,1097.007423,144.1823314,0.884186524,0.835223155,80
8000000.06,340,0.788,0.212,1163.591334,96.13216398,1.19500749,0.515656892,80
8000000.06,340,0.884,0.116,1224.628163,51.16813064,2.237618662,0.275860032,80
8000000.06,340,0.98,0.02,1281.551529,8.648659886,3.268623177,0.114703348,80
8000000.06,360,0.02,0.98,64.22081517,717.0791297,0.101806981,1.519961241,80
8000000.06,360,0.116,0.884,313.771545,572.6892158,0.822821917,1.057391101,80
8000000.06,360,0.212,0.788,500.3896245,462.0475236,1.299671971,1.206502288,80
8000000.06,360,0.308,0.692,647.5587694,373.3410368,1.535341525,0.681665948,80
8000000.06,360,0.404,0.596,767.2935043,299.7639166,1.490679211,1.402237854,80
8000000.06,360,0.5,0.5,867.8136439,236.6173895,1.401640614,1.491618197,80
8000000.06,360,0.596,0.404,953.2699569,181.4877697,2.534755714,0.834027614,80
8000000.06,360,0.692,0.308,1028.326557,132.1284315,1.066319134,0.421806328,80
8000000.06,360,0.788,0.212,1095.664722,87.50054432,1.775473355,0.657175849,80
8000000.06,360,0.884,0.116,1156.193414,46.18890356,0.876166678,0.189203046,80
8000000.06,360,0.98,0.02,1211.481104,7.780266362,0.868251722,0.069015538,80
8000000.06,380,0.02,0.98,54.99514827,637.7588641,0.255657735,1.158978777,80
8000000.06,380,0.116,0.884,275.5331494,516.3629703,1.194822367,2.053438346,80
8000000.06,380,0.212,0.788,446.3724636,421.9109485,1.169251154,1.278841334,80
8000000.06,380,0.308,0.692,585.0006005,343.2820763,0.875222757,1.480858498,80
8000000.06,380,0.404,0.596,700.0465855,276.9772193,0.95006169,1.177710174,80
8000000.06,380,0.5,0.5,798.2286449,218.9374093,1.283295749,0.67052985,80
8000000.06,380,0.596,0.404,883.4577783,168.2833428,1.067785151,0.494366953,80
8000000.06,380,0.692,0.308,958.6531877,122.6987612,1.630255915,0.370624656,80
8000000.06,380,0.788,0.212,1024.945561,81.02065163,2.125773269,0.503359307,80
8000000.06,380,0.884,0.116,1086.197197,42.79519687,1.131205389,0.025921499,80
8000000.06,380,0.98,0.02,1140.908459,7.152860441,1.035101127,0.037611749,80
8000000.06,400,0.02,0.98,47.06451079,567.0266825,0.19910304,0.933723467,80
8000000.06,400,0.116,0.884,240.9208904,465.589172,0.78278068,2.259166664,80
8000000.06,400,0.212,0.788,396.6814552,384.1734607,1.207071493,1.771721751,80
8000000.06,400,0.308,0.692,525.7493284,315.5376773,1.191109909,0.523475656,80
8000000.06,400,0.404,0.596,635.9255904,255.7263417,1.777883582,0.820864417,80
8000000.06,400,0.5,0.5,729.9836608,203.3091139,1.179772856,1.043185101,80
8000000.06,400,0.596,0.404,813.8508834,156.3569329,1.291344306,0.29920085,80
8000000.06,400,0.692,0.308,887.1011711,114.2919721,0.719660619,0.272737463,80
8000000.06,400,0.788,0.212,954.4371384,75.66776908,1.46645683,0.36530583,80
8000000.06,400,0.884,0.116,1015.154157,40.01485177,1.159876377,0.100052626,80
8000000.06,400,0.98,0.02,1069.519562,6.71416118,1.210438491,0.031794381,80
9000000.055,200,0.02,0.98,99.49928308,1492.408024,5.571254396,9.151425415,90
9000000.055,200,0.116,0.884,416.6810451,1258.912183,4.009438183,6.352917104,90
9000000.055,200,0.212,0.788,619.6060492,1107.61282,4.709872458,5.727143727,90
9000000.055,200,0.308,0.692,782.3160354,986.1144082,9.24146373,5.725469293,90
9000000.055,200,0.404,0.596,928.1743326,876.3854765,8.235593889,10.21319029,90
9000000.055,200,0.5,0.5,1068.514904,769.3703394,5.721087802,6.547610051,90
9000000.055,200,0.596,0.404,1206.239179,663.7192518,8.916923788,8.679402779,90
9000000.055,200,0.692,0.308,1347.642309,553.4839447,7.296118671,5.714925842,90
9000000.055,200,0.788,0.212,1505.599649,423.0967855,7.117933111,3.42280457,90
9000000.055,200,0.884,0.116,1689.280537,262.6349069,2.672050175,4.453566855,90
9000000.055,200,0.98,0.02,1919.222764,56.81845521,8.945856501,1.557486056,90
9000000.055,220,0.02,0.98,100.0109187,1431.901867,5.095739204,3.273075173,90
9000000.055,220,0.116,0.884,421.4705647,1198.071559,3.658536828,5.365734668,90
9000000.055,220,0.212,0.788,618.8798777,1054.967403,3.696014931,2.585837595,90
9000000.055,220,0.308,0.692,778.8943414,932.9710486,5.564074324,7.376723295,90
9000000.055,220,0.404,0.596,917.2179442,826.8017233,6.168417495,4.520953032,90
9000000.055,220,0.5,0.5,1048.810352,721.7885012,5.578476807,2.94918898,90
9000000.055,220,0.596,0.404,1181.889153,615.8943305,4.657385922,8.339421431,90
9000000.055,220,0.692,0.308,1318.735831,500.5085629,3.677397321,3.812536978,90
9000000.055,220,0.788,0.212,1465.549541,372.9006405,3.912504676,4.823280414,90
9000000.055,220,0.884,0.116,1630.208502,226.4620029,2.378213071,3.39666263,90
9000000.055,220,0.98,0.02,1824.345458,46.06840976,3.151769465,0.720885294,90
9000000.055,240,0.02,0.98,116.6213464,1346.578003,3.312003122,2.951159487,90
9000000.055,240,0.116,0.884,467.8061907,1090.569684,5.237187964,4.410469056,90
9000000.055,240,0.212,0.788,655.5358846,951.9318859,6.220766767,3.242850342,90
9000000.055,240,0.308,0.692,794.2052085,845.2727926,4.085075483,5.577742937,90
9000000.055,240,0.404,0.596,921.7231706,743.8808439,3.985610828,3.759223479,90
9000000.055,240,0.5,0.5,1042.664185,645.5045478,4.560110218,3.118795346,90
9000000.055,240,0.596,0.404,1162.859384,544.5873357,2.32014092,4.144188471,90
9000000.055,240,0.692,0.308,1285.43035,435.6312406,6.20302638,0.876943108,90
9000000.055,240,0.788,0.212,1415.651974,319.0286033,7.62187444,2.281145925,90
9000000.055,240,0.884,0.116,1556.037368,188.1154136,2.797782806,3.484324223,90
9000000.055,240,0.98,0.02,1710.725606,36.32077645,8.450281878,0.698067575,90
9000000.055,260,0.02,0.98,114.5300896,1250.784618,2.572287143,2.967028148,90
9000000.055,260,0.116,0.884,484.1156929,980.7039629,3.343299645,1.718463715,90
9000000.055,260,0.212,0.788,706.4221567,815.1705388,4.712385938,4.670697113,90
9000000.055,260,0.308,0.692,854.669543,701.9356496,1.866172006,2.651575777,90
9000000.055,260,0.404,0.596,958.4896335,619.5450607,1.493294288,1.821568549,90
9000000.055,260,0.5,0.5,1054.394308,540.9004817,3.400657465,3.797339878,90
9000000.055,260,0.596,0.404,1153.045541,454.8273161,2.802424998,1.905820143,90
9000000.055,260,0.692,0.308,1255.605711,363.7279936,2.613324849,2.390767938,90
9000000.055,260,0.788,0.212,1362.399377,262.3244769,2.835891776,1.288637083,90
9000000.055,260,0.884,0.116,1474.549005,151.6577266,5.736775856,1.388170446,90
9000000.055,260,0.98,0.02,1590.082614,27.83732364,11.30465318,0.322597369,90
9000000.055,280,0.02,0.98,105.5304898,1145.938092,1.586374914,2.546758007,90
9000000.055,280,0.116,0.884,463.7342145,889.0594051,2.733324346,5.279698364,90
9000000.055,280,0.212,0.788,689.7656853,721.1490424,1.680661342,3.409135986,90
9000000.055,280,0.308,0.692,853.1718889,596.8632716,2.477651097,3.745345388,90
9000000.055,280,0.404,0.596,978.0876368,497.9320598,3.576104635,1.223376046,90
9000000.055,280,0.5,0.5,1078.783839,417.6277558,0.628776232,2.621327967,90
9000000.055,280,0.596,0.404,1158.570484,348.3075925,1.948181502,1.343081032,90
9000000.055,280,0.692,0.308,1234.342565,281.4079208,1.775933504,1.842705336,90
9000000.055,280,0.788,0.212,1314.867239,205.686468,2.151201158,0.919613321,90
9000000.055,280,0.884,0.116,1405.84684,117.6290339,3.19080251,1.112921943,90
9000000.055,280,0.98,0.02,1499.589035,21.28691489,7.072571621,0.378758514,90
9000000.055,300,0.02,0.98,95.08739218,1040.346836,0.699163612,1.638803291,90
9000000.055,300,0.116,0.884,430.7128095,804.9660577,1.200626152,2.468520342,90
9000000.055,300,0.212,0.788,652.2080959,644.6531945,1.909900434,2.114879435,90
9000000.055,300,0.308,0.692,815.2339303,524.8134509,2.102365364,3.470239227,90
9000000.055,300,0.404,0.596,942.2575129,428.1420088,2.759647375,2.012125222,90
9000000.055,300,0.5,0.5,1047.599704,346.0301765,1.002080175,1.205345215,90
9000000.055,300,0.596,0.404,1136.765016,274.7377455,1.811008006,2.334703808,90
9000000.055,300,0.692,0.308,1215.488343,209.0235991,1.575198385,1.640843484,90
9000000.055,300,0.788,0.212,1284.614913,148.4923312,3.273971049,0.707513266,90
9000000.055,300,0.884,0.116,1351.36246,85.97719304,1.410123556,0.428787767,90
9000000.055,300,0.98,0.02,1424.545486,15.82424063,3.24462338,0.121055986,90
9000000.055,320,0.02,0.98,84.7034703,937.0177562,0.962543,3.62668487,90
9000000.055,320,0.116,0.884,394.4950179,729.5089536,2.622512504,4.585743445,90
9000000.055,320,0.212,0.788,605.8606673,584.3138717,1.762913821,2.653777502,90
9000000.055,320,0.308,0.692,766.0828295,470.5388731,1.192758865,1.070765709,90
9000000.055,320,0.404,0.596,891.457332,380.6046414,2.164810544,1.589988187,90
9000000.055,320,0.5,0.5,996.0263853,302.4886385,0.850542347,1.54424433,90
9000000.055,320,0.596,0.404,1084.080219,234.9380266,1.853167784,0.987985635,90
9000000.055,320,0.692,0.308,1163.020442,173.7011999,0.930001864,1.304503029,90
9000000.055,320,0.788,0.212,1233.760657,118.3456585,1.567897874,0.501233003,90
9000000.055,320,0.884,0.116,1296.734494,64.49301675,1.733832639,0.744896642,90
9000000.055,320,0.98,0.02,1359.720677,11.36261044,2.177579431,0.136835265,90
9000000.055,340,0.02,0.98,74.46250902,840.1512692,0.65470313,2.23956884,90
9000000.055,340,0.116,0.884,355.0283929,662.1114786,1.509629447,1.099999784,90
9000000.055,340,0.212,0.788,556.7407416,531.0053915,1.91455376,1.926425767,90
9000000.055,340,0.308,0.692,711.0133113,429.1130939,1.052967148,1.233849314,90
9000000.055,340,0.404,0.596,834.5966143,344.2021446,1.26377159,2.077678465,90
9000000.055,340,0.5,0.5,937.3964994,273.0581056,0.401392375,0.915647682,90
9000000.055,340,0.596,0.404,1025.557424,210.0365748,1.229377475,1.047062399,90
9000000.055,340,0.692,0.308,1103.013912,154.0359119,1.889112582,0.724780926,90
9000000.055,340,0.788,0.212,1172.051895,102.8541353,1.687977888,0.469569916,90
9000000.055,340,0.884,0.116,1234.796463,54.99388675,1.269658865,0.354957479,90
9000000.055,340,0.98,0.02,1293.027693,9.342581572,2.784032035,0.028977682,90
9000000.055,360,0.02,0.98,64.71967146,751.8396343,0.3176214,1.663692973,90
9000000.055,360,0.116,0.884,317.4743306,600.0287189,0.824726099,1.60429212,90
9000000.055,360,0.212,0.788,505.8466012,485.1563747,1.777700951,1.017759539,90
9000000.055,360,0.308,0.692,652.3115789,393.5942299,1.499133289,0.937096749,90
9000000.055,360,0.404,0.596,773.4225505,316.3210082,0.555816336,1.345285077,90
9000000.055,360,0.5,0.5,875.4104715,249.9258934,1.883849024,1.508884307,90
9000000.055,360,0.596,0.404,962.8544226,191.6865015,1.425556069,1.013478779,90
9000000.055,360,0.692,0.308,1040.002578,139.847966,2.093622756,0.914379394,90
9000000.055,360,0.788,0.212,1107.191298,92.95052499,0.673058554,0.699113157,90
9000000.055,360,0.884,0.116,1169.986685,49.38728838,2.76617949,0.311205537,90
9000000.055,360,0.98,0.02,1227.275172,8.331770541,2.452007808,0.076179243,90
9000000.055,380,0.02,0.98,56.06362215,671.9253333,0.269315522,1.689928084,90
9000000.055,380,0.116,0.884,280.926392,544.0615996,1.556548236,1.365047099,90
9000000.055,380,0.212,0.788,455.144531,443.9706134,0.995090191,0.97213032,90
9000000.055,380,0.308,0.692,594.9528188,361.1964982,1.119985154,1.329256138,90
9000000.055,380,0.404,0.596,711.5040008,292.0271167,1.791541987,0.550648622,90
9000000.055,380,0.5,0.5,811.4524064,231.1926574,0.819025679,1.377922714,90
9000000.055,380,0.596,0.404,896.7843716,177.678898,0.853871912,0.3906994,90
9000000.055,380,0.692,0.308,973.0906086,129.551201,1.582122437,0.402890616,90
9000000.055,380,0.788,0.212,1041.607649,85.95139026,1.635893516,0.41172069,90
9000000.055,380,0.884,0.116,1103.344466,45.50372711,1.170032943,0.063496676,90
9000000.055,380,0.98,0.02,1160.923894,7.648897295,0.914725489,0.048178395,90
9000000.055,400,0.02,0.98,48.28430206,601.5390649,0.304473367,1.592717789,90
9000000.055,400,0.116,0.884,247.0515917,493.8978726,0.876906136,0.983451326,90
9000000.055,400,0.212,0.788,406.5755287,406.9638985,0.833776845,1.100768844,90
9000000.055,400,0.308,0.692,537.6708162,333.6776571,1.627308078,0.959397235,90
9000000.055,400,0.404,0.596,649.3794347,270.4898975,0.536893392,0.671369352,90
9000000.055,400,0.5,0.5,746.1967073,215.1232384,1.073353478,0.706262606,90
9000000.055,400,0.596,0.404,831.0942285,165.430265,1.876553851,0.591301006,90
9000000.055,400,0.692,0.308,905.6280415,120.9348206,2.08709638,0.31634974,90
9000000.055,400,0.788,0.212,973.4752375,80.24371079,1.470938617,0.360966463,90
9000000.055,400,0.884,0.116,1034.276285,42.36602213,0.718606263,0.163849862,90
9000000.055,400,0.98,0.02,1092.092172,7.138313905,1.546990791,0.027719287,90
10000000.05,200,0.02,0.98,96.66931958,1494.516285,4.997387683,3.037181502,100
10000000.05,200,0.116,0.884,411.9853221,1264.185614,2.29882571,5.858118789,100
10000000.05,200,0.212,0.788,618.4253829,1110.569473,3.492228327,3.146520194,100
10000000.05,200,0.308,0.692,780.2309648,991.512385,4.783689036,6.786093783,100
10000000.05,200,0.404,0.596,926.8170886,878.418805,4.041600573,5.243435657,100
10000000.05,200,0.5,0.5,1068.455565,771.4503208,4.555329678,6.069811268,100
10000000.05,200,0.596,0.404,1203.834516,666.2646184,1.699915357,3.287285058,100
10000000.05,200,0.692,0.308,1345.980613,554.7551387,8.327862553,9.141765136,100
10000000.05,200,0.788,0.212,1505.603908,425.9895718,3.784818342,1.454525917,100
10000000.05,200,0.884,0.116,1688.152454,266.3403251,7.013900777,6.198813842,100
10000000.05,200,0.98,0.02,1925.061792,57.47966451,8.039853338,1.096354228,100
10000000.05,220,0.02,0.98,95.23360868,1437.68931,3.560353808,3.230747773,100
10000000.05,220,0.116,0.884,411.9681744,1208.601432,5.964658846,3.154466752,100
10000000.05,220,0.212,0.788,613.7964057,1059.309318,2.779318402,1.859846393,100
10000000.05,220,0.308,0.692,775.4309992,938.0633923,3.835277667,4.301021013,100
10000000.05,220,0.404,0.596,912.2752622,831.2805322,2.923922921,2.208547524,100
10000000.05,220,0.5,0.5,1047.525415,726.5255977,5.384405875,5.010826352,100
10000000.05,220,0.596,0.404,1183.001283,617.6953128,5.517877331,4.488620805,100
10000000.05,220,0.692,0.308,1320.745935,504.2322508,9.750182853,1.126296959,100
10000000.05,220,0.788,0.212,1466.157823,375.4651081,2.74037089,5.032942125,100
10000000.05,220,0.884,0.116,1632.626948,226.9532083,6.153871154,4.185025648,100
10000000.05,220,0.98,0.02,1831.770999,46.58981646,11.60553906,1.055818929,100
10000000.05,240,0.02,0.98,107.3238872,1359.902855,2.57421207,3.211539354,100
10000000.05,240,0.116,0.884,439.849455,1117.412665,2.324026885,4.239913668,100
10000000.05,240,0.212,0.788,634.1654574,972.8808016,6.761812257,4.16804228,100
10000000.05,240,0.308,0.692,782.7207694,858.3705449,3.166273284,4.711206323,100
10000000.05,240,0.404,0.596,914.7261861,755.0323737,3.994979359,4.823937221,100
10000000.05,240,0.5,0.5,1039.431359,651.9316574,2.299590988,5.379182291,100
10000000.05,240,0.596,0.404,1161.800922,550.3011628,4.695485315,4.164504455,100
10000000.05,240,0.692,0.308,1285.067291,440.0780125,3.811025646,2.942169219,100
10000000.05,240,0.788,0.212,1417.932371,321.8398425,5.434268232,3.563904067,100
10000000.05,240,0.884,0.116,1556.716085,191.2376196,7.541070263,1.766488441,100
10000000.05,240,0.98,0.02,1716.984562,36.89304407,10.56203503,0.301299332,100
10000000.05,260,0.02,0.98,107.7184194,1267.484491,1.086307176,1.890957871,100
10000000.05,260,0.116,0.884,463.5377759,1008.080369,2.507186619,2.208908744,100
10000000.05,260,0.212,0.788,675.7565222,848.8961614,4.71023162,1.471370696,100
10000000.05,260,0.308,0.692,822.6367341,735.8201411,3.69281766,3.348972679,100
10000000.05,260,0.404,0.596,934.3533024,644.4933385,2.420004652,2.693854769,100
10000000.05,260,0.5,0.5,1041.477522,558.7080731,3.758712628,3.412978963,100
10000000.05,260,0.596,0.404,1145.213719,466.4201255,2.143093145,1.845762715,100
10000000.05,260,0.692,0.308,1252.39272,371.2110777,2.546076948,2.226987685,100
10000000.05,260,0.788,0.212,1363.374515,266.7309688,5.53123314,1.457179447,100
10000000.05,260,0.884,0.116,1477.654254,154.3651485,6.865358471,1.42466967,100
10000000.05,260,0.98,0.02,1596.898598,28.39585865,8.785391086,0.485401816,100
10000000.05,280,0.02,0.98,101.3572555,1167.20052,1.332831762,3.112829103,100
10000000.05,280,0.116,0.884,448.0304431,916.2669677,2.324649687,2.957557109,100
10000000.05,280,0.212,0.788,672.2256746,747.6217625,4.58620182,3.325559225,100
10000000.05,280,0.308,0.692,832.4543757,624.6512755,3.073604633,1.221081261,100
10000000.05,280,0.404,0.596,956.1271884,527.2396225,2.987241832,2.770261264,100
10000000.05,280,0.5,0.5,1056.20412,444.4958819,1.257318581,2.758657149,100
10000000.05,280,0.596,0.404,1142.341484,370.8998858,4.232674435,1.938371066,100
10000000.05,280,0.692,0.308,1225.623298,295.0259715,3.738602544,2.149570601,100
10000000.05,280,0.788,0.212,1314.858041,212.9475097,4.26594286,0.893351523,100
10000000.05,280,0.884,0.116,1408.873677,121.2996962,3.695354348,1.242373025,100
10000000.05,280,0.98,0.02,1502.285969,21.81439997,5.978607459,0.313204583,100
10000000.05,300,0.02,0.98,92.46406904,1064.747818,1.451772615,2.199388616,100
10000000.05,300,0.116,0.884,420.5859942,832.0516371,1.167417115,1.745702811,100
10000000.05,300,0.212,0.788,641.8297361,671.4064722,2.085744308,1.72387462,100
10000000.05,300,0.308,0.692,802.8653277,549.6366805,2.570272822,3.156550396,100
10000000.05,300,0.404,0.596,931.2331579,449.8726277,0.529521741,1.537862875,100
10000000.05,300,0.5,0.5,1037.104783,367.3829665,1.780056985,2.329962119,100
10000000.05,300,0.596,0.404,1126.362128,293.9882667,2.117209823,1.480232474,100
10000000.05,300,0.692,0.308,1205.659875,226.6195904,1.607306431,2.046310091,100
10000000.05,300,0.788,0.212,1279.00784,161.428669,3.295910914,1.451957915,100
10000000.05,300,0.884,0.116,1352.473748,92.61294147,2.920075567,0.593474825,100
10000000.05,300,0.98,0.02,1429.871685,16.66490915,3.312924797,0.17273646,100
10000000.05,320,0.02,0.98,83.16435782,964.2907435,0.603836073,1.810338294,100
10000000.05,320,0.116,0.884,389.7070448,753.9759143,0.925576415,1.19497874,100
10000000.05,320,0.212,0.788,600.4556492,607.5780763,2.325825332,2.82398985,100
10000000.05,320,0.308,0.692,759.7792677,492.1752511,1.595099211,1.153064349,100
10000000.05,320,0.404,0.596,886.5721978,399.0247286,1.835152825,1.730500215,100
10000000.05,320,0.5,0.5,991.8788182,319.9169637,2.539188997,1.77977156,100
10000000.05,320,0.596,0.404,1082.354842,249.8589274,3.132031366,1.851333847,100
10000000.05,320,0.692,0.308,1162.454975,186.3301555,1.986010558,1.772831598,100
10000000.05,320,0.788,0.212,1233.421827,127.0233595,0.49926586,0.763337654,100
10000000.05,320,0.884,0.116,1301.073127,70.22438629,0.871574959,0.785926921,100
10000000.05,320,0.98,0.02,1365.625094,12.45699478,3.284810955,0.104517044,100
10000000.05,340,0.02,0.98,73.92121766,869.1025284,0.626679382,3.192529017,100
10000000.05,340,0.116,0.884,353.7059055,687.4057908,1.377782093,1.091268273,100
10000000.05,340,0.212,0.788,556.0757536,552.4369405,2.139356339,1.724360442,100
10000000.05,340,0.308,0.692,710.2044945,447.6607404,0.747459146,1.367018802,100
10000000.05,340,0.404,0.596,834.6637941,360.544467,1.68422983,1.167417623,100
10000000.05,340,0.5,0.5,938.5567622,287.1384071,1.840691572,1.199705044,100
10000000.05,340,0.596,0.404,1028.02829,221.42504,2.221841981,0.80185929,100
10000000.05,340,0.692,0.308,1106.928168,163.0591105,1.270725534,0.998015463,100
10000000.05,340,0.788,0.212,1177.141607,109.7916031,1.222447906,0.717541417,100
10000000.05,340,0.884,0.116,1242.529902,59.09858998,1.504430625,0.382373694,100
10000000.05,340,0.98,0.02,1303.351299,10.14579276,2.22590065,0.042466803,100
10000000.05,360,0.02,0.98,65.14790212,781.6137945,0.503218351,2.730513437,100
10000000.05,360,0.116,0.884,318.8208031,624.5525323,0.108547041,1.926616931,100
10000000.05,360,0.212,0.788,508.4156595,505.4523761,2.034952068,1.127844343,100
10000000.05,360,0.308,0.692,657.2522802,410.8087556,1.081471597,0.841156273,100
10000000.05,360,0.404,0.596,778.5871755,331.0817239,2.302074432,0.772837345,100
10000000.05,360,0.5,0.5,881.2140916,262.1230421,2.179992877,1.114416366,100
10000000.05,360,0.596,0.404,970.0646135,202.1440577,1.117997356,0.869413975,100
10000000.05,360,0.692,0.308,1047.269448,147.8153632,0.952405549,0.361646452,100
10000000.05,360,0.788,0.212,1117.174528,98.51386474,1.35136774,0.411355423,100
10000000.05,360,0.884,0.116,1180.402922,52.54042308,0.886588207,0.252210285,100
10000000.05,360,0.98,0.02,1240.279324,8.871983837,2.024314409,0.065601312,100
10000000.05,380,0.02,0.98,56.79665818,702.4886603,0.187884606,0.672603366,100
10000000.05,380,0.116,0.884,283.8836336,569.5397697,0.727362199,0.506390986,100
10000000.05,380,0.212,0.788,460.3630682,464.6278538,0.937503894,0.508082178,100
10000000.05,380,0.308,0.692,602.5336654,378.511724,1.552558793,1.782153964,100
10000000.05,380,0.404,0.596,720.2639672,305.1340299,1.146702983,0.961416006,100
10000000.05,380,0.5,0.5,819.8107319,242.9360234,1.398442557,1.027406391,100
10000000.05,380,0.596,0.404,907.8933798,186.7025987,1.804292504,0.338049411,100
10000000.05,380,0.692,0.308,985.2100001,136.5974735,2.413473313,0.37487834,100
10000000.05,380,0.788,0.212,1054.687609,90.93118882,1.985083324,0.290549649,100
10000000.05,380,0.884,0.116,1116.980369,48.103522,1.929747643,0.230311304,100
10000000.05,380,0.98,0.02,1176.387652,8.087025084,1.02550192,0.061928035,100
10000000.05,400,0.02,0.98,49.42942497,631.9746248,0.209523435,1.139061553,100
10000000.05,400,0.116,0.884,252.3517973,518.8408687,0.867147539,1.347352057,100
10000000.05,400,0.212,0.788,414.7885873,426.5450763,0.801297227,1.21142968,100
10000000.05,400,0.308,0.692,548.0045974,350.5403298,1.071677878,0.907683693,100
10000000.05,400,0.404,0.596,661.2936782,283.8634452,1.575859467,1.238543803,100
10000000.05,400,0.5,0.5,759.5721661,225.4820167,0.86736502,0.150421192,100
10000000.05,400,0.596,0.404,844.5114441,174.053988,2.256347788,0.568976927,100
10000000.05,400,0.692,0.308,920.894927,127.4468888,1.412879707,0.323329775,100
10000000.05,400,0.788,0.212,989.7262151,84.45320103,1.487219882,0.331937113,100
10000000.05,400,0.884,0.116,1052.027277,44.68917309,0.590839461,0.183471441,100
10000000.05,400,0.98,0.02,1110.486853,7.527122013,2.120008358,0.04764914,100
11000000.05,200,0.02,0.98,94.87974793,1497.997652,5.439218488,5.00113262,110
11000000.05,200,0.116,0.884,408.91833,1266.920276,8.576061431,9.730397782,110
11000000.05,200,0.212,0.788,616.3275872,1115.046793,7.496725227,7.13509981,110
11000000.05,200,0.308,0.692,780.8432888,990.5902559,7.371658601,4.062583223,110
11000000.05,200,0.404,0.596,927.0498575,880.4119574,4.401926967,4.705783717,110
11000000.05,200,0.5,0.5,1066.235348,775.1449329,6.772399514,5.313346772,110
11000000.05,200,0.596,0.404,1205.399051,669.467904,2.427390422,2.625665317,110
11000000.05,200,0.692,0.308,1349.673495,555.2880788,6.622316513,9.183125499,110
11000000.05,200,0.788,0.212,1505.716806,426.5153425,7.608294229,3.081297399,110
11000000.05,200,0.884,0.116,1692.812932,267.0382817,2.4478272,6.450383028,110
11000000.05,200,0.98,0.02,1928.45866,57.58351638,3.733751165,0.696699595,110
11000000.05,220,0.02,0.98,92.34132206,1445.068403,1.75980716,3.832758871,110
11000000.05,220,0.116,0.884,405.6723454,1215.239726,4.324142688,3.316536534,110
11000000.05,220,0.212,0.788,607.8736742,1066.133669,4.813642046,6.294397765,110
11000000.05,220,0.308,0.692,768.5759171,945.7479632,5.30342172,4.164534413,110
11000000.05,220,0.404,0.596,913.2725136,833.8914621,5.87069715,5.175859029,110
11000000.05,220,0.5,0.5,1047.624639,729.0006734,4.108481376,5.060728416,110
11000000.05,220,0.596,0.404,1179.949648,621.2205098,2.564752137,5.406572906,110
11000000.05,220,0.692,0.308,1319.291611,507.0128384,6.559354329,5.046896704,110
11000000.05,220,0.788,0.212,1468.221432,377.3266143,3.672292313,4.890231212,110
11000000.05,220,0.884,0.116,1634.423629,228.0688063,4.006156006,1.994882872,110
11000000.05,220,0.98,0.02,1838.309771,47.15534766,10.26125142,0.999968533,110
11000000.05,240,0.02,0.98,100.3568568,1370.599476,1.82666839,3.77614647,110
11000000.05,240,0.116,0.884,420.2317265,1136.812393,2.960386039,1.773894702,110
11000000.05,240,0.212,0.788,621.5551594,986.0423682,3.148558042,4.208056986,110
11000000.05,240,0.308,0.692,774.1351558,869.0780591,1.446452122,3.298022593,110
11000000.05,240,0.404,0.596,908.9331476,763.4856598,3.256496883,2.715890376,110
11000000.05,240,0.5,0.5,1035.13801,658.7999252,3.533098784,0.798547671,110
11000000.05,240,0.596,0.404,1159.764364,554.1064325,3.873082099,4.413116511,110
11000000.05,240,0.692,0.308,1285.956583,445.8771966,5.909634236,1.130230385,110
11000000.05,240,0.788,0.212,1417.738076,325.6208333,5.918294283,1.888814195,110
11000000.05,240,0.884,0.116,1560.844822,193.3996504,8.811076033,3.031385595,110
11000000.05,240,0.98,0.02,1715.203646,37.38752237,6.207316742,0.873122929,110
11000000.05,260,0.02,0.98,102.3680459,1282.648925,1.982308092,3.398120651,110
11000000.05,260,0.116,0.884,443.3931634,1032.409484,1.816595329,1.299209912,110
11000000.05,260,0.212,0.788,650.513162,877.038183,3.490980035,3.152167237,110
11000000.05,260,0.308,0.692,798.8620507,760.8275056,1.506456261,2.046482161,110
11000000.05,260,0.404,0.596,919.4355838,664.399943,3.078428554,2.803131358,110
11000000.05,260,0.5,0.5,1031.492935,569.9456699,3.01542669,5.08611201,110
11000000.05,260,0.596,0.404,1141.144049,477.5431683,2.550554173,3.742581536,110
11000000.05,260,0.692,0.308,1250.071787,377.0151453,1.260706531,3.801171103,110
11000000.05,260,0.788,0.212,1363.912008,272.1843264,1.727607486,1.877097223,110
11000000.05,260,0.884,0.116,1483.560001,157.6208883,4.271448456,1.427396242,110
11000000.05,260,0.98,0.02,1601.615701,28.82385581,13.7341851,0.636450208,110
11000000.05,280,0.02,0.98,97.43279816,1184.933647,1.18411799,2.231041711,110
11000000.05,280,0.116,0.884,435.287956,937.9586226,1.69053021,2.812888964,110
11000000.05,280,0.212,0.788,654.694319,773.5539749,2.809667288,3.024836504,110
11000000.05,280,0.308,0.692,812.6952874,652.1896679,3.225091399,2.736201919,110
11000000.05,280,0.404,0.596,936.5733567,552.964391,3.936853715,3.63828454,110
11000000.05,280,0.5,0.5,1038.778011,468.6841205,3.262574543,3.187988057,110
11000000.05,280,0.596,0.404,1130.103741,388.7329856,1.949312587,2.37810666,110
11000000.05,280,0.692,0.308,1221.217756,306.2007758,3.017277205,2.360123471,110
11000000.05,280,0.788,0.212,1314.166247,218.9430027,3.404792229,0.973546684,110
11000000.05,280,0.884,0.116,1410.113356,124.4974403,2.676267388,1.450364977,110
11000000.05,280,0.98,0.02,1507.640222,22.3312349,6.043423918,0.180270143,110
11000000.05,300,0.02,0.98,90.01588553,1085.407153,0.527783306,0.787505515,110
11000000.05,300,0.116,0.884,412.9630924,853.4792032,1.064860295,2.433320461,110
11000000.05,300,0.212,0.788,629.9975682,694.9799293,2.827239721,3.32753592,110
11000000.05,300,0.308,0.692,792.7427722,570.8149986,2.484910975,2.834746374,110
11000000.05,300,0.404,0.596,920.7780949,471.5510868,2.497028393,1.013850474,110
11000000.05,300,0.5,0.5,1025.426538,387.3483113,2.183796973,3.522347173,110
11000000.05,300,0.596,0.404,1115.834052,312.5679501,1.740910702,2.577592972,110
11000000.05,300,0.692,0.308,1197.4606,241.4484324,2.413983381,1.587050078,110
11000000.05,300,0.788,0.212,1276.332178,171.4419324,1.697222917,0.662225019,110
11000000.05,300,0.884,0.116,1354.014055,97.61814451,3.659975719,0.677743184,110
11000000.05,300,0.98,0.02,1431.945224,17.28235762,3.276764154,0.112989568,110
11000000.05,320,0.02,0.98,81.29371456,987.370744,0.325591567,2.785601562,110
11000000.05,320,0.116,0.884,382.8776843,779.035525,0.777777993,1.021236464,110
11000000.05,320,0.212,0.788,594.7040961,628.3538883,1.357500677,1.623355467,110
11000000.05,320,0.308,0.692,754.3256012,512.5418899,2.634557206,3.250476931,110
11000000.05,320,0.404,0.596,880.8511958,417.1597037,2.124387345,2.606469522,110
11000000.05,320,0.5,0.5,986.8331959,335.3516689,3.475547132,0.557916277,110
11000000.05,320,0.596,0.404,1078.518212,263.7164591,1.489093793,1.490263921,110
11000000.05,320,0.692,0.308,1159.51442,197.6844016,1.088222992,0.346795888,110
11000000.05,320,0.788,0.212,1232.119309,136.2564611,1.873009572,0.841194939,110
11000000.05,320,0.884,0.116,1302.596015,75.5773208,1.810877826,0.218126781,110
11000000.05,320,0.98,0.02,1371.634594,13.42307522,2.758711252,0.129127786,110
11000000.05,340,0.02,0.98,73.13294006,894.9117533,0.416812681,1.125561466,110
11000000.05,340,0.116,0.884,352.2834894,709.0115692,1.973757306,3.092658138,110
11000000.05,340,0.212,0.788,553.3365209,572.7998733,1.155635445,1.404409972,110
11000000.05,340,0.308,0.692,708.4045311,464.7573006,2.372843691,1.175022024,110
11000000.05,340,0.404,0.596,833.0170745,376.0486319,1.598929937,1.839810315,110
11000000.05,340,0.5,0.5,938.5575762,300.6405705,0.788928711,1.530103666,110
11000000.05,340,0.596,0.404,1029.610082,233.2366188,0.734421421,1.416540581,110
11000000.05,340,0.692,0.308,1109.005994,172.1527731,0.981070628,1.203668798,110
11000000.05,340,0.788,0.212,1181.220231,116.22157,2.514404139,0.552310357,110
11000000.05,340,0.884,0.116,1248.31065,62.80851064,2.213017965,0.19211098,110
11000000.05,340,0.98,0.02,1311.54002,10.8686863,0.745758342,0.028545095,110
11000000.05,360,0.02,0.98,65.07369501,808.246007,0.244519819,1.05298938,110
11000000.05,360,0.116,0.884,319.4166848,647.6986329,1.237656734,1.482613424,110
11000000.05,360,0.212,0.788,508.8672241,525.4164048,1.583001658,1.250204523,110
11000000.05,360,0.308,0.692,658.3518207,427.0526984,1.831593497,1.262822793,110
11000000.05,360,0.404,0.596,780.3151295,345.5908192,2.398789842,1.558783243,110
11000000.05,360,0.5,0.5,885.1601193,274.3449718,1.839738944,0.807939011,110
11000000.05,360,0.596,0.404,974.3214699,211.8553939,1.644390099,0.727433045,110
11000000.05,360,0.692,0.308,1053.128012,155.6407411,0.393272819,0.651105932,110
11000000.05,360,0.788,0.212,1124.651593,103.7469981,1.037973789,0.768271484,110
11000000.05,360,0.884,0.116,1189.325465,55.60437366,1.888829389,0.33077491,110
11000000.05,360,0.98,0.02,1250.489355,9.422206535,1.304820887,0.01799687,110
11000000.05,380,0.02,0.98,57.27614194,729.8484074,0.562400553,1.388418117,110
11000000.05,380,0.116,0.884,286.8902833,591.8723553,0.561563046,1.502675086,110
11000000.05,380,0.212,0.788,464.160356,483.7107781,1.171657189,0.848321526,110
11000000.05,380,0.308,0.692,607.5872104,394.2087344,1.396614012,0.540464867,110
11000000.05,380,0.404,0.596,725.8752729,319.1249222,2.468225572,1.005909946,110
11000000.05,380,0.5,0.5,827.7952815,253.8366948,2.046966862,0.656248367,110
11000000.05,380,0.596,0.404,916.2219681,195.802409,0.96035415,0.392640352,110
11000000.05,380,0.692,0.308,994.4884667,143.1710528,2.284617996,0.516592266,110
11000000.05,380,0.788,0.212,1064.479773,95.28894981,1.873359825,0.491482666,110
11000000.05,380,0.884,0.116,1128.595912,50.75379683,0.927738985,0.319065531,110
11000000.05,380,0.98,0.02,1188.99928,8.548479282,0.957344939,0.049130092,110
11000000.05,400,0.02,0.98,50.08434682,659.3890772,0.253399376,1.121433749,110
11000000.05,400,0.116,0.884,256.5579704,541.2566467,0.891359537,0.766362164,110
11000000.05,400,0.212,0.788,420.721005,445.6140429,0.788432126,0.580796603,110
11000000.05,400,0.308,0.692,556.0566253,365.6469067,1.684271005,1.155602052,110
11000000.05,400,0.404,0.596,670.3659114,296.333757,1.328128677,0.851553756,110
11000000.05,400,0.5,0.5,768.991694,236.1928038,1.495552232,0.860807414,110
11000000.05,400,0.596,0.404,856.3820315,182.3503966,1.208457147,0.718520067,110
11000000.05,400,0.692,0.308,932.7729216,133.4309525,1.436116401,0.398152393,110
11000000.05,400,0.788,0.212,1002.601705,88.78630218,1.569935264,0.557396897,110
11000000.05,400,0.884,0.116,1067.840881,47.02988379,1.200488987,0.251369132,110
11000000.05,400,0.98,0.02,1126.001973,7.926961244,2.127489538,0.045799813,110
12000000.04,200,0.02,0.98,94.94264083,1500.001731,7.701633269,6.921344827,120
12000000.04,200,0.116,0.884,408.4066129,1268.347828,3.982736424,3.300953323,120
12000000.04,200,0.212,0.788,610.0368319,1120.721968,3.602352335,3.492832829,120
12000000.04,200,0.308,0.692,778.3756785,995.9334754,6.021922592,4.694762423,120
12000000.04,200,0.404,0.596,925.5032293,884.8150725,5.090439314,6.619811173,120
12000000.04,200,0.5,0.5,1064.58483,777.9522065,4.271500511,8.577399848,120
12000000.04,200,0.596,0.404,1206.168608,669.0520116,5.370625642,5.307255211,120
12000000.04,200,0.692,0.308,1351.541669,553.7961064,5.179974371,6.754712537,120
12000000.04,200,0.788,0.212,1507.38005,428.6123641,5.482975886,6.551039595,120
12000000.04,200,0.884,0.116,1692.02091,267.7846748,5.29568063,3.718230739,120
12000000.04,200,0.98,0.02,1926.484832,57.71199346,5.241930692,0.832676171,120
12000000.04,220,0.02,0.98,91.16594653,1447.838981,3.102126083,2.147241303,120
12000000.04,220,0.116,0.884,398.3490667,1223.898915,6.919942336,4.094382915,120
12000000.04,220,0.212,0.788,603.4041541,1070.708243,3.814732477,2.61208449,120
12000000.04,220,0.308,0.692,766.5219674,949.948639,3.595172995,4.66773406,120
12000000.04,220,0.404,0.596,908.0432049,840.0503786,2.877742745,4.266283999,120
12000000.04,220,0.5,0.5,1045.233596,733.5093027,2.33188323,3.695402671,120
12000000.04,220,0.596,0.404,1181.400906,625.1004864,5.859182211,3.203191941,120
12000000.04,220,0.692,0.308,1321.305622,507.667571,6.47680726,5.35618125,120
12000000.04,220,0.788,0.212,1470.789974,380.0037483,7.057626195,5.246326302,120
12000000.04,220,0.884,0.116,1636.538355,230.4491736,5.420357859,2.239586976,120
12000000.04,220,0.98,0.02,1834.355549,46.90038499,14.96141332,0.831550179,120
12000000.04,240,0.02,0.98,95.56874808,1378.890811,2.051522722,1.381086449,120
12000000.04,240,0.116,0.884,409.8144317,1148.836004,4.561556947,4.486681153,120
12000000.04,240,0.212,0.788,609.7262202,1000.167037,4.52467199,5.918393428,120
12000000.04,240,0.308,0.692,765.4498306,879.7252571,5.649105283,5.796970685,120
12000000.04,240,0.404,0.596,902.4924858,771.7804925,2.657548361,1.688850065,120
12000000.04,240,0.5,0.5,1032.950949,665.6688338,6.209111326,4.334302272,120
12000000.04,240,0.596,0.404,1157.437544,560.4932967,5.290647291,7.383553001,120
12000000.04,240,0.692,0.308,1284.290762,448.98425,3.400928289,2.637441896,120
12000000.04,240,0.788,0.212,1420.981374,330.3776889,3.76806086,2.271144972,120
12000000.04,240,0.884,0.116,1561.89954,193.7183581,5.428892006,2.343165612,120
12000000.04,240,0.98,0.02,1723.887885,37.73443992,14.47272423,0.879879406,120
12000000.04,260,0.02,0.98,97.61938767,1293.970043,0.884679043,3.451482528,120
12000000.04,260,0.116,0.884,426.3279424,1053.531001,2.471409394,2.707900328,120
12000000.04,260,0.212,0.788,631.3936929,897.7695414,3.342263826,2.696750097,120
12000000.04,260,0.308,0.692,781.6365859,779.8332466,2.984089245,3.793141668,120
12000000.04,260,0.404,0.596,908.6100007,678.9080859,3.154396656,2.522811205,120
12000000.04,260,0.5,0.5,1024.53901,581.9018656,3.024927939,2.809147803,120
12000000.04,260,0.596,0.404,1137.441725,484.7519983,0.427608643,2.961448564,120
12000000.04,260,0.692,0.308,1249.087396,384.4497236,3.015202163,4.191735478,120
12000000.04,260,0.788,0.212,1364.473133,276.2086254,3.741810822,2.793742388,120
12000000.04,260,0.884,0.116,1484.349499,159.5544865,5.656719853,1.752348682,120
12000000.04,260,0.98,0.02,1607.191274,29.39208851,9.193874386,0.225935689,120
12000000.04,280,0.02,0.98,93.78484709,1200.928308,1.249263919,2.035409023,120
12000000.04,280,0.116,0.884,421.7555634,960.6916536,3.679546245,1.264234857,120
12000000.04,280,0.212,0.788,637.1764483,796.0343118,4.463959087,2.177700852,120
12000000.04,280,0.308,0.692,796.1809356,674.7228745,1.650286114,2.260094593,120
12000000.04,280,0.404,0.596,918.9357778,574.9173294,3.986296669,2.483879651,120
12000000.04,280,0.5,0.5,1023.697742,487.4210105,3.205346201,2.368704288,120
12000000.04,280,0.596,0.404,1122.837901,403.8976794,2.298985188,2.63073146,120
12000000.04,280,0.692,0.308,1218.635918,316.5362796,1.347251019,2.657155755,120
12000000.04,280,0.788,0.212,1315.621846,225.2752654,3.381755298,2.39295505,120
12000000.04,280,0.884,0.116,1411.998895,127.3498946,1.67398979,1.279933624,120
12000000.04,280,0.98,0.02,1512.040934,22.76094648,5.183921824,0.40005027,120
12000000.04,300,0.02,0.98,87.59052036,1103.132661,0.826860399,2.275738844,120
12000000.04,300,0.116,0.884,403.8120396,875.0457925,3.818955581,3.735750046,120
12000000.04,300,0.212,0.788,617.603651,715.7392725,3.113482722,1.788939217,120
12000000.04,300,0.308,0.692,778.8218165,593.1031307,3.138421551,3.839500163,120
12000000.04,300,0.404,0.596,906.298266,492.8176885,2.951530566,2.520991859,120
12000000.04,300,0.5,0.5,1014.099711,406.1918412,2.005319727,1.862302574,120
12000000.04,300,0.596,0.404,1106.720252,327.8466784,2.634387192,1.776078001,120
12000000.04,300,0.692,0.308,1191.647348,254.6863683,3.398479359,2.186787266,120
12000000.04,300,0.788,0.212,1272.857657,179.4563461,1.937710762,1.303004414,120
12000000.04,300,0.884,0.116,1356.105447,101.3039248,3.559878132,0.882354853,120
12000000.04,300,0.98,0.02,1439.141279,17.96857311,3.545403806,0.195614738,120
12000000.04,320,0.02,0.98,79.7646682,1008.725266,0.526732926,2.488340211,120
12000000.04,320,0.116,0.884,377.7213617,799.4790526,2.035947846,3.113909373,120
12000000.04,320,0.212,0.788,587.1739599,648.2476434,1.680665105,1.802078464,120
12000000.04,320,0.308,0.692,746.2691779,531.761084,0.787751538,1.731369891,120
12000000.04,320,0.404,0.596,874.127516,435.1691629,2.240227706,1.947713065,120
12000000.04,320,0.5,0.5,980.7618061,350.91757,1.513838217,1.458538179,120
12000000.04,320,0.596,0.404,1073.82949,277.3771278,1.708940805,1.406400053,120
12000000.04,320,0.692,0.308,1156.437199,209.3542384,2.065927129,1.190914003,120
12000000.04,320,0.788,0.212,1232.271794,144.3143758,1.244069499,0.819933459,120
12000000.04,320,0.884,0.116,1305.899574,80.38074261,3.282497134,0.412569008,120
12000000.04,320,0.98,0.02,1376.99129,14.24585496,3.101020469,0.153886072,120
12000000.04,340,0.02,0.98,72.3786865,917.9385204,0.45787341,2.170297812,120
12000000.04,340,0.116,0.884,348.3273686,731.624955,1.117140469,2.259464072,120
12000000.04,340,0.212,0.788,549.6605692,592.2392051,1.103792227,2.325733394,120
12000000.04,340,0.308,0.692,704.700823,482.363336,1.69586489,2.420278617,120
12000000.04,340,0.404,0.596,830.8189703,391.8638849,1.894154397,1.41819861,120
12000000.04,340,0.5,0.5,937.3969336,313.5007813,2.156821925,0.651130048,120
12000000.04,340,0.596,0.404,1028.992467,243.9572941,1.524384597,1.689837084,120
12000000.04,340,0.692,0.308,1110.047335,181.0601362,0.594600111,0.701528795,120
12000000.04,340,0.788,0.212,1184.396458,122.5662145,1.445927302,1.103466329,120
12000000.04,340,0.884,0.116,1253.388262,66.87295114,1.541531909,0.484010403,120
12000000.04,340,0.98,0.02,1319.748059,11.61204889,0.475881851,0.132143371,120
12000000.04,360,0.02,0.98,64.9597118,832.8406828,0.496485511,1.68753819,120
12000000.04,360,0.116,0.884,318.615031,668.7566303,0.741662603,1.05819039,120
12000000.04,360,0.212,0.788,509.2483257,542.9260001,1.14311531,1.951724396,120
12000000.04,360,0.308,0.692,658.9590438,442.7891577,2.047570627,0.875799943,120
12000000.04,360,0.404,0.596,782.1843347,358.8341581,1.588404628,1.267643486,120
12000000.04,360,0.5,0.5,886.2403415,286.1462468,1.560238597,0.996448561,120
12000000.04,360,0.596,0.404,977.7990837,220.8868874,1.595594813,1.206245315,120
12000000.04,360,0.692,0.308,1057.354561,162.874127,1.423239506,1.052442284,120
12000000.04,360,0.788,0.212,1130.439043,109.2247384,1.310893274,0.270345645,120
12000000.04,360,0.884,0.116,1197.597184,58.47625803,1.631699667,0.141599586,120
12000000.04,360,0.98,0.02,1259.267256,9.989001893,0.621172336,0.10089226,120
12000000.04,380,0.02,0.98,57.56287714,754.4927665,0.209002828,1.746576512,120
12000000.04,380,0.116,0.884,288.6616762,612.5783093,1.099221764,0.623159879,120
12000000.04,380,0.212,0.788,466.6044425,501.0239951,1.410616156,0.758257499,120
12000000.04,380,0.308,0.692,610.4537755,409.7169169,1.356833728,0.598567789,120
12000000.04,380,0.404,0.596,730.7296932,330.9995706,1.361068333,0.466922584,120
12000000.04,380,0.5,0.5,833.507981,263.8132975,0.875851597,0.593796039,120
12000000.04,380,0.596,0.404,922.8240406,203.7369899,0.543001377,0.857929135,120
12000000.04,380,0.692,0.308,1001.590372,149.644971,0.45996763,0.664523599,120
12000000.04,380,0.788,0.212,1072.609753,99.63961072,1.277865634,0.384003614,120
12000000.04,380,0.884,0.116,1139.40839,53.19709524,1.572721653,0.443087693,120
12000000.04,380,0.98,0.02,1200.570705,8.985152419,2.811529656,0.06271135,120
12000000.04,400,0.02,0.98,50.88496965,684.7901679,0.238454158,1.895040305,120
12000000.04,400,0.116,0.884,259.3744762,561.333082,0.983656055,0.652472466,120
12000000.04,400,0.212,0.788,425.1713697,462.8005665,1.394903292,1.870092372,120
12000000.04,400,0.308,0.692,562.3482217,379.732594,1.000455021,0.609644509,120
12000000.04,400,0.404,0.596,677.8716826,308.1823083,2.370969855,0.432770525,120
12000000.04,400,0.5,0.5,777.9366762,245.5987321,1.701552587,0.577413746,120
12000000.04,400,0.596,0.404,864.966804,189.7591375,2.031945069,0.712334296,120
12000000.04,400,0.692,0.308,943.5478485,139.3853516,1.636898102,0.901340656,120
12000000.04,400,0.788,0.212,1014.733116,92.66110089,1.179126613,0.417903271,120
12000000.04,400,0.884,0.116,1079.266578,49.18240735,2.14315665,0.219633028,120
12000000.04,400,0.98,0.02,1139.90011,8.299248644,1.521466673,0.068665187,120
13000000.04,200,0.02,0.98,92.79136717,1503.317857,5.469777037,6.838277451,130
13000000.04,200,0.116,0.884,402.8204861,1276.009557,5.067086793,2.762242553,130
13000000.04,200,0.212,0.788,610.317815,1122.092892,4.066133323,3.917515324,130
13000000.04,200,0.308,0.692,774.9153479,1000.917846,1.553453317,4.800252272,130
13000000.04,200,0.404,0.596,926.7320014,883.6303611,5.852454916,4.148046119,130
13000000.04,200,0.5,0.5,1065.364073,781.1439761,5.043966911,8.492293123,130
13000000.04,200,0.596,0.404,1207.241151,671.1573628,3.106506303,2.530779684,130
13000000.04,200,0.692,0.308,1348.987723,558.7354518,2.792986084,4.71302214,130
13000000.04,200,0.788,0.212,1507.3931,429.0404998,7.828347375,10.7145827,130
13000000.04,200,0.884,0.116,1695.405351,268.013523,10.06470089,9.362230229,130
13000000.04,200,0.98,0.02,1934.053822,58.94896848,4.219004844,0.739783971,130
13000000.04,220,0.02,0.98,89.58472457,1452.122538,1.157492478,3.571504141,130
13000000.04,220,0.116,0.884,395.4879823,1228.873968,2.998313265,3.729520792,130
13000000.04,220,0.212,0.788,599.0699433,1077.951621,2.674762096,3.409919237,130
13000000.04,220,0.308,0.692,762.4907983,953.94052,4.82708379,4.169077033,130
13000000.04,220,0.404,0.596,906.9534863,843.2309439,4.391579019,4.679708319,130
13000000.04,220,0.5,0.5,1046.107937,736.43139,2.786723832,5.042772732,130
13000000.04,220,0.596,0.404,1178.778912,628.6884586,3.612122138,6.520598845,130
13000000.04,220,0.692,0.308,1320.556198,511.9289092,2.787430565,4.577207722,130
13000000.04,220,0.788,0.212,1470.008344,383.2873862,4.587540811,7.018544887,130
13000000.04,220,0.884,0.116,1634.874786,232.4226363,7.804509596,4.70641001,130
13000000.04,220,0.98,0.02,1841.168332,47.87147013,9.151327736,0.76808256,130
13000000.04,240,0.02,0.98,90.44197272,1386.405603,3.373072487,2.587587365,130
13000000.04,240,0.116,0.884,402.2922183,1158.845908,3.007719456,5.065050498,130
13000000.04,240,0.212,0.788,599.293677,1010.091826,3.899527909,4.416996851,130
13000000.04,240,0.308,0.692,761.6721053,887.656132,2.439421299,3.141203754,130
13000000.04,240,0.404,0.596,896.0097688,781.0244001,3.551623313,3.6256177,130
13000000.04,240,0.5,0.5,1027.446273,672.9719219,2.749306933,4.578569036,130
13000000.04,240,0.596,0.404,1154.950615,566.1321399,4.723689941,5.312174823,130
13000000.04,240,0.692,0.308,1287.141536,453.6608398,4.257938365,5.185049776,130
13000000.04,240,0.788,0.212,1423.371006,331.9094911,7.66145381,3.561882868,130
13000000.04,240,0.884,0.116,1566.355575,196.3846687,4.210028131,1.689173443,130
13000000.04,240,0.98,0.02,1724.216974,37.95951292,3.530738518,0.470160757,130
13000000.04,260,0.02,0.98,92.29365044,1306.379242,0.600211957,1.918422059,130
13000000.04,260,0.116,0.884,411.7149749,1070.102847,3.871418756,2.360322229,130
13000000.04,260,0.212,0.788,616.3489946,915.2033389,1.14206646,4.402370478,130
13000000.04,260,0.308,0.692,770.6727089,795.9085016,2.458227873,2.843652502,130
13000000.04,260,0.404,0.596,899.2288923,690.2860394,3.666306491,5.89677912,130
13000000.04,260,0.5,0.5,1018.954402,592.2165021,4.18173494,6.228624035,130
13000000.04,260,0.596,0.404,1136.790629,491.0771955,2.126715268,2.816217105,130
13000000.04,260,0.692,0.308,1248.128863,389.1561166,4.955434563,1.254891809,130
13000000.04,260,0.788,0.212,1366.236766,280.3614014,2.926651156,2.506453119,130
13000000.04,260,0.884,0.116,1485.635168,161.1735851,6.150905308,1.215355665,130
13000000.04,260,0.98,0.02,1610.883831,29.8320173,5.432430584,0.586153114,130
13000000.04,280,0.02,0.98,90.5170752,1215.218997,0.991710428,2.615219619,130
13000000.04,280,0.116,0.884,410.977462,978.0942799,2.700155085,3.642620161,130
13000000.04,280,0.212,0.788,622.9329698,816.3263995,1.81512431,3.094770608,130
13000000.04,280,0.308,0.692,779.0162744,695.5210604,1.918310815,1.807342063,130
13000000.04,280,0.404,0.596,905.4171142,594.3650427,3.255756994,3.274139162,130
13000000.04,280,0.5,0.5,1015.79383,501.3759174,1.004196824,3.026516764,130
13000000.04,280,0.596,0.404,1117.427511,414.1720531,1.520964238,2.153693378,130
13000000.04,280,0.692,0.308,1214.826828,323.4547157,2.537780448,3.416027758,130
13000000.04,280,0.788,0.212,1316.244615,230.5117584,5.609849909,2.281080608,130
13000000.04,280,0.884,0.116,1415.041902,129.7815558,5.000878924,1.259014176,130
13000000.04,280,0.98,0.02,1517.621391,23.27629213,3.829072146,0.153250818,130
13000000.04,300,0.02,0.98,84.76506084,1120.684181,1.266588747,2.116819621,130
13000000.04,300,0.116,0.884,395.5599646,894.4160802,1.844992629,3.327512695,130
13000000.04,300,0.212,0.788,607.990235,735.6005231,3.116992097,3.780926591,130
13000000.04,300,0.308,0.692,768.5625409,611.4080578,1.542625839,3.701386287,130
13000000.04,300,0.404,0.596,895.6510242,512.2998459,2.063406721,2.79554575,130
13000000.04,300,0.5,0.5,1003.895758,422.2960853,1.820299217,2.795771269,130
13000000.04,300,0.596,0.404,1099.880201,342.7802727,2.345297003,1.997781526,130
13000000.04,300,0.692,0.308,1186.570496,264.4875294,2.449438866,0.870500546,130
13000000.04,300,0.788,0.212,1272.761527,186.6913425,2.638597764,1.929822957,130
13000000.04,300,0.884,0.116,1357.729972,104.2894627,1.379520516,1.591026571,130
13000000.04,300,0.98,0.02,1442.809281,18.46315531,3.616052448,0.274655773,130
13000000.04,320,0.02,0.98,78.41781591,1027.157942,0.517917728,1.857280421,130
13000000.04,320,0.116,0.884,372.5496823,818.4707666,1.841618952,1.922736998,130
13000000.04,320,0.212,0.788,580.4894321,667.3216666,2.192606714,2.648668348,130
13000000.04,320,0.308,0.692,739.2084323,548.9698604,2.043671524,2.919031331,130
13000000.04,320,0.404,0.596,867.7495843,451.1894874,2.988166508,3.116723779,130
13000000.04,320,0.5,0.5,975.1144956,365.8526363,1.945594545,3.195100547,130
13000000.04,320,0.596,0.404,1069.334465,290.264371,2.835961703,1.542683504,130
13000000.04,320,0.692,0.308,1153.370858,219.7215887,1.093742777,1.201719273,130
13000000.04,320,0.788,0.212,1231.580216,152.0976381,1.247940484,1.241111959,130
13000000.04,320,0.884,0.116,1307.497239,84.48258849,1.440112674,0.65186487,130
13000000.04,320,0.98,0.02,1382.182152,14.83225351,2.168242439,0.094760718,130
13000000.04,340,0.02,0.98,71.58530802,937.6567127,0.622013385,2.365544845,130
13000000.04,340,0.116,0.884,345.6724633,749.6085595,2.371125509,4.716393673,130
13000000.04,340,0.212,0.788,545.7614535,610.2737571,1.083722143,2.040971116,130
13000000.04,340,0.308,0.692,700.9419818,498.910245,1.81660705,1.033220127,130
13000000.04,340,0.404,0.596,828.475328,405.6482683,2.618873242,2.594098202,130
13000000.04,340,0.5,0.5,935.2733078,325.7687404,0.571786519,0.943730521,130
13000000.04,340,0.596,0.404,1027.949932,255.3174455,3.026736709,0.843928013,130
13000000.04,340,0.692,0.308,1110.685598,189.5272588,1.818261665,0.726005586,130
13000000.04,340,0.788,0.212,1186.391938,128.3811401,0.918245878,0.466093362,130
13000000.04,340,0.884,0.116,1256.888504,70.22618729,1.67583513,0.521630832,130
13000000.04,340,0.98,0.02,1325.190683,12.25012227,1.551357742,0.163349883,130
13000000.04,360,0.02,0.98,64.47933267,854.3806901,0.506286439,2.307954558,130
13000000.04,360,0.116,0.884,317.1686299,688.2447796,1.47471767,0.625960742,130
13000000.04,360,0.212,0.788,507.8142156,561.0157944,2.364780079,2.509749761,130
13000000.04,360,0.308,0.692,658.566248,458.1449133,1.493687988,1.812568161,130
13000000.04,360,0.404,0.596,783.1498412,371.5792782,1.555827339,0.958413744,130
13000000.04,360,0.5,0.5,888.2653409,296.460485,1.097468357,1.17602651,130
13000000.04,360,0.596,0.404,980.2602908,230.0538542,1.230129283,0.779736432,130
13000000.04,360,0.692,0.308,1061.663295,169.6546828,2.784927351,0.443053601,130
13000000.04,360,0.788,0.212,1134.561621,113.9564666,2.548021603,0.572921352,130
13000000.04,360,0.884,0.116,1202.92303,61.4378114,2.709430288,0.394608444,130
13000000.04,360,0.98,0.02,1268.329151,10.52878226,1.469728665,0.061524518,130
13000000.04,380,0.02,0.98,57.71443872,777.2666663,0.332227,2.747743231,130
13000000.04,380,0.116,0.884,288.6921731,632.3599695,0.589923367,0.732718873,130
13000000.04,380,0.212,0.788,468.6834083,517.5348842,1.039764563,1.13520391,130
13000000.04,380,0.308,0.692,613.0700171,423.1457588,1.299542138,0.721479548,130
13000000.04,380,0.404,0.596,734.0926998,343.7371577,2.49399424,0.666146722,130
13000000.04,380,0.5,0.5,836.9363767,273.7217393,1.969505236,0.501657498,130
13000000.04,380,0.596,0.404,927.2060858,211.4326092,1.950114583,1.124926868,130
13000000.04,380,0.692,0.308,1008.208561,155.6707001,1.364864208,0.733087314,130
13000000.04,380,0.788,0.212,1080.341971,104.2316748,1.176783149,0.526433127,130
13000000.04,380,0.884,0.116,1148.695159,55.55309713,1.126468557,0.284086212,130
13000000.04,380,0.98,0.02,1210.172861,9.457464566,2.775385408,0.074129438,130
13000000.04,400,0.02,0.98,51.4520368,707.0494494,0.241600363,0.83118004,130
13000000.04,400,0.116,0.884,261.4420464,581.3208874,0.91234824,0.63413779,130
13000000.04,400,0.212,0.788,429.485394,478.783018,1.498437126,2.206125235,130
13000000.04,400,0.308,0.692,567.0671428,393.2277092,1.08416219,0.944292349,130
13000000.04,400,0.404,0.596,684.0061282,319.6368909,1.49008296,0.258533728,130
13000000.04,400,0.5,0.5,784.8983344,254.413742,1.404260543,0.802388742,130
13000000.04,400,0.596,0.404,873.0840582,197.1401534,1.201745468,0.657238137,130
13000000.04,400,0.692,0.308,952.1882966,144.7613354,1.301839233,0.538325259,130
13000000.04,400,0.788,0.212,1024.669462,96.35166081,2.013134973,0.347027658,130
13000000.04,400,0.884,0.116,1090.442088,51.4346959,2.064334457,0.184943799,130
13000000.04,400,0.98,0.02,1152.081635,8.63970684,2.331055063,0.057309068,130
14000000.03,200,0.02,0.98,91.34412499,1507.696104,6.168471218,5.859380315,140
14000000.03,200,0.116,0.884,404.1526869,1275.564156,4.116791966,3.849320234,140
14000000.03,200,0.212,0.788,607.7418379,1125.064091,7.053984199,3.952530736,140
14000000.03,200,0.308,0.692,777.7277296,998.0140629,7.806050441,5.659231985,140
14000000.03,200,0.404,0.596,926.0055857,888.4946186,4.941447554,8.829880045,140
14000000.03,200,0.5,0.5,1067.514912,780.92867,7.485537171,4.384226947,140
14000000.03,200,0.596,0.404,1205.03526,673.9703857,7.637183104,7.104447129,140
14000000.03,200,0.692,0.308,1349.544589,558.376187,4.103582242,4.717190772,140
14000000.03,200,0.788,0.212,1506.707112,432.7529315,6.283018309,5.882026049,140
14000000.03,200,0.884,0.116,1697.435994,269.3306079,2.602148707,4.569131553,140
14000000.03,200,0.98,0.02,1936.251193,59.15855981,9.470891644,1.92802861,140
14000000.03,220,0.02,0.98,85.32691856,1457.531026,3.825054896,4.860152824,140
14000000.03,220,0.116,0.884,394.7178834,1233.404885,2.645775188,3.137926761,140
14000000.03,220,0.212,0.788,596.5751463,1082.488841,3.40111431,4.681290733,140
14000000.03,220,0.308,0.692,758.7485621,958.6277773,3.915337907,3.315036963,140
14000000.03,220,0.404,0.596,906.4651303,846.9928511,4.077372742,3.472237703,140
14000000.03,220,0.5,0.5,1042.466987,740.6761383,6.561009388,4.744743208,140
14000000.03,220,0.596,0.404,1178.272621,631.8053655,4.570234382,3.388971014,140
14000000.03,220,0.692,0.308,1320.239536,514.3132596,7.175555322,6.901627036,140
14000000.03,220,0.788,0.212,1473.16859,384.7575387,4.907466096,1.683172496,140
14000000.03,220,0.884,0.116,1641.022662,233.5771809,3.981581432,3.365093712,140
14000000.03,220,0.98,0.02,1847.658131,48.11626754,12.35985175,0.939851573,140
14000000.03,240,0.02,0.98,87.58658616,1393.523344,2.103286396,3.415046362,140
14000000.03,240,0.116,0.884,392.4863521,1168.989294,3.995253356,2.942731714,140
14000000.03,240,0.212,0.788,595.1703121,1017.955995,5.201409699,6.246647426,140
14000000.03,240,0.308,0.692,754.4457435,894.8014075,5.535188193,4.784401157,140
14000000.03,240,0.404,0.596,893.9229346,785.3936944,1.447947988,4.313571621,140
14000000.03,240,0.5,0.5,1025.244154,679.5314395,3.073959259,1.263192291,140
14000000.03,240,0.596,0.404,1154.490558,570.513158,4.089063332,1.898309271,140
14000000.03,240,0.692,0.308,1285.117893,457.5259409,5.284507975,6.694882521,140
14000000.03,240,0.788,0.212,1421.982017,334.8086155,4.903829022,1.656161298,140
14000000.03,240,0.884,0.116,1567.418894,199.4439609,4.952370421,2.824783141,140
14000000.03,240,0.98,0.02,1729.784136,38.40747694,9.720794206,0.429256007,140
14000000.03,260,0.02,0.98,88.26191158,1315.997047,1.896462579,2.311043994,140
14000000.03,260,0.116,0.884,399.6136807,1086.184423,3.378113928,2.024362915,140
14000000.03,260,0.212,0.788,602.9368528,931.2176196,5.324507859,5.012677246,140
14000000.03,260,0.308,0.692,759.2995126,809.0719212,2.288849943,5.978652774,140
14000000.03,260,0.404,0.596,891.8562054,703.0598543,4.536845234,1.659048599,140
14000000.03,260,0.5,0.5,1014.157774,598.7924365,3.499174948,3.740689069,140
14000000.03,260,0.596,0.404,1132.070758,497.4652026,4.932708452,1.841905268,140
14000000.03,260,0.692,0.308,1248.318139,394.1009515,5.527841971,3.343262231,140
14000000.03,260,0.788,0.212,1368.461922,284.1411628,3.157370782,4.076731695,140
14000000.03,260,0.884,0.116,1489.834124,163.6824122,5.440877583,2.87855276,140
14000000.03,260,0.98,0.02,1616.86099,30.28039693,5.652410035,0.388700928,140
14000000.03,280,0.02,0.98,87.06927984,1228.373117,0.728599054,1.331845565,140
14000000.03,280,0.116,0.884,399.0107716,996.5700595,3.286766805,2.771762195,140
14000000.03,280,0.212,0.788,608.1516999,837.6093834,3.71728756,1.926532194,140
14000000.03,280,0.308,0.692,765.4441328,714.3552909,2.422491804,2.573485404,140
14000000.03,280,0.404,0.596,893.3941241,608.5004825,3.77404014,1.921267084,140
14000000.03,280,0.5,0.5,1005.731075,516.506271,2.087403009,1.966907412,140
14000000.03,280,0.596,0.404,1111.879044,424.7051128,3.777128419,2.041297634,140
14000000.03,280,0.692,0.308,1214.474513,331.585138,4.461061968,1.421829304,140
14000000.03,280,0.788,0.212,1317.82714,235.4875913,4.680409829,1.969193961,140
14000000.03,280,0.884,0.116,1417.960914,132.6826545,3.965360296,1.995380926,140
14000000.03,280,0.98,0.02,1519.474398,23.71512993,4.317010829,0.174945661,140
14000000.03,300,0.02,0.98,82.5114709,1135.666264,0.984904724,3.051264494,140
14000000.03,300,0.116,0.884,386.0057786,913.1221106,1.428423643,4.315276715,140
14000000.03,300,0.212,0.788,597.2054862,754.3748357,3.351700066,3.556698867,140
14000000.03,300,0.308,0.692,756.7169152,630.6552714,3.040962271,1.094618606,140
14000000.03,300,0.404,0.596,885.5357131,529.0242573,2.290376523,2.354447691,140
14000000.03,300,0.5,0.5,994.491397,437.6446889,2.583626972,3.229734666,140
14000000.03,300,0.596,0.404,1091.528008,355.5152276,3.672643922,2.378657204,140
14000000.03,300,0.692,0.308,1184.544004,274.0764323,2.098629493,2.420058482,140
14000000.03,300,0.788,0.212,1271.683421,192.6062062,1.921094357,1.024315185,140
14000000.03,300,0.884,0.116,1360.196687,107.4470999,3.466037132,0.432557598,140
14000000.03,300,0.98,0.02,1449.541073,19.05454124,6.446743087,0.346853738,140
14000000.03,320,0.02,0.98,76.89905273,1044.173285,0.234746219,0.692158827,140
14000000.03,320,0.116,0.884,366.412822,835.1868484,1.831253051,2.329896156,140
14000000.03,320,0.212,0.788,574.3235402,685.1996356,0.940691187,2.849595267,140
14000000.03,320,0.308,0.692,731.9133984,565.6009316,1.906852671,1.718838651,140
14000000.03,320,0.404,0.596,860.2603095,465.9626716,2.5586849,2.110540334,140
14000000.03,320,0.5,0.5,969.3955285,379.6224559,2.502598368,2.104832326,140
14000000.03,320,0.596,0.404,1065.601915,300.563266,2.53664414,1.269493704,140
14000000.03,320,0.692,0.308,1150.576872,229.7558061,1.306662526,2.251941223,140
14000000.03,320,0.788,0.212,1231.708091,158.7525221,1.928924111,1.086117489,140
14000000.03,320,0.884,0.116,1309.679769,87.69548521,2.231673573,0.916011868,140
14000000.03,320,0.98,0.02,1386.188278,15.39420002,3.177166395,0.083074802,140
14000000.03,340,0.02,0.98,70.67800059,956.4078548,0.589488473,2.165763312,140
14000000.03,340,0.116,0.884,342.714055,767.3471761,1.620877949,3.419176541,140
14000000.03,340,0.212,0.788,542.3912839,626.6604984,1.844874248,1.70947947,140
14000000.03,340,0.308,0.692,697.4542204,514.4153624,1.964351053,1.898537516,140
14000000.03,340,0.404,0.596,823.9195811,419.5770781,0.870124233,2.424733351,140
14000000.03,340,0.5,0.5,931.9615,337.7601249,1.367789347,1.702279433,140
14000000.03,340,0.596,0.404,1026.900776,264.4985432,1.940996551,1.018336388,140
14000000.03,340,0.692,0.308,1109.930937,198.407122,3.079412404,1.370578823,140
14000000.03,340,0.788,0.212,1188.410181,134.4503875,1.509931011,0.557747445,140
14000000.03,340,0.884,0.116,1259.981326,73.52516833,2.035403012,0.2956599,140
14000000.03,340,0.98,0.02,1331.531905,12.7954788,2.190390359,0.115696875,140
14000000.03,360,0.02,0.98,64.11706088,873.5802118,0.354389169,2.441096411,140
14000000.03,360,0.116,0.884,315.5489071,706.5237134,0.950209788,1.204815395,140
14000000.03,360,0.212,0.788,506.1736823,577.3704467,1.70478718,1.945657046,140
14000000.03,360,0.308,0.692,657.1241882,471.7261301,0.777200099,1.339389603,140
14000000.03,360,0.404,0.596,782.377029,384.0909437,1.647335608,1.646350366,140
14000000.03,360,0.5,0.5,887.9192943,306.7046227,1.335536341,1.400472575,140
14000000.03,360,0.596,0.404,981.305051,239.056272,1.06367744,0.963143948,140
14000000.03,360,0.692,0.308,1063.289177,176.9172483,1.10199829,0.583521337,140
14000000.03,360,0.788,0.212,1139.152721,118.9910225,1.600761456,0.633875573,140
14000000.03,360,0.884,0.116,1209.075709,64.26640251,1.057841483,0.485838268,140
14000000.03,360,0.98,0.02,1276.086955,11.06565331,1.690472058,0.057070162,140
14000000.03,380,0.02,0.98,57.51626367,798.2832581,0.304414666,0.635221281,140
14000000.03,380,0.116,0.884,289.9549149,649.4733795,0.709911301,0.516809785,140
14000000.03,380,0.212,0.788,469.30919,532.4102751,1.844766922,2.6769527,140
14000000.03,380,0.308,0.692,614.4589788,436.2862849,1.929904354,1.639328992,140
14000000.03,380,0.404,0.596,736.6346801,354.3810654,2.321615179,1.713950755,140
14000000.03,380,0.5,0.5,840.7025979,283.0846168,0.867683921,0.258449668,140
14000000.03,380,0.596,0.404,931.6785634,219.7468547,1.338903808,0.989510199,140
14000000.03,380,0.692,0.308,1013.321336,161.6444946,1.776420054,0.571728658,140
14000000.03,380,0.788,0.212,1086.43816,108.2651347,1.680931287,0.497950535,140
14000000.03,380,0.884,0.116,1155.204276,57.91936817,1.737017082,0.344197123,140
14000000.03,380,0.98,0.02,1220.225008,9.855243038,1.759043533,0.063853162,140
14000000.03,400,0.02,0.98,51.63480064,729.1340686,0.217427041,0.690756812,140
14000000.03,400,0.116,0.884,263.0416099,598.7192017,0.675475747,1.70252568,140
14000000.03,400,0.212,0.788,432.1980099,493.468265,1.186245318,1.162658587,140
14000000.03,400,0.308,0.692,571.192597,405.6892064,1.446711089,1.693907703,140
14000000.03,400,0.404,0.596,688.488916,330.1140503,2.037231278,1.536448673,140
14000000.03,400,0.5,0.5,789.9670735,263.8173498,1.696783493,1.01558668,140
14000000.03,400,0.596,0.404,879.3068196,204.3841895,0.509013048,0.855805455,140
14000000.03,400,0.692,0.308,959.5105986,150.4140325,1.491416134,0.518597713,140
14000000.03,400,0.788,0.212,1032.188501,100.2037219,0.961767693,0.274211183,140
14000000.03,400,0.884,0.116,1100.520472,53.48203416,0.803311657,0.167130972,140
14000000.03,400,0.98,0.02,1163.986165,9.052291606,0.881728151,0.040177101,140
15000000.03,200,0.02,0.98,89.22085196,1511.136463,9.270538469,9.663401181,150
15000000.03,200,0.116,0.884,400.5441592,1281.761188,4.27166499,5.167459831,150
15000000.03,200,0.212,0.788,608.7228641,1127.483873,6.849057101,5.452794406,150
15000000.03,200,0.308,0.692,774.2843026,1002.907656,4.309663643,7.226278339,150
15000000.03,200,0.404,0.596,923.6453926,890.4730166,2.0597118,4.771720706,150
15000000.03,200,0.5,0.5,1064.01665,782.0509525,4.135612764,5.165626748,150
15000000.03,200,0.596,0.404,1205.129817,677.1926337,7.755772611,4.030496106,150
15000000.03,200,0.692,0.308,1351.102314,562.4888908,7.272167494,6.754047237,150
15000000.03,200,0.788,0.212,1513.475153,432.1295951,6.903451996,8.267943162,150
15000000.03,200,0.884,0.116,1699.299393,273.0495335,6.670938435,4.981753713,150
15000000.03,200,0.98,0.02,1933.885085,58.94971312,6.364926092,1.712622058,150
15000000.03,220,0.02,0.98,85.85165916,1461.227682,3.906696301,4.794367781,150
15000000.03,220,0.116,0.884,385.5095813,1240.64693,6.673130678,2.826088643,150
15000000.03,220,0.212,0.788,592.1706083,1087.249611,4.559261306,4.089713028,150
15000000.03,220,0.308,0.692,758.3274402,962.3258356,4.802648341,3.249431318,150
15000000.03,220,0.404,0.596,902.5072187,851.5200793,4.042485648,2.885923944,150
15000000.03,220,0.5,0.5,1043.058798,740.7612008,4.930030796,4.773599068,150
15000000.03,220,0.596,0.404,1178.362782,635.2764805,6.304393906,6.633578662,150
15000000.03,220,0.692,0.308,1319.789273,519.383922,2.859698021,4.658674885,150
15000000.03,220,0.788,0.212,1474.26341,387.3214868,5.978363825,7.900095176,150
15000000.03,220,0.884,0.116,1643.765477,236.7693661,10.00168625,4.072058892,150
15000000.03,220,0.98,0.02,1845.420929,48.23610328,8.436504386,1.005725476,150
15000000.03,240,0.02,0.98,85.06153657,1399.48874,3.274074312,4.922644222,150
15000000.03,240,0.116,0.884,385.6534101,1178.340119,5.965705921,4.600426924,150
15000000.03,240,0.212,0.788,588.813001,1026.42859,3.677466477,4.044552596,150
15000000.03,240,0.308,0.692,747.2639874,905.8868198,4.282546075,4.222619441,150
15000000.03,240,0.404,0.596,892.5890787,791.0540803,1.106199066,4.422809324,150
15000000.03,240,0.5,0.5,1024.222944,684.34352,5.253862927,4.388457106,150
15000000.03,240,0.596,0.404,1152.210704,576.5970559,4.210382862,7.373886846,150
15000000.03,240,0.692,0.308,1285.495305,461.8798747,6.803032085,5.135215668,150
15000000.03,240,0.788,0.212,1423.498338,338.3053082,8.721048576,3.726254198,150
15000000.03,240,0.884,0.116,1573.581557,200.5096505,5.9348475,2.696627517,150
15000000.03,240,0.98,0.02,1739.670829,39.07647902,11.69796004,0.357203444,150
15000000.03,260,0.02,0.98,85.26717302,1323.800606,2.722878722,4.221768477,150
15000000.03,260,0.116,0.884,389.6824629,1098.415877,6.549960977,4.000720833,150
15000000.03,260,0.212,0.788,593.219791,945.1529407,4.257878694,5.076283444,150
15000000.03,260,0.308,0.692,750.5146658,821.8250938,3.427926479,2.720177892,150
15000000.03,260,0.404,0.596,886.2420237,710.4288001,2.596891751,3.287593416,150
15000000.03,260,0.5,0.5,1010.033405,607.4312775,4.059247097,2.918378083,150
15000000.03,260,0.596,0.404,1131.159001,504.5727783,4.816930996,0.882452242,150
15000000.03,260,0.692,0.308,1247.177411,399.0010212,5.204182039,3.854963015,150
15000000.03,260,0.788,0.212,1369.856581,286.7494778,2.394668468,2.426578937,150
15000000.03,260,0.884,0.116,1493.423903,166.0480945,5.305268747,1.434663485,150
15000000.03,260,0.98,0.02,1619.448281,30.73142611,12.6603334,0.613442428,150
15000000.03,280,0.02,0.98,84.80836415,1238.336109,1.264673702,3.964486956,150
15000000.03,280,0.116,0.884,388.9373801,1012.030464,3.65883288,3.056396897,150
15000000.03,280,0.212,0.788,596.6035268,854.2951772,4.731123642,5.622225952,150
15000000.03,280,0.308,0.692,754.6687989,729.682802,4.593663416,3.432248085,150
15000000.03,280,0.404,0.596,885.7624042,623.745771,3.86218085,2.730228577,150
15000000.03,280,0.5,0.5,999.3939773,526.0877621,2.589329382,4.552420386,150
15000000.03,280,0.596,0.404,1108.633195,433.1959427,6.20066956,2.089985193,150
15000000.03,280,0.692,0.308,1213.656146,337.3467435,2.619892059,2.100955782,150
15000000.03,280,0.788,0.212,1316.286508,238.6327254,2.389155229,2.199103759,150
15000000.03,280,0.884,0.116,1423.197766,135.6332806,4.316928717,1.011872413,150
15000000.03,280,0.98,0.02,1527.078334,24.15860877,4.623089499,0.299201428,150
15000000.03,300,0.02,0.98,80.76916389,1148.838671,0.459767438,1.539203955,150
15000000.03,300,0.116,0.884,378.2432263,929.9328834,1.812547736,3.370707009,150
15000000.03,300,0.212,0.788,587.5452125,770.8348119,1.899007294,4.036766691,150
15000000.03,300,0.308,0.692,744.8728904,648.41692,1.722743594,1.425478377,150
15000000.03,300,0.404,0.596,875.87392,544.5310544,3.029761849,3.340599323,150
15000000.03,300,0.5,0.5,986.7230112,452.3556,1.640263254,2.544957228,150
15000000.03,300,0.596,0.404,1087.221418,366.8895099,2.482887512,1.902277173,150
15000000.03,300,0.692,0.308,1181.450883,282.9056251,2.318869946,2.050980629,150
15000000.03,300,0.788,0.212,1271.450978,197.7922885,4.365926956,1.477710121,150
15000000.03,300,0.884,0.116,1363.802149,110.3758889,3.131883204,0.985801288,150
15000000.03,300,0.98,0.02,1451.565883,19.47493611,1.942497033,0.221822142,150
15000000.03,320,0.02,0.98,75.46960941,1059.957747,0.726358426,2.084067286,150
15000000.03,320,0.116,0.884,361.165633,853.0790176,2.53038262,2.559719293,150
15000000.03,320,0.212,0.788,567.2718025,700.4244377,1.413651496,3.153169847,150
15000000.03,320,0.308,0.692,724.878103,580.9449633,3.002992669,2.140328467,150
15000000.03,320,0.404,0.596,853.7052304,480.9578809,1.386367551,0.870052623,150
15000000.03,320,0.5,0.5,963.477274,392.3665889,2.099962586,0.963333888,150
15000000.03,320,0.596,0.404,1060.144179,312.9349558,2.407351712,1.032733849,150
15000000.03,320,0.692,0.308,1147.945165,237.7556559,1.382179867,1.47685936,150
15000000.03,320,0.788,0.212,1232.352485,164.7173982,1.290253267,1.234687604,150
15000000.03,320,0.884,0.116,1312.176953,90.97647357,2.186610907,0.561578752,150
15000000.03,320,0.98,0.02,1391.567303,15.89318082,2.263432095,0.111071983,150
15000000.03,340,0.02,0.98,69.72616889,973.3305666,0.406977573,1.211089681,150
15000000.03,340,0.116,0.884,338.9863347,784.6369802,1.120565516,1.529673647,150
15000000.03,340,0.212,0.788,536.9358538,643.7756921,0.982644038,1.24307369,150
15000000.03,340,0.308,0.692,693.5375501,528.5053789,0.948693012,1.287236579,150
15000000.03,340,0.404,0.596,821.1285797,432.6542748,1.457020006,1.820566668,150
15000000.03,340,0.5,0.5,930.2493914,349.1591882,1.164301186,1.752057185,150
15000000.03,340,0.596,0.404,1024.529866,275.1223975,1.20956337,0.914044112,150
15000000.03,340,0.692,0.308,1110.080301,205.4436275,1.897658281,1.722602989,150
15000000.03,340,0.788,0.212,1188.487888,140.0477038,2.497696756,0.997861807,150
15000000.03,340,0.884,0.116,1263.34862,76.69653815,1.636789659,0.329193,150
15000000.03,340,0.98,0.02,1335.955679,13.25776423,1.906929241,0.092356376,150
15000000.03,360,0.02,0.98,63.53751283,891.7667405,0.308880724,1.610552412,150
15000000.03,360,0.116,0.884,314.9655876,722.390416,1.49577766,1.972424433,150
15000000.03,360,0.212,0.788,504.4782329,591.3185826,1.450798205,2.571134391,150
15000000.03,360,0.308,0.692,655.1752951,486.0957172,1.061690709,1.62896717,150
15000000.03,360,0.404,0.596,781.2934153,395.8536878,1.023995069,0.880810612,150
15000000.03,360,0.5,0.5,888.5163699,317.670944,1.284708843,0.928467353,150
15000000.03,360,0.596,0.404,981.8805834,246.8328671,1.699767952,1.25132336,150
15000000.03,360,0.692,0.308,1065.621912,183.7921833,1.106381892,1.211188416,150
15000000.03,360,0.788,0.212,1142.405489,123.7244824,1.580285762,0.638825354,150
15000000.03,360,0.884,0.116,1213.636882,67.02106605,1.103159236,0.135044391,150
15000000.03,360,0.98,0.02,1281.812244,11.48587501,0.755533494,0.040196891,150
15000000.03,380,0.02,0.98,57.69286846,816.7506562,0.394293469,1.680285047,150
15000000.03,380,0.116,0.884,289.648156,666.2104152,0.476319554,1.497621197,150
15000000.03,380,0.212,0.788,469.8058485,547.115766,2.156964156,1.518904713,150
15000000.03,380,0.308,0.692,616.3906157,448.717373,1.184844111,1.529507618,150
15000000.03,380,0.404,0.596,738.1948744,365.5247158,0.941596901,1.307906681,150
15000000.03,380,0.5,0.5,842.6949571,292.3629511,1.767744588,1.189503316,150
15000000.03,380,0.596,0.404,934.9527928,226.9894534,1.669463849,1.050654726,150
15000000.03,380,0.692,0.308,1017.359614,167.755546,1.950291797,0.55258983,150
15000000.03,380,0.788,0.212,1092.165809,112.4231059,1.421456513,0.792806704,150
15000000.03,380,0.884,0.116,1160.99262,60.29452299,1.19232198,0.408274015,150
15000000.03,380,0.98,0.02,1227.864705,10.25766255,1.025684656,0.056836795,150
15000000.03,400,0.02,0.98,51.86420507,747.779021,0.113259045,1.146624598,150
15000000.03,400,0.116,0.884,264.7408578,615.1791086,1.034030377,0.701820908,150
15000000.03,400,0.212,0.788,433.5504786,508.4651887,1.721431734,2.28206397,150
15000000.03,400,0.308,0.692,573.50113,418.3321198,1.416116448,1.649708584,150
15000000.03,400,0.404,0.596,691.8597639,340.2059689,1.346278785,1.245085877,150
15000000.03,400,0.5,0.5,795.427496,272.3952858,2.347907128,0.541934322,150
15000000.03,400,0.596,0.404,884.7387531,211.025895,2.483956979,0.923527484,150
15000000.03,400,0.692,0.308,966.4110189,155.3427796,1.111303418,0.759241926,150
15000000.03,400,0.788,0.212,1040.885385,103.8420528,1.4113022,0.336768833,150
15000000.03,400,0.884,0.116,1108.544662,55.43080233,0.795827086,0.164491068,150
15000000.03,400,0.98,0.02,1172.381092,9.397373522,2.045279249,0.036978117,150
16000000.02,200,0.02,0.98,88.61162107,1514.581395,5.543845739,5.75738763,160
16000000.02,200,0.116,0.884,399.1944851,1283.059327,5.513324224,4.56705169,160
16000000.02,200,0.212,0.788,606.2346331,1130.378979,4.530966928,4.414088113,160
16000000.02,200,0.308,0.692,771.0878618,1005.841519,4.278546435,4.964750638,160
16000000.02,200,0.404,0.596,923.7732404,893.12272,6.31773895,4.542603434,160
16000000.02,200,0.5,0.5,1066.547045,786.0069348,5.565911027,5.312711809,160
16000000.02,200,0.596,0.404,1201.582825,680.5543207,1.825878156,6.915198422,160
16000000.02,200,0.692,0.308,1351.68463,563.0514954,3.880877997,5.776450599,160
16000000.02,200,0.788,0.212,1511.995461,432.6603878,8.240773443,7.447270667,160
16000000.02,200,0.884,0.116,1701.515323,272.2903429,8.961830897,6.5033229,160
16000000.02,200,0.98,0.02,1941.551534,59.07571382,10.83537917,0.732593314,160
16000000.02,220,0.02,0.98,83.3711067,1465.01243,3.335263349,4.143255736,160
16000000.02,220,0.116,0.884,385.6137154,1242.236329,7.056516685,6.049556055,160
16000000.02,220,0.212,0.788,590.7474597,1090.614363,4.135961072,4.777883537,160
16000000.02,220,0.308,0.692,756.1829767,965.592364,5.244368356,4.271528034,160
16000000.02,220,0.404,0.596,902.6799978,854.9369738,4.13719922,3.207403032,160
16000000.02,220,0.5,0.5,1041.172256,747.9168494,6.727206003,3.934832616,160
16000000.02,220,0.596,0.404,1178.372821,637.3635274,3.252721967,4.505915899,160
16000000.02,220,0.692,0.308,1318.356222,520.2923012,4.103160767,4.529307527,160
16000000.02,220,0.788,0.212,1472.702212,390.2367337,3.701290049,5.89300651,160
16000000.02,220,0.884,0.116,1646.672523,238.8195618,7.632878681,4.912719419,160
16000000.02,220,0.98,0.02,1851.385634,48.90695832,6.373075614,0.753626136,160
16000000.02,240,0.02,0.98,82.28993486,1404.873763,1.454140096,2.616477678,160
16000000.02,240,0.116,0.884,379.52724,1185.590545,4.213175147,3.272380242,160
16000000.02,240,0.212,0.788,586.9713623,1031.181774,6.706540002,6.783047085,160
16000000.02,240,0.308,0.692,746.3700019,908.5942764,4.768944717,3.24207722,160
16000000.02,240,0.404,0.596,888.2384799,796.7594739,7.043461828,4.772335243,160
16000000.02,240,0.5,0.5,1021.738729,688.1635268,5.731716301,2.3457752,160
16000000.02,240,0.596,0.404,1154.186621,578.6937138,3.590409541,3.695309487,160
16000000.02,240,0.692,0.308,1287.188176,463.4795953,3.217768998,4.282531527,160
16000000.02,240,0.788,0.212,1424.663159,341.87792,3.548425377,2.219942056,160
16000000.02,240,0.884,0.116,1576.491697,201.8639503,6.199706558,2.309169834,160
16000000.02,240,0.98,0.02,1738.624712,39.26321151,11.90980252,0.528550201,160
16000000.02,260,0.02,0.98,83.09595704,1331.707357,0.774797496,2.683737422,160
16000000.02,260,0.116,0.884,380.5161617,1110.959563,3.145316271,1.624899347,160
16000000.02,260,0.212,0.788,586.6165519,955.2980061,2.566266237,1.299639612,160
16000000.02,260,0.308,0.692,745.9597058,830.2332163,4.51081393,2.471967771,160
16000000.02,260,0.404,0.596,882.329396,719.6953067,3.343923114,3.643161059,160
16000000.02,260,0.5,0.5,1007.091819,615.6191759,2.950950905,4.389902154,160
16000000.02,260,0.596,0.404,1129.431427,510.4146496,3.515423365,4.997626139,160
16000000.02,260,0.692,0.308,1251.079756,402.8784002,5.22072141,1.628356973,160
16000000.02,260,0.788,0.212,1369.856554,290.1833606,4.347426996,1.834450749,160
16000000.02,260,0.884,0.116,1500.666761,168.5531637,5.127149694,1.226922885,160
16000000.02,260,0.98,0.02,1626.578865,31.26220148,8.341548631,0.682687557,160
16000000.02,280,0.02,0.98,81.68954913,1248.908167,0.862556833,3.278611769,160
16000000.02,280,0.116,0.884,381.3880342,1026.078053,3.444848524,3.253881587,160
16000000.02,280,0.212,0.788,586.2522723,869.2870616,2.127606354,4.207783058,160
16000000.02,280,0.308,0.692,745.0238822,745.1031338,1.194726323,3.221233553,160
16000000.02,280,0.404,0.596,877.0293532,635.4857082,1.53561727,2.188430684,160
16000000.02,280,0.5,0.5,995.6878815,537.3168388,1.819152906,2.426798553,160
16000000.02,280,0.596,0.404,1104.956456,439.6088867,2.035313255,1.100880626,160
16000000.02,280,0.692,0.308,1213.097978,342.6287637,1.77353306,2.089938317,160
16000000.02,280,0.788,0.212,1317.749378,244.0457336,2.449701838,2.510972605,160
16000000.02,280,0.884,0.116,1424.196075,137.5909152,4.353610552,0.936511747,160
16000000.02,280,0.98,0.02,1528.329843,24.61365556,3.655713804,0.156700325,160
16000000.02,300,0.02,0.98,78.67863966,1161.368537,1.170894559,1.91081925,160
16000000.02,300,0.116,0.884,371.5028058,943.617779,1.804851993,2.779768879,160
16000000.02,300,0.212,0.788,578.298518,787.3046935,1.784637021,2.634254981,160
16000000.02,300,0.308,0.692,737.4959981,662.5905965,2.655605741,4.979960165,160
16000000.02,300,0.404,0.596,868.0228075,558.333725,2.382292777,1.238596301,160
16000000.02,300,0.5,0.5,980.1769672,464.0981521,2.677838251,3.098593887,160
16000000.02,300,0.596,0.404,1083.3016,375.8550245,0.959359079,1.48765691,160
16000000.02,300,0.692,0.308,1180.451272,290.3808298,1.742996242,1.698128903,160
16000000.02,300,0.788,0.212,1274.723634,202.4424348,2.34972424,0.915831899,160
16000000.02,300,0.884,0.116,1365.85987,113.4271459,2.778880028,0.667490123,160
16000000.02,300,0.98,0.02,1456.018879,19.73450518,2.246140282,0.073058633,160
16000000.02,320,0.02,0.98,73.97252502,1073.57585,0.623385808,2.470306218,160
16000000.02,320,0.116,0.884,356.8614577,868.0293058,2.1216511,1.492405385,160
16000000.02,320,0.212,0.788,560.3379822,716.5005239,2.61700292,2.940386237,160
16000000.02,320,0.308,0.692,716.4637491,597.3626853,1.388730812,2.33094723,160
16000000.02,320,0.404,0.596,847.6859077,494.3906711,0.729480221,1.231846664,160
16000000.02,320,0.5,0.5,957.8115678,404.8097818,2.129869911,1.532027926,160
16000000.02,320,0.596,0.404,1056.660352,322.3031496,0.88180998,1.965233658,160
16000000.02,320,0.692,0.308,1146.394576,245.6638971,2.241113227,1.210036679,160
16000000.02,320,0.788,0.212,1231.567111,170.1130545,2.396333799,0.644503574,160
16000000.02,320,0.884,0.116,1315.618942,93.89369464,2.180264825,0.449627696,160
16000000.02,320,0.98,0.02,1396.838694,16.42755818,3.168812684,0.137378136,160
16000000.02,340,0.02,0.98,68.89917336,988.7883731,0.668182393,2.59028882,160
16000000.02,340,0.116,0.884,336.4050668,799.405125,1.921627914,2.920382602,160
16000000.02,340,0.212,0.788,533.5327184,657.4869446,2.663287684,4.497708077,160
16000000.02,340,0.308,0.692,688.2882719,543.320419,2.548409142,2.520646128,160
16000000.02,340,0.404,0.596,817.2638136,444.7141838,1.410691603,0.891581762,160
16000000.02,340,0.5,0.5,926.6074637,359.9792302,0.880879581,1.385939091,160
16000000.02,340,0.596,0.404,1022.400542,283.718482,0.622346377,0.927556417,160
16000000.02,340,0.692,0.308,1109.505122,212.9498129,1.992439331,1.31291958,160
16000000.02,340,0.788,0.212,1190.581397,145.592895,2.055173715,0.640363985,160
16000000.02,340,0.884,0.116,1267.469081,79.90197111,2.466056359,0.582018117,160
16000000.02,340,0.98,0.02,1341.261447,13.79389065,1.621019548,0.096870441,160
16000000.02,360,0.02,0.98,62.99589588,909.1929183,0.498856336,1.863435312,160
16000000.02,360,0.116,0.884,313.0603505,738.7170143,1.795618689,2.951418577,160
16000000.02,360,0.212,0.788,502.8090477,606.0631239,1.489655589,2.342636898,160
16000000.02,360,0.308,0.692,654.2605262,498.7476875,2.181975304,2.319784931,160
16000000.02,360,0.404,0.596,780.2684346,406.827265,1.152217084,1.676185578,160
16000000.02,360,0.5,0.5,887.2492326,327.5661554,2.572731898,1.763132101,160
16000000.02,360,0.596,0.404,982.3263145,255.7510189,1.888449774,0.685522116,160
16000000.02,360,0.692,0.308,1066.761472,189.9542516,1.296110052,0.784104366,160
16000000.02,360,0.788,0.212,1145.539091,128.3922405,1.28581382,0.453545016,160
16000000.02,360,0.884,0.116,1217.861939,69.49931078,2.117007699,0.209473522,160
16000000.02,360,0.98,0.02,1288.216494,11.97171197,2.132833739,0.093469625,160
16000000.02,380,0.02,0.98,57.35580266,835.2726557,0.139235754,0.933280828,160
16000000.02,380,0.116,0.884,289.754515,682.0703814,0.449003265,0.797637693,160
16000000.02,380,0.212,0.788,469.810868,561.033839,0.862947662,1.775451904,160
16000000.02,380,0.308,0.692,615.2388183,461.8846889,1.446357907,1.819336216,160
16000000.02,380,0.404,0.596,738.3710993,375.8769828,1.154051348,1.066995261,160
16000000.02,380,0.5,0.5,844.189898,301.4573411,1.961551419,0.804653626,160
16000000.02,380,0.596,0.404,937.2006849,234.937992,2.003004409,0.732053072,160
16000000.02,380,0.692,0.308,1021.233578,173.3138464,1.42344971,0.452359966,160
16000000.02,380,0.788,0.212,1097.253677,116.6286305,1.561218568,0.601076596,160
16000000.02,380,0.884,0.116,1167.686672,62.56426739,2.913926948,0.196391042,160
16000000.02,380,0.98,0.02,1235.08952,10.65940668,2.258506179,0.078928312,160
16000000.02,400,0.02,0.98,51.99064205,766.9273873,0.097707473,1.611721998,160
16000000.02,400,0.116,0.884,265.5537444,631.2463283,0.974032074,1.063431293,160
16000000.02,400,0.212,0.788,434.7796848,522.0957425,0.978839416,0.957140096,160
16000000.02,400,0.308,0.692,576.1676208,429.4923083,1.527778181,1.61799307,160
16000000.02,400,0.404,0.596,694.9229575,350.102635,1.455365368,0.992353545,160
16000000.02,400,0.5,0.5,798.1424452,280.5130318,1.293088285,0.793060877,160
16000000.02,400,0.596,0.404,889.201056,217.5688227,1.842246247,0.672569355,160
16000000.02,400,0.692,0.308,971.7699119,160.5390445,1.311659846,1.056286328,160
16000000.02,400,0.788,0.212,1046.613604,107.3516296,0.684383184,0.260137988,160
16000000.02,400,0.884,0.116,1115.934225,57.46503139,2.034967501,0.324239969,160
16000000.02,400,0.98,0.02,1181.982461,9.746438417,1.665099581,0.056753009,160
17000000.02,200,0.02,0.98,87.29890134,1515.686481,8.104921388,8.794578591,170
17000000.02,200,0.116,0.884,397.6549385,1287.115958,5.70196882,5.738029335,170
17000000.02,200,0.212,0.788,604.1737104,1134.035165,2.579440801,2.245636985,170
17000000.02,200,0.308,0.692,771.8709571,1007.7272,1.946758127,2.92627525,170
17000000.02,200,0.404,0.596,923.8771575,893.3932855,2.433766832,3.420404497,170
17000000.02,200,0.5,0.5,1063.106657,788.6576425,5.867966903,5.859435014,170
17000000.02,200,0.596,0.404,1203.566556,680.0658342,3.29261674,4.360440762,170
17000000.02,200,0.692,0.308,1349.851836,565.4442965,5.01691126,5.959341577,170
17000000.02,200,0.788,0.212,1511.892737,435.0555787,3.423840836,8.576028742,170
17000000.02,200,0.884,0.116,1703.688357,269.1499711,5.372907733,5.125021861,170
17000000.02,200,0.98,0.02,1942.912089,59.72383124,10.81918187,1.191562885,170
17000000.02,220,0.02,0.98,83.93236751,1466.681801,5.327882777,4.043170521,170
17000000.02,220,0.116,0.884,382.2953959,1247.695297,7.396225047,6.943447942,170
17000000.02,220,0.212,0.788,586.3584685,1096.361352,7.255840132,6.380603819,170
17000000.02,220,0.308,0.692,752.6806724,969.6296683,2.00869623,4.240721598,170
17000000.02,220,0.404,0.596,902.5975967,856.5338544,5.955844009,3.903103731,170
17000000.02,220,0.5,0.5,1038.8927,750.8868363,2.68843909,5.953598985,170
17000000.02,220,0.596,0.404,1178.452211,639.1373388,5.313216249,4.858849918,170
17000000.02,220,0.692,0.308,1319.539221,523.2798132,4.715764063,9.000454005,170
17000000.02,220,0.788,0.212,1475.16076,388.7408477,5.485212597,3.147426933,170
17000000.02,220,0.884,0.116,1650.933232,237.2589783,7.292828427,4.317761483,170
17000000.02,220,0.98,0.02,1852.94827,48.93480454,11.21123939,1.496628871,170
17000000.02,240,0.02,0.98,81.09431856,1409.283753,2.493712518,3.720424146,170
17000000.02,240,0.116,0.884,376.7228623,1191.65309,4.935998914,4.009066773,170
17000000.02,240,0.212,0.788,580.7679191,1039.156739,4.694538636,4.342281269,170
17000000.02,240,0.308,0.692,741.6393596,915.5539623,5.605964477,4.438428391,170
17000000.02,240,0.404,0.596,885.9299739,801.1060652,5.783517251,4.497171551,170
17000000.02,240,0.5,0.5,1023.153792,693.44288,4.98519548,4.031092635,170
17000000.02,240,0.596,0.404,1152.889529,583.1393255,4.925492979,2.466590855,170
17000000.02,240,0.692,0.308,1287.314098,469.0851893,2.241412739,2.724047446,170
17000000.02,240,0.788,0.212,1427.132018,342.5293796,6.234439483,3.244475671,170
17000000.02,240,0.884,0.116,1578.716689,203.8025532,4.461967243,1.798796886,170
17000000.02,240,0.98,0.02,1742.415651,39.60091626,8.71193135,0.452094023,170
17000000.02,260,0.02,0.98,81.1793515,1338.786602,1.338955847,1.086116683,170
17000000.02,260,0.116,0.884,376.2440569,1119.56299,3.097717069,1.68804363,170
17000000.02,260,0.212,0.788,577.0866223,966.53517,3.662506821,3.446024338,170
17000000.02,260,0.308,0.692,738.8736728,838.953085,4.023459551,4.112939832,170
17000000.02,260,0.404,0.596,877.1923646,728.7026772,2.890484389,4.623590477,170
17000000.02,260,0.5,0.5,1004.723812,622.7087416,2.68605848,1.906115582,170
17000000.02,260,0.596,0.404,1125.903835,517.1782863,2.529923309,2.950933207,170
17000000.02,260,0.692,0.308,1249.097028,407.9517815,3.701721252,4.451252079,170
17000000.02,260,0.788,0.212,1370.112901,293.3666101,5.831487599,1.03973542,170
17000000.02,260,0.884,0.116,1498.25149,169.827267,4.097146097,1.989868976,170
17000000.02,260,0.98,0.02,1630.205056,31.40387434,9.342710255,0.702928539,170
17000000.02,280,0.02,0.98,80.26216787,1257.833523,1.177787898,2.140764064,170
17000000.02,280,0.116,0.884,373.62673,1039.008104,3.981447615,1.573477792,170
17000000.02,280,0.212,0.788,577.0895255,882.0900561,2.268564883,2.150054301,170
17000000.02,280,0.308,0.692,736.0735006,757.0394319,3.579908971,1.897823574,170
17000000.02,280,0.404,0.596,870.7297256,646.8324387,1.863119635,2.930402173,170
17000000.02,280,0.5,0.5,990.1744423,545.8408314,1.531063458,2.585144436,170
17000000.02,280,0.596,0.404,1102.109752,447.3344824,2.022934312,3.214399762,170
17000000.02,280,0.692,0.308,1211.807778,350.0299196,1.928054223,2.904458738,170
17000000.02,280,0.788,0.212,1319.634158,247.2434084,4.886264504,1.580373322,170
17000000.02,280,0.884,0.116,1428.581485,140.0275119,5.440030284,1.63262338,170
17000000.02,280,0.98,0.02,1535.30268,24.99856728,2.531860454,0.226050749,170
17000000.02,300,0.02,0.98,76.78395709,1172.994388,1.101271169,2.76738846,170
17000000.02,300,0.116,0.884,365.5000067,957.2123648,2.585556636,3.732223341,170
17000000.02,300,0.212,0.788,569.8553767,801.1102733,2.470968906,3.475333018,170
17000000.02,300,0.308,0.692,729.029767,675.800461,0.998643451,1.952042286,170
17000000.02,300,0.404,0.596,860.9372086,569.9258763,2.981179681,2.93770151,170
17000000.02,300,0.5,0.5,974.8383963,475.5459637,1.733643287,2.094348385,170
17000000.02,300,0.596,0.404,1080.089802,385.0339056,1.1571979,2.08647107,170
17000000.02,300,0.692,0.308,1178.414904,296.4883139,2.371264348,2.502841115,170
17000000.02,300,0.788,0.212,1274.839326,208.2564598,3.948872048,1.622625493,170
17000000.02,300,0.884,0.116,1368.375234,114.8890208,4.059267667,0.637061982,170
17000000.02,300,0.98,0.02,1461.14522,20.2101942,4.938503032,0.195022203,170
17000000.02,320,0.02,0.98,72.84205361,1086.710211,0.844571443,1.768125029,170
17000000.02,320,0.116,0.884,350.0814239,883.1045384,1.755182019,4.319007926,170
17000000.02,320,0.212,0.788,553.7262506,731.3210016,2.74082449,1.653282178,170
17000000.02,320,0.308,0.692,711.1460973,610.0089236,1.754694907,1.458952897,170
17000000.02,320,0.404,0.596,840.8684583,507.9246637,1.934915685,2.462979885,170
17000000.02,320,0.5,0.5,953.6725474,415.7644658,2.825332419,2.392881426,170
17000000.02,320,0.596,0.404,1053.591596,332.6405584,2.146380902,1.180974859,170
17000000.02,320,0.692,0.308,1145.572708,252.7315911,2.170331526,1.486197349,170
17000000.02,320,0.788,0.212,1233.843573,174.4936224,2.060799947,1.514529705,170
17000000.02,320,0.884,0.116,1318.590076,96.46316693,2.150682897,0.455523527,170
17000000.02,320,0.98,0.02,1401.366956,16.83972733,3.173872671,0.282114999,170
17000000.02,340,0.02,0.98,67.76601585,1004.132613,0.649184708,2.71365265,170
17000000.02,340,0.116,0.884,332.2301503,814.8549482,0.992615711,2.4312524,170
17000000.02,340,0.212,0.788,528.5826563,671.5048518,1.72029045,2.841943819,170
17000000.02,340,0.308,0.692,685.5177284,555.095164,0.770808442,1.764739611,170
17000000.02,340,0.404,0.596,813.1354563,457.0459398,1.837941001,1.538087258,170
17000000.02,340,0.5,0.5,924.1170079,370.570528,1.486507401,2.60213129,170
17000000.02,340,0.596,0.404,1021.182596,292.8068456,1.661240025,1.396216307,170
17000000.02,340,0.692,0.308,1109.42869,220.0073242,0.970735826,1.207992502,170
17000000.02,340,0.788,0.212,1191.423967,150.4835441,1.103882431,0.9167377,170
17000000.02,340,0.884,0.116,1271.194414,82.14095997,1.945528391,0.409975774,170
17000000.02,340,0.98,0.02,1346.197156,14.2214722,2.166609378,0.106633956,170
17000000.02,360,0.02,0.98,62.62043774,924.7693656,0.10763551,1.249791035,170
17000000.02,360,0.116,0.884,311.3046944,752.6537554,0.987723239,2.6323383,170
17000000.02,360,0.212,0.788,500.1685226,619.6513369,1.35390619,0.817550189,170
17000000.02,360,0.308,0.692,652.130036,510.6901679,1.657639182,1.819986269,170
17000000.02,360,0.404,0.596,778.128638,417.336929,1.814138936,1.280668411,170
17000000.02,360,0.5,0.5,886.5186927,336.5589447,0.668799922,2.045987165,170
17000000.02,360,0.596,0.404,983.1597675,263.086369,0.836897973,0.518104416,170
17000000.02,360,0.692,0.308,1068.899641,196.0058873,2.372923213,0.750252462,170
17000000.02,360,0.788,0.212,1147.83943,132.6921617,1.15943288,0.73411956,170
17000000.02,360,0.884,0.116,1223.749507,72.09204021,1.327191998,0.381905904,170
17000000.02,360,0.98,0.02,1294.421104,12.37806251,2.142257095,0.059142181,170
17000000.02,380,0.02,0.98,57.31936385,851.1776122,0.201317648,1.543011049,170
17000000.02,380,0.116,0.884,288.8398818,696.3174659,0.779775851,2.170303223,170
17000000.02,380,0.212,0.788,469.2268703,573.8272397,1.182441192,1.351045736,170
17000000.02,380,0.308,0.692,616.2392441,472.6453326,1.960739279,0.978424877,170
17000000.02,380,0.404,0.596,739.5066445,385.6149011,1.094997097,0.665139798,170
17000000.02,380,0.5,0.5,845.4994976,310.1031263,1.090284658,0.422662015,170
17000000.02,380,0.596,0.404,939.164935,241.5307589,0.851854415,1.08386521,170
17000000.02,380,0.692,0.308,1024.310745,178.9984073,1.26051415,0.920121195,170
17000000.02,380,0.788,0.212,1101.575759,120.0323813,1.419201741,0.830329146,170
17000000.02,380,0.884,0.116,1173.411744,64.79222512,1.806992474,0.175304073,170
17000000.02,380,0.98,0.02,1242.04255,11.04797235,1.243053509,0.077322148,170
17000000.02,400,0.02,0.98,52.06229872,783.0664739,0.21198128,1.745697492,170
17000000.02,400,0.116,0.884,266.1870146,645.3194085,0.883664462,1.475668787,170
17000000.02,400,0.212,0.788,436.2244579,534.1951523,0.856692803,1.4941464,170
17000000.02,400,0.308,0.692,577.4198082,440.3880096,1.434048008,0.653526882,170
17000000.02,400,0.404,0.596,697.555777,359.9145501,1.295505701,0.699185355,170
17000000.02,400,0.5,0.5,801.5231422,288.336955,0.986515656,1.655358493,170
17000000.02,400,0.596,0.404,892.9830411,224.0188604,0.447164935,0.796156472,170
17000000.02,400,0.692,0.308,977.2455828,165.3292532,0.73424274,0.450422989,170
17000000.02,400,0.788,0.212,1052.474663,110.8329272,1.775938719,0.462794759,170
17000000.02,400,0.884,0.116,1123.869502,59.39085412,1.411945086,0.347083143,170
17000000.02,400,0.98,0.02,1190.199102,10.11543553,0.914569204,0.052353002,170
18000000.01,200,0.02,0.98,86.9456375,1517.138277,4.716314409,4.900567236,180
18000000.01,200,0.116,0.884,397.1445238,1288.487592,6.382957744,5.142016378,180
18000000.01,200,0.212,0.788,605.7429398,1136.074987,7.633188109,4.964623399,180
18000000.01,200,0.308,0.692,773.5693639,1008.994706,7.395945215,4.960076415,180
18000000.01,200,0.404,0.596,922.5058318,899.0067416,5.826126169,9.714629632,180
18000000.01,200,0.5,0.5,1066.691824,787.435595,7.493093877,5.54467333,180
18000000.01,200,0.596,0.404,1204.738133,681.9398782,8.776596246,4.024154594,180
18000000.01,200,0.692,0.308,1355.26692,565.1343861,8.733084264,6.89716084,180
18000000.01,200,0.788,0.212,1512.787021,436.3569915,8.007799712,7.31561481,180
18000000.01,200,0.884,0.116,1703.696225,272.9555352,7.360350694,3.513103607,180
18000000.01,200,0.98,0.02,1949.184991,59.84248941,6.094873106,0.68773331,180
18000000.01,220,0.02,0.98,83.01038146,1470.470654,1.644531492,3.210138639,180
18000000.01,220,0.116,0.884,380.7824662,1249.80974,6.192169253,4.032484151,180
18000000.01,220,0.212,0.788,584.5741877,1099.987076,2.907935607,1.475059965,180
18000000.01,220,0.308,0.692,751.3732435,973.8699487,4.091055296,6.114622395,180
18000000.01,220,0.404,0.596,898.7256677,861.122836,6.073129244,3.628155573,180
18000000.01,220,0.5,0.5,1039.145655,753.7631712,5.947651043,4.62238076,180
18000000.01,220,0.596,0.404,1176.980251,643.5613904,3.154612494,2.723706508,180
18000000.01,220,0.692,0.308,1320.76216,525.717674,6.189370928,5.739609288,180
18000000.01,220,0.788,0.212,1478.171289,391.7713412,7.426864396,4.600292411,180
18000000.01,220,0.884,0.116,1646.08489,241.3068288,5.01227098,3.994485472,180
18000000.01,220,0.98,0.02,1861.769719,49.34735467,7.553221475,1.015712633,180
18000000.01,240,0.02,0.98,79.88505466,1414.46516,1.520261362,1.927717345,180
18000000.01,240,0.116,0.884,370.1810781,1199.548915,4.173962646,3.52377287,180
18000000.01,240,0.212,0.788,574.6748505,1046.941265,1.966483179,3.201896241,180
18000000.01,240,0.308,0.692,738.4471514,920.3587176,2.687101265,4.877145882,180
18000000.01,240,0.404,0.596,883.7557463,807.3287613,3.487107127,2.626248094,180
18000000.01,240,0.5,0.5,1019.873838,696.8918289,2.699454913,4.251380465,180
18000000.01,240,0.596,0.404,1153.19816,586.7921857,3.651488617,5.269013194,180
18000000.01,240,0.692,0.308,1287.540301,469.7966361,5.666048466,0.916493269,180
18000000.01,240,0.788,0.212,1427.104288,344.5665353,3.954318782,3.100146915,180
18000000.01,240,0.884,0.116,1580.881855,205.4376184,5.297042119,2.380305542,180
18000000.01,240,0.98,0.02,1752.329884,40.05253423,4.004426967,0.292208445,180
18000000.01,260,0.02,0.98,78.75626546,1345.550377,0.868852258,0.771138659,180
18000000.01,260,0.116,0.884,369.2564602,1129.384481,2.794585829,1.010238546,180
18000000.01,260,0.212,0.788,571.8983649,975.8455587,4.017088657,3.743301468,180
18000000.01,260,0.308,0.692,735.1812246,847.5088895,2.514788764,4.118022654,180
18000000.01,260,0.404,0.596,872.107129,735.261381,2.651623447,5.242569693,180
18000000.01,260,0.5,0.5,1001.633757,628.3820116,5.76733643,3.746544845,180
18000000.01,260,0.596,0.404,1125.976876,519.9437212,4.326018401,2.146936949,180
18000000.01,260,0.692,0.308,1247.018714,413.3345537,1.64576807,2.024187859,180
18000000.01,260,0.788,0.212,1373.817016,297.0213405,4.844570255,1.762091969,180
18000000.01,260,0.884,0.116,1504.526508,171.7021422,2.674855058,1.36412104,180
18000000.01,260,0.98,0.02,1635.306951,31.76454183,11.39399131,0.784767171,180
18000000.01,280,0.02,0.98,78.07969195,1266.845153,0.877331074,2.374129282,180
18000000.01,280,0.116,0.884,367.2094835,1050.255936,3.152929591,2.961676167,180
18000000.01,280,0.212,0.788,569.6489262,894.3947279,1.243911583,2.833677886,180
18000000.01,280,0.308,0.692,729.5372243,767.0182512,2.349590834,3.344395294,180
18000000.01,280,0.404,0.596,865.6145358,656.7863211,2.920394751,2.751161575,180
18000000.01,280,0.5,0.5,987.0236111,553.7044633,2.932160638,2.715478199,180
18000000.01,280,0.596,0.404,1100.913729,453.9941806,3.803713019,3.157272235,180
18000000.01,280,0.692,0.308,1213.307902,354.3767014,2.087239398,4.37359494,180
18000000.01,280,0.788,0.212,1322.012665,250.9995143,2.776582892,1.799285377,180
18000000.01,280,0.884,0.116,1431.362203,142.7026543,3.439143985,1.383434467,180
18000000.01,280,0.98,0.02,1539.251149,25.38766978,6.125201611,0.229053706,180
18000000.01,300,0.02,0.98,75.14773776,1184.286188,0.932765282,0.958516239,180
18000000.01,300,0.116,0.884,359.8081177,969.1999567,3.270692376,2.117715695,180
18000000.01,300,0.212,0.788,561.2356576,816.2070487,2.242138103,3.828998135,180
18000000.01,300,0.308,0.692,722.3849882,690.0978869,1.460218492,1.845436779,180
18000000.01,300,0.404,0.596,854.6086851,581.7791379,2.263357154,2.888355902,180
18000000.01,300,0.5,0.5,969.4256998,485.7676755,3.01480149,1.953281694,180
18000000.01,300,0.596,0.404,1077.754408,393.6098674,2.535443502,2.189945729,180
18000000.01,300,0.692,0.308,1178.137394,301.9531009,1.50854436,3.70341179,180
18000000.01,300,0.788,0.212,1276.300542,211.9587436,1.91845706,1.039778718,180
18000000.01,300,0.884,0.116,1372.362937,117.7047624,3.146918011,1.390342422,180
18000000.01,300,0.98,0.02,1465.014897,20.5975996,1.910216399,0.152659341,180
18000000.01,320,0.02,0.98,71.62600661,1098.658579,0.138057582,1.276600522,180
18000000.01,320,0.116,0.884,345.5526195,897.097353,1.562614796,3.714549027,180
18000000.01,320,0.212,0.788,547.3447104,744.6140412,2.333432349,3.457080188,180
18000000.01,320,0.308,0.692,705.2222263,622.8624327,1.205061645,0.731987649,180
18000000.01,320,0.404,0.596,837.0331037,518.7045815,3.573901959,4.303226196,180
18000000.01,320,0.5,0.5,948.6465146,426.5847676,2.910225802,2.583879027,180
18000000.01,320,0.596,0.404,1050.745868,341.4897699,2.415557776,2.185601584,180
18000000.01,320,0.692,0.308,1144.427341,259.7802013,1.949786758,2.506333404,180
18000000.01,320,0.788,0.212,1235.4398,179.6447583,1.245219526,1.992573741,180
18000000.01,320,0.884,0.116,1321.017774,98.45280393,2.602197881,0.512956229,180
18000000.01,320,0.98,0.02,1405.598335,17.29139725,2.156260531,0.144851951,180
18000000.01,340,0.02,0.98,67.0800274,1016.957462,0.201749091,2.921872089,180
18000000.01,340,0.116,0.884,328.9185053,828.074649,0.820674453,1.740493966,180
18000000.01,340,0.212,0.788,524.9286819,684.7382506,1.029071255,1.702852837,180
18000000.01,340,0.308,0.692,680.3035867,568.5517828,1.363480529,2.829361359,180
18000000.01,340,0.404,0.596,809.2550891,468.2282252,0.833112599,0.670616162,180
18000000.01,340,0.5,0.5,921.9750678,379.6565537,1.616953092,0.754254258,180
18000000.01,340,0.596,0.404,1019.514035,300.2152228,1.878145024,1.825174885,180
18000000.01,340,0.692,0.308,1109.976167,226.3610084,1.084876505,1.097171138,180
18000000.01,340,0.788,0.212,1192.913264,154.7680529,2.422134701,1.664775859,180
18000000.01,340,0.884,0.116,1273.368913,84.58380813,1.868946354,0.493986864,180
18000000.01,340,0.98,0.02,1350.219589,14.64446466,2.994572704,0.106937906,180
18000000.01,360,0.02,0.98,61.91016579,938.5187162,0.243499399,1.434686049,180
18000000.01,360,0.116,0.884,309.1089778,766.072103,1.703021484,1.860219907,180
18000000.01,360,0.212,0.788,498.1904622,632.3488344,1.073563914,1.264193612,180
18000000.01,360,0.308,0.692,650.1215873,521.2999258,1.801193551,1.010837542,180
18000000.01,360,0.404,0.596,776.8805476,427.8978695,1.197307672,1.301277959,180
18000000.01,360,0.5,0.5,886.1274978,345.2549501,1.446039916,1.855607638,180
18000000.01,360,0.596,0.404,982.7760068,270.6636593,1.255746769,0.490383254,180
18000000.01,360,0.692,0.308,1069.494872,201.9978996,1.015319943,0.961704481,180
18000000.01,360,0.788,0.212,1150.122893,136.920597,2.443086254,0.517010858,180
18000000.01,360,0.884,0.116,1226.16543,74.25805395,3.276509143,0.686655034,180
18000000.01,360,0.98,0.02,1299.719845,12.72091049,2.468398425,0.162382268,180
18000000.01,380,0.02,0.98,57.05582686,865.8919349,0.506600493,1.527159245,180
18000000.01,380,0.116,0.884,287.8837904,710.0187436,0.849887584,1.773866597,180
18000000.01,380,0.212,0.788,468.0339943,586.9702075,0.783142839,0.910844979,180
18000000.01,380,0.308,0.692,615.3290335,483.8441387,1.08483208,1.240666141,180
18000000.01,380,0.404,0.596,739.1106743,396.1952024,1.204510174,1.10974425,180
18000000.01,380,0.5,0.5,846.4890975,318.1367275,0.726224672,1.44203485,180
18000000.01,380,0.596,0.404,941.1848064,248.0933417,1.395442476,1.405064063,180
18000000.01,380,0.692,0.308,1026.23975,183.6508741,2.227238499,1.153559194,180
18000000.01,380,0.788,0.212,1104.633716,123.9042014,2.001149343,0.564961083,180
18000000.01,380,0.884,0.116,1178.324417,66.69603757,1.484171341,0.469045192,180
18000000.01,380,0.98,0.02,1248.276653,11.41897827,2.192530148,0.11011227,180
18000000.01,400,0.02,0.98,51.98554116,799.0593331,0.144474969,2.111815415,180
18000000.01,400,0.116,0.884,266.0279645,660.1743996,0.975700369,0.849552348,180
18000000.01,400,0.212,0.788,437.3679257,546.1636606,0.580847203,1.506005881,180
18000000.01,400,0.308,0.692,578.9337146,450.7388219,0.747008012,1.074454127,180
18000000.01,400,0.404,0.596,700.2391713,368.4856977,1.401383657,1.389139676,180
18000000.01,400,0.5,0.5,804.2558903,295.6299644,1.988915307,1.32293356,180
18000000.01,400,0.596,0.404,896.2230023,230.4367571,1.184902724,0.509403046,180
18000000.01,400,0.692,0.308,981.3649322,170.1198082,1.126297773,0.589389502,180
18000000.01,400,0.788,0.212,1057.985769,114.18767,1.689543604,0.477839874,180
18000000.01,400,0.884,0.116,1129.799803,61.15167759,1.001186083,0.113791718,180
18000000.01,400,0.98,0.02,1196.864799,10.4130334,2.224245078,0.04373579,180
19000000.01,200,0.02,0.98,89.04088276,1518.380015,8.490318557,8.404611581,190
19000000.01,200,0.116,0.884,396.8705137,1289.771566,4.476409197,3.626635894,190
19000000.01,200,0.212,0.788,602.8416452,1137.659191,1.822915372,3.565560259,190
19000000.01,200,0.308,0.692,770.340337,1013.287769,4.536834756,2.862984656,190
19000000.01,200,0.404,0.596,921.8383205,900.9762385,0.908497455,2.784573021,190
19000000.01,200,0.5,0.5,1064.121897,789.5671473,12.11071646,10.30931882,190
19000000.01,200,0.596,0.404,1202.95255,684.9925033,4.713204298,4.50584936,190
19000000.01,200,0.692,0.308,1349.583442,569.6268411,4.51186284,5.432176254,190
19000000.01,200,0.788,0.212,1518.365632,435.0794939,7.573642709,3.301640007,190
19000000.01,200,0.884,0.116,1706.936865,275.1057382,6.977325659,7.592773258,190
19000000.01,200,0.98,0.02,1948.366651,60.07552837,11.77045083,1.439556166,190
19000000.01,220,0.02,0.98,81.07670963,1473.869591,3.584958337,2.073816644,190
19000000.01,220,0.116,0.884,380.3501385,1253.997792,2.353145616,2.501807322,190
19000000.01,220,0.212,0.788,581.361983,1104.508157,5.467468214,3.719425538,190
19000000.01,220,0.308,0.692,750.1223856,976.8848567,5.74486066,5.185424139,190
19000000.01,220,0.404,0.596,895.0239402,866.4915812,4.97282095,5.481482682,190
19000000.01,220,0.5,0.5,1038.852544,754.1444289,3.791439252,4.402945195,190
19000000.01,220,0.596,0.404,1179.472769,644.1634612,4.729476431,7.922609448,190
19000000.01,220,0.692,0.308,1324.356497,525.3046043,5.321982187,9.675858577,190
19000000.01,220,0.788,0.212,1477.117657,393.976596,5.564379148,5.320373409,190
19000000.01,220,0.884,0.116,1653.831,241.1051688,5.727946893,2.641494055,190
19000000.01,220,0.98,0.02,1861.103944,49.44017542,10.0489981,0.772422595,190
19000000.01,240,0.02,0.98,78.55860593,1418.278188,3.034723138,2.606000478,190
19000000.01,240,0.116,0.884,369.9310259,1203.095984,1.269568504,2.346616726,190
19000000.01,240,0.212,0.788,571.0957343,1052.737038,6.26007867,3.29805383,190
19000000.01,240,0.308,0.692,736.5809579,926.8829079,4.4595501,3.782514764,190
19000000.01,240,0.404,0.596,881.3747968,811.1321954,5.813526406,5.052568392,190
19000000.01,240,0.5,0.5,1018.30526,702.5771171,3.331484458,5.06553079,190
19000000.01,240,0.596,0.404,1151.376355,591.1642854,5.483620594,3.300593743,190
19000000.01,240,0.692,0.308,1289.557622,472.8309568,6.212411201,2.788097584,190
19000000.01,240,0.788,0.212,1429.625756,347.9200486,2.146351844,3.060996132,190
19000000.01,240,0.884,0.116,1584.105156,206.7692151,11.54081343,1.912437315,190
19000000.01,240,0.98,0.02,1749.200677,40.35641827,13.89750908,0.297409114,190
19000000.01,260,0.02,0.98,77.07834363,1351.598723,1.21955227,2.467149916,190
19000000.01,260,0.116,0.884,365.2777652,1136.574453,2.423701675,2.361712413,190
19000000.01,260,0.212,0.788,566.9511247,982.9748676,6.19452292,3.204912935,190
19000000.01,260,0.308,0.692,728.7036356,857.1688799,3.296215095,3.223747844,190
19000000.01,260,0.404,0.596,870.2876846,742.1044002,2.930342716,2.948191636,190
19000000.01,260,0.5,0.5,1001.583046,634.652209,5.395717039,2.159812888,190
19000000.01,260,0.596,0.404,1123.315648,526.4898179,3.16823509,2.176956532,190
19000000.01,260,0.692,0.308,1251.454264,415.814357,2.297014501,1.679715532,190
19000000.01,260,0.788,0.212,1375.756142,300.2700321,4.898546498,3.454665577,190
19000000.01,260,0.884,0.116,1506.065702,173.9328707,6.97816937,1.998737194,190
19000000.01,260,0.98,0.02,1642.310556,32.42029618,9.734023145,0.340840575,190
19000000.01,280,0.02,0.98,76.00585415,1275.007941,0.992760909,1.495149638,190
19000000.01,280,0.116,0.884,358.2132481,1062.075359,3.789193271,3.855129739,190
19000000.01,280,0.212,0.788,562.9767708,905.912588,2.294229196,2.955107914,190
19000000.01,280,0.308,0.692,725.139388,777.4945101,3.507961064,5.683684305,190
19000000.01,280,0.404,0.596,859.9612834,665.8870145,2.951235215,6.599266147,190
19000000.01,280,0.5,0.5,983.7027953,561.6429925,2.721288902,4.687028353,190
19000000.01,280,0.596,0.404,1100.268982,462.0033817,3.803648479,2.3421288,190
19000000.01,280,0.692,0.308,1212.149891,359.6109085,2.941849484,2.200803855,190
19000000.01,280,0.788,0.212,1324.011835,254.6577428,2.919628019,1.260064196,190
19000000.01,280,0.884,0.116,1434.755978,143.9557864,4.53370861,0.906351421,190
19000000.01,280,0.98,0.02,1545.627562,25.78657387,6.412467469,0.33765381,190
19000000.01,300,0.02,0.98,73.81778895,1191.927154,0.922919658,1.507448899,190
19000000.01,300,0.116,0.884,353.4362365,982.726676,2.217759564,2.142790899,190
19000000.01,300,0.212,0.788,556.4907979,827.5001475,2.171523752,2.185537682,190
19000000.01,300,0.308,0.692,716.1565289,701.318634,2.795179518,3.909628919,190
19000000.01,300,0.404,0.596,848.4706581,593.3277188,1.657638142,1.977534712,190
19000000.01,300,0.5,0.5,966.313288,494.3085698,1.278939547,1.585215717,190
19000000.01,300,0.596,0.404,1074.785961,399.3070526,1.682572433,1.470024401,190
19000000.01,300,0.692,0.308,1178.007131,308.5833251,1.362995325,1.083593857,190
19000000.01,300,0.788,0.212,1276.855453,215.4206631,3.254687248,1.900542025,190
19000000.01,300,0.884,0.116,1373.891359,119.7811418,3.053202068,0.62032315,190
19000000.01,300,0.98,0.02,1469.625262,21.02750167,2.860551222,0.251925281,190
19000000.01,320,0.02,0.98,70.1141622,1109.474483,0.671890474,2.983487093,190
19000000.01,320,0.116,0.884,341.8692335,908.4854371,1.913866216,1.647064239,190
19000000.01,320,0.212,0.788,541.8188717,757.5414779,1.831105349,2.501305195,190
19000000.01,320,0.308,0.692,697.7025904,637.4975113,1.710722611,1.606242632,190
19000000.01,320,0.404,0.596,830.3561187,530.4371588,2.052754018,2.765009282,190
19000000.01,320,0.5,0.5,945.2324991,436.3247986,2.108514569,2.275313122,190
19000000.01,320,0.596,0.404,1047.911537,349.194377,2.790851903,2.221660299,190
19000000.01,320,0.692,0.308,1143.883445,265.6836876,1.508449197,1.523922702,190
19000000.01,320,0.788,0.212,1234.819037,183.7170263,1.12932535,1.217686187,190
19000000.01,320,0.884,0.116,1323.416712,101.1769371,1.811302252,0.506409886,190
19000000.01,320,0.98,0.02,1409.519075,17.61668549,3.874557954,0.101442549,190
19000000.01,340,0.02,0.98,66.23303529,1029.149761,0.525762667,1.619712437,190
19000000.01,340,0.116,0.884,325.3173305,841.6069964,1.712681449,3.206123722,190
19000000.01,340,0.212,0.788,520.58237,697.538561,1.907469387,2.92616845,190
19000000.01,340,0.308,0.692,675.5007451,580.5068875,1.696840007,2.58116752,190
19000000.01,340,0.404,0.596,805.8909701,479.8599985,1.697604755,2.469222046,190
19000000.01,340,0.5,0.5,917.6842688,390.4172839,1.187718877,1.703628664,190
19000000.01,340,0.596,0.404,1018.077375,308.8422707,1.2406599,1.84706513,190
19000000.01,340,0.692,0.308,1109.065794,232.3531419,1.369676035,1.387463229,190
19000000.01,340,0.788,0.212,1193.792245,159.1828917,1.62707518,0.560097804,190
19000000.01,340,0.884,0.116,1276.214559,86.75884419,2.807229166,0.778638046,190
19000000.01,340,0.98,0.02,1356.63868,15.03245886,1.86440887,0.097975974,190
19000000.01,360,0.02,0.98,61.42045312,952.6657239,0.38616698,1.491973109,190
19000000.01,360,0.116,0.884,306.5222834,779.6348077,0.848110372,1.822279617,190
19000000.01,360,0.212,0.788,495.4150348,644.517219,1.403301961,1.922258777,190
19000000.01,360,0.308,0.692,647.3967075,532.9869586,1.736134303,2.123245977,190
19000000.01,360,0.404,0.596,774.656342,438.2511235,1.312222434,1.043401536,190
19000000.01,360,0.5,0.5,884.4493047,353.9616749,1.071221872,1.625967943,190
19000000.01,360,0.596,0.404,982.5298889,278.3296314,0.966322849,0.773102741,190
19000000.01,360,0.692,0.308,1070.822976,207.115111,2.222459209,0.547903333,190
19000000.01,360,0.788,0.212,1152.588495,140.9375708,1.045300874,0.739268294,190
19000000.01,360,0.884,0.116,1230.121985,76.64886361,1.777549976,0.290715987,190
19000000.01,360,0.98,0.02,1303.604011,13.12561589,1.704263541,0.06305721,190
19000000.01,380,0.02,0.98,56.84096539,880.5637609,0.42441517,2.208773555,190
19000000.01,380,0.116,0.884,286.5186508,724.6268766,1.494325001,3.224287373,190
19000000.01,380,0.212,0.788,467.3302884,598.363764,0.934976155,2.486164362,190
19000000.01,380,0.308,0.692,614.4962859,494.6813075,1.122616301,1.970261653,190
19000000.01,380,0.404,0.596,739.0693788,405.1172332,1.383356483,1.120916638,190
19000000.01,380,0.5,0.5,846.6046273,326.328453,1.416990095,0.73847531,190
19000000.01,380,0.596,0.404,942.8252041,254.7032873,1.093848821,0.737120074,190
19000000.01,380,0.692,0.308,1028.650328,188.9092562,1.321316578,0.933414515,190
19000000.01,380,0.788,0.212,1109.187157,127.4406027,1.647524832,0.355274231,190
19000000.01,380,0.884,0.116,1183.122131,68.66383745,1.951164866,0.240605068,190
19000000.01,380,0.98,0.02,1254.393246,11.72031667,1.484648809,0.080685376,190
19000000.01,400,0.02,0.98,52.09890032,814.7122017,0.239782482,1.648255441,190
19000000.01,400,0.116,0.884,266.4316946,672.9756451,1.168331904,1.605661779,190
19000000.01,400,0.212,0.788,437.9446249,558.1340564,1.122279043,2.513868326,190
19000000.01,400,0.308,0.692,579.8302776,461.3431249,0.714801346,0.999872987,190
19000000.01,400,0.404,0.596,700.8289754,377.5291748,1.614801194,0.702734581,190
19000000.01,400,0.5,0.5,806.5853695,303.3428665,1.27090867,0.920496357,190
19000000.01,400,0.596,0.404,900.0211312,236.4811889,1.312725573,0.862248339,190
19000000.01,400,0.692,0.308,985.051167,174.5139702,1.933917032,0.569526311,190
19000000.01,400,0.788,0.212,1062.495445,117.3720104,0.879635772,0.351320375,190
19000000.01,400,0.884,0.116,1135.152239,62.80780063,1.657458804,0.322223022,190
19000000.01,400,0.98,0.02,1204.42158,10.68588484,3.355161734,0.070085797,190
20000000,200,0.02,0.98,87.21196913,1520.756866,5.104383401,5.739992728,200
20000000,200,0.116,0.884,394.5898728,1292.860835,3.945848803,2.026754408,200
20000000,200,0.212,0.788,599.5200698,1142.20675,5.327327265,1.524987622,200
20000000,200,0.308,0.692,767.4817489,1016.600812,9.230729926,10.79126156,200
20000000,200,0.404,0.596,920.5423415,900.3025781,6.932966535,7.782081838,200
20000000,200,0.5,0.5,1062.909649,792.7386557,4.295226852,5.250240568,200
20000000,200,0.596,0.404,1204.352094,688.1982133,2.767376752,3.639090401,200
20000000,200,0.692,0.308,1354.018396,567.6915631,5.475940344,8.487842591,200
20000000,200,0.788,0.212,1515.792504,437.5873166,3.439993265,2.463490749,200
20000000,200,0.884,0.116,1706.64473,276.4687486,2.912932197,6.283914788,200
20000000,200,0.98,0.02,1950.525169,60.85570754,5.693116598,1.47748518,200
20000000,220,0.02,0.98,80.51444492,1476.891443,2.366934606,4.578631811,200
20000000,220,0.116,0.884,375.5751076,1258.665896,5.536278004,4.698506571,200
20000000,220,0.212,0.788,580.2512368,1107.59417,3.523380105,5.347894219,200
20000000,220,0.308,0.692,748.9224824,980.8975185,5.595469905,4.8322488,200
20000000,220,0.404,0.596,897.2959259,866.687665,3.108772038,5.763783355,200
20000000,220,0.5,0.5,1037.729317,757.6429919,8.982296795,3.109553556,200
20000000,220,0.596,0.404,1178.833177,644.2151014,3.297313441,1.911472737,200
20000000,220,0.692,0.308,1322.194262,529.2399443,5.95416066,5.022282868,200
20000000,220,0.788,0.212,1478.52032,396.2912441,2.68525447,3.654406503,200
20000000,220,0.884,0.116,1651.649121,243.1998699,9.467470209,4.243058343,200
20000000,220,0.98,0.02,1867.194001,50.29147677,3.643172986,0.516762818,200
20000000,240,0.02,0.98,76.23713072,1422.504614,1.47446294,4.815766387,200
20000000,240,0.116,0.884,363.7055783,1209.377836,5.874186053,3.610617423,200
20000000,240,0.212,0.788,570.2500717,1055.053625,3.68211516,2.568912859,200
20000000,240,0.308,0.692,734.5464349,929.1397509,2.801594514,4.879913995,200
20000000,240,0.404,0.596,881.2449683,815.5960249,4.930999972,3.882364623,200
20000000,240,0.5,0.5,1017.303016,705.8663832,5.788170658,4.872682844,200
20000000,240,0.596,0.404,1150.967959,595.3221181,3.96627676,3.173207699,200
20000000,240,0.692,0.308,1290.194853,477.8961296,7.048432339,4.913537218,200
20000000,240,0.788,0.212,1432.368028,349.6140965,2.296678611,4.281736816,200
20000000,240,0.884,0.116,1588.000908,208.7431973,11.23495014,1.771428544,200
20000000,240,0.98,0.02,1762.334983,40.95012472,7.69609914,0.723576198,200
20000000,260,0.02,0.98,76.52817997,1357.414012,1.644793049,3.453251974,200
20000000,260,0.116,0.884,359.5551623,1146.505961,4.140911153,3.44637026,200
20000000,260,0.212,0.788,560.504955,991.6445334,4.518299738,0.793833536,200
20000000,260,0.308,0.692,724.6049882,863.4817991,3.095732432,3.629884048,200
20000000,260,0.404,0.596,868.5389743,747.5915611,5.920583206,2.882179763,200
20000000,260,0.5,0.5,997.5476175,641.4855133,2.691872973,1.599302031,200
20000000,260,0.596,0.404,1124.202824,530.6841555,7.079851603,5.374261495,200
20000000,260,0.692,0.308,1250.515999,420.7355884,4.733725036,3.115155506,200
20000000,260,0.788,0.212,1376.736652,302.5957287,7.658037044,1.426224544,200
20000000,260,0.884,0.116,1508.152075,175.1361636,3.741439616,2.01930238,200
20000000,260,0.98,0.02,1649.838196,32.99805339,5.548725847,0.347861188,200
20000000,280,0.02,0.98,74.85020387,1280.979346,2.255628155,2.1987913,200
20000000,280,0.116,0.884,355.226378,1071.377851,2.4553286,4.476423989,200
20000000,280,0.212,0.788,558.4856533,914.7182639,3.162249632,2.844124554,200
20000000,280,0.308,0.692,718.224886,787.7386478,3.516294989,2.606546822,200
20000000,280,0.404,0.596,855.2153384,675.2985017,1.713344592,1.835272258,200
20000000,280,0.5,0.5,980.5300682,569.7023445,2.578970451,3.397755086,200
20000000,280,0.596,0.404,1098.067974,467.5666176,2.845412459,4.131356159,200
20000000,280,0.692,0.308,1211.193609,364.5182341,4.394806009,2.074663091,200
20000000,280,0.788,0.212,1325.110452,257.530926,4.581554907,1.62257891,200
20000000,280,0.884,0.116,1436.531739,145.9462027,3.841861146,0.747457357,200
20000000,280,0.98,0.02,1551.497656,26.18755605,6.349222539,0.444738837,200
20000000,300,0.02,0.98,72.00246865,1202.848883,0.48509115,0.989283278,200
20000000,300,0.116,0.884,348.7976544,994.388616,3.96824945,1.753559224,200
20000000,300,0.212,0.788,550.6660145,838.5894562,3.133146908,2.389538779,200
20000000,300,0.308,0.692,710.0277541,712.499482,1.049363264,3.410686517,200
20000000,300,0.404,0.596,843.8711466,603.1502841,1.897880975,2.92069576,200
20000000,300,0.5,0.5,963.2890294,501.9319933,4.840971405,2.819955562,200
20000000,300,0.596,0.404,1072.820788,407.6117216,4.179028031,2.7577753,200
20000000,300,0.692,0.308,1178.505824,314.233615,2.881808958,2.301755685,200
20000000,300,0.788,0.212,1278.785761,219.2467829,3.269019109,1.240502899,200
20000000,300,0.884,0.116,1377.18222,122.0015665,3.655158942,1.4608368,200
20000000,300,0.98,0.02,1476.133646,21.4386491,2.545075347,0.263145696,200
20000000,320,0.02,0.98,68.94136425,1120.592417,0.271994928,1.493705961,200
20000000,320,0.116,0.884,337.1945925,921.1652883,2.316744867,2.355649105,200
20000000,320,0.212,0.788,536.3987137,769.9371867,1.927503069,3.118954146,200
20000000,320,0.308,0.692,694.5032464,646.9710291,3.072871444,2.369042804,200
20000000,320,0.404,0.596,827.292898,539.7456426,1.293708415,3.739889929,200
20000000,320,0.5,0.5,941.296619,445.501186,1.641759296,2.508925374,200
20000000,320,0.596,0.404,1046.620279,356.2534989,1.883245473,2.77518333,200
20000000,320,0.692,0.308,1143.465226,271.7062649,2.456354233,0.669227182,200
20000000,320,0.788,0.212,1236.797668,187.3812812,1.844995767,0.889525854,200
20000000,320,0.884,0.116,1325.442255,102.8179594,0.81728872,0.757172007,200
20000000,320,0.98,0.02,1412.707973,17.87043595,3.231003405,0.19784725,200
20000000,340,0.02,0.98,65.16800723,1041.061937,0.532456438,2.389608126,200
20000000,340,0.116,0.884,322.2562803,853.2606761,0.954257695,3.363416693,200
20000000,340,0.212,0.788,516.4762883,709.7302373,1.887125587,2.150172619,200
20000000,340,0.308,0.692,672.6549905,589.9715561,2.669005403,3.165068271,200
20000000,340,0.404,0.596,803.2997988,488.2566223,0.855393775,1.60601898,200
20000000,340,0.5,0.5,915.1059583,399.1835629,1.741715349,1.431176343,200
20000000,340,0.596,0.404,1016.672323,316.4441169,1.53182083,2.338931694,200
20000000,340,0.692,0.308,1108.635799,237.7956242,1.844065585,0.972900509,200
20000000,340,0.788,0.212,1195.510838,162.6821647,3.222737137,0.677311124,200
20000000,340,0.884,0.116,1279.956768,88.82277243,2.505225489,0.517551256,200
20000000,340,0.98,0.02,1360.402649,15.42043574,2.878088476,0.155403112,200
20000000,360,0.02,0.98,60.92544963,966.1210786,0.26332038,2.825166389,200
20000000,360,0.116,0.884,305.4071418,791.7116703,1.649198611,1.772176456,200
20000000,360,0.212,0.788,493.1390335,656.1085911,1.59521442,2.284542297,200
20000000,360,0.308,0.692,644.7893382,544.1895399,2.237209681,2.04787774,200
20000000,360,0.404,0.596,773.1658237,447.8555081,1.466724291,1.697951782,200
20000000,360,0.5,0.5,883.6197587,363.0202354,1.199316472,1.090001291,200
20000000,360,0.596,0.404,982.5401992,285.1307255,1.140755587,0.778909981,200
20000000,360,0.692,0.308,1071.862391,212.9858502,2.488645168,1.345879772,200
20000000,360,0.788,0.212,1154.997147,144.6434046,2.375019188,0.857093128,200
20000000,360,0.884,0.116,1233.411327,78.53232822,1.823329323,0.768672001,200
20000000,360,0.98,0.02,1309.226793,13.49075124,1.603071728,0.085254169,200
20000000,380,0.02,0.98,56.34509366,894.6552148,0.158228987,1.389876708,200
20000000,380,0.116,0.884,285.7456216,736.7088305,0.929614972,1.228948559,200
20000000,380,0.212,0.788,466.183429,609.9452132,1.877129771,1.890109856,200
20000000,380,0.308,0.692,614.0098834,504.9275579,1.502275653,1.639503811,200
20000000,380,0.404,0.596,739.3351135,413.9958149,2.580300528,1.548214354,200
20000000,380,0.5,0.5,846.8481948,334.109187,1.929660986,1.954368093,200
20000000,380,0.596,0.404,943.8386806,261.1401985,1.71078805,0.816921243,200
20000000,380,0.692,0.308,1031.175405,194.0571884,2.270495459,1.086999667,200
20000000,380,0.788,0.212,1111.957972,131.0283844,2.200362462,0.367967186,200
20000000,380,0.884,0.116,1187.343471,70.579772,1.305078321,0.475228539,200
20000000,380,0.98,0.02,1259.433577,12.09766072,2.492157023,0.139413035,200
20000000,400,0.02,0.98,51.97658747,828.0441879,0.279971232,1.603475791,200
20000000,400,0.116,0.884,265.7010462,685.5437997,1.113668161,1.930289363,200
20000000,400,0.212,0.788,438.1093999,569.4107904,1.151644512,1.032037551,200
20000000,400,0.308,0.692,580.2552253,471.2434449,1.633643935,1.412274701,200
20000000,400,0.404,0.596,701.6259625,386.1571405,1.040329616,0.761383296,200
20000000,400,0.5,0.5,808.2207478,310.5388816,0.734707784,1.275986363,200
20000000,400,0.596,0.404,902.2593099,241.9675532,0.738599982,0.321131546,200
20000000,400,0.692,0.308,988.9277628,179.059243,0.819597331,0.881914682,200
20000000,400,0.788,0.212,1066.876812,120.2994314,1.380774289,0.713847503,200
20000000,400,0.884,0.116,1141.550466,64.84580486,1.58873704,0.212845759,200
20000000,400,0.98,0.02,1211.18916,11.01403043,2.241426967,0.080766064,200
