Pressure(Pa),Temperature(K),Xe_mole_frac,Kr_mole_frac,Xe_uptake,Kr_uptake,Xe_Error,Kr_Error
0.1,300,0.02,0.98,8.13972E-05,5.19519E-05,0.000217059,0.000138538
0.1,300,0.04,0.96,8.13972E-05,0.000138538,0.000217059,0.000138538
0.1,300,0.06,0.94,0.000135662,0.000155856,0.000297221,0.000254511
0.1,300,0.08,0.92,0.000189927,0.000155856,0.000217059,0.000317431
0.1,300,0.1,0.9,0.000244192,0.000103904,0.000265842,0.000254511
0.1,300,0.12,0.88,0.000325589,8.65865E-05,0.000132921,0.000154891
0.1,300,0.14,0.86,0.000352721,0.000173173,0.00047307,0.000189702
0.1,300,0.16,0.84,0.000271324,0.00019049,0.0001716,0.000201953
0.1,300,0.18,0.82,0.000379854,0.000121221,0.000316415,0.000176603
0.1,300,0.2,0.8,0.000352721,0.000121221,0.000368042,0.000176603
0.1,300,0.22,0.78,0.000379854,0.000103904,0.00020304,0.000201953
0.1,300,0.24,0.76,0.000542648,1.73173E-05,0.000664605,6.92692E-05
0.1,300,0.26,0.74,0.00056978,0.000103904,0.000694929,0.000129591
0.1,300,0.28,0.72,0.00067831,0.000121221,0.000822966,0.000176603
0.1,300,0.3,0.7,0.000651178,5.19519E-05,0.000265842,8.48371E-05
0.1,300,0.32,0.68,0.00078684,5.19519E-05,0.000736084,8.48371E-05
0.1,300,0.34,0.66,0.00078684,5.19519E-05,0.000553395,8.48371E-05
0.1,300,0.36,0.64,0.001003899,0.000103904,0.000503231,0.000129591
0.1,300,0.38,0.62,0.001058164,1.73173E-05,0.000830092,6.92692E-05
0.1,300,0.4,0.6,0.000705442,1.73173E-05,0.001117381,6.92692E-05
0.1,300,0.42,0.58,0.000841104,1.73173E-05,0.000715802,6.92692E-05
0.1,300,0.44,0.56,0.001519414,1.73173E-05,0.000466803,6.92692E-05
0.1,300,0.46,0.54,0.001085296,8.65865E-05,0.001029602,0.000154891
0.1,300,0.48,0.52,0.001627944,5.19519E-05,0.001372803,8.48371E-05
0.1,300,0.5,0.5,0.001139561,3.46346E-05,0.000632831,0.000138538
0.1,300,0.52,0.48,0.001546547,5.19519E-05,0.000609121,8.48371E-05
0.1,300,0.54,0.46,0.001302355,8.65865E-05,0.000503231,0.000268279
0.1,300,0.56,0.44,0.001438017,1.73173E-05,0.000797526,6.92692E-05
0.1,300,0.58,0.42,0.001329488,1.73173E-05,0.000793826,6.92692E-05
0.1,300,0.6,0.4,0.001492282,5.19519E-05,0.001306869,8.48371E-05
0.1,300,0.62,0.38,0.001410885,6.92692E-05,0.00055869,6.92692E-05
0.1,300,0.64,0.36,0.001492282,8.65865E-05,0.000664605,0.000154891
0.1,300,0.66,0.34,0.001790738,3.46346E-05,0.0011689,8.48371E-05
0.1,300,0.68,0.32,0.001329488,3.46346E-05,0.000553395,8.48371E-05
0.1,300,0.7,0.3,0.001845003,5.19519E-05,0.001346817,8.48371E-05
0.1,300,0.72,0.28,0.001709341,1.73173E-05,0.001220657,6.92692E-05
0.1,300,0.74,0.26,0.002170592,1.73173E-05,0.000618714,6.92692E-05
0.1,300,0.76,0.24,0.001980665,1.73173E-05,0.001291001,6.92692E-05
0.1,300,0.78,0.22,0.001980665,0,0.00055869,0
0.1,300,0.8,0.2,0.002197724,5.19519E-05,0.001770064,0.000138538
0.1,300,0.82,0.18,0.001763606,0,0.00115113,0
0.1,300,0.84,0.16,0.001655076,3.46346E-05,0.0011689,0.000138538
0.1,300,0.86,0.14,0.002333386,1.73173E-05,0.001613408,6.92692E-05
0.1,300,0.88,0.12,0.002306254,1.73173E-05,0.000542648,6.92692E-05
0.1,300,0.9,0.1,0.002360519,1.73173E-05,0.001501871,6.92692E-05
0.1,300,0.92,0.08,0.002306254,0,0.000514801,0
0.1,300,0.94,0.06,0.0019264,1.73173E-05,0.000830092,6.92692E-05
0.1,300,0.96,0.04,0.00282177,0,0.001006462,0
0.1,300,0.98,0.02,0.001817871,0,0.00058445,0
400000.098,300,0.02,0.98,43.01730647,193.218217,0.481756676,0.945707495
400000.098,300,0.04,0.96,78.17994616,181.4128377,0.954977484,0.557931591
400000.098,300,0.06,0.94,109.0696942,172.9109766,0.401879484,0.45789398
400000.098,300,0.08,0.92,137.6498511,165.7084155,1.017290048,1.477516898
400000.098,300,0.1,0.9,163.7720568,159.0679222,1.481961416,1.282291869
400000.098,300,0.12,0.88,189.0911706,153.1613361,1.290798067,0.76642973
400000.098,300,0.14,0.86,213.9045094,147.3785862,0.851933433,1.795212852
400000.098,300,0.16,0.84,237.7461555,142.6042228,0.616482096,0.388586125
400000.098,300,0.18,0.82,260.4708422,137.9499722,0.802355345,0.215145501
400000.098,300,0.2,0.8,283.437984,133.3210915,0.588149277,0.71203766
400000.098,300,0.22,0.78,305.1603727,128.685509,1.762610778,0.420156344
400000.098,300,0.24,0.76,326.6156972,124.5091121,1.702734161,0.574396042
400000.098,300,0.26,0.74,347.9413017,119.9646879,1.023154238,0.703538088
400000.098,300,0.28,0.72,369.4998378,115.8464599,0.729775524,0.658635488
400000.098,300,0.3,0.7,389.977989,111.7710921,1.229120019,0.601061347
400000.098,300,0.32,0.68,409.6927429,107.7052143,2.084661671,0.361351155
400000.098,300,0.34,0.66,429.5176002,103.6445143,2.365763169,0.511045093
400000.098,300,0.36,0.64,449.4327269,99.72266451,1.224265842,0.391034316
400000.098,300,0.38,0.62,468.1630903,95.84474868,1.328429159,0.65788477
400000.098,300,0.4,0.6,485.8745778,92.12706987,2.145575138,0.561182977
400000.098,300,0.42,0.58,505.1897801,88.39368427,1.248976727,0.372035285
400000.098,300,0.44,0.56,523.2206431,84.43171025,1.526041419,0.282774243
400000.098,300,0.46,0.54,540.536079,80.95361634,1.002859759,0.42496011
400000.098,300,0.48,0.52,557.6788172,77.32874097,1.573391339,0.361682605
400000.098,300,0.5,0.5,575.0286569,73.73714945,1.445111851,0.241472089
400000.098,300,0.52,0.48,591.118658,70.30887742,1.970800673,0.407709807
400000.098,300,0.54,0.46,607.639603,66.67563778,0.491708319,0.18348298
400000.098,300,0.56,0.44,622.6407809,63.27862349,1.52726101,0.396911781
400000.098,300,0.58,0.42,637.8535102,59.79162849,0.807565648,0.303818977
400000.098,300,0.6,0.4,653.1136126,56.65290178,1.864702167,0.197083658
400000.098,300,0.62,0.38,668.1014414,53.394703,2.032843251,0.359169033
400000.098,300,0.64,0.36,682.0806503,50.13572493,1.728328858,0.190469391
400000.098,300,0.66,0.34,695.9503801,46.92525264,2.690997396,0.223181087
400000.098,300,0.68,0.32,710.2010216,43.90585948,3.201613392,0.095207255
400000.098,300,0.7,0.3,723.3887242,40.70484243,2.200006841,0.120640448
400000.098,300,0.72,0.28,735.1785927,37.66454728,2.311879796,0.114287615
400000.098,300,0.74,0.26,748.7676649,34.73439019,2.220684675,0.195039025
400000.098,300,0.76,0.24,760.9037157,31.8258624,1.85862337,0.167911444
400000.098,300,0.78,0.22,772.5303286,28.92914502,3.443990084,0.103986302
400000.098,300,0.8,0.2,783.2705532,26.09644971,2.43017276,0.101798978
400000.098,300,0.82,0.18,795.8080279,23.29296869,1.947654446,0.092302718
400000.098,300,0.84,0.16,807.140417,20.56005569,1.756405741,0.099512467
400000.098,300,0.86,0.14,819.1749927,17.87708579,1.602687071,0.131562967
400000.098,300,0.88,0.12,829.4870409,15.18445283,2.28101379,0.045270043
400000.098,300,0.9,0.1,840.2840264,12.54730452,1.86244035,0.056563585
400000.098,300,0.92,0.08,849.6436731,9.994283671,1.377103637,0.045882895
400000.098,300,0.94,0.06,859.930678,7.410195577,2.088605243,0.020321869
400000.098,300,0.96,0.04,869.2894293,4.907949062,2.851844061,0.021640007
400000.098,300,0.98,0.02,878.7900831,2.441220336,2.368310776,0.023365658
800000.096,300,0.02,0.98,62.12565131,334.0971514,0.463518542,1.565727231
800000.096,300,0.04,0.96,115.5618805,316.113114,0.751557494,1.664502402
800000.096,300,0.06,0.94,163.708784,301.3691094,0.60848932,0.901818449
800000.096,300,0.08,0.92,209.1299668,288.1502399,0.445307946,0.833901188
800000.096,300,0.1,0.9,250.8662171,276.4922309,1.436889569,0.858017081
800000.096,300,0.12,0.88,290.8666178,264.738994,1.442125761,0.442351951
800000.096,300,0.14,0.86,328.8341506,254.386017,1.342055833,0.664392402
800000.096,300,0.16,0.84,365.4059386,244.1834408,0.80630195,0.551679941
800000.096,300,0.18,0.82,401.4469626,234.3938823,1.550437202,1.151525437
800000.096,300,0.2,0.8,434.860268,224.5600608,0.85920589,0.944580924
800000.096,300,0.22,0.78,467.8779288,215.8440366,3.10876168,1.272617143
800000.096,300,0.24,0.76,497.3924712,206.0850258,1.312016225,0.960881362
800000.096,300,0.26,0.74,526.8821061,198.0619362,1.552894945,0.486545125
800000.096,300,0.28,0.72,555.108158,189.7505135,1.438427508,0.939073893
800000.096,300,0.3,0.7,581.6464933,181.2237847,2.147764753,0.574270222
800000.096,300,0.32,0.68,608.161549,173.2899485,1.781823789,0.406205682
800000.096,300,0.34,0.66,632.6876913,165.6498657,1.311078119,0.996353356
800000.096,300,0.36,0.64,656.7594202,158.1767737,2.280483115,0.574093016
800000.096,300,0.38,0.62,679.9164345,151.0051067,0.766736419,0.902495993
800000.096,300,0.4,0.6,702.565666,143.6379619,2.925292695,0.860221496
800000.096,300,0.42,0.58,723.5656817,137.0717771,2.220334934,0.606267257
800000.096,300,0.44,0.56,742.9623625,130.3356229,2.178890216,0.1598484
800000.096,300,0.46,0.54,762.6333519,124.1465224,1.059867191,0.50886255
800000.096,300,0.48,0.52,782.4277395,117.6138466,1.941861638,0.567759899
800000.096,300,0.5,0.5,799.1115874,111.6674827,2.715124354,0.639458594
800000.096,300,0.52,0.48,817.6501247,105.4875084,1.08279946,0.130966244
800000.096,300,0.54,0.46,833.7853827,99.73963547,1.488590692,0.689037809
800000.096,300,0.56,0.44,849.4386607,94.16477971,1.470149779,0.785281736
800000.096,300,0.58,0.42,865.0064445,88.65934903,2.155671834,0.537915319
800000.096,300,0.6,0.4,881.0671154,83.52871676,1.217201309,0.28568339
800000.096,300,0.62,0.38,894.8216139,78.21701475,2.269646591,0.216745014
800000.096,300,0.64,0.36,908.7417556,73.22618508,1.279590634,0.103746961
800000.096,300,0.66,0.34,921.2801257,68.29314324,1.597934685,0.126611848
800000.096,300,0.68,0.32,935.4135552,63.57154569,2.142119336,0.136700494
800000.096,300,0.7,0.3,947.2669678,58.90880965,1.624729526,0.365392165
800000.096,300,0.72,0.28,960.6352365,54.1677994,1.157354416,0.22683893
800000.096,300,0.74,0.26,971.0894313,49.7920284,2.325190364,0.284694758
800000.096,300,0.76,0.24,982.5522188,45.46005287,1.073966729,0.306580056
800000.096,300,0.78,0.22,994.8525563,41.26670236,2.414135177,0.13865575
800000.096,300,0.8,0.2,1004.296666,37.04609441,1.055982282,0.315908875
800000.096,300,0.82,0.18,1015.098698,32.8859758,2.357641599,0.169714328
800000.096,300,0.84,0.16,1024.893766,29.01677058,2.142643873,0.094288444
800000.096,300,0.86,0.14,1035.452122,25.08889433,0.861143146,0.081294618
800000.096,300,0.88,0.12,1044.322734,21.32314269,1.354069021,0.097407703
800000.096,300,0.9,0.1,1054.130581,17.58248382,0.742432706,0.07315372
800000.096,300,0.92,0.08,1063.414284,13.948361,1.05166286,0.058192181
800000.096,300,0.94,0.06,1073.038906,10.35597288,1.437768182,0.103127452
800000.096,300,0.96,0.04,1081.231507,6.824299233,1.610308018,0.021474407
800000.096,300,0.98,0.02,1089.387126,3.389706391,1.911031686,0.024770501
1200000.094,300,0.02,0.98,75.99421435,446.5647628,0.263356822,0.661640774
1200000.094,300,0.04,0.96,142.287972,421.6288669,1.233191265,1.236478865
1200000.094,300,0.06,0.94,201.653797,401.1760226,1.540862058,1.930513931
1200000.094,300,0.08,0.92,256.9400488,382.0991594,1.42802607,1.990138412
1200000.094,300,0.1,0.9,309.0015335,363.638567,1.070068733,1.383630129
1200000.094,300,0.12,0.88,356.7167878,346.2512319,1.424503532,2.412686959
1200000.094,300,0.14,0.86,401.9514353,330.1707645,2.409722573,1.080074702
1200000.094,300,0.16,0.84,444.5780081,314.7153824,1.526663289,0.827864473
1200000.094,300,0.18,0.82,484.4137423,300.4343041,1.35731098,1.407439481
1200000.094,300,0.2,0.8,521.7423072,286.802538,0.507487179,1.001450146
1200000.094,300,0.22,0.78,556.9208465,273.2781046,2.035353225,1.329000104
1200000.094,300,0.24,0.76,590.8981802,260.6769433,1.221862275,0.833676926
1200000.094,300,0.26,0.74,622.751047,248.7904498,2.329503624,1.19264151
1200000.094,300,0.28,0.72,651.9682726,236.9097229,2.283678684,0.815934998
1200000.094,300,0.3,0.7,680.8792548,225.4566295,2.027683694,0.295947437
1200000.094,300,0.32,0.68,707.1550299,215.206552,1.846032114,0.734892108
1200000.094,300,0.34,0.66,732.7788405,205.1653904,0.683745405,1.095905521
1200000.094,300,0.36,0.64,757.3431581,195.1034307,1.156616624,0.667289112
1200000.094,300,0.38,0.62,780.6364856,185.4950631,1.249919793,0.576971304
1200000.094,300,0.4,0.6,802.1322917,176.1374501,0.589069434,0.570205956
1200000.094,300,0.42,0.58,823.1970724,167.5667008,1.610637772,0.853892714
1200000.094,300,0.44,0.56,842.2588038,158.967603,3.360920965,0.639398637
1200000.094,300,0.46,0.54,862.4414288,150.8136639,1.269242985,0.47801469
1200000.094,300,0.48,0.52,880.8781925,142.8880707,1.120416823,0.596433316
1200000.094,300,0.5,0.5,898.2813746,135.1906676,1.916049793,0.395109208
1200000.094,300,0.52,0.48,915.3582625,127.8167691,0.867435784,0.349088878
1200000.094,300,0.54,0.46,931.3917468,120.8677853,1.936012477,0.35781096
1200000.094,300,0.56,0.44,946.9785504,113.7945672,1.793226798,0.570609665
1200000.094,300,0.58,0.42,962.4995308,106.9371919,1.434632441,0.311201644
1200000.094,300,0.6,0.4,976.3263371,100.4920204,2.221773259,0.480414804
1200000.094,300,0.62,0.38,990.1035725,94.03728972,1.749015425,0.638991348
1200000.094,300,0.64,0.36,1003.448562,88.01048697,1.981644508,0.502295481
1200000.094,300,0.66,0.34,1017.18754,82.08258334,2.279165479,0.158903287
1200000.094,300,0.68,0.32,1029.553077,76.1665767,2.566592386,0.119182945
1200000.094,300,0.7,0.3,1040.770696,70.69737382,2.222235672,0.333762954
1200000.094,300,0.72,0.28,1052.220053,65.07013322,1.518643961,0.248293748
1200000.094,300,0.74,0.26,1064.692247,59.53663119,1.478507708,0.406146034
1200000.094,300,0.76,0.24,1076.166322,54.5157733,1.389501665,0.268299972
1200000.094,300,0.78,0.22,1085.765493,49.33429743,1.766515787,0.237224599
1200000.094,300,0.8,0.2,1096.920219,44.28368841,1.270635655,0.308589917
1200000.094,300,0.82,0.18,1107.178193,39.41565574,0.425401847,0.233552463
1200000.094,300,0.84,0.16,1116.40717,34.61450249,1.641909898,0.101633745
1200000.094,300,0.86,0.14,1125.97153,30.0367771,2.388304691,0.272292366
1200000.094,300,0.88,0.12,1135.426412,25.41695334,2.365833568,0.159648525
1200000.094,300,0.9,0.1,1143.664052,21.00059058,1.796205742,0.12735986
1200000.094,300,0.92,0.08,1152.835265,16.63285482,1.848007331,0.092606841
1200000.094,300,0.94,0.06,1161.976577,12.34225033,1.277943874,0.079224544
1200000.094,300,0.96,0.04,1169.64129,8.185802986,1.326595451,0.070857278
1200000.094,300,0.98,0.02,1177.635797,4.03363302,2.519032768,0.02667427
1600000.092,300,0.02,0.98,85.51331815,536.2700078,0.690240151,2.224908752
1600000.092,300,0.04,0.96,160.7095144,504.9174446,0.600276464,1.295757676
1600000.092,300,0.06,0.94,228.3083404,477.8355018,0.80864081,1.493235944
1600000.092,300,0.08,0.92,289.4183446,451.9205893,1.425999736,1.64500813
1600000.092,300,0.1,0.9,345.8051679,428.9572382,2.062551251,1.626659286
1600000.092,300,0.12,0.88,398.2434674,407.107459,1.561895525,1.586135573
1600000.092,300,0.14,0.86,446.1202679,387.3341977,0.696849453,0.436639734
1600000.092,300,0.16,0.84,491.9213043,367.3019907,0.591808458,1.094459272
1600000.092,300,0.18,0.82,532.9042235,349.1768346,1.061846655,1.194364554
1600000.092,300,0.2,0.8,572.921392,332.4227413,0.962864701,0.746243394
1600000.092,300,0.22,0.78,610.0770964,315.9268144,1.07538188,1.644986391
1600000.092,300,0.24,0.76,643.5243173,300.7928242,0.909824013,1.191941126
1600000.092,300,0.26,0.74,675.9269137,285.4713222,1.51483389,1.043918564
1600000.092,300,0.28,0.72,705.9419132,271.9147133,1.372865674,1.681805093
1600000.092,300,0.3,0.7,734.1529338,259.337623,1.063561738,1.04563029
1600000.092,300,0.32,0.68,762.0618079,245.7878717,2.27516513,1.568045869
1600000.092,300,0.34,0.66,788.3722311,233.8853597,1.618415344,0.889358373
1600000.092,300,0.36,0.64,811.5937391,222.1089176,1.784372001,0.58942281
1600000.092,300,0.38,0.62,835.6765651,211.4624816,2.728002658,0.678214715
1600000.092,300,0.4,0.6,856.9062295,200.7334074,1.074652586,0.292712265
1600000.092,300,0.42,0.58,876.7644596,191.0026238,1.590193834,0.418984338
1600000.092,300,0.44,0.56,897.0579205,180.8864437,1.464463673,0.518168059
1600000.092,300,0.46,0.54,916.6385319,171.3845429,2.085178071,0.275310988
1600000.092,300,0.48,0.52,934.9129895,162.2325902,1.799508936,0.367143072
1600000.092,300,0.5,0.5,951.6263033,153.3521382,1.021298638,1.040738816
1600000.092,300,0.52,0.48,968.5888009,144.984746,2.124822285,0.949491624
1600000.092,300,0.54,0.46,985.559384,136.857995,1.968295026,0.722334516
1600000.092,300,0.56,0.44,1000.00215,129.0366,2.01378988,0.488463861
1600000.092,300,0.58,0.42,1015.448245,121.2289377,1.354583538,0.554342662
1600000.092,300,0.6,0.4,1029.739911,114.0547596,1.747810377,1.058642314
1600000.092,300,0.62,0.38,1043.246121,106.6917537,1.536012663,0.221618962
1600000.092,300,0.64,0.36,1057.36091,99.82010898,1.730179963,0.373977571
1600000.092,300,0.66,0.34,1070.041427,93.02698089,1.589152346,0.447120466
1600000.092,300,0.68,0.32,1081.387572,86.29955466,0.885959435,0.389640684
1600000.092,300,0.7,0.3,1093.987478,79.90410114,2.597398944,0.257284634
1600000.092,300,0.72,0.28,1106.43973,73.68933637,1.546834552,0.519055195
1600000.092,300,0.74,0.26,1117.391126,67.88925176,1.371586349,0.301625492
1600000.092,300,0.76,0.24,1128.654952,61.79049561,1.050081332,0.298190003
1600000.092,300,0.78,0.22,1138.60055,56.10532863,1.216048004,0.261531142
1600000.092,300,0.8,0.2,1148.514132,50.20566953,1.814328691,0.227351275
1600000.092,300,0.82,0.18,1158.310094,44.90873918,1.171150785,0.214942656
1600000.092,300,0.84,0.16,1168.703703,39.36533165,1.889138307,0.215946027
1600000.092,300,0.86,0.14,1178.511793,34.00034431,1.428594671,0.138546068
1600000.092,300,0.88,0.12,1187.613194,29.00696898,2.582292255,0.104544815
1600000.092,300,0.9,0.1,1196.228925,23.85507106,1.400359908,0.065206914
1600000.092,300,0.92,0.08,1205.333581,18.9084871,3.236458498,0.11584142
1600000.092,300,0.94,0.06,1213.860507,14.06778112,1.619511278,0.174755723
1600000.092,300,0.96,0.04,1222.782373,9.285174709,2.489678496,0.11453149
1600000.092,300,0.98,0.02,1231.239976,4.609848992,1.553270678,0.030272985
2000000.09,300,0.02,0.98,92.36964829,608.9726215,0.593117855,0.965041479
2000000.09,300,0.04,0.96,172.8387007,572.7700183,0.324674746,2.490697232
2000000.09,300,0.06,0.94,245.6250786,538.9650651,0.85310517,0.814737754
2000000.09,300,0.08,0.92,310.8954564,507.7503131,0.664699272,1.90528389
2000000.09,300,0.1,0.9,369.9845581,480.9805146,0.91829563,1.907981702
2000000.09,300,0.12,0.88,424.768752,455.1993611,1.422939088,1.470978154
2000000.09,300,0.14,0.86,474.1872155,431.3131016,1.460365008,1.102789995
2000000.09,300,0.16,0.84,520.9330291,408.9665235,1.858094142,1.317606148
2000000.09,300,0.18,0.82,564.0520549,387.6208857,2.623284702,1.179668211
2000000.09,300,0.2,0.8,604.1727065,368.7619434,0.988178761,0.624933998
2000000.09,300,0.22,0.78,641.7162956,349.9645121,1.57219291,1.689337896
2000000.09,300,0.24,0.76,676.2642779,332.2130461,0.942860414,0.982137201
2000000.09,300,0.26,0.74,708.7199453,316.1621393,0.972317823,1.482343684
2000000.09,300,0.28,0.72,739.3613505,300.9326441,1.118867856,1.314254496
2000000.09,300,0.3,0.7,768.4786475,285.8638189,1.256452271,0.192496252
2000000.09,300,0.32,0.68,795.6239074,271.5034793,1.507969925,0.948626915
2000000.09,300,0.34,0.66,821.6938018,258.0733905,1.506547535,1.96612944
2000000.09,300,0.36,0.64,845.6173064,245.3013074,1.591991398,1.18984791
2000000.09,300,0.38,0.62,868.8905559,233.1329748,3.770421428,1.338449873
2000000.09,300,0.4,0.6,890.847667,221.423568,1.003239535,0.66462323
2000000.09,300,0.42,0.58,912.2624829,209.8644408,1.284797917,0.756130012
2000000.09,300,0.44,0.56,930.6944441,199.6207706,1.335479866,1.124455773
2000000.09,300,0.46,0.54,950.5388638,188.7714278,1.901149157,0.433191976
2000000.09,300,0.48,0.52,969.54,177.64,1.4,0.39
2000000.09,300,0.5,0.5,986.5579648,169.2249539,2.265423985,0.544476415
2000000.09,300,0.52,0.48,1003.314121,159.9178901,2.288118555,1.005154135
2000000.09,300,0.54,0.46,1018.726354,150.8649577,1.114776163,0.287140856
2000000.09,300,0.56,0.44,1034.547799,141.8720818,1.132390201,0.813997895
2000000.09,300,0.58,0.42,1049.243656,133.7898882,1.643101831,0.804429196
2000000.09,300,0.6,0.4,1063.90028,125.7327701,1.228441962,0.746067212
2000000.09,300,0.62,0.38,1077.991057,117.5218744,2.777362992,1.400415593
2000000.09,300,0.64,0.36,1092.317832,110.0743773,0.636628753,0.473943505
2000000.09,300,0.66,0.34,1103.897994,102.6687882,1.744884389,0.608321356
2000000.09,300,0.68,0.32,1116.966206,95.3967154,1.403279298,0.643927617
2000000.09,300,0.7,0.3,1128.342522,88.23455556,2.931371019,0.425770232
2000000.09,300,0.72,0.28,1139.708067,81.45689183,1.175666591,0.567898147
2000000.09,300,0.74,0.26,1151.222705,74.57622477,1.301187439,0.209885569
2000000.09,300,0.76,0.24,1162.027206,68.21040116,1.712631845,0.195746844
2000000.09,300,0.78,0.22,1172.765287,62.06809199,1.398109013,0.404804126
2000000.09,300,0.8,0.2,1183.876167,55.39043569,3.508199059,0.285345725
2000000.09,300,0.82,0.18,1193.579934,49.37689799,2.386971269,0.219156305
2000000.09,300,0.84,0.16,1204.153783,43.4971711,1.542791001,0.191543974
2000000.09,300,0.86,0.14,1214.029244,37.7810581,1.580869638,0.387530471
2000000.09,300,0.88,0.12,1223.292543,31.94337763,2.08266078,0.113712786
2000000.09,300,0.9,0.1,1231.720979,26.33300408,2.244178421,0.180901918
2000000.09,300,0.92,0.08,1240.06023,20.90219366,2.414146858,0.034428891
2000000.09,300,0.94,0.06,1249.505398,15.53093745,0.890636989,0.108919812
2000000.09,300,0.96,0.04,1258.040383,10.291743,1.320834458,0.12261069
2000000.09,300,0.98,0.02,1266.834373,5.083494572,1.139134979,0.050578506
2400000.088,300,0.02,0.98,96.63790027,667.9723296,0.487951752,1.234105738
2400000.088,300,0.04,0.96,181.5532203,625.9045288,0.932931855,2.866739173
2400000.088,300,0.06,0.94,256.8108443,587.5184214,0.616097209,1.244979671
2400000.088,300,0.08,0.92,324.61433,553.6254098,1.000444872,1.537231859
2400000.088,300,0.1,0.9,385.418742,523.2272725,1.465606348,1.06706552
2400000.088,300,0.12,0.88,441.791972,494.1731139,2.12237186,1.896196949
2400000.088,300,0.14,0.86,492.9783283,468.0249547,0.988620694,1.761581048
2400000.088,300,0.16,0.84,540.4929656,443.3927696,1.539557203,0.90507218
2400000.088,300,0.18,0.82,583.9956978,420.0650451,0.790399348,0.556598423
2400000.088,300,0.2,0.8,624.4356977,398.9417268,1.939399452,0.676466548
2400000.088,300,0.22,0.78,662.1853845,378.8661746,0.243623115,1.821485714
2400000.088,300,0.24,0.76,697.4205491,360.3831563,2.381224909,1.301955844
2400000.088,300,0.26,0.74,730.3917592,341.8529658,1.656150192,1.72975432
2400000.088,300,0.28,0.72,760.1732573,325.566838,1.033830425,0.991945301
2400000.088,300,0.3,0.7,789.2547666,308.8425132,0.660101039,1.1583257
2400000.088,300,0.32,0.68,816.3491804,294.1866537,0.776181319,1.374960155
2400000.088,300,0.34,0.66,843.6042723,279.0414419,1.529937192,0.990372924
2400000.088,300,0.36,0.64,866.9305386,265.2673276,1.076645717,1.887899286
2400000.088,300,0.38,0.62,890.5413422,252.2122797,1.377951265,1.039167165
2400000.088,300,0.4,0.6,913.2100005,239.1586346,0.928152392,1.60041517
2400000.088,300,0.42,0.58,933.8380039,227.0775985,1.059640758,0.996557315
2400000.088,300,0.44,0.56,953.1250698,215.8257495,1.27465362,1.25203678
2400000.088,300,0.46,0.54,973.4994667,203.9232548,1.291166313,0.838633534
2400000.088,300,0.48,0.52,990.8628184,193.7028244,2.649771894,1.190377867
2400000.088,300,0.5,0.5,1008.071597,183.0152079,0.665829297,0.777309263
2400000.088,300,0.52,0.48,1025.351299,173.371513,2.32593021,0.210055068
2400000.088,300,0.54,0.46,1041.837841,163.4505681,1.998359692,1.033781823
2400000.088,300,0.56,0.44,1057.897019,153.9979351,2.75130005,0.652938449
2400000.088,300,0.58,0.42,1072.588291,145.0170427,2.578472905,0.861352961
2400000.088,300,0.6,0.4,1088.398123,136.2571538,1.958364347,1.044242436
2400000.088,300,0.62,0.38,1101.022285,127.8248044,0.541176701,0.284667053
2400000.088,300,0.64,0.36,1115.559337,119.5915866,1.195166673,0.921429561
2400000.088,300,0.66,0.34,1129.059469,111.5008037,0.780269824,0.756094913
2400000.088,300,0.68,0.32,1140.736711,103.7560724,0.70265665,0.362507878
2400000.088,300,0.7,0.3,1152.80512,95.80116103,1.381003719,0.55361724
2400000.088,300,0.72,0.28,1165.011987,88.34542094,0.984189588,0.662207756
2400000.088,300,0.74,0.26,1177.004399,80.99867597,1.254076225,0.45671836
2400000.088,300,0.76,0.24,1187.783368,73.83781493,0.646642082,0.750848062
2400000.088,300,0.78,0.22,1197.980429,67.07407431,2.284400373,0.481635599
2400000.088,300,0.8,0.2,1210.348245,60.36968009,1.725890193,0.402262222
2400000.088,300,0.82,0.18,1220.129611,54.00039302,1.154885808,0.23644457
2400000.088,300,0.84,0.16,1229.848219,47.41309841,1.673896301,0.220495665
2400000.088,300,0.86,0.14,1239.757188,40.98406664,2.361253759,0.399955068
2400000.088,300,0.88,0.12,1249.342549,34.86028699,1.381356018,0.365745142
2400000.088,300,0.9,0.1,1258.729166,28.77304684,1.937995155,0.285962628
2400000.088,300,0.92,0.08,1268.150457,22.8840552,0.811284205,0.160592666
2400000.088,300,0.94,0.06,1276.691384,16.92487652,1.082108678,0.03789482
2400000.088,300,0.96,0.04,1285.930047,11.199239,2.664177078,0.097156502
2400000.088,300,0.98,0.02,1293.948078,5.550888605,3.163772107,0.070450998
2800000.086,300,0.02,0.98,100.0689549,716.762985,1.038599089,2.230240526
2800000.086,300,0.04,0.96,187.1076837,671.7214394,0.815381831,2.598286643
2800000.086,300,0.06,0.94,265.0988426,629.3744836,1.791253141,1.429058645
2800000.086,300,0.08,0.92,333.3996381,593.1579227,0.832595792,1.230589127
2800000.086,300,0.1,0.9,395.9544697,559.0668703,1.300653893,1.184886177
2800000.086,300,0.12,0.88,452.5264444,528.0791654,1.577864957,0.925042699
2800000.086,300,0.14,0.86,505.1018982,499.3325794,1.273189061,1.155328058
2800000.086,300,0.16,0.84,551.7089839,473.8766102,1.744213628,1.945478411
2800000.086,300,0.18,0.82,596.4752177,448.1605351,1.988512879,2.193595238
2800000.086,300,0.2,0.8,637.3641502,425.3078415,1.213286222,1.209223499
2800000.086,300,0.22,0.78,674.6956725,404.1649893,1.215965827,1.861179615
2800000.086,300,0.24,0.76,710.5995151,383.4268598,0.987150568,2.101663278
2800000.086,300,0.26,0.74,743.297312,365.2579947,1.911841859,0.918097467
2800000.086,300,0.28,0.72,775.378091,346.493553,1.244577324,2.500527521
2800000.086,300,0.3,0.7,803.5897899,330.1216526,2.358121211,1.027973742
2800000.086,300,0.32,0.68,831.5905344,313.4055708,1.703826944,1.166156498
2800000.086,300,0.34,0.66,857.7003677,297.9379108,1.765383347,0.977516005
2800000.086,300,0.36,0.64,882.5948052,283.0120919,2.079325178,1.399767609
2800000.086,300,0.38,0.62,906.1709608,269.0417899,1.047095051,1.591499567
2800000.086,300,0.4,0.6,928.3995587,255.61939,1.004333917,1.210484424
2800000.086,300,0.42,0.58,948.9946776,243.3905507,2.722121691,0.810020293
2800000.086,300,0.44,0.56,969.1902177,230.8805996,2.013450802,1.190757108
2800000.086,300,0.46,0.54,989.2363939,218.9923224,1.141540865,0.845207302
2800000.086,300,0.48,0.52,1007.377197,206.6571722,0.93097153,0.958293173
2800000.086,300,0.5,0.5,1026.262324,196.2677076,1.398584963,1.256484196
2800000.086,300,0.52,0.48,1042.5839,185.0690921,0.96779967,1.271044429
2800000.086,300,0.54,0.46,1059.125601,175.2408467,1.608412693,0.756110572
2800000.086,300,0.56,0.44,1074.179905,165.5282809,1.775770788,0.90672667
2800000.086,300,0.58,0.42,1090.846876,155.4692306,2.976334226,0.476363966
2800000.086,300,0.6,0.4,1105.654519,146.1908442,1.60454441,0.578998658
2800000.086,300,0.62,0.38,1118.867264,137.0753791,2.089929722,0.611372047
2800000.086,300,0.64,0.36,1133.151143,127.9087587,1.103643507,0.815564761
2800000.086,300,0.66,0.34,1146.359521,119.5828587,1.321149425,1.107404813
2800000.086,300,0.68,0.32,1158.879685,111.3183139,1.109700816,1.029031463
2800000.086,300,0.7,0.3,1171.714748,103.1416025,2.144094694,1.006848263
2800000.086,300,0.72,0.28,1182.912126,95.19623297,2.148718708,0.705285071
2800000.086,300,0.74,0.26,1195.975372,87.18533475,2.311931208,0.663266897
2800000.086,300,0.76,0.24,1206.961688,79.72566364,3.01471417,0.546792351
2800000.086,300,0.78,0.22,1218.429712,72.07302581,2.477557402,0.150596023
2800000.086,300,0.8,0.2,1229.336773,65.17995956,1.150326573,0.467074425
2800000.086,300,0.82,0.18,1238.982775,58.12759143,1.088071976,0.121020447
2800000.086,300,0.84,0.16,1250.283338,51.13392897,3.226896279,0.320137369
2800000.086,300,0.86,0.14,1260.270503,44.36107945,2.232058615,0.426348669
2800000.086,300,0.88,0.12,1270.341588,37.66970784,1.771994491,0.330700867
2800000.086,300,0.9,0.1,1279.436911,31.05958902,3.111441794,0.232140991
2800000.086,300,0.92,0.08,1289.49093,24.59905707,1.891009496,0.071442726
2800000.086,300,0.94,0.06,1298.39695,18.32830546,2.210327332,0.060360024
2800000.086,300,0.96,0.04,1306.778583,12.14862555,3.139370867,0.066385554
2800000.086,300,0.98,0.02,1315.604454,5.998004075,2.949834264,0.093741393
3200000.084,300,0.02,0.98,101.8685656,758.4031003,1.165997136,2.811395235
3200000.084,300,0.04,0.96,190.9340574,709.6659555,0.864029101,2.623988063
3200000.084,300,0.06,0.94,269.6518491,665.6029242,1.387872428,1.829349861
3200000.084,300,0.08,0.92,339.6557181,626.1872511,1.33732443,2.494799431
3200000.084,300,0.1,0.9,402.5482667,590.6686815,2.326083806,1.648835182
3200000.084,300,0.12,0.88,459.8885496,557.4072319,2.252676553,1.584278703
3200000.084,300,0.14,0.86,512.0120048,528.1106483,2.096542029,2.355586176
3200000.084,300,0.16,0.84,561.0292886,499.0008665,2.560100327,2.479289128
3200000.084,300,0.18,0.82,605.4886278,473.4545182,1.55805915,1.844422092
3200000.084,300,0.2,0.8,646.0679797,449.7895739,2.241428726,1.280201811
3200000.084,300,0.22,0.78,683.5526644,427.744646,1.320880315,0.7961555
3200000.084,300,0.24,0.76,720.2316525,404.9638538,1.420913488,1.163102566
3200000.084,300,0.26,0.74,753.4109138,385.3623456,1.494772885,1.212049455
3200000.084,300,0.28,0.72,784.9229977,366.6325384,1.747363006,2.471687248
3200000.084,300,0.3,0.7,814.3711472,349.0121297,2.09370867,2.044431868
3200000.084,300,0.32,0.68,842.3703994,331.7772734,1.95894831,2.084014815
3200000.084,300,0.34,0.66,868.174966,315.1058703,2.697084982,1.732283416
3200000.084,300,0.36,0.64,893.0725238,299.1715263,2.431033014,1.626085374
3200000.084,300,0.38,0.62,916.3106097,285.7026294,1.679592809,1.025036187
3200000.084,300,0.4,0.6,939.2103275,271.3962332,1.45491683,1.5710274
3200000.084,300,0.42,0.58,960.6726521,257.5688162,1.962543551,2.042697682
3200000.084,300,0.44,0.56,981.2002114,244.1954936,1.693997205,1.551341612
3200000.084,300,0.46,0.54,1001.225333,231.5571694,1.947969865,1.372110604
3200000.084,300,0.48,0.52,1019.691644,219.5615768,1.028735935,0.829840358
3200000.084,300,0.5,0.5,1036.929807,208.4454436,1.930430786,1.041011776
3200000.084,300,0.52,0.48,1054.798472,196.8096873,1.821452192,0.678401451
3200000.084,300,0.54,0.46,1071.420838,185.7371937,1.470740847,0.593727097
3200000.084,300,0.56,0.44,1087.303032,175.3847881,3.572758144,1.298091655
3200000.084,300,0.58,0.42,1102.932298,165.2988959,1.23581175,1.327962209
3200000.084,300,0.6,0.4,1117.889223,155.2950358,0.972752788,0.832078565
3200000.084,300,0.62,0.38,1133.04918,145.8703182,3.19472113,1.080933977
3200000.084,300,0.64,0.36,1146.87197,136.4900889,1.84967446,0.559000947
3200000.084,300,0.66,0.34,1160.501008,127.3027916,1.519654011,1.039491199
3200000.084,300,0.68,0.32,1174.250243,118.5547303,1.272874968,0.311043473
3200000.084,300,0.7,0.3,1185.699519,109.9169457,2.633466238,0.633962828
3200000.084,300,0.72,0.28,1198.926672,101.229166,0.727764725,0.711898303
3200000.084,300,0.74,0.26,1209.899882,93.19871659,2.068294656,0.49108864
3200000.084,300,0.76,0.24,1222.245531,85.22511985,1.271141104,0.318960839
3200000.084,300,0.78,0.22,1233.036032,77.23806756,1.408522977,0.683000637
3200000.084,300,0.8,0.2,1244.944306,69.41871604,2.650829893,0.51569064
3200000.084,300,0.82,0.18,1254.500798,61.856336,1.234214433,0.465526631
3200000.084,300,0.84,0.16,1265.799299,54.49497522,2.735729067,0.489061861
3200000.084,300,0.86,0.14,1275.451922,47.19379207,1.49941112,0.162504473
3200000.084,300,0.88,0.12,1287.040034,40.21233831,1.212158356,0.289365361
3200000.084,300,0.9,0.1,1295.528812,33.16090531,2.213244231,0.167410633
3200000.084,300,0.92,0.08,1305.086226,26.34197445,2.060377296,0.274863822
3200000.084,300,0.94,0.06,1314.506134,19.61156964,1.275443531,0.047106938
3200000.084,300,0.96,0.04,1324.832454,12.98953651,1.791738824,0.070838823
3200000.084,300,0.98,0.02,1333.153147,6.433811346,2.993003556,0.0295827
3600000.082,300,0.02,0.98,103.26176,794.6452389,1.110910916,2.34618112
3600000.082,300,0.04,0.96,192.7723317,743.1426419,0.548802187,1.307061367
3600000.082,300,0.06,0.94,272.1452895,696.4561602,1.634208246,1.380953351
3600000.082,300,0.08,0.92,342.211156,656.3756758,1.297331556,2.397884352
3600000.082,300,0.1,0.9,407.0493689,617.7040061,2.128243803,2.942805096
3600000.082,300,0.12,0.88,465.2044107,583.5439963,1.749145465,2.249470169
3600000.082,300,0.14,0.86,517.6091203,552.2157639,2.110458505,1.76902562
3600000.082,300,0.16,0.84,566.2873034,522.7320149,1.386842699,1.247504505
3600000.082,300,0.18,0.82,610.4056969,496.6755855,1.472953529,1.219825537
3600000.082,300,0.2,0.8,651.9501753,471.4368792,1.106926339,2.163126892
3600000.082,300,0.22,0.78,689.4332863,447.9327086,2.169524564,2.338733818
3600000.082,300,0.24,0.76,725.8470823,425.5279964,2.116357681,2.084623678
3600000.082,300,0.26,0.74,759.4013948,403.8938523,1.046166669,2.219423228
3600000.082,300,0.28,0.72,791.6727518,384.2823519,0.630483603,0.68147924
3600000.082,300,0.3,0.7,821.477638,365.4521044,2.827634159,1.811062962
3600000.082,300,0.32,0.68,848.637875,348.4760552,1.075379689,1.985480264
3600000.082,300,0.34,0.66,875.1573533,331.500491,2.898605467,2.853552884
3600000.082,300,0.36,0.64,899.6752202,316.6024663,2.92958406,2.134527105
3600000.082,300,0.38,0.62,924.7506037,299.3886679,0.751174246,1.635005496
3600000.082,300,0.4,0.6,946.6533686,285.0356015,1.180468264,0.810689142
3600000.082,300,0.42,0.58,969.3115538,270.840469,1.425158751,1.569727904
3600000.082,300,0.44,0.56,989.3912656,257.6801665,2.314382063,1.12487228
3600000.082,300,0.46,0.54,1010.283349,243.9254822,1.715329808,1.269962748
3600000.082,300,0.48,0.52,1028.797358,231.6558607,1.579957071,1.455373413
3600000.082,300,0.5,0.5,1046.934689,219.4423818,3.200912817,0.795332257
3600000.082,300,0.52,0.48,1064.997894,207.7483875,2.597620261,0.807328428
3600000.082,300,0.54,0.46,1081.304547,196.6495888,1.626437047,0.866836292
3600000.082,300,0.56,0.44,1096.526257,185.2318228,1.291594591,0.469376182
3600000.082,300,0.58,0.42,1112.884815,174.4595765,2.43340409,1.518155521
3600000.082,300,0.6,0.4,1129.294273,164.6043681,2.055867351,0.992262303
3600000.082,300,0.62,0.38,1142.459727,154.2941129,1.906210026,0.535824726
3600000.082,300,0.64,0.36,1157.409841,144.1394537,2.313711075,1.068725383
3600000.082,300,0.66,0.34,1171.636742,135.27457,1.918845783,0.760096863
3600000.082,300,0.68,0.32,1184.22471,125.2592285,2.888037643,0.675770058
3600000.082,300,0.7,0.3,1198.566028,116.1887364,1.00552653,0.894394436
3600000.082,300,0.72,0.28,1209.012951,107.1830456,2.969565202,0.712688045
3600000.082,300,0.74,0.26,1222.220162,98.68213698,1.786989576,0.404497599
3600000.082,300,0.76,0.24,1233.692446,90.33207937,1.575716631,0.588189696
3600000.082,300,0.78,0.22,1246.26039,81.82981997,1.731574788,0.696537678
3600000.082,300,0.8,0.2,1256.63137,73.6557408,0.699594315,0.324206508
3600000.082,300,0.82,0.18,1268.010128,66.07181803,3.236120482,0.724085557
3600000.082,300,0.84,0.16,1279.375782,58.06337887,2.525387258,0.602093939
3600000.082,300,0.86,0.14,1289.645965,50.39827258,1.707879951,0.437981238
3600000.082,300,0.88,0.12,1300.41476,42.90336075,1.351784633,0.288845964
3600000.082,300,0.9,0.1,1310.267918,35.41173921,1.466491683,0.103021245
3600000.082,300,0.92,0.08,1320.465087,28.12037497,2.237388708,0.108695264
3600000.082,300,0.94,0.06,1330.12121,20.86258899,3.553058885,0.179391121
3600000.082,300,0.96,0.04,1339.12024,13.8477821,2.009916708,0.173348167
3600000.082,300,0.98,0.02,1348.995049,6.883420509,1.688838557,0.056621239
4000000.08,300,0.02,0.98,103.6360515,827.3769522,0.367195805,1.295896171
4000000.08,300,0.04,0.96,193.7602767,772.4240728,2.236902176,3.250243068
4000000.08,300,0.06,0.94,273.9427024,723.996544,1.887448295,2.670232936
4000000.08,300,0.08,0.92,345.1877973,681.6694685,0.580058018,2.133516918
4000000.08,300,0.1,0.9,409.8473162,642.4443897,2.409005624,2.892623899
4000000.08,300,0.12,0.88,466.9381439,608.2453813,1.829317212,1.161046406
4000000.08,300,0.14,0.86,520.8810977,574.6142939,1.768580203,1.631834218
4000000.08,300,0.16,0.84,569.5433541,544.6720866,1.508619088,0.983795353
4000000.08,300,0.18,0.82,613.3860281,516.7961453,3.068082091,3.941247744
4000000.08,300,0.2,0.8,654.8629469,490.5381598,0.886966096,1.13941791
4000000.08,300,0.22,0.78,693.712554,466.808466,2.455303804,1.354751804
4000000.08,300,0.24,0.76,729.9979324,443.457467,1.791386829,1.1222647
4000000.08,300,0.26,0.74,763.2344702,421.7692236,2.876241968,2.934384599
4000000.08,300,0.28,0.72,795.6542414,401.5828927,2.546229759,1.663066508
4000000.08,300,0.3,0.7,824.9067392,382.7543769,1.523402428,2.649822222
4000000.08,300,0.32,0.68,853.3860992,363.7399945,1.585257138,1.906707028
4000000.08,300,0.34,0.66,880.0994927,346.1214561,1.174779639,1.305864026
4000000.08,300,0.36,0.64,905.7718432,330.0319836,1.905392141,1.626326729
4000000.08,300,0.38,0.62,930.2958692,313.3032948,1.32913936,2.04531423
4000000.08,300,0.4,0.6,952.667292,298.3931654,1.802428314,1.452850152
4000000.08,300,0.42,0.58,973.374522,283.7448909,1.62403849,1.138463279
4000000.08,300,0.44,0.56,995.4507172,269.5978139,1.60649744,0.800246646
4000000.08,300,0.46,0.54,1015.49711,256.083286,0.662184078,0.97169154
4000000.08,300,0.48,0.52,1034.792452,242.91384,1.725132174,0.672313923
4000000.08,300,0.5,0.5,1053.04249,230.6484612,1.230979955,0.936951646
4000000.08,300,0.52,0.48,1070.50265,218.2869886,1.648673043,1.759102412
4000000.08,300,0.54,0.46,1088.468748,205.7846398,0.993913425,0.834751123
4000000.08,300,0.56,0.44,1104.536528,194.6044845,1.182111153,1.080817539
4000000.08,300,0.58,0.42,1120.262331,183.3468862,1.899695776,1.029345175
4000000.08,300,0.6,0.4,1135.938373,172.9009153,1.001749409,0.646704753
4000000.08,300,0.62,0.38,1150.921372,162.2768879,1.841246054,1.135802646
4000000.08,300,0.64,0.36,1165.97071,152.0267757,2.113602476,1.073088329
4000000.08,300,0.66,0.34,1179.619854,142.4310671,2.487832624,0.8407829
4000000.08,300,0.68,0.32,1193.547402,132.3065573,1.851669999,0.52072884
4000000.08,300,0.7,0.3,1206.136727,122.6252146,1.401110489,0.589500073
4000000.08,300,0.72,0.28,1219.35064,113.4325662,0.889744058,0.534418794
4000000.08,300,0.74,0.26,1232.242029,104.4527649,2.508993248,0.81119878
4000000.08,300,0.76,0.24,1244.213332,95.30299415,2.635549342,0.618117486
4000000.08,300,0.78,0.22,1255.977344,86.86364852,1.903918888,0.318165026
4000000.08,300,0.8,0.2,1266.906193,78.19853719,1.763599507,0.812886377
4000000.08,300,0.82,0.18,1278.473847,69.82740442,2.377330409,0.586710182
4000000.08,300,0.84,0.16,1290.059734,61.53890982,1.840071347,0.434981177
4000000.08,300,0.86,0.14,1300.331301,53.46189414,4.172238272,0.434562773
4000000.08,300,0.88,0.12,1311.396083,45.50878376,1.353360426,0.394539321
4000000.08,300,0.9,0.1,1321.551441,37.67376009,1.196829404,0.232487436
4000000.08,300,0.92,0.08,1331.838446,29.9118847,2.992304149,0.206788292
4000000.08,300,0.94,0.06,1340.614367,22.25270093,1.905772446,0.123989797
4000000.08,300,0.96,0.04,1352.558483,14.71404559,1.302706709,0.123506575
4000000.08,300,0.98,0.02,1359.92634,7.303122687,3.909935274,0.092266972
4400000.078,300,0.02,0.98,104.4231352,853.3735676,1.549769679,2.18739281
4400000.078,300,0.04,0.96,194.4985764,798.3671778,2.076877857,1.573812266
4400000.078,300,0.06,0.94,274.6705019,749.4453958,2.785069797,3.183034307
4400000.078,300,0.08,0.92,346.5383667,704.9719098,1.326716219,2.691894231
4400000.078,300,0.1,0.9,409.3723093,667.1439391,2.015721893,2.166546235
4400000.078,300,0.12,0.88,467.8452885,629.6500192,1.443192389,0.983555791
4400000.078,300,0.14,0.86,521.7556834,595.387058,2.544173509,2.397430615
4400000.078,300,0.16,0.84,570.75837,563.9469559,2.627262114,2.107008079
4400000.078,300,0.18,0.82,614.8934771,535.2293244,1.126500496,1.542134001
4400000.078,300,0.2,0.8,656.8133865,510.203465,2.215334849,2.256648013
4400000.078,300,0.22,0.78,695.6512454,485.2961946,1.258311212,0.916077945
4400000.078,300,0.24,0.76,731.6779163,461.1668174,1.599202527,2.834400586
4400000.078,300,0.26,0.74,765.8287888,438.7902112,1.903464433,1.897726749
4400000.078,300,0.28,0.72,798.6392395,417.0040211,1.438028957,0.923648419
4400000.078,300,0.3,0.7,827.3344106,398.4343817,2.705207321,3.432013854
4400000.078,300,0.32,0.68,856.3647482,378.9670133,1.658673439,2.264964581
4400000.078,300,0.34,0.66,882.3728893,361.0547733,1.279150932,1.278702098
4400000.078,300,0.36,0.64,908.1398505,344.0566446,1.856908709,1.202860984
4400000.078,300,0.38,0.62,933.860768,326.0888508,1.875935669,1.134611372
4400000.078,300,0.4,0.6,956.0233527,311.7180688,1.142285624,1.694979962
4400000.078,300,0.42,0.58,978.3945314,296.4006537,1.635484998,0.869201876
4400000.078,300,0.44,0.56,999.5754659,281.8853415,1.861105134,2.428451164
4400000.078,300,0.46,0.54,1019.406971,267.3701159,1.339466472,0.803725882
4400000.078,300,0.48,0.52,1040.454197,253.9995294,1.651482829,1.575658027
4400000.078,300,0.5,0.5,1057.986909,241.0973241,1.981479617,1.080676522
4400000.078,300,0.52,0.48,1076.608227,228.4074289,1.176987172,1.332504482
4400000.078,300,0.54,0.46,1093.897562,215.2918224,1.502661978,1.274732026
4400000.078,300,0.56,0.44,1110.717614,203.7051087,1.426050019,1.485385769
4400000.078,300,0.58,0.42,1126.125561,192.8251662,1.558069451,0.734047422
4400000.078,300,0.6,0.4,1142.285102,181.1695469,1.227260188,1.160008021
4400000.078,300,0.62,0.38,1158.039476,170.3855942,3.146762868,1.427921839
4400000.078,300,0.64,0.36,1172.726813,159.389314,1.949087788,0.451676366
4400000.078,300,0.66,0.34,1186.221872,148.607145,1.879994752,1.493565797
4400000.078,300,0.68,0.32,1200.310723,138.8104517,1.135936255,0.485625355
4400000.078,300,0.7,0.3,1213.136343,129.1452142,1.634139884,0.421141773
4400000.078,300,0.72,0.28,1225.936216,119.6304813,0.691705597,1.072658944
4400000.078,300,0.74,0.26,1240.109231,109.6239543,2.326702293,0.962922507
4400000.078,300,0.76,0.24,1253.085898,100.477266,0.665652097,0.343243667
4400000.078,300,0.78,0.22,1263.883535,91.00487394,2.943031258,0.597539201
4400000.078,300,0.8,0.2,1275.496229,82.26240622,0.917165803,0.883236844
4400000.078,300,0.82,0.18,1287.51504,73.56693767,2.785398476,0.591528107
4400000.078,300,0.84,0.16,1299.051737,64.73201286,3.12923652,0.917888737
4400000.078,300,0.86,0.14,1309.689808,56.41820036,3.695885945,0.513369825
4400000.078,300,0.88,0.12,1320.344891,47.99527153,2.86462769,0.337806077
4400000.078,300,0.9,0.1,1332.301651,39.79009048,1.962187095,0.301527205
4400000.078,300,0.92,0.08,1341.718465,31.62079089,2.7711907,0.201057493
4400000.078,300,0.94,0.06,1352.495047,23.52773938,4.193361385,0.225595501
4400000.078,300,0.96,0.04,1363.57364,15.65072124,2.419272995,0.174005442
4400000.078,300,0.98,0.02,1372.313393,7.775625325,1.950620073,0.080773029
4800000.076,300,0.02,0.98,103.7500889,878.2248859,1.156479079,2.822835186
4800000.076,300,0.04,0.96,194.0537135,822.5440563,1.390333664,2.263160598
4800000.076,300,0.06,0.94,274.3403006,772.6414569,0.974911391,2.303803182
4800000.076,300,0.08,0.92,346.3028032,726.2307706,1.294185494,1.084127926
4800000.076,300,0.1,0.9,409.3927129,687.2616762,1.793297754,1.090576904
4800000.076,300,0.12,0.88,468.6841951,649.2842399,1.387535344,1.663351451
4800000.076,300,0.14,0.86,521.5667605,615.6900556,1.850586917,2.780915636
4800000.076,300,0.16,0.84,570.820042,583.7757191,2.221248709,3.001786601
4800000.076,300,0.18,0.82,615.6391839,554.0575111,2.638270706,1.526450737
4800000.076,300,0.2,0.8,657.2441405,526.8221197,1.527989994,1.252077297
4800000.076,300,0.22,0.78,696.2041765,500.7866788,1.574274011,0.742667786
4800000.076,300,0.24,0.76,732.3429043,477.3311699,2.285235636,1.987793798
4800000.076,300,0.26,0.74,766.8109817,454.2389954,2.152587639,2.836246971
4800000.076,300,0.28,0.72,798.9066293,432.7630275,1.754619144,1.153580706
4800000.076,300,0.3,0.7,829.3984264,411.8965248,2.003249953,0.937293131
4800000.076,300,0.32,0.68,858.4791218,393.0052857,2.004635719,2.429793053
4800000.076,300,0.34,0.66,884.2465714,374.3452153,2.332974143,1.290324516
4800000.076,300,0.36,0.64,910.4856092,356.249031,2.409855708,2.318329956
4800000.076,300,0.38,0.62,935.7447875,339.5312521,2.865687777,1.474758386
4800000.076,300,0.4,0.6,959.2013706,322.7865622,2.454941441,2.010285454
4800000.076,300,0.42,0.58,981.0199437,308.5656095,2.577719654,3.092641152
4800000.076,300,0.44,0.56,1002.666796,292.5217508,1.396797407,0.794047295
4800000.076,300,0.46,0.54,1022.726457,278.0740627,1.292385815,2.102897441
4800000.076,300,0.48,0.52,1041.942056,263.8500621,1.631369051,0.984057581
4800000.076,300,0.5,0.5,1061.59134,251.2888172,2.002707201,1.27949613
4800000.076,300,0.52,0.48,1079.948307,237.6341057,2.223407708,1.453885215
4800000.076,300,0.54,0.46,1096.145345,225.4151026,1.006293633,0.961799301
4800000.076,300,0.56,0.44,1114.276652,213.033594,0.919581213,1.120682446
4800000.076,300,0.58,0.42,1130.658191,201.118423,1.804585896,0.514878125
4800000.076,300,0.6,0.4,1146.462325,188.9695377,2.141839691,1.047129729
4800000.076,300,0.62,0.38,1163.177864,178.1658259,2.793985848,0.538562881
4800000.076,300,0.64,0.36,1177.199264,166.2346018,1.889146741,1.084864158
4800000.076,300,0.66,0.34,1191.907846,155.4411765,0.971861209,0.941725856
4800000.076,300,0.68,0.32,1204.815488,145.0439365,1.169378839,1.398054976
4800000.076,300,0.7,0.3,1218.530861,135.0169924,2.141484646,0.930609232
4800000.076,300,0.72,0.28,1233.130534,125.5398727,1.120749569,1.337248424
4800000.076,300,0.74,0.26,1247.084401,115.0945945,4.526781927,0.93736088
4800000.076,300,0.76,0.24,1258.495936,105.6070324,1.427468082,0.509968223
4800000.076,300,0.78,0.22,1271.303758,95.9493452,1.524956514,0.606384309
4800000.076,300,0.8,0.2,1283.667395,86.8805502,2.840203271,0.618227376
4800000.076,300,0.82,0.18,1295.200265,77.32181404,1.457021433,0.5096761
4800000.076,300,0.84,0.16,1306.516836,68.20714551,1.371245915,0.333501637
4800000.076,300,0.86,0.14,1316.356238,59.30632836,1.900965305,0.280662147
4800000.076,300,0.88,0.12,1330.081217,50.72324911,3.375739444,0.403144441
4800000.076,300,0.9,0.1,1340.631514,41.87618487,2.003683962,0.319519529
4800000.076,300,0.92,0.08,1352.692354,33.56647657,5.284712896,0.375930614
4800000.076,300,0.94,0.06,1360.503582,24.82366251,1.93249786,0.278688616
4800000.076,300,0.96,0.04,1371.495894,16.50936512,2.646179738,0.259224272
4800000.076,300,0.98,0.02,1379.980575,8.218013171,0.66367513,0.136664713
5200000.074,300,0.02,0.98,103.3737354,901.2199969,0.856959661,2.739553808
5200000.074,300,0.04,0.96,193.4635567,844.5000599,1.266198212,2.504075149
5200000.074,300,0.06,0.94,273.0297514,793.7268503,1.395781403,2.770913315
5200000.074,300,0.08,0.92,344.4455091,747.7800427,1.211376315,2.610870277
5200000.074,300,0.1,0.9,408.9736529,705.8014606,2.352972295,3.450811329
5200000.074,300,0.12,0.88,467.3231797,668.6126716,2.084202778,2.661283054
5200000.074,300,0.14,0.86,521.0619351,633.5212159,1.463770255,2.487892491
5200000.074,300,0.16,0.84,569.4284755,601.4882039,1.248759233,1.790138934
5200000.074,300,0.18,0.82,614.5269726,571.5735658,2.381782295,4.400759061
5200000.074,300,0.2,0.8,657.3671859,542.0737117,2.05743908,1.677998765
5200000.074,300,0.22,0.78,695.3209084,517.4359504,1.888517935,1.13675303
5200000.074,300,0.24,0.76,731.1816376,492.4088616,0.839737198,1.423725199
5200000.074,300,0.26,0.74,767.0947866,469.0341725,3.186613063,1.600183734
5200000.074,300,0.28,0.72,799.2997777,447.204568,1.466964319,2.046460826
5200000.074,300,0.3,0.7,829.4660132,426.380077,0.98573512,3.120630612
5200000.074,300,0.32,0.68,858.0614999,406.349775,1.335484543,1.317877643
5200000.074,300,0.34,0.66,884.9490835,386.8043921,1.725198451,1.208827419
5200000.074,300,0.36,0.64,911.6238133,369.4950714,0.947254758,1.200330856
5200000.074,300,0.38,0.62,936.9127288,351.9504259,2.017339356,1.574492503
5200000.074,300,0.4,0.6,959.8999214,335.12431,1.480317134,1.941265565
5200000.074,300,0.42,0.58,982.0236254,319.7890754,1.967665508,1.115739863
5200000.074,300,0.44,0.56,1004.782499,303.9936854,1.571642169,2.039958842
5200000.074,300,0.46,0.54,1024.696215,289.3495671,1.784673032,1.265554417
5200000.074,300,0.48,0.52,1044.38617,274.7614876,1.688473625,1.512176873
5200000.074,300,0.5,0.5,1063.236404,260.8293529,2.069743034,1.170588081
5200000.074,300,0.52,0.48,1081.503916,247.5484008,1.767380302,1.565435487
5200000.074,300,0.54,0.46,1100.42247,233.9426973,2.715639356,1.694736521
5200000.074,300,0.56,0.44,1116.859467,221.4716235,2.364601271,0.900918942
5200000.074,300,0.58,0.42,1133.067385,209.6266915,2.12050117,1.331440652
5200000.074,300,0.6,0.4,1150.521604,197.2322468,1.466054969,1.149217199
5200000.074,300,0.62,0.38,1165.676052,185.2840171,1.532865821,1.317801857
5200000.074,300,0.64,0.36,1180.707049,174.0599971,3.223763394,1.924725
5200000.074,300,0.66,0.34,1196.118251,162.9907418,1.227293893,0.765977694
5200000.074,300,0.68,0.32,1209.547351,152.2744824,2.538359024,0.896260472
5200000.074,300,0.7,0.3,1223.978477,141.5859134,1.522136463,1.079891886
5200000.074,300,0.72,0.28,1237.196948,130.6948185,1.69604753,0.605983821
5200000.074,300,0.74,0.26,1249.78147,120.271741,2.595614506,0.990474656
5200000.074,300,0.76,0.24,1264.162863,110.5192416,3.193542805,1.120567552
5200000.074,300,0.78,0.22,1277.454618,100.7370429,2.532914712,0.705228773
5200000.074,300,0.8,0.2,1289.702644,90.98068167,2.298785368,0.660669861
5200000.074,300,0.82,0.18,1301.05815,81.36493695,1.218283816,0.730706609
5200000.074,300,0.84,0.16,1313.231373,71.76715027,1.238278689,0.507096884
5200000.074,300,0.86,0.14,1325.045389,62.44612874,0.839616722,0.531880364
5200000.074,300,0.88,0.12,1335.475707,53.09994517,1.895245704,0.519748457
5200000.074,300,0.9,0.1,1346.875439,44.12781536,2.180415514,0.311036146
5200000.074,300,0.92,0.08,1358.58041,35.17890806,1.582766006,0.338595009
5200000.074,300,0.94,0.06,1370.30025,26.43202443,4.018654066,0.319211201
5200000.074,300,0.96,0.04,1378.633614,17.48632083,3.5301635,0.216767328
5200000.074,300,0.98,0.02,1390.357605,8.712924401,1.906325811,0.077482301
5600000.072,300,0.02,0.98,103.1170358,921.9314232,0.692753151,1.717471654
5600000.072,300,0.04,0.96,192.589595,863.96774,2.259098715,3.73654402
5600000.072,300,0.06,0.94,271.8299839,812.6428012,0.982811835,1.543105805
5600000.072,300,0.08,0.92,343.6376148,765.6147357,2.360127494,2.090166684
5600000.072,300,0.1,0.9,408.0352518,722.636443,1.777238096,2.841758828
5600000.072,300,0.12,0.88,466.0410925,684.8019956,3.585826394,1.70802977
5600000.072,300,0.14,0.86,519.9256845,649.584418,3.385968516,3.504464388
5600000.072,300,0.16,0.84,567.8575367,618.1494418,2.931612886,2.237094002
5600000.072,300,0.18,0.82,614.0720166,585.3610663,2.579512435,0.92433655
5600000.072,300,0.2,0.8,655.2305366,558.5093051,1.894990079,2.601597344
5600000.072,300,0.22,0.78,695.2580969,531.2320231,0.914968741,0.908812144
5600000.072,300,0.24,0.76,731.2515307,507.2039695,2.051773683,1.352622774
5600000.072,300,0.26,0.74,764.9328228,482.5504148,0.849883807,2.144979859
5600000.072,300,0.28,0.72,798.0535866,460.8510018,1.74596132,2.860785692
5600000.072,300,0.3,0.7,829.320882,439.1394839,2.24249505,1.454767983
5600000.072,300,0.32,0.68,857.5001306,418.7670785,1.619862663,1.465450607
5600000.072,300,0.34,0.66,885.3505887,399.9743403,1.805842705,1.289242794
5600000.072,300,0.36,0.64,911.70654,381.0022467,1.296301555,1.462605179
5600000.072,300,0.38,0.62,935.4607656,363.5920874,0.970273526,2.431568191
5600000.072,300,0.4,0.6,959.5388163,346.077245,0.345898034,1.068532738
5600000.072,300,0.42,0.58,982.5456256,329.6596962,1.483096972,1.285046105
5600000.072,300,0.44,0.56,1004.218172,314.1291397,1.789296991,0.427722361
5600000.072,300,0.46,0.54,1025.742277,299.3588302,0.78456068,1.307401713
5600000.072,300,0.48,0.52,1045.208688,284.2044402,2.58962328,1.240137918
5600000.072,300,0.5,0.5,1064.486828,270.0980069,2.770951393,1.060404919
5600000.072,300,0.52,0.48,1083.537516,256.3338327,1.612940407,1.322043934
5600000.072,300,0.54,0.46,1101.117819,243.2909243,1.554129027,1.947830045
5600000.072,300,0.56,0.44,1119.106518,230.1151055,1.056726949,1.733602148
5600000.072,300,0.58,0.42,1135.9419,217.1704728,1.792504769,1.145574097
5600000.072,300,0.6,0.4,1152.691707,205.1159148,1.608255164,1.179311752
5600000.072,300,0.62,0.38,1167.226588,193.1411377,1.32357492,1.912121084
5600000.072,300,0.64,0.36,1183.759254,180.8890586,1.077680624,2.122450559
5600000.072,300,0.66,0.34,1198.535721,169.6741994,2.472045997,1.315144862
5600000.072,300,0.68,0.32,1212.998619,158.6265387,1.220571411,1.299291008
5600000.072,300,0.7,0.3,1227.709779,147.7080825,3.459039,0.964345865
5600000.072,300,0.72,0.28,1240.096832,136.6705352,2.152054064,1.290340983
5600000.072,300,0.74,0.26,1254.990674,125.8749972,1.984716324,1.227970266
5600000.072,300,0.76,0.24,1267.930468,115.6519173,2.367670377,1.481382226
5600000.072,300,0.78,0.22,1280.384022,105.3602435,1.723822164,1.050628854
5600000.072,300,0.8,0.2,1293.102633,95.18430135,1.953059678,0.327517331
5600000.072,300,0.82,0.18,1306.341208,85.2188683,2.024747143,0.393173594
5600000.072,300,0.84,0.16,1317.830857,75.45416013,0.672362304,0.532352856
5600000.072,300,0.86,0.14,1329.249663,65.6552676,2.534059473,0.468830881
5600000.072,300,0.88,0.12,1340.56968,56.02391999,2.234446331,0.459929211
5600000.072,300,0.9,0.1,1352.191029,46.52387217,3.750501095,0.703076307
5600000.072,300,0.92,0.08,1364.324828,37.17206047,0.871364281,0.246116277
5600000.072,300,0.94,0.06,1375.605177,27.83155698,2.596955807,0.082247211
5600000.072,300,0.96,0.04,1386.939764,18.57379556,3.331528283,0.20162199
5600000.072,300,0.98,0.02,1396.989469,9.284811046,3.026263688,0.14486761
6000000.07,300,0.02,0.98,102.3812594,940.0355561,0.846886127,2.549213505
6000000.07,300,0.04,0.96,192.3728614,880.1674371,1.596883881,2.390737408
6000000.07,300,0.06,0.94,270.0939444,829.9557065,2.637854547,2.919278153
6000000.07,300,0.08,0.92,342.6969616,781.9882466,0.920749348,1.926366984
6000000.07,300,0.1,0.9,405.8209767,739.9815412,1.029185493,1.738184566
6000000.07,300,0.12,0.88,463.6038976,701.0856816,1.051963875,1.472290168
6000000.07,300,0.14,0.86,517.2519222,665.8970759,2.068848565,2.737354553
6000000.07,300,0.16,0.84,565.983122,632.3922489,1.531504105,1.741214248
6000000.07,300,0.18,0.82,611.9858064,600.5881717,2.559689286,1.419265302
6000000.07,300,0.2,0.8,654.3095002,572.7544154,2.153168293,1.37341404
6000000.07,300,0.22,0.78,692.5936953,545.018017,1.859259765,1.801887271
6000000.07,300,0.24,0.76,729.0102588,520.6338677,3.234314782,0.422807026
6000000.07,300,0.26,0.74,764.0072552,496.0143242,1.322862998,0.948679967
6000000.07,300,0.28,0.72,796.0584328,474.2788219,1.904249218,2.458628967
6000000.07,300,0.3,0.7,828.4199779,450.7091227,2.0726941,2.360409315
6000000.07,300,0.32,0.68,856.3273598,431.3922589,1.826585852,2.027404449
6000000.07,300,0.34,0.66,883.7027024,411.5220034,1.372921164,1.404013499
6000000.07,300,0.36,0.64,910.0739835,392.7127272,3.33234234,1.385501345
6000000.07,300,0.38,0.62,935.0880478,374.7545964,1.586954998,1.357227356
6000000.07,300,0.4,0.6,959.2163749,357.522078,1.10993655,2.18792386
6000000.07,300,0.42,0.58,982.1910866,341.0107906,1.808081999,1.648571088
6000000.07,300,0.44,0.56,1002.902468,325.4012153,1.700622271,1.595885385
6000000.07,300,0.46,0.54,1025.226273,309.3875234,1.018890506,1.382675412
6000000.07,300,0.48,0.52,1045.185192,294.6482291,0.984259125,2.388968734
6000000.07,300,0.5,0.5,1065.229523,279.4116859,2.004524273,1.302361137
6000000.07,300,0.52,0.48,1084.338139,265.8087704,2.187886345,2.629482515
6000000.07,300,0.54,0.46,1102.935798,251.6659361,0.866765399,1.825040047
6000000.07,300,0.56,0.44,1119.513585,238.6754298,1.360432759,1.635234507
6000000.07,300,0.58,0.42,1136.908411,225.6052813,2.276763729,1.733496685
6000000.07,300,0.6,0.4,1152.935573,212.748378,1.594263088,0.66224815
6000000.07,300,0.62,0.38,1169.054036,200.2960935,2.031342801,0.941813066
6000000.07,300,0.64,0.36,1185.502592,188.5238942,2.7398155,0.811389383
6000000.07,300,0.66,0.34,1200.585655,176.1027289,2.692145035,0.243787359
6000000.07,300,0.68,0.32,1214.046527,165.3311061,2.482333198,1.809692126
6000000.07,300,0.7,0.3,1229.488172,153.4788835,1.436939808,1.220494783
6000000.07,300,0.72,0.28,1243.499967,142.3804313,1.123543365,1.240605033
6000000.07,300,0.74,0.26,1257.662591,131.3457066,0.36231938,1.261185362
6000000.07,300,0.76,0.24,1269.797828,120.9368814,1.793045116,0.807461234
6000000.07,300,0.78,0.22,1283.609142,110.2455416,3.517849557,0.746180459
6000000.07,300,0.8,0.2,1296.5558,99.49977349,1.577854273,0.782064125
6000000.07,300,0.82,0.18,1308.705281,89.26299561,4.197160642,0.539372111
6000000.07,300,0.84,0.16,1321.749291,79.19525194,3.244479485,0.872831311
6000000.07,300,0.86,0.14,1333.063528,69.02294638,2.00429573,0.53819871
6000000.07,300,0.88,0.12,1345.212359,58.92352936,2.880593461,0.484565512
6000000.07,300,0.9,0.1,1357.788877,49.18947281,3.790796579,0.405411784
6000000.07,300,0.92,0.08,1369.748594,39.45706141,2.619711078,0.256355073
6000000.07,300,0.94,0.06,1380.322036,29.39390682,3.078042337,0.262855354
6000000.07,300,0.96,0.04,1391.613645,19.62185611,3.880677234,0.186261482
6000000.07,300,0.98,0.02,1403.885439,9.796762502,0.831256912,0.100474598
6400000.068,300,0.02,0.98,101.446711,956.3632108,1.047335511,3.407528262
6400000.068,300,0.04,0.96,190.4996948,897.7561898,1.426857795,3.105250656
6400000.068,300,0.06,0.94,269.2353939,845.7403771,1.577315022,1.519233341
6400000.068,300,0.08,0.92,340.5763747,797.4046647,1.977152189,2.505032013
6400000.068,300,0.1,0.9,403.7206577,755.6301324,3.102540611,5.185522652
6400000.068,300,0.12,0.88,461.930941,717.2222052,1.881259043,1.512269938
6400000.068,300,0.14,0.86,514.9174235,680.9675116,2.650361623,1.741149213
6400000.068,300,0.16,0.84,563.5763154,647.3066557,3.543809725,3.719997714
6400000.068,300,0.18,0.82,609.1219003,616.4192007,1.766027246,2.442197479
6400000.068,300,0.2,0.8,651.5984037,585.1557524,1.885460144,1.818500258
6400000.068,300,0.22,0.78,690.7327112,558.952351,1.832029809,3.172659225
6400000.068,300,0.24,0.76,727.1408637,533.6144858,0.788280044,2.40529777
6400000.068,300,0.26,0.74,761.6778574,509.5413033,2.357564767,3.341919832
6400000.068,300,0.28,0.72,793.8491772,486.261894,1.164931404,2.229662835
6400000.068,300,0.3,0.7,825.8896646,464.4949435,1.206557402,1.353653318
6400000.068,300,0.32,0.68,855.0437259,442.6275699,1.072252445,1.453052963
6400000.068,300,0.34,0.66,881.4101232,424.6807646,0.883047437,1.922036331
6400000.068,300,0.36,0.64,908.6764208,403.4540101,2.69790145,2.671237967
6400000.068,300,0.38,0.62,933.5527881,386.5535163,1.310758196,2.619816028
6400000.068,300,0.4,0.6,957.6441337,368.557426,2.237583183,1.873793149
6400000.068,300,0.42,0.58,980.9196895,350.2482388,1.653931994,1.556538984
6400000.068,300,0.44,0.56,1003.28669,334.0908652,1.245238218,2.058307141
6400000.068,300,0.46,0.54,1024.540122,318.7576221,1.226813726,1.907500292
6400000.068,300,0.48,0.52,1045.093457,303.3177737,0.933731429,2.755082771
6400000.068,300,0.5,0.5,1064.264342,288.6574464,1.066680348,1.843420969
6400000.068,300,0.52,0.48,1084.289436,274.4487024,3.153444624,0.823175408
6400000.068,300,0.54,0.46,1102.136939,259.830231,2.44540732,0.65472843
6400000.068,300,0.56,0.44,1120.032303,246.7774517,1.075321513,1.635684939
6400000.068,300,0.58,0.42,1136.228391,233.6661399,2.320649036,1.585964692
6400000.068,300,0.6,0.4,1152.665768,220.6303316,2.685501722,2.012100485
6400000.068,300,0.62,0.38,1169.405319,207.1401172,1.571539187,0.546891992
6400000.068,300,0.64,0.36,1185.668832,195.1375111,1.421431881,1.282807192
6400000.068,300,0.66,0.34,1201.486207,183.3658833,0.806516481,1.327929162
6400000.068,300,0.68,0.32,1215.43888,171.2664042,1.789615383,2.106248576
6400000.068,300,0.7,0.3,1230.394096,159.9121061,0.924135179,1.342716239
6400000.068,300,0.72,0.28,1245.990423,148.3883755,0.761893429,0.86307626
6400000.068,300,0.74,0.26,1257.959257,136.7423847,1.516303476,0.894868295
6400000.068,300,0.76,0.24,1273.168405,125.9130779,1.994758423,0.729169738
6400000.068,300,0.78,0.22,1286.207774,114.9794344,2.184286307,0.974169669
6400000.068,300,0.8,0.2,1299.429664,104.3756855,2.871322555,1.035159851
6400000.068,300,0.82,0.18,1312.854287,93.83949147,1.293357117,0.996904384
6400000.068,300,0.84,0.16,1324.482392,82.97219056,3.685355624,0.827526235
6400000.068,300,0.86,0.14,1336.937031,72.5963201,2.41429665,0.612895467
6400000.068,300,0.88,0.12,1349.599885,62.10473541,0.554601807,0.376393991
6400000.068,300,0.9,0.1,1361.712303,52.1614512,2.513717755,0.45603216
6400000.068,300,0.92,0.08,1372.966361,41.52919805,2.138579081,0.437925639
6400000.068,300,0.94,0.06,1384.975405,31.31299313,2.670003135,0.281438987
6400000.068,300,0.96,0.04,1395.276058,21.00630529,2.453905466,0.20948179
6400000.068,300,0.98,0.02,1407.955462,10.56009194,5.485995178,0.133846785
6800000.066,300,0.02,0.98,100.3040029,973.009348,0.442454715,1.239237325
6800000.066,300,0.04,0.96,188.9141046,912.8577793,1.572443932,2.228733729
6800000.066,300,0.06,0.94,267.8677854,859.7684323,1.507626321,1.581076403
6800000.066,300,0.08,0.92,337.6296876,814.0492087,2.149873966,2.121918323
6800000.066,300,0.1,0.9,400.2432066,771.0260122,2.129599507,3.283603703
6800000.066,300,0.12,0.88,458.9168842,730.8477717,2.038275337,3.751179058
6800000.066,300,0.14,0.86,512.045649,694.7577483,2.650855902,2.633018142
6800000.066,300,0.16,0.84,560.964605,660.5693208,1.791182617,1.382433661
6800000.066,300,0.18,0.82,606.2440752,628.4280756,1.02709472,2.321097385
6800000.066,300,0.2,0.8,648.4718831,599.71273,1.433837491,0.85143668
6800000.066,300,0.22,0.78,688.3209665,570.8746048,1.883602663,3.081444848
6800000.066,300,0.24,0.76,724.5445915,546.6289073,1.158664938,2.184798106
6800000.066,300,0.26,0.74,759.6965139,521.3182129,1.172536161,2.840245344
6800000.066,300,0.28,0.72,791.7215358,498.6648762,2.528336058,2.830874428
6800000.066,300,0.3,0.7,822.6668239,476.2650474,1.532134673,2.645409598
6800000.066,300,0.32,0.68,851.42326,455.333778,1.599242856,1.052517222
6800000.066,300,0.34,0.66,880.2339337,433.9736802,0.981639439,1.479845705
6800000.066,300,0.36,0.64,906.0334538,414.7390736,1.835856335,1.595194115
6800000.066,300,0.38,0.62,931.776023,396.8923797,1.009516217,2.336779172
6800000.066,300,0.4,0.6,956.1779531,378.4262285,1.741070902,1.167591643
6800000.066,300,0.42,0.58,978.6576342,361.4014658,0.561630467,2.140805178
6800000.066,300,0.44,0.56,1001.233147,345.1623718,0.398017739,2.781791537
6800000.066,300,0.46,0.54,1022.689828,328.7574993,2.244985689,0.946005745
6800000.066,300,0.48,0.52,1044.420302,313.4676707,2.173842698,1.362939132
6800000.066,300,0.5,0.5,1063.623529,298.3363646,1.248848157,3.302166395
6800000.066,300,0.52,0.48,1082.273445,282.2361555,2.488803929,0.653656713
6800000.066,300,0.54,0.46,1101.615427,269.4377154,3.467888505,1.206692636
6800000.066,300,0.56,0.44,1118.779762,254.9307328,2.320200266,2.239515122
6800000.066,300,0.58,0.42,1136.098047,241.1424356,1.90687623,1.33453419
6800000.066,300,0.6,0.4,1153.504268,228.4591383,1.828118185,0.848828733
6800000.066,300,0.62,0.38,1169.945797,215.5595479,1.686096784,1.251335649
6800000.066,300,0.64,0.36,1185.687255,202.3958166,0.913525705,0.825171056
6800000.066,300,0.66,0.34,1201.833583,190.0249754,1.225501018,0.713452617
6800000.066,300,0.68,0.32,1216.354327,177.6822575,1.713156551,1.647494278
6800000.066,300,0.7,0.3,1231.796271,165.7809577,2.839427739,2.276152829
6800000.066,300,0.72,0.28,1245.671373,154.5325203,2.023214552,0.828146602
6800000.066,300,0.74,0.26,1259.130671,143.0376922,0.53669087,0.891446874
6800000.066,300,0.76,0.24,1273.836513,131.5969461,3.736388643,1.10799886
6800000.066,300,0.78,0.22,1288.297539,120.4298826,1.282037789,0.509877158
6800000.066,300,0.8,0.2,1299.660262,109.0820785,2.297578493,0.955423105
6800000.066,300,0.82,0.18,1312.831115,98.3530043,2.247143596,1.094876439
6800000.066,300,0.84,0.16,1326.578261,87.16843306,2.499020457,0.721786073
6800000.066,300,0.86,0.14,1338.323415,76.25783889,1.44524132,0.54100828
6800000.066,300,0.88,0.12,1350.964916,65.7942736,1.854829449,0.675018704
6800000.066,300,0.9,0.1,1363.389113,55.05157069,1.278724019,0.377980277
6800000.066,300,0.92,0.08,1375.570013,44.33325054,2.284837757,0.498578275
6800000.066,300,0.94,0.06,1388.987582,33.5369852,4.857119582,0.250514889
6800000.066,300,0.96,0.04,1400.105164,22.54581361,2.1925447,0.230799175
6800000.066,300,0.98,0.02,1412.492542,11.51476027,2.813285412,0.093851774
7200000.064,300,0.02,0.98,99.57869962,986.5567614,0.980397632,1.87014856
7200000.064,300,0.04,0.96,187.7564465,926.9493544,1.406195157,2.004498638
7200000.064,300,0.06,0.94,264.9087802,875.1824434,2.074151011,2.964813178
7200000.064,300,0.08,0.92,335.9229241,826.9968893,1.195798058,0.502582563
7200000.064,300,0.1,0.9,398.7384437,783.8549827,1.143802945,1.919037673
7200000.064,300,0.12,0.88,456.4253702,744.6079628,2.943632701,3.633094662
7200000.064,300,0.14,0.86,509.1742,707.8482101,2.9725216,4.261300948
7200000.064,300,0.16,0.84,558.0211195,673.5142825,2.024193467,2.088853248
7200000.064,300,0.18,0.82,602.9717722,642.5679487,2.722365956,2.059885387
7200000.064,300,0.2,0.8,644.7152125,612.1078847,3.748323981,1.862935806
7200000.064,300,0.22,0.78,684.4552236,585.4439989,0.6782308,1.28032021
7200000.064,300,0.24,0.76,721.6790846,558.7732728,1.344698926,2.395646528
7200000.064,300,0.26,0.74,755.9999144,532.4952338,1.58121428,2.255353098
7200000.064,300,0.28,0.72,788.7795155,510.4201738,1.629906226,2.899239411
7200000.064,300,0.3,0.7,819.8204996,486.7396092,1.473883899,2.355912054
7200000.064,300,0.32,0.68,848.5972578,465.287695,1.297235638,2.357401062
7200000.064,300,0.34,0.66,877.100223,445.1802098,3.760734808,3.702331648
7200000.064,300,0.36,0.64,903.21532,426.4277169,2.337999174,1.841989499
7200000.064,300,0.38,0.62,929.2835051,406.8889666,1.390348352,0.863167264
7200000.064,300,0.4,0.6,953.3446252,388.3896354,1.921488806,3.607118196
7200000.064,300,0.42,0.58,977.2876651,372.7076911,1.405288135,1.821184974
7200000.064,300,0.44,0.56,998.8519262,354.4093619,1.476210788,1.577907294
7200000.064,300,0.46,0.54,1020.525585,337.9035121,1.860763433,2.356498905
7200000.064,300,0.48,0.52,1042.200058,321.8566229,1.558408535,1.631172267
7200000.064,300,0.5,0.5,1062.075544,305.6580861,2.008438732,1.810768766
7200000.064,300,0.52,0.48,1080.036134,291.8698063,0.543815932,1.638883645
7200000.064,300,0.54,0.46,1099.098327,277.7964317,2.465496384,1.366055443
7200000.064,300,0.56,0.44,1118.019133,263.6561257,1.896739721,1.051183977
7200000.064,300,0.58,0.42,1134.795909,250.5515676,1.58321596,2.562829005
7200000.064,300,0.6,0.4,1152.442442,235.9437464,2.170163535,1.775602749
7200000.064,300,0.62,0.38,1168.304341,222.4228803,1.906848557,1.901189643
7200000.064,300,0.64,0.36,1185.003247,210.0296479,2.51599901,1.036308627
7200000.064,300,0.66,0.34,1200.61409,197.1108352,1.427872579,1.217409891
7200000.064,300,0.68,0.32,1216.993919,184.3829112,2.625372248,0.793547381
7200000.064,300,0.7,0.3,1231.309516,172.455774,1.255428571,0.683758613
7200000.064,300,0.72,0.28,1245.048278,160.5392696,1.221537217,0.945829235
7200000.064,300,0.74,0.26,1260.76008,149.0257908,2.764948788,1.266884006
7200000.064,300,0.76,0.24,1272.746604,137.2088782,2.125975204,0.41336252
7200000.064,300,0.78,0.22,1287.383828,125.6863598,0.741757251,0.6054291
7200000.064,300,0.8,0.2,1299.986014,114.082502,1.433104944,0.610154821
7200000.064,300,0.82,0.18,1314.158107,102.9557359,2.548495508,1.617637159
7200000.064,300,0.84,0.16,1326.607238,91.94153228,1.186244957,1.063019863
7200000.064,300,0.86,0.14,1341.072226,80.93640294,2.630954287,0.928575456
7200000.064,300,0.88,0.12,1353.223335,69.80232896,2.351692196,0.950176194
7200000.064,300,0.9,0.1,1363.765358,58.46346054,2.883133832,0.308765099
7200000.064,300,0.92,0.08,1377.981921,47.50004859,1.888240708,0.453659536
7200000.064,300,0.94,0.06,1389.290759,36.14332603,2.897229666,0.184037356
7200000.064,300,0.96,0.04,1403.659426,24.78327855,2.034259531,0.210896455
7200000.064,300,0.98,0.02,1414.349049,12.77350315,3.744135927,0.256427068
7600000.062,300,0.02,0.98,98.47831803,1000.182726,0.644940007,1.485151773
7600000.062,300,0.04,0.96,186.3084175,940.1726399,1.42114589,3.001644155
7600000.062,300,0.06,0.94,262.5276408,888.8489479,1.342934617,1.749171863
7600000.062,300,0.08,0.92,333.4578099,839.3123497,1.38323836,2.132052288
7600000.062,300,0.1,0.9,396.0859261,796.2955607,1.61822747,2.738691167
7600000.062,300,0.12,0.88,452.9295505,757.3455153,1.986313923,1.950839634
7600000.062,300,0.14,0.86,506.8719617,720.1010165,1.654344722,2.434303913
7600000.062,300,0.16,0.84,553.4428799,687.0863558,2.616524829,4.287405711
7600000.062,300,0.18,0.82,600.065838,654.3641671,2.80388396,2.912429718
7600000.062,300,0.2,0.8,641.0841649,625.3734591,1.735500098,2.731828465
7600000.062,300,0.22,0.78,681.8358347,596.0612033,3.088497233,3.254764877
7600000.062,300,0.24,0.76,718.5605951,569.6924563,4.186615943,5.442927095
7600000.062,300,0.26,0.74,752.719526,544.9468602,1.27038811,2.430681966
7600000.062,300,0.28,0.72,786.5832835,519.5811661,1.529361963,3.953185105
7600000.062,300,0.3,0.7,816.9297867,498.6511782,1.991395382,1.949291182
7600000.062,300,0.32,0.68,846.2214364,477.4652751,2.893066191,2.45858346
7600000.062,300,0.34,0.66,873.444295,455.3800845,0.85808629,1.523472585
7600000.062,300,0.36,0.64,900.4914985,436.2601011,4.328395616,1.327537374
7600000.062,300,0.38,0.62,927.3970165,415.974594,0.594954398,3.509146002
7600000.062,300,0.4,0.6,950.548116,399.3875607,1.722825954,1.629159802
7600000.062,300,0.42,0.58,973.1567031,381.3370075,1.075908232,2.170306512
7600000.062,300,0.44,0.56,997.1832294,363.7921888,1.131474138,1.578035042
7600000.062,300,0.46,0.54,1017.85554,347.2121864,1.301698198,0.758008429
7600000.062,300,0.48,0.52,1039.720157,331.3863699,0.691400855,1.053193867
7600000.062,300,0.5,0.5,1060.383269,315.4732569,1.327515809,1.511795566
7600000.062,300,0.52,0.48,1078.202283,300.9562995,2.174730648,0.597092293
7600000.062,300,0.54,0.46,1097.559703,285.5046061,3.413672471,1.225836996
7600000.062,300,0.56,0.44,1115.854483,271.3061139,1.733299304,1.733990156
7600000.062,300,0.58,0.42,1133.902005,257.1631757,1.864392281,0.758159509
7600000.062,300,0.6,0.4,1151.419089,243.8033952,1.704786789,1.185755885
7600000.062,300,0.62,0.38,1167.414805,231.1628544,2.300021583,0.727614066
7600000.062,300,0.64,0.36,1184.138538,216.9127913,2.027458289,1.433584051
7600000.062,300,0.66,0.34,1199.383961,204.3058979,2.31185138,2.207110382
7600000.062,300,0.68,0.32,1214.799641,192.0844358,1.360572109,1.911996643
7600000.062,300,0.7,0.3,1228.933532,178.8894468,1.386338341,2.380542833
7600000.062,300,0.72,0.28,1244.215449,167.0811236,3.336824098,0.920406116
7600000.062,300,0.74,0.26,1259.179862,155.514169,4.035975937,1.561341136
7600000.062,300,0.76,0.24,1273.850323,143.5082207,1.756204178,1.085029812
7600000.062,300,0.78,0.22,1286.879518,131.3837354,2.446889554,0.953729919
7600000.062,300,0.8,0.2,1300.217562,119.7313026,3.404292242,0.873516227
7600000.062,300,0.82,0.18,1313.068497,108.4337879,2.970009393,0.766277588
7600000.062,300,0.84,0.16,1325.478151,96.34934029,3.490794956,1.033554206
7600000.062,300,0.86,0.14,1338.326698,85.54808757,3.859000819,0.835989694
7600000.062,300,0.88,0.12,1351.781357,74.04808164,2.184174504,0.262003504
7600000.062,300,0.9,0.1,1363.8082,62.43234416,1.706851894,0.285277762
7600000.062,300,0.92,0.08,1377.411136,51.16927359,3.38802378,0.515026278
7600000.062,300,0.94,0.06,1390.824581,39.20980495,1.433380519,0.184175421
7600000.062,300,0.96,0.04,1405.151627,26.96428908,3.575141917,0.095173709
7600000.062,300,0.98,0.02,1418.723307,13.90120598,5.090593572,0.141449112
8000000.06,300,0.02,0.98,97.60723236,1013.03246,0.97179395,2.350330777
8000000.06,300,0.04,0.96,183.6827067,953.9846964,1.857040915,3.223375106
8000000.06,300,0.06,0.94,261.0232849,900.6900528,1.21923115,2.488591342
8000000.06,300,0.08,0.92,330.0119138,854.4807148,3.643427167,2.759568768
8000000.06,300,0.1,0.9,392.9686848,808.486856,2.220459263,2.214977467
8000000.06,300,0.12,0.88,450.0757105,769.501518,3.038273725,2.581653313
8000000.06,300,0.14,0.86,503.4859197,731.3658361,1.605727012,2.033449993
8000000.06,300,0.16,0.84,551.0275266,697.3437067,1.931922121,2.496737403
8000000.06,300,0.18,0.82,596.2025371,666.2296894,2.190197684,2.56001754
8000000.06,300,0.2,0.8,638.255748,635.7740759,1.529113457,2.942079277
8000000.06,300,0.22,0.78,677.5018138,608.6424498,1.799618152,2.71354396
8000000.06,300,0.24,0.76,714.299886,581.6777797,2.017871131,3.825455156
8000000.06,300,0.26,0.74,749.7168376,555.0377918,4.983386916,3.330776946
8000000.06,300,0.28,0.72,781.2581703,532.1564727,1.811169821,1.932242585
8000000.06,300,0.3,0.7,812.3772143,509.7848712,1.810548909,2.595946736
8000000.06,300,0.32,0.68,841.6561118,487.7533295,1.613783064,1.696851819
8000000.06,300,0.34,0.66,869.8247244,466.9197124,2.211085978,1.827168886
8000000.06,300,0.36,0.64,897.0536878,446.7074228,2.629869416,2.341144215
8000000.06,300,0.38,0.62,922.4470359,427.3052886,3.007512618,2.748982401
8000000.06,300,0.4,0.6,947.1138868,408.5483453,2.397625293,0.275049434
8000000.06,300,0.42,0.58,970.5908192,390.4065645,1.970047894,1.956228157
8000000.06,300,0.44,0.56,994.0908142,373.1731629,3.513210496,2.23546671
8000000.06,300,0.46,0.54,1014.622335,357.4164251,2.305824128,2.465037606
8000000.06,300,0.48,0.52,1036.575973,340.7304754,1.566060885,2.314383561
8000000.06,300,0.5,0.5,1056.353348,324.4251428,1.918262591,2.357391782
8000000.06,300,0.52,0.48,1076.269343,309.1438689,1.349449272,2.510034875
8000000.06,300,0.54,0.46,1095.216712,293.9414234,1.446900169,1.277125571
8000000.06,300,0.56,0.44,1113.787482,280.1674823,2.9599962,1.715926385
8000000.06,300,0.58,0.42,1131.366917,264.6002478,2.407310352,1.327435432
8000000.06,300,0.6,0.4,1148.75059,251.6368604,1.291729701,1.630974993
8000000.06,300,0.62,0.38,1164.275885,237.9831706,1.946048392,0.883165255
8000000.06,300,0.64,0.36,1181.207587,224.8367393,2.299142363,1.641549157
8000000.06,300,0.66,0.34,1197.567284,211.2444221,1.645319831,2.132161553
8000000.06,300,0.68,0.32,1212.713865,198.8502545,3.205449164,1.634817544
8000000.06,300,0.7,0.3,1228.23859,185.6443729,2.491505797,1.381481478
8000000.06,300,0.72,0.28,1243.441931,173.6945327,1.219170733,0.98815728
8000000.06,300,0.74,0.26,1257.011875,161.7219722,1.291354667,0.589698348
8000000.06,300,0.76,0.24,1270.873112,149.8004111,3.435263816,1.12660801
8000000.06,300,0.78,0.22,1285.060074,138.0220122,3.773710816,1.096642576
8000000.06,300,0.8,0.2,1297.446855,125.3369139,1.949096708,0.740633304
8000000.06,300,0.82,0.18,1312.097076,113.7928874,3.684976253,0.345769806
8000000.06,300,0.84,0.16,1324.417084,102.0843465,3.762702662,1.441930965
8000000.06,300,0.86,0.14,1337.080263,90.43413024,1.730043162,0.628143991
8000000.06,300,0.88,0.12,1350.299982,78.75393776,3.863199642,0.480125275
8000000.06,300,0.9,0.1,1364.008491,66.49188387,1.839785519,0.466685442
8000000.06,300,0.92,0.08,1376.773606,54.47360567,4.177722292,0.947553986
8000000.06,300,0.94,0.06,1391.100002,41.94399943,1.326828879,0.200260837
8000000.06,300,0.96,0.04,1405.187198,28.64763493,5.771147341,0.215696335
8000000.06,300,0.98,0.02,1420.045496,14.58139504,7.11872685,0.220095388
8400000.058,300,0.02,0.98,96.98508645,1025.75938,0.718266418,3.912669603
8400000.058,300,0.04,0.96,181.9425703,965.7451719,2.645796328,3.75740637
8400000.058,300,0.06,0.94,256.930661,914.2442546,2.739924424,2.453328705
8400000.058,300,0.08,0.92,328.4145481,863.6095316,3.235864903,4.718538555
8400000.058,300,0.1,0.9,389.8966732,821.0469234,2.328587253,3.050472836
8400000.058,300,0.12,0.88,446.8455441,780.9099846,2.048532243,1.97701296
8400000.058,300,0.14,0.86,498.7158811,743.8091156,2.566785978,3.983358335
8400000.058,300,0.16,0.84,547.3253107,709.1921194,2.494621643,3.405186311
8400000.058,300,0.18,0.82,592.4670569,677.1566137,2.62408954,1.643366718
8400000.058,300,0.2,0.8,633.8817882,648.1576107,1.403604178,2.232226333
8400000.058,300,0.22,0.78,673.6595405,618.5377477,2.059892858,1.565019948
8400000.058,300,0.24,0.76,709.8905998,592.0564729,2.28363304,1.363511761
8400000.058,300,0.26,0.74,744.6434046,566.9713018,2.119929486,2.932553379
8400000.058,300,0.28,0.72,777.8817603,543.0627376,1.847779075,2.554231806
8400000.058,300,0.3,0.7,807.8552472,519.5231878,2.323184754,3.729140068
8400000.058,300,0.32,0.68,838.3953672,497.5779383,2.051720131,2.599060292
8400000.058,300,0.34,0.66,866.0865039,476.8426488,2.66689472,3.040742997
8400000.058,300,0.36,0.64,894.2403022,456.1557958,1.810393304,2.136946288
8400000.058,300,0.38,0.62,919.4321379,436.8816019,1.521597338,2.060716968
8400000.058,300,0.4,0.6,943.1382035,419.7652306,1.919326801,3.486883565
8400000.058,300,0.42,0.58,966.9726324,400.0855001,1.910291739,1.410606635
8400000.058,300,0.44,0.56,990.5576603,383.254085,2.177748823,2.453422987
8400000.058,300,0.46,0.54,1011.664578,364.9003404,1.137621298,1.800523872
8400000.058,300,0.48,0.52,1033.346485,349.2879424,1.985952212,2.590214053
8400000.058,300,0.5,0.5,1054.049916,333.8942619,2.948366895,1.546836918
8400000.058,300,0.52,0.48,1073.321734,317.7948839,2.922199545,1.969837054
8400000.058,300,0.54,0.46,1091.221792,302.1962878,1.158724454,1.7806508
8400000.058,300,0.56,0.44,1110.512819,288.1912992,2.466249519,1.452788992
8400000.058,300,0.58,0.42,1127.959711,273.230863,2.862064728,1.894526544
8400000.058,300,0.6,0.4,1146.47714,259.4919375,0.918549325,2.565044591
8400000.058,300,0.62,0.38,1162.303577,245.289497,2.274889039,0.858523359
8400000.058,300,0.64,0.36,1180.207379,233.2665085,3.578931078,2.079711201
8400000.058,300,0.66,0.34,1194.470637,219.1382553,1.983570525,1.320660795
8400000.058,300,0.68,0.32,1209.719805,206.3038992,1.628285228,1.468546987
8400000.058,300,0.7,0.3,1225.28029,193.1471468,1.140191342,0.815555125
8400000.058,300,0.72,0.28,1240.779402,180.5516309,1.901282021,1.538917313
8400000.058,300,0.74,0.26,1254.659821,168.4868211,2.695432942,1.002220706
8400000.058,300,0.76,0.24,1269.332263,155.8100351,1.039719308,1.934023297
8400000.058,300,0.78,0.22,1282.930425,143.1218716,2.188794158,0.955629477
8400000.058,300,0.8,0.2,1297.017105,131.9261134,1.508627589,0.92721073
8400000.058,300,0.82,0.18,1309.100736,119.591171,2.627448877,0.626114232
8400000.058,300,0.84,0.16,1324.169094,107.65728,2.044020587,0.096147531
8400000.058,300,0.86,0.14,1336.620423,95.30252658,2.113396194,0.752541893
8400000.058,300,0.88,0.12,1348.883481,83.17277689,3.018317503,1.01991928
8400000.058,300,0.9,0.1,1363.647359,70.32474007,1.510069137,0.630811454
8400000.058,300,0.92,0.08,1377.214671,57.32041458,2.56728852,0.547281106
8400000.058,300,0.94,0.06,1392.243252,44.02486399,3.648204505,0.310621087
8400000.058,300,0.96,0.04,1404.78439,29.72161948,4.441556772,0.197987105
8400000.058,300,0.98,0.02,1421.842638,15.09199575,2.661875893,0.182486873
8800000.056,300,0.02,0.98,95.56283321,1036.075298,1.214867377,2.589173096
8800000.056,300,0.04,0.96,180.4036206,976.266525,1.29476321,2.065467333
8800000.056,300,0.06,0.94,256.250913,923.3409824,1.379230475,2.406308587
8800000.056,300,0.08,0.92,324.0606391,875.9647179,1.714249429,3.00886683
8800000.056,300,0.1,0.9,386.6175871,832.6472658,1.619865097,1.889533578
8800000.056,300,0.12,0.88,442.8989196,792.8317882,2.105452188,2.567932524
8800000.056,300,0.14,0.86,495.7458602,754.6605539,2.045072924,1.892717043
8800000.056,300,0.16,0.84,545.3607079,720.046467,2.332750823,4.61374473
8800000.056,300,0.18,0.82,588.6709358,688.620236,2.941571689,5.695732312
8800000.056,300,0.2,0.8,630.6484744,657.01439,0.842751652,3.030238946
8800000.056,300,0.22,0.78,668.737669,630.7315368,2.463422408,2.606152853
8800000.056,300,0.24,0.76,706.4069354,602.77081,1.625786689,1.713584058
8800000.056,300,0.26,0.74,740.4183745,577.2449135,2.112455582,1.15859299
8800000.056,300,0.28,0.72,773.9439538,553.3055765,1.021927744,2.899511702
8800000.056,300,0.3,0.7,805.5040349,529.8338932,1.783727964,1.855210727
8800000.056,300,0.32,0.68,833.7324474,506.433055,1.729008391,1.045312605
8800000.056,300,0.34,0.66,862.5554392,487.1296122,2.270752374,2.709104425
8800000.056,300,0.36,0.64,888.8984483,466.0138789,1.201997678,2.041939182
8800000.056,300,0.38,0.62,915.0245068,446.947354,2.288110228,2.258644634
8800000.056,300,0.4,0.6,939.7410101,428.1658894,3.106705433,2.166630025
8800000.056,300,0.42,0.58,963.2481951,409.771934,2.523384723,2.003868541
8800000.056,300,0.44,0.56,986.1062375,390.7194016,1.629213917,1.431927083
8800000.056,300,0.46,0.54,1007.357282,374.4696921,2.74376934,1.979878011
8800000.056,300,0.48,0.52,1029.645978,357.8959759,2.801045892,1.872607421
8800000.056,300,0.5,0.5,1049.171457,341.8669408,2.087875752,2.429453124
8800000.056,300,0.52,0.48,1069.03278,326.5978756,2.029575288,2.061699244
8800000.056,300,0.54,0.46,1087.914461,310.2394655,0.880956481,0.658662508
8800000.056,300,0.56,0.44,1105.897543,295.5476899,2.662767045,1.407038767
8800000.056,300,0.58,0.42,1124.914561,281.3911576,1.683911819,0.941734806
8800000.056,300,0.6,0.4,1141.783777,267.1867776,2.379030566,1.558537613
8800000.056,300,0.62,0.38,1157.726097,253.0633386,3.24320274,2.529132357
8800000.056,300,0.64,0.36,1175.679252,239.9102056,2.870939657,1.766277167
8800000.056,300,0.66,0.34,1191.37757,226.8013009,2.629386788,0.631074211
8800000.056,300,0.68,0.32,1206.341685,213.1052184,3.361503155,0.772227578
8800000.056,300,0.7,0.3,1222.576573,200.4815272,1.327517909,1.523199513
8800000.056,300,0.72,0.28,1237.059305,187.7039025,3.330065619,0.768694668
8800000.056,300,0.74,0.26,1251.293613,175.4838951,1.06841428,1.378103195
8800000.056,300,0.76,0.24,1266.894688,161.8767542,3.448692231,1.230885589
8800000.056,300,0.78,0.22,1280.063995,150.7057424,3.989687336,1.952789358
8800000.056,300,0.8,0.2,1293.448109,137.7630666,2.620755178,2.098816191
8800000.056,300,0.82,0.18,1306.596036,124.9634835,2.894800773,0.307250945
8800000.056,300,0.84,0.16,1321.212558,112.6281601,1.866344447,1.066376228
8800000.056,300,0.86,0.14,1336.189154,100.3166134,1.929246456,0.795428085
8800000.056,300,0.88,0.12,1348.967781,87.06151603,1.989097433,0.852477086
8800000.056,300,0.9,0.1,1364.193534,73.80550084,3.090869842,1.032846547
8800000.056,300,0.92,0.08,1377.2529,59.82522406,3.083643194,0.518819247
8800000.056,300,0.94,0.06,1394.40603,45.63433422,4.63759012,0.226025531
8800000.056,300,0.96,0.04,1407.85027,30.79281595,2.551843664,0.333625393
8800000.056,300,0.98,0.02,1422.857525,15.58056885,4.124780422,0.126621654
9200000.054,300,0.02,0.98,94.37693031,1045.890018,0.812170724,3.211935855
9200000.054,300,0.04,0.96,178.8908265,986.6887886,1.045386616,1.096199392
9200000.054,300,0.06,0.94,253.0507822,934.8033752,2.494737516,2.219637972
9200000.054,300,0.08,0.92,321.702915,887.020535,2.019170939,2.979160947
9200000.054,300,0.1,0.9,383.2818214,842.8414085,1.443655402,2.923263841
9200000.054,300,0.12,0.88,439.1365783,804.5423898,1.856924445,2.438626985
9200000.054,300,0.14,0.86,491.1399183,766.2768109,2.215594634,1.880358059
9200000.054,300,0.16,0.84,539.85899,731.3090873,1.920513948,1.549223566
9200000.054,300,0.18,0.82,584.1268287,700.2205957,2.842655351,3.451480855
9200000.054,300,0.2,0.8,625.9950509,666.9892263,1.6158778,0.971148744
9200000.054,300,0.22,0.78,666.3168621,639.0864086,1.894681631,2.519340815
9200000.054,300,0.24,0.76,702.1559125,612.8688071,3.641571842,2.290743458
9200000.054,300,0.26,0.74,737.315649,587.5788242,1.865856583,0.936022391
9200000.054,300,0.28,0.72,769.3945559,563.1423593,1.696414956,3.419238576
9200000.054,300,0.3,0.7,799.3673103,540.0116018,3.389557257,2.545883077
9200000.054,300,0.32,0.68,829.7685124,517.7741401,2.538930479,1.479184709
9200000.054,300,0.34,0.66,857.1080131,496.5954756,2.187408765,1.630137301
9200000.054,300,0.36,0.64,885.27687,475.6426981,1.60138968,3.005085092
9200000.054,300,0.38,0.62,910.2964964,455.3829072,1.548833042,1.325750402
9200000.054,300,0.4,0.6,935.0547021,437.4929027,2.300543704,1.694912014
9200000.054,300,0.42,0.58,959.1694087,418.8216627,1.856416132,2.439739397
9200000.054,300,0.44,0.56,982.1324263,401.6762156,2.917100716,3.144440191
9200000.054,300,0.46,0.54,1004.246308,382.6379873,1.245054937,2.452691271
9200000.054,300,0.48,0.52,1025.451255,365.9881615,1.565599875,2.182390201
9200000.054,300,0.5,0.5,1044.334672,350.5060242,2.853650929,1.437115598
9200000.054,300,0.52,0.48,1065.378751,334.973788,1.154972113,1.307331461
9200000.054,300,0.54,0.46,1084.402768,318.7608605,1.214618765,1.162833435
9200000.054,300,0.56,0.44,1103.347939,304.6649214,1.746146636,1.533593223
9200000.054,300,0.58,0.42,1121.499053,289.3070531,2.798744832,2.466485982
9200000.054,300,0.6,0.4,1138.190308,275.7063197,0.736543206,1.073871068
9200000.054,300,0.62,0.38,1155.535128,261.352855,2.097378987,1.70740236
9200000.054,300,0.64,0.36,1171.421582,246.8384086,2.499856762,1.738708947
9200000.054,300,0.66,0.34,1187.398767,233.9401516,2.08017823,1.133390811
9200000.054,300,0.68,0.32,1202.643973,220.7930276,2.764419343,1.973552024
9200000.054,300,0.7,0.3,1218.529369,207.6620953,1.563008086,0.568976438
9200000.054,300,0.72,0.28,1234.151092,194.6806806,2.124132016,0.582643293
9200000.054,300,0.74,0.26,1249.030283,181.8798335,3.082687901,2.057860685
9200000.054,300,0.76,0.24,1263.299021,169.0240212,1.650626044,1.380579647
9200000.054,300,0.78,0.22,1279.063,156.1784434,2.022053684,0.773767751
9200000.054,300,0.8,0.2,1290.544346,143.1090741,1.891647214,0.974776515
9200000.054,300,0.82,0.18,1304.790293,130.841877,2.805635636,1.387895877
9200000.054,300,0.84,0.16,1319.6401,117.4237719,1.942404583,0.879795938
9200000.054,300,0.86,0.14,1334.016364,103.5586898,2.211332573,0.802599569
9200000.054,300,0.88,0.12,1348.680286,90.65104679,2.687226695,0.70000684
9200000.054,300,0.9,0.1,1361.669895,75.66430561,2.729825783,0.389169278
9200000.054,300,0.92,0.08,1379.175909,61.73755661,3.144046907,0.309824763
9200000.054,300,0.94,0.06,1393.849436,47.03313944,2.683948487,0.40903571
9200000.054,300,0.96,0.04,1409.262484,31.455376,2.9966155,0.319081475
9200000.054,300,0.98,0.02,1425.238529,16.00579524,2.57084966,0.168721432
9600000.052,300,0.02,0.98,93.36915161,1055.804331,0.701381359,2.048710487
9600000.052,300,0.04,0.96,176.0929878,997.537456,0.948637963,0.998100864
9600000.052,300,0.06,0.94,251.6377811,943.9780309,1.304074439,3.147781946
9600000.052,300,0.08,0.92,318.3446566,896.7301222,3.195611411,2.556583819
9600000.052,300,0.1,0.9,380.0111192,853.7751905,2.219585263,1.929244417
9600000.052,300,0.12,0.88,435.3948305,813.6810775,1.920247527,2.248382796
9600000.052,300,0.14,0.86,488.5808447,774.5964939,1.875426304,1.597652718
9600000.052,300,0.16,0.84,535.8188672,741.7599937,1.987231961,3.355529101
9600000.052,300,0.18,0.82,579.3967019,709.5737409,1.984002873,0.932582384
9600000.052,300,0.2,0.8,620.4405604,679.8203268,2.870773339,1.702397642
9600000.052,300,0.22,0.78,660.9768803,649.7854546,0.652129038,2.844190165
9600000.052,300,0.24,0.76,696.4877372,624.0348141,2.379173117,3.074749063
9600000.052,300,0.26,0.74,731.7682672,597.3022999,2.346936971,3.386904035
9600000.052,300,0.28,0.72,764.423412,573.144505,2.568491612,2.630353889
9600000.052,300,0.3,0.7,795.5144553,549.0438746,2.436919365,2.043510466
9600000.052,300,0.32,0.68,825.0239782,528.522627,1.980065069,3.07761737
9600000.052,300,0.34,0.66,854.2458435,505.8648397,1.296761271,2.220903138
9600000.052,300,0.36,0.64,881.5976624,484.0956205,1.207091606,2.918272865
9600000.052,300,0.38,0.62,906.2054732,464.7276534,2.456878866,1.344845927
9600000.052,300,0.4,0.6,931.1107365,445.2644758,2.113710962,2.323673091
9600000.052,300,0.42,0.58,955.0651449,427.8681703,1.337420657,2.413492247
9600000.052,300,0.44,0.56,977.1906125,409.5916955,2.37683947,0.881621495
9600000.052,300,0.46,0.54,999.0256278,392.6324441,2.119702222,1.800000475
9600000.052,300,0.48,0.52,1020.134906,374.5347532,0.621694021,2.043437923
9600000.052,300,0.5,0.5,1041.55447,359.7773797,2.547264961,0.866077883
9600000.052,300,0.52,0.48,1060.052091,343.5233236,1.178298982,1.049481002
9600000.052,300,0.54,0.46,1079.793299,326.8364215,2.392241492,2.384905466
9600000.052,300,0.56,0.44,1099.412357,311.5652436,2.369451735,1.91425398
9600000.052,300,0.58,0.42,1115.878631,297.0737081,2.405308451,1.583349567
9600000.052,300,0.6,0.4,1132.904184,282.7105803,2.448008037,2.601500536
9600000.052,300,0.62,0.38,1150.608481,268.8700542,2.009956884,1.230547715
9600000.052,300,0.64,0.36,1168.102421,254.7766434,2.62080327,1.228837096
9600000.052,300,0.66,0.34,1183.336097,241.4543896,1.764028098,1.222887056
9600000.052,300,0.68,0.32,1200.787493,227.8647046,1.974262677,0.827979498
9600000.052,300,0.7,0.3,1214.71998,214.2529746,1.973825402,1.342139708
9600000.052,300,0.72,0.28,1230.591077,200.9559521,3.622098926,0.833859423
9600000.052,300,0.74,0.26,1244.340665,187.4012307,1.959291643,1.461173454
9600000.052,300,0.76,0.24,1259.566065,175.0614914,1.735460328,1.322268931
9600000.052,300,0.78,0.22,1274.617465,162.000573,3.842401327,1.255140942
9600000.052,300,0.8,0.2,1289.134058,148.0227899,3.080380802,0.83804173
9600000.052,300,0.82,0.18,1304.471189,135.0341885,2.687216393,0.511818629
9600000.052,300,0.84,0.16,1318.550462,121.3970541,1.947665846,0.856898314
9600000.052,300,0.86,0.14,1334.190961,107.2941015,2.85963051,0.857735692
9600000.052,300,0.88,0.12,1349.744853,93.08409336,3.921935357,0.742649866
9600000.052,300,0.9,0.1,1364.546879,78.63299371,3.259282997,0.613280485
9600000.052,300,0.92,0.08,1380.034297,63.5061036,2.924251613,0.505266523
9600000.052,300,0.94,0.06,1394.824819,47.98806753,3.048996759,0.377680847
9600000.052,300,0.96,0.04,1412.297378,32.38341032,4.919142442,0.273641977
9600000.052,300,0.98,0.02,1426.997902,16.3519162,4.679176838,0.286458518
10000000.05,300,0.02,0.98,92.50748087,1063.804994,0.89923303,1.629181054
10000000.05,300,0.04,0.96,175.332548,1006.374355,0.787656548,2.867181672
10000000.05,300,0.06,0.94,248.4983183,954.6995374,1.899928168,1.608451522
10000000.05,300,0.08,0.92,316.0333289,906.4309122,2.586774071,2.856213939
10000000.05,300,0.1,0.9,377.2572892,861.9880258,1.899486594,3.075816692
10000000.05,300,0.12,0.88,432.4034293,822.2280848,4.051548988,4.170431949
10000000.05,300,0.14,0.86,484.2457385,785.7381183,2.67323354,2.624873014
10000000.05,300,0.16,0.84,531.5973372,750.760039,2.164863845,3.240209696
10000000.05,300,0.18,0.82,575.7820151,719.210682,0.936165547,1.14211326
10000000.05,300,0.2,0.8,617.4594423,688.6923799,4.200965339,3.496858048
10000000.05,300,0.22,0.78,657.5642485,658.8492276,2.854080789,2.570806177
10000000.05,300,0.24,0.76,693.1289361,633.972678,2.6097027,2.072866341
10000000.05,300,0.26,0.74,727.8872488,605.6495347,2.44169419,2.817694714
10000000.05,300,0.28,0.72,759.8859252,582.7023233,1.327311672,3.082695687
10000000.05,300,0.3,0.7,790.8978233,558.9834009,2.153403385,0.99735962
10000000.05,300,0.32,0.68,820.6679258,535.7173087,2.788297326,2.067916947
10000000.05,300,0.34,0.66,848.8235149,514.1122403,1.611381171,1.642170973
10000000.05,300,0.36,0.64,875.7459364,494.3259044,2.744406836,1.852014963
10000000.05,300,0.38,0.62,902.0126222,473.5405333,2.409430631,2.093315174
10000000.05,300,0.4,0.6,926.5541757,454.6496059,1.295472288,1.76678407
10000000.05,300,0.42,0.58,950.5259759,435.8136784,2.105843846,1.196126303
10000000.05,300,0.44,0.56,972.9625437,419.3985886,1.624665615,1.33844316
10000000.05,300,0.46,0.54,995.2117893,399.5852378,2.639980628,1.391509506
10000000.05,300,0.48,0.52,1015.996889,384.1872453,1.880474541,2.702792836
10000000.05,300,0.5,0.5,1036.248431,366.7231079,2.026266778,2.821122483
10000000.05,300,0.52,0.48,1056.390004,350.7779752,2.731203348,1.199724733
10000000.05,300,0.54,0.46,1075.698234,335.5221404,1.496398651,1.638857595
10000000.05,300,0.56,0.44,1093.931206,319.7175549,2.22139388,1.410669167
10000000.05,300,0.58,0.42,1111.227839,305.4013051,2.012452803,2.461502622
10000000.05,300,0.6,0.4,1128.982169,290.611531,2.20018848,1.613515718
10000000.05,300,0.62,0.38,1146.917444,276.5182588,2.60162862,1.536038083
10000000.05,300,0.64,0.36,1163.601238,262.6772477,1.448913798,2.945138332
10000000.05,300,0.66,0.34,1180.926116,248.3363035,2.621448883,1.244327701
10000000.05,300,0.68,0.32,1195.443903,234.3215826,1.652844174,1.200407002
10000000.05,300,0.7,0.3,1212.233296,220.952139,1.679439835,2.169838845
10000000.05,300,0.72,0.28,1227.199202,207.4927321,3.190805062,1.306593931
10000000.05,300,0.74,0.26,1241.587133,194.3537819,1.228676298,1.454088224
10000000.05,300,0.76,0.24,1256.771536,180.4817036,2.460163512,0.846318818
10000000.05,300,0.78,0.22,1272.033836,166.3364102,1.276732296,1.100320503
10000000.05,300,0.8,0.2,1286.409612,152.7813252,1.6149578,1.011839358
10000000.05,300,0.82,0.18,1300.5,138.8,1.7,0.9
10000000.05,300,0.84,0.16,1316.889173,124.2368322,1.935058688,0.795098807
10000000.05,300,0.86,0.14,1333.456677,110.296212,2.942327192,0.886853188
10000000.05,300,0.88,0.12,1348.80713,95.64746996,4.46686003,0.645584124
10000000.05,300,0.9,0.1,1365.021995,80.34373553,1.975713328,0.238617126
10000000.05,300,0.92,0.08,1381.005881,64.80994073,3.694592106,0.63562795
10000000.05,300,0.94,0.06,1397.473267,49.03586833,2.031733399,0.430693422
10000000.05,300,0.96,0.04,1412.958324,33.01088551,1.719401029,0.261414408
10000000.05,300,0.98,0.02,1429.753713,16.7157008,4.720378034,0.126195556
10400000.05,300,0.02,0.98,91.41559173,1073.807746,0.463252434,2.075005051
10400000.05,300,0.04,0.96,173.327518,1015.089842,1.274179927,2.59295958
10400000.05,300,0.06,0.94,246.1855255,963.6045973,2.629066313,2.313069201
10400000.05,300,0.08,0.92,313.0681918,915.9794831,2.711322307,1.491276863
10400000.05,300,0.1,0.9,373.5234098,872.8235322,3.923730357,3.906475413
10400000.05,300,0.12,0.88,429.3379837,831.7304531,1.730542507,2.033320538
10400000.05,300,0.14,0.86,480.1217766,794.2945289,2.762660146,3.290692647
10400000.05,300,0.16,0.84,528.3464959,760.4855234,2.627752653,2.974800546
10400000.05,300,0.18,0.82,571.7883702,728.3442264,0.916049791,3.004912892
10400000.05,300,0.2,0.8,613.5813,697.46259,1.549620304,2.436557732
10400000.05,300,0.22,0.78,652.6075933,668.700782,1.471734643,1.744215037
10400000.05,300,0.24,0.76,689.0435023,641.5436821,1.671853662,2.072958775
10400000.05,300,0.26,0.74,723.5715965,615.5499413,3.923086443,4.078793238
10400000.05,300,0.28,0.72,755.8534538,591.9639465,3.199747702,1.560304313
10400000.05,300,0.3,0.7,786.1422463,568.3864892,2.168370026,3.520112936
10400000.05,300,0.32,0.68,816.1571916,544.6581634,1.926484813,1.499184447
10400000.05,300,0.34,0.66,844.9726678,523.8246502,1.310192911,2.352986562
10400000.05,300,0.36,0.64,870.6599411,503.1721894,0.374309689,1.965769953
10400000.05,300,0.38,0.62,897.413572,483.1409003,2.440904482,1.611078482
10400000.05,300,0.4,0.6,920.4240713,463.0631315,1.979011614,2.987685843
10400000.05,300,0.42,0.58,944.7981094,445.638062,0.789241124,2.720253418
10400000.05,300,0.44,0.56,968.9182425,426.950509,3.157084894,2.545100723
10400000.05,300,0.46,0.54,990.9441614,409.407474,3.667272426,1.871443477
10400000.05,300,0.48,0.52,1011.474298,392.5443337,0.728885984,2.182973551
10400000.05,300,0.5,0.5,1031.534665,375.1858146,1.633141589,2.152095163
10400000.05,300,0.52,0.48,1051.297036,359.3043056,2.132780954,1.391611285
10400000.05,300,0.54,0.46,1070.328135,343.0998463,2.045497343,1.006548907
10400000.05,300,0.56,0.44,1089.083162,327.9198786,2.748452203,2.582654102
10400000.05,300,0.58,0.42,1106.874635,313.4248103,1.217326201,1.682004686
10400000.05,300,0.6,0.4,1125.014706,298.8964409,2.355030471,0.964327616
10400000.05,300,0.62,0.38,1143.120048,283.3510954,1.316630657,1.524195183
10400000.05,300,0.64,0.36,1159.750499,268.7389449,1.766379889,0.355659488
10400000.05,300,0.66,0.34,1176.178977,255.4682446,2.669428589,1.341489288
10400000.05,300,0.68,0.32,1192.144874,241.2527469,2.628913417,0.985846772
10400000.05,300,0.7,0.3,1207.083377,227.070481,1.647704243,1.511009788
10400000.05,300,0.72,0.28,1223.56289,213.5404715,2.443242693,0.92349278
10400000.05,300,0.74,0.26,1240.347454,199.6408587,3.309626169,0.457964288
10400000.05,300,0.76,0.24,1254.040036,186.0685776,1.453818963,1.648258775
10400000.05,300,0.78,0.22,1270.135545,171.7801394,3.453282423,2.154053648
10400000.05,300,0.8,0.2,1285.7529,157.3040682,1.541011679,0.902586832
10400000.05,300,0.82,0.18,1301.007766,142.0530476,1.350795009,0.974583848
10400000.05,300,0.84,0.16,1318.171857,128.1836882,1.706210415,1.239364552
10400000.05,300,0.86,0.14,1333.21802,112.9830956,3.241890985,0.680660339
10400000.05,300,0.88,0.12,1348.58052,97.72913111,3.008723851,0.514019176
10400000.05,300,0.9,0.1,1365.534444,82.00882894,2.256298811,0.645885132
10400000.05,300,0.92,0.08,1382.73237,66.27314901,2.497959177,0.696701744
10400000.05,300,0.94,0.06,1398.510185,50.12467649,4.252627003,0.597788606
10400000.05,300,0.96,0.04,1413.95099,33.49393439,1.91454998,0.338899052
10400000.05,300,0.98,0.02,1432.381893,16.98136556,5.077794351,0.202212117
10800000.05,300,0.02,0.98,89.93047273,1082.85957,0.53998647,2.862492282
10800000.05,300,0.04,0.96,171.3838615,1023.453892,2.164346808,3.173714378
10800000.05,300,0.06,0.94,243.9549438,972.1529034,1.780497651,0.677461973
10800000.05,300,0.08,0.92,309.0705584,926.230998,1.695163647,5.207037881
10800000.05,300,0.1,0.9,369.0932045,882.2772389,2.14192214,3.081789782
10800000.05,300,0.12,0.88,424.7676396,842.559933,2.921140952,3.434082776
10800000.05,300,0.14,0.86,477.1251931,803.9096155,2.789486636,4.589547976
10800000.05,300,0.16,0.84,524.0101145,769.3666335,0.939968136,1.464332849
10800000.05,300,0.18,0.82,567.5616579,738.4611858,3.334892281,3.49900264
10800000.05,300,0.2,0.8,609.4056509,707.1926289,2.358622562,2.14481515
10800000.05,300,0.22,0.78,647.1261975,678.750966,2.468955432,1.547480436
10800000.05,300,0.24,0.76,682.7161182,652.485863,2.364896541,2.685925391
10800000.05,300,0.26,0.74,717.5395758,625.1197086,4.170192359,2.28576629
10800000.05,300,0.28,0.72,750.6708128,601.1856533,1.262086436,1.902128003
10800000.05,300,0.3,0.7,781.4930555,577.4879273,1.921511028,1.413777006
10800000.05,300,0.32,0.68,811.5394743,554.9733194,2.563810553,1.920573823
10800000.05,300,0.34,0.66,840.3567141,531.4815135,2.034447093,2.361410797
10800000.05,300,0.36,0.64,866.4170036,511.6299606,2.622786888,2.082558567
10800000.05,300,0.38,0.62,891.1716007,492.2256964,1.866089053,1.776298958
10800000.05,300,0.4,0.6,916.0062927,473.1744974,1.267744662,2.79742644
10800000.05,300,0.42,0.58,940.0479318,453.0995168,2.404349983,2.383701281
10800000.05,300,0.44,0.56,963.0278529,434.2381847,1.419355012,2.276626291
10800000.05,300,0.46,0.54,985.3224368,416.9094167,1.1212105,1.025146804
10800000.05,300,0.48,0.52,1006.42987,401.4423454,1.701567937,2.615829745
10800000.05,300,0.5,0.5,1028.264831,383.7280943,2.842435776,1.650614649
10800000.05,300,0.52,0.48,1047.710079,366.3007042,3.028714683,0.8991532
10800000.05,300,0.54,0.46,1066.681595,352.024544,2.299545616,0.834008151
10800000.05,300,0.56,0.44,1085.884523,335.9626753,1.404636854,1.701518907
10800000.05,300,0.58,0.42,1103.772778,320.8802907,1.836799537,1.764176994
10800000.05,300,0.6,0.4,1122.546092,304.782073,2.167009608,0.780158274
10800000.05,300,0.62,0.38,1137.927775,291.3286059,2.588158425,1.390383877
10800000.05,300,0.64,0.36,1156.034554,276.2350169,1.171198584,1.269634776
10800000.05,300,0.66,0.34,1171.717244,261.4094826,4.025834961,0.873568965
10800000.05,300,0.68,0.32,1188.212983,246.7943014,2.027449806,1.288314984
10800000.05,300,0.7,0.3,1204.941789,233.1703109,2.871165012,1.816201986
10800000.05,300,0.72,0.28,1221.026581,219.2169798,2.221306155,1.694136931
10800000.05,300,0.74,0.26,1238.932716,204.4833137,3.494527497,1.297881971
10800000.05,300,0.76,0.24,1253.596258,190.9404374,2.429576351,1.627217467
10800000.05,300,0.78,0.22,1267.892482,175.465556,2.911746229,1.188244042
10800000.05,300,0.8,0.2,1285.224686,160.8493879,2.075322698,1.005453342
10800000.05,300,0.82,0.18,1301.589159,145.98082,3.492586982,0.845111766
10800000.05,300,0.84,0.16,1316.994392,130.5828621,2.522629537,1.204836375
10800000.05,300,0.86,0.14,1333.86369,115.4603706,2.585438004,1.062719683
10800000.05,300,0.88,0.12,1349.698375,99.36154677,3.271905624,0.993828915
10800000.05,300,0.9,0.1,1366.560157,83.71089479,1.862914459,0.414688117
10800000.05,300,0.92,0.08,1383.936885,67.71313478,1.045483784,0.469899515
10800000.05,300,0.94,0.06,1399.641688,50.88237781,4.14221042,0.405394903
10800000.05,300,0.96,0.04,1415.766011,34.151559,5.173607608,0.540310045
10800000.05,300,0.98,0.02,1433.922742,17.24275295,2.469907433,0.139064226
11200000.04,300,0.02,0.98,89.35385499,1090.334844,0.96718494,1.527976124
11200000.04,300,0.04,0.96,169.5494128,1032.75945,1.703654834,2.32172445
11200000.04,300,0.06,0.94,241.5195939,980.2113203,1.261345557,2.601138283
11200000.04,300,0.08,0.92,306.8995052,933.6280671,1.212717571,1.335865182
11200000.04,300,0.1,0.9,366.1018304,891.2875707,2.277965995,2.02973028
11200000.04,300,0.12,0.88,420.5412257,851.9073808,1.568293712,1.755328833
11200000.04,300,0.14,0.86,471.795386,813.739939,2.767311591,4.27122261
11200000.04,300,0.16,0.84,519.0610564,778.7685442,3.061369828,2.247398523
11200000.04,300,0.18,0.82,563.2225904,746.3419964,1.602565141,1.997503289
11200000.04,300,0.2,0.8,604.5119428,716.5465013,1.277031782,1.725508495
11200000.04,300,0.22,0.78,642.8521392,687.7051377,2.646869208,2.060684128
11200000.04,300,0.24,0.76,679.2895676,659.9736574,1.653426566,2.421993817
11200000.04,300,0.26,0.74,712.5603193,634.9476942,2.366069599,5.275209708
11200000.04,300,0.28,0.72,746.0238739,610.6188737,2.007039459,4.367411918
11200000.04,300,0.3,0.7,776.8177361,585.0292322,2.727926736,1.799352276
11200000.04,300,0.32,0.68,805.8775395,563.9371369,3.172000951,2.650161087
11200000.04,300,0.34,0.66,833.1689617,541.8712897,2.278323343,1.620932302
11200000.04,300,0.36,0.64,860.9815701,520.3794072,0.729066822,2.888470064
11200000.04,300,0.38,0.62,887.8759096,499.683428,1.172598325,2.648400055
11200000.04,300,0.4,0.6,912.3468375,480.5314596,2.180833137,2.300598
11200000.04,300,0.42,0.58,935.7439193,461.8149348,3.275879797,2.787157248
11200000.04,300,0.44,0.56,958.4707765,443.7430121,0.829081054,2.428811956
11200000.04,300,0.46,0.54,980.9849972,425.3146299,1.47250925,2.161156299
11200000.04,300,0.48,0.52,1001.50363,407.9021847,1.589638661,1.387046405
11200000.04,300,0.5,0.5,1022.33206,392.2134693,1.110557127,1.919535819
11200000.04,300,0.52,0.48,1042.92859,374.1336845,2.195429899,1.202441581
11200000.04,300,0.54,0.46,1061.637682,359.3058815,2.485555705,0.861055142
11200000.04,300,0.56,0.44,1080.84175,342.6349806,1.585141409,2.63333234
11200000.04,300,0.58,0.42,1100.298312,327.1273176,2.958097958,2.311694943
11200000.04,300,0.6,0.4,1117.133396,312.9025205,2.019845043,2.045196618
11200000.04,300,0.62,0.38,1134.698368,297.7980389,2.296519066,2.066738438
11200000.04,300,0.64,0.36,1152.023409,281.8838176,2.662423513,1.113070512
11200000.04,300,0.66,0.34,1169.106212,267.6016309,2.182559403,0.826995862
11200000.04,300,0.68,0.32,1186.156455,252.627237,2.042741059,0.941430336
11200000.04,300,0.7,0.3,1202.44124,238.456643,3.384875195,1.77766631
11200000.04,300,0.72,0.28,1219.625328,223.8543979,1.283619397,0.961341646
11200000.04,300,0.74,0.26,1235.120695,209.4134462,1.965745982,1.199031985
11200000.04,300,0.76,0.24,1251.928457,193.8132223,0.536979466,1.39883485
11200000.04,300,0.78,0.22,1267.120891,179.6251032,3.724538115,0.962713876
11200000.04,300,0.8,0.2,1285.057632,164.0433221,1.672459824,0.6992456
11200000.04,300,0.82,0.18,1301.472788,148.8587481,2.872598509,0.720026763
11200000.04,300,0.84,0.16,1318.487,133.609338,2.443223737,1.232309635
11200000.04,300,0.86,0.14,1334.437839,117.7324701,1.771146195,1.035491064
11200000.04,300,0.88,0.12,1350.305517,101.4848907,3.017617713,0.941351469
11200000.04,300,0.9,0.1,1366.808717,84.99912903,3.523732805,0.721748274
11200000.04,300,0.92,0.08,1383.784483,68.54221802,1.652166991,0.312633455
11200000.04,300,0.94,0.06,1401.716367,51.79345849,2.585882422,0.227186739
11200000.04,300,0.96,0.04,1418.840655,34.77641928,3.537659529,0.262643743
11200000.04,300,0.98,0.02,1434.569117,17.41840236,2.528379535,0.182026122
11600000.04,300,0.02,0.98,88.67313022,1096.316137,0.538667124,2.862060798
11600000.04,300,0.04,0.96,167.6264854,1040.180018,2.790012513,3.895912403
11600000.04,300,0.06,0.94,238.9930792,988.357051,1.230184506,1.842671698
11600000.04,300,0.08,0.92,303.8712038,942.0628063,2.503535327,1.34885767
11600000.04,300,0.1,0.9,362.1848345,899.7338086,1.877749494,1.572191797
11600000.04,300,0.12,0.88,417.1101168,859.3151173,1.652179781,2.488595671
11600000.04,300,0.14,0.86,468.2423983,823.1356327,3.367680639,2.597162044
11600000.04,300,0.16,0.84,514.9533739,787.5179561,2.560246284,3.344923258
11600000.04,300,0.18,0.82,558.8392427,755.5250164,2.21343793,1.949595785
11600000.04,300,0.2,0.8,600.9809324,723.7653927,1.638949173,1.776419638
11600000.04,300,0.22,0.78,639.2063045,694.4032458,3.863901914,3.242048096
11600000.04,300,0.24,0.76,673.2516591,668.8433208,1.312301825,1.590384027
11600000.04,300,0.26,0.74,708.8435876,642.0525857,2.137374404,2.794105783
11600000.04,300,0.28,0.72,740.5632615,617.9141689,1.119532469,3.163337744
11600000.04,300,0.3,0.7,772.2186045,594.396768,2.42895507,2.114561645
11600000.04,300,0.32,0.68,801.7211002,571.9754311,2.483117337,1.33076144
11600000.04,300,0.34,0.66,829.5259216,549.3013136,2.566369557,1.44140667
11600000.04,300,0.36,0.64,857.2383843,528.7969331,2.310806785,2.725506192
11600000.04,300,0.38,0.62,882.7590376,508.4024654,3.556373103,2.618764183
11600000.04,300,0.4,0.6,906.6564137,490.1963855,1.982318318,2.583363552
11600000.04,300,0.42,0.58,931.3174311,469.4163135,2.136000444,2.387278048
11600000.04,300,0.44,0.56,953.8810056,450.8367686,1.709331639,3.001709456
11600000.04,300,0.46,0.54,976.7041829,433.2419375,2.158493126,3.614089487
11600000.04,300,0.48,0.52,996.9190684,415.7668037,3.369311876,3.081076624
11600000.04,300,0.5,0.5,1018.209916,399.0140785,2.656351026,2.481758689
11600000.04,300,0.52,0.48,1037.077353,382.1990629,1.838613724,2.832299824
11600000.04,300,0.54,0.46,1057.784338,365.5996998,2.352124136,1.365809306
11600000.04,300,0.56,0.44,1078.255462,350.5906019,1.090582114,2.438024522
11600000.04,300,0.58,0.42,1094.851944,335.8225783,2.18932865,0.960842063
11600000.04,300,0.6,0.4,1113.642622,318.5642225,2.238338637,2.034579193
11600000.04,300,0.62,0.38,1131.684149,303.4037714,1.236390387,1.66866599
11600000.04,300,0.64,0.36,1148.368051,288.2344539,1.190564636,1.662714466
11600000.04,300,0.66,0.34,1165.598345,273.8201362,1.584408008,1.42676326
11600000.04,300,0.68,0.32,1182.955158,259.810853,1.686163728,1.298854238
11600000.04,300,0.7,0.3,1200.10354,242.7295319,2.027849736,2.068830637
11600000.04,300,0.72,0.28,1216.335389,228.6695782,4.26356771,1.162248872
11600000.04,300,0.74,0.26,1232.741401,213.5585854,1.807021479,1.10150654
11600000.04,300,0.76,0.24,1250.843378,198.6387583,2.384567638,0.872087786
11600000.04,300,0.78,0.22,1267.045056,183.1946671,3.06520353,1.814773588
11600000.04,300,0.8,0.2,1284.190291,168.1220494,3.34566688,1.603815646
11600000.04,300,0.82,0.18,1301.282101,151.6162516,1.275544909,1.606511995
11600000.04,300,0.84,0.16,1316.247953,135.3892971,2.973984264,0.81152194
11600000.04,300,0.86,0.14,1334.323476,119.5226464,2.296676726,0.792417735
11600000.04,300,0.88,0.12,1350.954388,103.0033931,3.270696347,1.03230441
11600000.04,300,0.9,0.1,1370.481305,87.01217903,3.224404157,1.038976793
11600000.04,300,0.92,0.08,1386.705096,69.61216765,4.868961341,0.461811547
11600000.04,300,0.94,0.06,1402.234867,52.52237845,2.186563447,0.398953214
11600000.04,300,0.96,0.04,1420.57447,35.08582755,4.214142284,0.490191234
11600000.04,300,0.98,0.02,1438.567673,17.74258229,3.216043729,0.1837381
12000000.04,300,0.02,0.98,87.30788216,1103.872404,0.717290291,2.123939427
12000000.04,300,0.04,0.96,165.6319828,1048.380316,1.857764003,3.834708169
12000000.04,300,0.06,0.94,236.4468934,996.7789928,1.34479828,1.628065049
12000000.04,300,0.08,0.92,301.1980113,949.6510584,3.167051343,1.965063361
12000000.04,300,0.1,0.9,360.6028799,906.1372281,1.726813984,2.348032097
12000000.04,300,0.12,0.88,414.3693918,867.4508733,1.745714832,0.618469617
12000000.04,300,0.14,0.86,465.084594,831.5265072,3.096889698,4.347328406
12000000.04,300,0.16,0.84,509.6425052,797.7061243,2.151324711,2.197712093
12000000.04,300,0.18,0.82,554.3318729,762.9035906,1.355251535,2.288403524
12000000.04,300,0.2,0.8,594.8119473,733.2049511,0.925240582,2.644016366
12000000.04,300,0.22,0.78,634.1158051,703.7796827,1.763336918,2.014656798
12000000.04,300,0.24,0.76,671.0709468,676.7412236,2.625616023,3.323348955
12000000.04,300,0.26,0.74,704.3377915,651.5801854,2.486020702,3.418633527
12000000.04,300,0.28,0.72,736.9121088,626.3402668,4.118608216,3.102863209
12000000.04,300,0.3,0.7,767.3446217,602.6914275,2.461609237,2.455023384
12000000.04,300,0.32,0.68,796.5587814,579.9700857,2.773588303,2.351959161
12000000.04,300,0.34,0.66,824.2626974,557.2297295,1.862096817,0.872138086
12000000.04,300,0.36,0.64,851.0933029,537.5947815,2.51334562,2.381094772
12000000.04,300,0.38,0.62,876.4858912,515.2627673,2.210337389,2.513115452
12000000.04,300,0.4,0.6,902.2971596,495.430506,1.963609516,2.387844864
12000000.04,300,0.42,0.58,925.6355812,477.5161014,3.133560879,2.14095986
12000000.04,300,0.44,0.56,949.2883587,458.9381324,1.890350415,1.665093311
12000000.04,300,0.46,0.54,971.4565327,439.4471778,1.754533357,2.465320623
12000000.04,300,0.48,0.52,993.028825,423.7835898,0.83100846,1.623786494
12000000.04,300,0.5,0.5,1013.236548,406.3157984,1.635451948,2.961327269
12000000.04,300,0.52,0.48,1033.375299,389.4202748,3.094945939,1.184942735
12000000.04,300,0.54,0.46,1053.911514,372.7670028,0.856945429,1.641191346
12000000.04,300,0.56,0.44,1073.283749,356.6999043,3.501399652,2.752219312
12000000.04,300,0.58,0.42,1090.727141,341.4572827,0.938954605,3.034863409
12000000.04,300,0.6,0.4,1109.211061,325.8396721,2.607223822,1.7140309
12000000.04,300,0.62,0.38,1128.303967,310.6593062,1.660059612,2.672111401
12000000.04,300,0.64,0.36,1146.132043,294.152556,2.340841525,2.239438944
12000000.04,300,0.66,0.34,1163.948641,279.7328699,3.501536312,2.000465877
12000000.04,300,0.68,0.32,1182.608514,263.7622634,2.66844434,1.508276537
12000000.04,300,0.7,0.3,1198.134813,248.4108198,2.511148978,1.307328263
12000000.04,300,0.72,0.28,1215.965249,232.7057222,1.268949521,2.762556728
12000000.04,300,0.74,0.26,1232.370773,217.5150005,3.463687271,1.416544139
12000000.04,300,0.76,0.24,1249.709569,201.837628,1.954323201,1.547095465
12000000.04,300,0.78,0.22,1267.945526,186.6689512,3.446516881,1.559435827
12000000.04,300,0.8,0.2,1283.86614,170.5966229,1.539350708,1.5437474
12000000.04,300,0.82,0.18,1300.329157,154.3562994,1.391806959,0.245469015
12000000.04,300,0.84,0.16,1317.480306,137.6555434,2.412275457,1.223188753
12000000.04,300,0.86,0.14,1335.511305,120.885016,1.777544343,0.874971991
12000000.04,300,0.88,0.12,1352.238619,104.555266,1.413787724,0.988618893
12000000.04,300,0.9,0.1,1370.88338,87.92710415,2.879356832,0.465648007
12000000.04,300,0.92,0.08,1388.674311,70.68670636,2.263131102,0.642400914
12000000.04,300,0.94,0.06,1404.594517,53.27164624,4.160538294,0.77035641
12000000.04,300,0.96,0.04,1422.024181,35.82990015,2.543671789,0.401508444
12000000.04,300,0.98,0.02,1440.632937,17.98426258,1.720949152,0.059207292
12400000.04,300,0.02,0.98,86.29535529,1111.330638,0.387432974,1.435857943
12400000.04,300,0.04,0.96,164.2251679,1055.737416,1.726647061,3.305411162
12400000.04,300,0.06,0.94,234.3536288,1004.679303,2.187530958,1.339362271
12400000.04,300,0.08,0.92,299.3796522,956.6700561,3.006053255,3.187631553
12400000.04,300,0.1,0.9,356.6453482,915.0305295,2.333221466,1.225220289
12400000.04,300,0.12,0.88,410.9860087,875.0620535,2.593935734,3.496612126
12400000.04,300,0.14,0.86,459.3912128,839.6290313,2.892910902,2.056040697
12400000.04,300,0.16,0.84,507.1578558,805.9397923,1.235960009,0.989610518
12400000.04,300,0.18,0.82,551.048527,770.8246985,2.546142346,2.452026563
12400000.04,300,0.2,0.8,590.9697283,740.8128237,1.767297894,2.155307429
12400000.04,300,0.22,0.78,629.1421108,713.162475,2.963487422,3.10256445
12400000.04,300,0.24,0.76,664.3451506,686.7718043,2.609894062,3.011092713
12400000.04,300,0.26,0.74,699.6109206,658.8607436,2.443602692,3.052041951
12400000.04,300,0.28,0.72,731.5317812,634.3012219,3.136856452,3.228151506
12400000.04,300,0.3,0.7,761.4844305,610.5314213,2.511173194,3.090424234
12400000.04,300,0.32,0.68,793.3568598,586.612155,1.501760884,2.643963654
12400000.04,300,0.34,0.66,819.1624033,566.2633704,1.190842836,1.772144399
12400000.04,300,0.36,0.64,846.5943713,545.0206839,4.185136657,3.295103833
12400000.04,300,0.38,0.62,872.52334,523.6568282,1.969756424,1.395985252
12400000.04,300,0.4,0.6,897.6925744,505.1742602,4.348034483,3.589189925
12400000.04,300,0.42,0.58,921.6652972,484.9725688,3.038195636,3.668362997
12400000.04,300,0.44,0.56,944.212131,466.0901789,1.848004797,3.245833916
12400000.04,300,0.46,0.54,966.9370347,449.0598919,1.812098275,2.172122621
12400000.04,300,0.48,0.52,988.2833684,431.1503362,2.400252713,2.735375901
12400000.04,300,0.5,0.5,1009.53615,413.6840515,1.726477644,1.838225806
12400000.04,300,0.52,0.48,1029.109218,396.4147165,2.18774712,1.97647759
12400000.04,300,0.54,0.46,1049.447827,379.1320645,0.985549195,1.53442722
12400000.04,300,0.56,0.44,1069.312623,363.2538978,1.704691296,1.490749491
12400000.04,300,0.58,0.42,1088.253724,348.3599254,2.576676075,2.247303213
12400000.04,300,0.6,0.4,1106.205306,330.7998675,1.42602977,1.710386607
12400000.04,300,0.62,0.38,1125.219366,315.5164636,1.525488026,2.388495863
12400000.04,300,0.64,0.36,1143.759124,299.1297916,1.96772396,0.997557618
12400000.04,300,0.66,0.34,1162.005907,284.4847381,3.278146049,1.207409318
12400000.04,300,0.68,0.32,1179.168425,268.5085901,1.868404657,1.916241597
12400000.04,300,0.7,0.3,1195.675858,253.3056597,3.247702344,1.956529103
12400000.04,300,0.72,0.28,1214.581958,236.9474054,3.035907312,2.414014209
12400000.04,300,0.74,0.26,1230.572844,221.0522157,1.949851962,1.136567181
12400000.04,300,0.76,0.24,1249.659999,205.1252662,2.336271189,0.912182237
12400000.04,300,0.78,0.22,1266.069863,189.1388144,1.834782137,0.505073899
12400000.04,300,0.8,0.2,1283.856019,172.4717925,1.856025166,1.514844005
12400000.04,300,0.82,0.18,1300.858999,156.5843091,3.575787535,1.487546436
12400000.04,300,0.84,0.16,1317.57527,139.3573841,2.564454224,1.10855784
12400000.04,300,0.86,0.14,1336.457873,123.0289156,4.147426184,0.94705507
12400000.04,300,0.88,0.12,1353.845508,106.184755,4.325764782,0.867646005
12400000.04,300,0.9,0.1,1371.413791,88.80370608,3.573572933,0.495564692
12400000.04,300,0.92,0.08,1388.54801,71.59257453,4.73984219,0.787389436
12400000.04,300,0.94,0.06,1405.242195,53.80986804,4.19182844,0.535691795
12400000.04,300,0.96,0.04,1423.44155,36.08588454,5.628427793,0.266568225
12400000.04,300,0.98,0.02,1440.171279,18.20616652,1.652913041,0.075169436
12800000.04,300,0.02,0.98,85.31270119,1117.326131,0.421790591,2.062864038
12800000.04,300,0.04,0.96,162.0516185,1061.664004,1.34339047,3.435706197
12800000.04,300,0.06,0.94,232.0500339,1011.234751,1.512836357,0.966002767
12800000.04,300,0.08,0.92,294.6565256,965.8523487,2.047195996,1.063922764
12800000.04,300,0.1,0.9,353.9296935,922.691064,1.782769691,1.807123427
12800000.04,300,0.12,0.88,406.7826303,882.8607281,1.466928763,1.932976764
12800000.04,300,0.14,0.86,456.9889373,846.840632,2.060834048,3.434874427
12800000.04,300,0.16,0.84,502.5700927,812.1072289,2.883416465,3.18489206
12800000.04,300,0.18,0.82,546.1872965,780.3788283,3.228149674,2.44465034
12800000.04,300,0.2,0.8,586.1026371,750.0141481,4.230075479,4.476053457
12800000.04,300,0.22,0.78,625.0702702,720.6159985,2.488983905,1.842402805
12800000.04,300,0.24,0.76,660.0976278,692.8584557,1.447020843,2.792546031
12800000.04,300,0.26,0.74,694.4367449,667.1310723,3.053408524,2.676981534
12800000.04,300,0.28,0.72,727.7548156,641.1963316,1.832176206,2.345322355
12800000.04,300,0.3,0.7,757.5139295,618.7966587,3.020278057,4.993398369
12800000.04,300,0.32,0.68,786.4129463,597.045692,1.715131244,1.468129737
12800000.04,300,0.34,0.66,814.8595032,573.6178735,1.852372917,1.603672357
12800000.04,300,0.36,0.64,842.6795188,552.5348872,2.058249698,2.469379878
12800000.04,300,0.38,0.62,869.1877914,531.116153,2.816491759,2.393625976
12800000.04,300,0.4,0.6,893.0376858,511.6457367,2.54078222,2.716483695
12800000.04,300,0.42,0.58,916.9108598,492.840478,1.595229188,2.29378687
12800000.04,300,0.44,0.56,940.8987767,473.5935762,2.397390747,2.729874939
12800000.04,300,0.46,0.54,961.9309985,455.2742065,2.833568855,2.581579032
12800000.04,300,0.48,0.52,985.2213143,436.9277871,2.882632534,1.900374136
12800000.04,300,0.5,0.5,1005.239219,419.5115148,2.191976771,1.189725137
12800000.04,300,0.52,0.48,1025.617794,402.3778262,2.080995386,1.798427214
12800000.04,300,0.54,0.46,1045.927209,386.8510276,2.687163039,1.607426837
12800000.04,300,0.56,0.44,1065.368468,369.2417712,2.587779943,1.013231163
12800000.04,300,0.58,0.42,1083.664876,352.7408743,1.778499087,2.893787597
12800000.04,300,0.6,0.4,1103.150008,336.3639865,3.367307561,0.958615308
12800000.04,300,0.62,0.38,1122.288931,321.2175105,2.359980556,2.774043887
12800000.04,300,0.64,0.36,1141.365423,304.5869243,2.431687456,1.820702549
12800000.04,300,0.66,0.34,1158.74131,288.671889,0.701301476,1.422427696
12800000.04,300,0.68,0.32,1175.865299,272.7969087,2.610015274,1.57596443
12800000.04,300,0.7,0.3,1194.550569,257.90614,2.659823189,1.730395674
12800000.04,300,0.72,0.28,1211.934405,241.0176125,2.270934787,1.282709279
12800000.04,300,0.74,0.26,1230.183576,224.4362767,1.212903409,1.737988044
12800000.04,300,0.76,0.24,1248.218536,208.5490184,3.290498555,2.043102927
12800000.04,300,0.78,0.22,1264.244694,191.5909446,1.039685928,1.237037667
12800000.04,300,0.8,0.2,1283.35445,175.3583619,1.434715011,1.214026436
12800000.04,300,0.82,0.18,1301.398906,158.1793713,2.731380763,0.294305591
12800000.04,300,0.84,0.16,1319.101359,142.4554498,2.233167546,1.072140641
12800000.04,300,0.86,0.14,1335.422338,124.846661,3.419001774,1.07909673
12800000.04,300,0.88,0.12,1354.272844,107.6465433,1.865751513,0.911315287
12800000.04,300,0.9,0.1,1371.933214,90.31415596,3.431817735,0.528902386
12800000.04,300,0.92,0.08,1388.798794,72.15704937,2.191771648,1.076187851
12800000.04,300,0.94,0.06,1406.408237,54.40625867,2.570054126,0.361230917
12800000.04,300,0.96,0.04,1424.069665,36.5282897,3.473331923,0.416122708
12800000.04,300,0.98,0.02,1441.697965,18.37620512,2.325064282,0.19498837
13200000.03,300,0.02,0.98,84.61556132,1123.26517,1.817174253,2.56779204
13200000.03,300,0.04,0.96,160.6849053,1068.078351,0.918030596,2.566087283
13200000.03,300,0.06,0.94,229.6862593,1019.026464,0.968663428,1.038267788
13200000.03,300,0.08,0.92,291.872253,972.5581456,2.366077124,4.597757861
13200000.03,300,0.1,0.9,350.5741212,929.8103462,1.270443521,1.465037562
13200000.03,300,0.12,0.88,404.4437361,890.2089104,3.016868849,2.972577364
13200000.03,300,0.14,0.86,453.6727612,852.3440712,4.210770497,4.254818954
13200000.03,300,0.16,0.84,499.1077001,819.8523412,3.353738499,4.268090379
13200000.03,300,0.18,0.82,542.6463827,787.0818545,2.412010622,2.323648093
13200000.03,300,0.2,0.8,583.5206366,756.1060292,2.755117799,3.009413442
13200000.03,300,0.22,0.78,621.2825602,727.4988648,1.703334524,1.273525145
13200000.03,300,0.24,0.76,656.0231554,701.1004187,2.653232603,4.427770786
13200000.03,300,0.26,0.74,691.5031899,674.014666,1.865764125,1.141859284
13200000.03,300,0.28,0.72,723.9826795,648.4201064,2.635997699,1.933261295
13200000.03,300,0.3,0.7,753.7148238,624.7939528,2.098603577,1.752348019
13200000.03,300,0.32,0.68,781.9770703,603.6633093,2.807294956,1.48384153
13200000.03,300,0.34,0.66,811.3352487,580.7542652,2.170683592,2.578009761
13200000.03,300,0.36,0.64,837.4506171,558.7408201,1.502238253,1.701214917
13200000.03,300,0.38,0.62,863.0826488,539.6082125,1.758844391,1.493662527
13200000.03,300,0.4,0.6,889.4713761,518.2276803,3.334443614,2.272292474
13200000.03,300,0.42,0.58,912.5788738,499.0345833,2.287789357,3.353689359
13200000.03,300,0.44,0.56,935.3169638,480.7639618,0.977891966,2.730894167
13200000.03,300,0.46,0.54,958.1248927,462.3564643,2.261250372,2.246099649
13200000.03,300,0.48,0.52,980.952574,444.0292498,1.835980745,2.474687713
13200000.03,300,0.5,0.5,1001.627326,425.9667649,1.88635567,0.867784422
13200000.03,300,0.52,0.48,1022.293369,408.6947804,3.182327741,1.826280039
13200000.03,300,0.54,0.46,1042.696065,391.9821274,2.474748774,2.067141708
13200000.03,300,0.56,0.44,1061.895385,374.8608381,3.455312582,2.147012064
13200000.03,300,0.58,0.42,1081.790922,358.8218455,1.446753326,0.860437139
13200000.03,300,0.6,0.4,1100.099404,341.8745085,2.739200941,1.647131183
13200000.03,300,0.62,0.38,1119.585513,325.7468514,3.94459074,2.13715014
13200000.03,300,0.64,0.36,1138.932488,309.8399552,2.684368582,0.675191928
13200000.03,300,0.66,0.34,1156.951657,294.1072366,1.98821708,2.457097551
13200000.03,300,0.68,0.32,1174.718358,276.3216554,3.298372562,1.398182382
13200000.03,300,0.7,0.3,1193.472626,260.9312479,2.112166708,1.676559331
13200000.03,300,0.72,0.28,1211.273379,244.1671799,2.394505358,1.782062007
13200000.03,300,0.74,0.26,1229.407562,227.4579904,3.758473131,1.700936887
13200000.03,300,0.76,0.24,1247.272592,211.4440733,2.040185137,2.003282775
13200000.03,300,0.78,0.22,1265.416542,194.577989,1.817953253,2.672253833
13200000.03,300,0.8,0.2,1283.552299,177.7803427,2.5857339,2.031003745
13200000.03,300,0.82,0.18,1300.549065,160.1714154,1.737286857,0.848902679
13200000.03,300,0.84,0.16,1317.908646,143.4615505,2.545226643,0.704984278
13200000.03,300,0.86,0.14,1336.345979,126.0657646,2.458463868,1.3287664
13200000.03,300,0.88,0.12,1354.602963,108.052686,4.611560585,0.67945509
13200000.03,300,0.9,0.1,1372.697425,91.33753935,2.42512243,0.495175186
13200000.03,300,0.92,0.08,1390.10389,73.22815925,2.069839329,0.483522281
13200000.03,300,0.94,0.06,1408.043941,55.2317226,2.85327594,0.497033715
13200000.03,300,0.96,0.04,1426.114281,36.99286101,2.69069833,0.38539395
13200000.03,300,0.98,0.02,1444.883091,18.55933561,3.438577463,0.348948179
13600000.03,300,0.02,0.98,83.53615309,1129.678754,0.578075192,2.913881158
13600000.03,300,0.04,0.96,159.1999219,1074.903031,1.408881741,3.080978101
13600000.03,300,0.06,0.94,227.4800696,1025.215893,2.854011618,2.752172787
13600000.03,300,0.08,0.92,290.2956707,979.6643359,3.035222952,3.586495264
13600000.03,300,0.1,0.9,347.9618952,936.519468,2.569329063,1.210924568
13600000.03,300,0.12,0.88,399.6451543,897.9116645,2.811346499,2.75155461
13600000.03,300,0.14,0.86,449.8147782,860.3219453,3.306920575,3.998016281
13600000.03,300,0.16,0.84,494.8803366,827.4306358,1.96490815,2.565323625
13600000.03,300,0.18,0.82,537.5839112,794.8699309,4.467319115,3.721537427
13600000.03,300,0.2,0.8,579.2389813,764.1690699,3.071524484,3.167462214
13600000.03,300,0.22,0.78,616.9275659,735.7118733,2.349847714,2.689892132
13600000.03,300,0.24,0.76,652.4884007,709.220641,2.520450792,2.436208694
13600000.03,300,0.26,0.74,685.6198276,682.2342724,2.822007859,4.734799748
13600000.03,300,0.28,0.72,719.0592072,656.7149218,2.292702811,2.353925757
13600000.03,300,0.3,0.7,748.1272589,633.8615875,1.463509686,2.07959294
13600000.03,300,0.32,0.68,778.7952539,609.8005098,3.979602217,2.945717445
13600000.03,300,0.34,0.66,806.2800758,588.3289405,3.101305042,2.234785079
13600000.03,300,0.36,0.64,834.1509103,565.7943312,3.313708476,3.29135081
13600000.03,300,0.38,0.62,859.6055776,545.1598804,3.589833178,1.510408346
13600000.03,300,0.4,0.6,885.096955,525.3523654,1.006260857,2.71734772
13600000.03,300,0.42,0.58,909.465838,505.1564927,1.701759168,1.766353345
13600000.03,300,0.44,0.56,932.9553056,487.0091357,1.339047344,4.134455402
13600000.03,300,0.46,0.54,953.6966952,469.2925813,2.795232693,2.186674555
13600000.03,300,0.48,0.52,976.4433591,450.3674869,1.364262369,1.624969427
13600000.03,300,0.5,0.5,997.7078343,433.6747835,1.196047625,2.773675224
13600000.03,300,0.52,0.48,1019.473038,414.0948353,1.740844714,2.617691983
13600000.03,300,0.54,0.46,1039.75741,397.333919,1.202084398,3.232992083
13600000.03,300,0.56,0.44,1060.400933,380.3437909,2.562407724,2.26961214
13600000.03,300,0.58,0.42,1078.535577,363.6415456,3.687451393,1.569203406
13600000.03,300,0.6,0.4,1097.724641,347.434177,2.904958667,3.494946522
13600000.03,300,0.62,0.38,1118.175008,331.0622593,1.798406014,1.400518115
13600000.03,300,0.64,0.36,1135.680235,314.1862002,1.396791706,2.141930227
13600000.03,300,0.66,0.34,1154.345454,296.8712515,2.800617427,2.486645854
13600000.03,300,0.68,0.32,1173.900805,280.574664,2.223476851,1.707570939
13600000.03,300,0.7,0.3,1191.80032,264.1426726,0.826455918,2.694381714
13600000.03,300,0.72,0.28,1209.598821,246.745051,1.679822113,1.623817725
13600000.03,300,0.74,0.26,1228.311114,231.3387635,2.534289425,1.396127438
13600000.03,300,0.76,0.24,1247.024791,213.6037489,1.835451993,1.662457603
13600000.03,300,0.78,0.22,1263.432947,196.8080075,3.529869155,1.235527026
13600000.03,300,0.8,0.2,1282.414611,179.7939469,3.361479698,0.918259531
13600000.03,300,0.82,0.18,1301.558173,162.718583,3.982661017,1.821862202
13600000.03,300,0.84,0.16,1318.417025,145.3678047,3.771223289,1.427440007
13600000.03,300,0.86,0.14,1338.072603,127.9956915,3.306576072,0.931998086
13600000.03,300,0.88,0.12,1356.1656,110.1634575,3.345644623,0.8848573
13600000.03,300,0.9,0.1,1374.178989,91.86604615,0.823121356,0.643894267
13600000.03,300,0.92,0.08,1393.557736,74.28115523,3.185501383,0.51698986
13600000.03,300,0.94,0.06,1410.493644,55.44929721,4.39233273,0.762334725
13600000.03,300,0.96,0.04,1428.931547,37.37275071,2.172467082,0.302693185
13600000.03,300,0.98,0.02,1445.955499,18.75294307,4.058956104,0.179414176
14000000.03,300,0.02,0.98,82.93256573,1135.350985,0.76976407,2.098630356
14000000.03,300,0.04,0.96,158.0435934,1081.43633,1.832528191,2.523950977
14000000.03,300,0.06,0.94,225.5823482,1031.726057,1.194080921,0.898368831
14000000.03,300,0.08,0.92,286.9685874,985.5178444,1.786672829,2.851069363
14000000.03,300,0.1,0.9,344.1188079,944.0795968,1.969370946,2.18921521
14000000.03,300,0.12,0.88,397.7479755,903.9502777,3.667478399,3.739480028
14000000.03,300,0.14,0.86,446.5649951,868.0781753,3.758906512,3.72688726
14000000.03,300,0.16,0.84,491.8100886,834.4302381,2.321608114,2.600946808
14000000.03,300,0.18,0.82,534.6776242,802.3165794,2.382521359,3.315694737
14000000.03,300,0.2,0.8,574.3862703,770.6657084,2.345118612,2.322119235
14000000.03,300,0.22,0.78,612.5282916,742.0532103,1.714356987,2.701086095
14000000.03,300,0.24,0.76,647.9638018,714.7123737,2.15991176,2.939821338
14000000.03,300,0.26,0.74,681.2882215,689.5281649,1.57711753,2.798530183
14000000.03,300,0.28,0.72,713.8767562,663.488845,1.979383199,3.073881936
14000000.03,300,0.3,0.7,744.6394161,639.4700908,3.166707915,1.781384724
14000000.03,300,0.32,0.68,774.7089518,617.3433559,1.7749736,1.153973478
14000000.03,300,0.34,0.66,803.12607,593.771163,2.513234882,3.92106057
14000000.03,300,0.36,0.64,831.1091785,572.2915758,1.23419405,2.041687472
14000000.03,300,0.38,0.62,854.524032,553.2802759,2.348338334,2.507870699
14000000.03,300,0.4,0.6,879.8572546,532.7644313,3.479271015,2.079997941
14000000.03,300,0.42,0.58,905.2418389,512.6268832,3.910811469,1.394090343
14000000.03,300,0.44,0.56,928.5084139,493.6334201,1.657750769,1.654795167
14000000.03,300,0.46,0.54,950.3082927,474.9800169,2.06432134,3.479264097
14000000.03,300,0.48,0.52,973.2375577,455.8334861,1.809758933,1.631077829
14000000.03,300,0.5,0.5,994.7047933,437.9989143,2.320240484,1.586192052
14000000.03,300,0.52,0.48,1014.911458,420.5214773,2.79566876,3.224721937
14000000.03,300,0.54,0.46,1035.032791,403.4291597,2.939443575,2.054897416
14000000.03,300,0.56,0.44,1056.880124,386.0943307,1.489211845,2.378041496
14000000.03,300,0.58,0.42,1076.964177,369.2982949,1.655582442,2.520524192
14000000.03,300,0.6,0.4,1096.18154,351.8074543,1.759509302,1.954501404
14000000.03,300,0.62,0.38,1115.607198,335.1926441,2.189287159,2.607304734
14000000.03,300,0.64,0.36,1134.269134,317.8145391,1.981010776,3.523401294
14000000.03,300,0.66,0.34,1153.770383,301.0269888,3.633161403,2.177805225
14000000.03,300,0.68,0.32,1172.328048,284.5957593,1.663806003,1.874831982
14000000.03,300,0.7,0.3,1191.676298,267.2023805,3.145619823,3.072936607
14000000.03,300,0.72,0.28,1210.845636,250.6726848,2.490421892,1.244035647
14000000.03,300,0.74,0.26,1228.652956,233.3087281,2.542505442,0.597440828
14000000.03,300,0.76,0.24,1246.948332,216.2329832,2.897227514,1.691319419
14000000.03,300,0.78,0.22,1265.026568,199.8663819,3.511232107,2.199155941
14000000.03,300,0.8,0.2,1282.313,181.7667342,2.389267727,1.179098112
14000000.03,300,0.82,0.18,1301.468772,164.3968722,3.627496841,0.294968692
14000000.03,300,0.84,0.16,1321.281555,146.6476054,2.874803506,1.407920194
14000000.03,300,0.86,0.14,1338.418433,129.3805563,5.747180071,1.720097402
14000000.03,300,0.88,0.12,1357.150479,111.5859182,1.018261664,0.507350768
14000000.03,300,0.9,0.1,1374.235235,92.91753553,3.18135311,0.913029427
14000000.03,300,0.92,0.08,1394.423015,74.84656521,1.926271427,0.864361405
14000000.03,300,0.94,0.06,1412.527895,56.50861401,3.458066216,0.337934379
14000000.03,300,0.96,0.04,1430.368669,37.70785786,3.600175413,0.431273589
14000000.03,300,0.98,0.02,1448.996879,18.99748072,2.791329233,0.153895972
14400000.03,300,0.02,0.98,81.65481966,1141.128782,0.509815311,2.33140012
14400000.03,300,0.04,0.96,155.8408767,1087.430334,1.140646583,2.284985567
14400000.03,300,0.06,0.94,223.769497,1037.080844,0.682321345,1.79015199
14400000.03,300,0.08,0.92,284.6058709,991.5819833,3.051884223,3.04372779
14400000.03,300,0.1,0.9,342.1268014,950.4877786,1.304167757,3.00568749
14400000.03,300,0.12,0.88,393.6391535,911.3272933,3.04498955,1.511087935
14400000.03,300,0.14,0.86,442.9271915,874.8759098,3.337631061,2.146278152
14400000.03,300,0.16,0.84,488.1770875,840.8500571,2.679473174,1.954081638
14400000.03,300,0.18,0.82,530.1869951,808.1655335,2.016248402,1.622335249
14400000.03,300,0.2,0.8,570.1368753,778.8879816,2.493148184,2.980170149
14400000.03,300,0.22,0.78,609.0018665,749.1787267,2.409575938,1.741804253
14400000.03,300,0.24,0.76,644.0667211,722.2843649,2.584131672,4.831657847
14400000.03,300,0.26,0.74,678.3184176,696.0527363,3.137171658,3.540005798
14400000.03,300,0.28,0.72,709.1423425,671.7733047,4.189875279,2.383067974
14400000.03,300,0.3,0.7,740.6189643,647.479569,4.304971345,4.623975573
14400000.03,300,0.32,0.68,770.1653331,623.3573093,1.689089548,2.474155566
14400000.03,300,0.34,0.66,798.4995347,601.8508629,3.451510337,3.271374641
14400000.03,300,0.36,0.64,825.172501,580.4640964,2.170272827,2.404728545
14400000.03,300,0.38,0.62,850.3909807,559.2179465,2.381880851,2.490142096
14400000.03,300,0.4,0.6,876.355303,538.2472109,2.86901506,2.303506117
14400000.03,300,0.42,0.58,901.2150653,518.996811,2.424327742,1.390616631
14400000.03,300,0.44,0.56,923.715367,499.5272952,1.259093926,1.792647375
14400000.03,300,0.46,0.54,947.3370237,480.7352843,2.634014143,3.33949113
14400000.03,300,0.48,0.52,969.8932181,462.6727821,1.999506855,1.25516709
14400000.03,300,0.5,0.5,990.5884013,444.3119375,0.955298854,1.99225324
14400000.03,300,0.52,0.48,1012.121216,426.0982725,1.546439385,1.913716686
14400000.03,300,0.54,0.46,1032.804569,408.3910868,0.711565476,4.375286176
14400000.03,300,0.56,0.44,1054.271914,390.87382,1.697298529,2.624580922
14400000.03,300,0.58,0.42,1073.580577,373.9450817,4.234778795,2.73035127
14400000.03,300,0.6,0.4,1093.437749,355.3561508,1.661438371,1.217177609
14400000.03,300,0.62,0.38,1113.192984,339.4208024,2.671182885,2.61654962
14400000.03,300,0.64,0.36,1133.468619,322.4231932,3.294813317,1.956116101
14400000.03,300,0.66,0.34,1152.436988,306.0020597,2.949225838,2.459714016
14400000.03,300,0.68,0.32,1171.535891,288.331275,3.67577602,1.326598316
14400000.03,300,0.7,0.3,1190.466274,271.4455182,1.832481741,1.09666197
14400000.03,300,0.72,0.28,1208.690537,254.1968081,2.578009871,1.405500975
14400000.03,300,0.74,0.26,1226.884222,235.859186,3.848442126,1.900769922
14400000.03,300,0.76,0.24,1246.240448,219.3685755,1.596698878,2.051657261
14400000.03,300,0.78,0.22,1265.833215,201.6842313,2.251498043,1.434520477
14400000.03,300,0.8,0.2,1284.793227,184.3357043,2.993823472,1.524464412
14400000.03,300,0.82,0.18,1302.488652,166.493357,3.094629366,0.622156093
14400000.03,300,0.84,0.16,1319.664437,148.093254,2.371978919,0.676200456
14400000.03,300,0.86,0.14,1338.957065,130.6595258,0.642584657,0.882227989
14400000.03,300,0.88,0.12,1357.719771,112.2523227,4.463226,1.397562898
14400000.03,300,0.9,0.1,1376.970126,94.1955872,3.426818375,1.062725327
14400000.03,300,0.92,0.08,1396.359753,75.63112566,3.82369104,1.016715893
14400000.03,300,0.94,0.06,1412.479627,56.96385129,3.053438771,0.774362408
14400000.03,300,0.96,0.04,1432.486163,38.03927642,3.919867061,0.265088999
14400000.03,300,0.98,0.02,1450.698487,19.16829861,3.576497875,0.277749961
14800000.03,300,0.02,0.98,80.97770351,1146.104511,0.914120067,1.806338669
14800000.03,300,0.04,0.96,154.5193389,1092.337002,1.098322798,1.458609415
14800000.03,300,0.06,0.94,221.4635958,1042.9365,2.521232389,4.570303983
14800000.03,300,0.08,0.92,282.5992944,999.0713016,1.789763973,3.506657985
14800000.03,300,0.1,0.9,338.2482521,956.9700437,3.1968307,2.099268365
14800000.03,300,0.12,0.88,389.7977756,918.5826376,1.977019594,1.791908965
14800000.03,300,0.14,0.86,439.9004096,880.7007581,1.294889234,4.019732811
14800000.03,300,0.16,0.84,484.395645,847.7053716,2.434838176,4.019489294
14800000.03,300,0.18,0.82,526.7755029,815.8762709,1.403865671,2.574879783
14800000.03,300,0.2,0.8,567.9211893,785.430511,2.885205505,2.895533421
14800000.03,300,0.22,0.78,603.8727849,756.9882766,2.963422549,2.245125176
14800000.03,300,0.24,0.76,639.2600266,730.1746307,3.899382373,3.995880373
14800000.03,300,0.26,0.74,673.7254179,703.8923664,0.682632787,1.843786281
14800000.03,300,0.28,0.72,705.6604417,678.0549835,3.677514549,2.721036575
14800000.03,300,0.3,0.7,736.8205913,653.7966271,0.927255131,2.281363694
14800000.03,300,0.32,0.68,767.4794155,630.3066914,2.197705276,2.164663859
14800000.03,300,0.34,0.66,794.4771566,607.6094553,1.532276482,1.281178608
14800000.03,300,0.36,0.64,821.2799514,586.4977569,1.956679487,2.689543916
14800000.03,300,0.38,0.62,848.5186553,564.9676031,2.039886668,3.36791181
14800000.03,300,0.4,0.6,872.5210337,544.287677,1.725551446,2.019079981
14800000.03,300,0.42,0.58,897.6355421,525.6235198,1.327841686,3.39975035
14800000.03,300,0.44,0.56,921.012356,506.1410853,2.45615543,2.271373131
14800000.03,300,0.46,0.54,943.4093376,486.6700456,1.830082176,0.85997609
14800000.03,300,0.48,0.52,967.0791271,467.2864063,0.874212797,2.769857595
14800000.03,300,0.5,0.5,988.7798641,448.8333816,1.931557305,3.616637486
14800000.03,300,0.52,0.48,1009.537045,431.1081859,1.855023598,1.876375477
14800000.03,300,0.54,0.46,1031.444015,413.258271,1.252957043,2.242095885
14800000.03,300,0.56,0.44,1051.18715,395.8152088,2.396022024,2.459548407
14800000.03,300,0.58,0.42,1071.908,379.1671147,2.345571773,1.28600488
14800000.03,300,0.6,0.4,1091.765416,359.9925126,1.881129039,1.008661828
14800000.03,300,0.62,0.38,1112.281309,343.4123024,2.761768851,1.471697125
14800000.03,300,0.64,0.36,1131.111112,326.0587187,0.939580757,1.440939259
14800000.03,300,0.66,0.34,1152.100139,309.287464,2.834843139,0.865852184
14800000.03,300,0.68,0.32,1171.075074,291.1982239,4.123190213,2.732547502
14800000.03,300,0.7,0.3,1188.640834,274.5683996,1.888007142,2.285480882
14800000.03,300,0.72,0.28,1209.836148,256.7513356,1.28131854,0.936124276
14800000.03,300,0.74,0.26,1227.368725,239.4575659,2.833982856,2.643296293
14800000.03,300,0.76,0.24,1246.961681,221.6876396,2.106736248,2.437279073
14800000.03,300,0.78,0.22,1265.726693,204.2166965,1.661245674,1.208138656
14800000.03,300,0.8,0.2,1284.220706,186.6321173,2.240442924,1.800869467
14800000.03,300,0.82,0.18,1303.793992,168.1795082,3.383493079,1.811743856
14800000.03,300,0.84,0.16,1321.176282,149.3436326,3.233898871,1.51526733
14800000.03,300,0.86,0.14,1340.34912,132.0419835,3.759757811,1.149001875
14800000.03,300,0.88,0.12,1359.16666,113.6042846,3.211669838,0.355202009
14800000.03,300,0.9,0.1,1377.160433,95.09082254,1.970899967,1.090322868
14800000.03,300,0.92,0.08,1395.483458,76.65773007,0.803236978,0.614167485
14800000.03,300,0.94,0.06,1415.069034,57.39089601,2.868743373,0.765620476
14800000.03,300,0.96,0.04,1431.627612,38.32464827,4.559666754,0.618633952
14800000.03,300,0.98,0.02,1453.401471,19.42035197,5.254166618,0.257044858
15200000.02,300,0.02,0.98,79.98956866,1151.425859,0.814606247,2.625142678
15200000.02,300,0.04,0.96,152.7531554,1098.590332,1.139586575,1.173851909
15200000.02,300,0.06,0.94,219.9435574,1048.227906,1.251502829,1.981066545
15200000.02,300,0.08,0.92,278.8977025,1005.000054,1.945520039,3.01607153
15200000.02,300,0.1,0.9,337.2659778,962.1568533,2.218858658,2.387106893
15200000.02,300,0.12,0.88,387.6169818,923.9804412,2.018697455,4.88100171
15200000.02,300,0.14,0.86,436.8048199,887.7866179,2.399284677,3.095102677
15200000.02,300,0.16,0.84,481.7902835,852.9093253,1.696218707,0.956049022
15200000.02,300,0.18,0.82,523.1681961,822.4564827,2.130573933,1.702719806
15200000.02,300,0.2,0.8,564.4694326,790.8136469,1.735445261,3.874041494
15200000.02,300,0.22,0.78,599.2665718,764.7235526,2.497348168,2.529068406
15200000.02,300,0.24,0.76,635.2776145,735.9735724,2.754755524,3.277892976
15200000.02,300,0.26,0.74,670.0690287,709.5959243,2.043234618,1.204028633
15200000.02,300,0.28,0.72,702.426721,684.1683555,1.475212027,2.399810411
15200000.02,300,0.3,0.7,732.5631108,659.7012909,1.445026291,2.846904138
15200000.02,300,0.32,0.68,761.55,635.6,1.3,2.6
15200000.02,300,0.34,0.66,791.2685876,615.2024523,2.533116066,2.584813057
15200000.02,300,0.36,0.64,817.9175145,591.9549935,1.871487176,1.022688843
15200000.02,300,0.38,0.62,844.346045,571.8852599,2.201574046,2.166458919
15200000.02,300,0.4,0.6,868.9823177,551.4445378,2.252738709,2.454014225
15200000.02,300,0.42,0.58,893.4478191,529.6204574,1.127211537,1.876042154
15200000.02,300,0.44,0.56,917.8431561,511.2961003,2.649583157,2.036676039
15200000.02,300,0.46,0.54,940.3168138,492.0838504,3.305126327,3.275679893
15200000.02,300,0.48,0.52,963.3958225,473.3715337,2.614424459,3.265180155
15200000.02,300,0.5,0.5,985.5998927,454.9313585,1.719683689,2.551812003
15200000.02,300,0.52,0.48,1007.075105,436.6294619,3.001854676,2.424751792
15200000.02,300,0.54,0.46,1027.970743,419.0667198,2.085464404,1.543233617
15200000.02,300,0.56,0.44,1049.062954,400.890062,3.476857754,3.59992247
15200000.02,300,0.58,0.42,1069.559284,382.3529791,0.837574155,2.830084863
15200000.02,300,0.6,0.4,1090.309465,364.3374761,2.93335394,3.730095968
15200000.02,300,0.62,0.38,1110.403828,347.1350205,1.705379781,1.855656021
15200000.02,300,0.64,0.36,1130.607915,329.7832032,3.147542511,1.700523889
15200000.02,300,0.66,0.34,1149.050051,311.7515951,3.638006752,2.557062739
15200000.02,300,0.68,0.32,1168.340725,295.9611405,1.629112166,2.57386624
15200000.02,300,0.7,0.3,1188.063239,277.0565672,1.961404035,0.445001754
15200000.02,300,0.72,0.28,1206.938055,258.5921996,1.004463091,1.73512718
15200000.02,300,0.74,0.26,1226.611677,241.370037,3.674613085,1.389097319
15200000.02,300,0.76,0.24,1245.877525,223.8676111,2.153203647,1.549995802
15200000.02,300,0.78,0.22,1265.454202,205.9696752,3.794744688,1.772003349
15200000.02,300,0.8,0.2,1283.923091,187.5260192,2.396888616,0.818908147
15200000.02,300,0.82,0.18,1303.767402,170.6525924,2.577247125,1.615795544
15200000.02,300,0.84,0.16,1322.314784,151.7027689,2.273894311,1.30162383
15200000.02,300,0.86,0.14,1340.948149,133.3169527,1.408869217,0.913368199
15200000.02,300,0.88,0.12,1360.061161,114.4356711,3.436352733,1.438068743
15200000.02,300,0.9,0.1,1379.469672,96.08033329,1.144988305,0.672213883
15200000.02,300,0.92,0.08,1398.127184,76.9695974,3.49941408,0.783283932
15200000.02,300,0.94,0.06,1417.601627,58.17064225,2.647509088,0.612772295
15200000.02,300,0.96,0.04,1435.635529,39.01798117,3.207401511,0.518248048
15200000.02,300,0.98,0.02,1452.449802,19.51280905,2.434910085,0.187275394
15600000.02,300,0.02,0.98,79.63652188,1156.324994,1.279950444,0.596076961
15600000.02,300,0.04,0.96,151.5201506,1103.627174,1.497911438,1.826145714
15600000.02,300,0.06,0.94,216.7881407,1056.173466,1.262705094,2.298208134
15600000.02,300,0.08,0.92,277.1477171,1011.122136,1.909062865,2.887607587
15600000.02,300,0.1,0.9,332.1511678,969.6311229,3.038510336,2.690660197
15600000.02,300,0.12,0.88,385.4975345,928.7274432,2.861925892,3.030304756
15600000.02,300,0.14,0.86,433.3449507,894.0385976,4.283532892,2.823395168
15600000.02,300,0.16,0.84,478.4450215,859.8280731,2.001804731,1.94248861
15600000.02,300,0.18,0.82,519.6164837,827.6087789,0.74812633,2.074559164
15600000.02,300,0.2,0.8,559.011235,798.6073168,3.554262701,3.125919507
15600000.02,300,0.22,0.78,596.9586628,768.9069976,4.717174423,3.391125284
15600000.02,300,0.24,0.76,631.0539682,742.2924315,2.972997072,2.974596599
15600000.02,300,0.26,0.74,667.0892672,716.3722373,1.943682621,1.131366414
15600000.02,300,0.28,0.72,697.8706756,690.1632771,3.22361073,3.81101719
15600000.02,300,0.3,0.7,729.444947,665.92726,1.567663511,2.63508988
15600000.02,300,0.32,0.68,759.3049934,641.7709198,3.039974204,3.01361457
15600000.02,300,0.34,0.66,786.9139732,620.7664847,1.459911141,1.823958848
15600000.02,300,0.36,0.64,814.8361422,598.3209037,3.058612526,5.70481791
15600000.02,300,0.38,0.62,840.6383484,576.685478,3.061817891,3.851976878
15600000.02,300,0.4,0.6,865.9585746,555.9971531,2.149687555,2.775557549
15600000.02,300,0.42,0.58,890.2397928,536.6606169,2.039244156,1.9785939
15600000.02,300,0.44,0.56,914.6471494,516.0339415,1.459684797,4.028968602
15600000.02,300,0.46,0.54,938.0482197,497.6077933,3.284380417,2.229995752
15600000.02,300,0.48,0.52,961.470833,477.7922431,1.938332799,1.930993847
15600000.02,300,0.5,0.5,983.1751787,458.1184697,1.322822017,2.370862681
15600000.02,300,0.52,0.48,1004.358908,440.5698932,3.234612099,3.918182091
15600000.02,300,0.54,0.46,1027.665856,421.7178605,0.958162344,1.999041294
15600000.02,300,0.56,0.44,1048.093866,405.6318862,2.024275673,1.331204988
15600000.02,300,0.58,0.42,1067.279349,386.8944074,3.139157915,2.104858555
15600000.02,300,0.6,0.4,1089.331966,369.1961748,3.101496229,2.062112106
15600000.02,300,0.62,0.38,1109.527072,350.7815079,3.533085318,2.113665073
15600000.02,300,0.64,0.36,1129.492339,332.3055378,3.246520554,2.307387687
15600000.02,300,0.66,0.34,1148.682895,315.2750777,2.143740303,1.752644916
15600000.02,300,0.68,0.32,1168.30236,297.6805757,2.510245426,1.414355004
15600000.02,300,0.7,0.3,1189.273724,280.2436438,1.827791484,2.582527159
15600000.02,300,0.72,0.28,1207.907523,262.4898226,2.617157304,2.025011953
15600000.02,300,0.74,0.26,1227.908904,243.5367261,3.197626174,1.520840118
15600000.02,300,0.76,0.24,1248.101622,225.8665474,3.064064115,2.022646776
15600000.02,300,0.78,0.22,1265.994273,208.3666325,2.649410583,2.027605882
15600000.02,300,0.8,0.2,1285.083136,189.8287531,1.574375511,1.869534285
15600000.02,300,0.82,0.18,1305.00548,171.8552618,3.884148974,1.710254119
15600000.02,300,0.84,0.16,1323.204212,153.0790097,0.912312201,1.4671926
15600000.02,300,0.86,0.14,1341.592408,134.122138,1.180823147,1.029968518
15600000.02,300,0.88,0.12,1360.997446,115.4181683,3.023964642,0.629960955
15600000.02,300,0.9,0.1,1380.564518,96.53572643,1.925021221,1.09492637
15600000.02,300,0.92,0.08,1399.286525,77.74846046,3.841453401,0.839449259
15600000.02,300,0.94,0.06,1418.936568,58.78680924,2.572912656,0.651013859
15600000.02,300,0.96,0.04,1437.228173,39.29779417,3.894875887,0.232433145
15600000.02,300,0.98,0.02,1456.313917,19.76600535,2.369273055,0.154388775
16000000.02,300,0.02,0.98,78.50189921,1161.488789,1.316234805,3.36226193
16000000.02,300,0.04,0.96,150.0699239,1108.39816,0.834060518,4.199423686
16000000.02,300,0.06,0.94,214.9781384,1060.186007,1.748648105,2.254489852
16000000.02,300,0.08,0.92,275.0504369,1016.255955,1.753887414,2.078437434
16000000.02,300,0.1,0.9,330.2329344,974.579023,1.856704427,2.119931305
16000000.02,300,0.12,0.88,381.7316389,936.2342867,4.40382579,3.469075791
16000000.02,300,0.14,0.86,429.6986818,899.5793036,2.519721215,3.649447051
16000000.02,300,0.16,0.84,473.736275,866.6997352,2.723421886,3.671905185
16000000.02,300,0.18,0.82,516.460443,834.2157979,3.147517817,4.559273764
16000000.02,300,0.2,0.8,555.0880258,805.6477533,2.310015725,1.718165584
16000000.02,300,0.22,0.78,593.0527369,775.8194419,2.367008775,1.910214455
16000000.02,300,0.24,0.76,628.3156579,748.013809,1.703762819,2.536897178
16000000.02,300,0.26,0.74,662.9574641,721.8206767,1.778222614,3.428112155
16000000.02,300,0.28,0.72,694.425078,696.4121223,3.871990439,3.61224796
16000000.02,300,0.3,0.7,725.6581594,672.1481897,2.309247955,2.532462581
16000000.02,300,0.32,0.68,754.7268623,648.0796482,2.873557248,1.239786944
16000000.02,300,0.34,0.66,783.5990994,626.0981882,1.915542383,1.317188737
16000000.02,300,0.36,0.64,811.0449863,604.615051,1.473709668,2.973189458
16000000.02,300,0.38,0.62,836.9805211,582.3311616,2.796783275,4.707054464
16000000.02,300,0.4,0.6,863.4073694,561.0724046,2.647776201,1.605725455
16000000.02,300,0.42,0.58,886.9042713,541.6502517,3.488514458,1.495770215
16000000.02,300,0.44,0.56,911.2716076,522.1253898,2.619664471,1.904922222
16000000.02,300,0.46,0.54,935.9225861,502.2468393,3.492869541,1.811764736
16000000.02,300,0.48,0.52,957.1096255,484.1560752,2.578154035,2.206143234
16000000.02,300,0.5,0.5,981.1064689,462.2684404,3.158095036,1.646571373
16000000.02,300,0.52,0.48,1003.324051,444.7676077,3.072816133,2.356790422
16000000.02,300,0.54,0.46,1024.045254,426.2329839,1.987721905,2.0091236
16000000.02,300,0.56,0.44,1045.43519,407.4707587,1.792466507,1.796957153
16000000.02,300,0.58,0.42,1067.104806,389.9046051,3.003647276,2.98589316
16000000.02,300,0.6,0.4,1087.428953,372.1476321,2.153209902,3.386106799
16000000.02,300,0.62,0.38,1107.290684,354.5557797,1.616498097,1.498953087
16000000.02,300,0.64,0.36,1127.960688,336.4688255,2.996492257,1.235213156
16000000.02,300,0.66,0.34,1147.114615,318.12322,2.254221111,2.238716513
16000000.02,300,0.68,0.32,1167.770348,299.5774265,3.123139129,1.718906222
16000000.02,300,0.7,0.3,1187.221646,282.9768512,1.895758756,1.069432319
16000000.02,300,0.72,0.28,1206.436676,264.365148,3.753095945,2.789587217
16000000.02,300,0.74,0.26,1226.814491,246.4940367,1.766245223,1.892688086
16000000.02,300,0.76,0.24,1246.42446,227.8669385,3.246479009,1.209737228
16000000.02,300,0.78,0.22,1265.920038,210.5205761,2.228441928,1.039276224
16000000.02,300,0.8,0.2,1284.861329,191.7154387,2.623898025,0.939222235
16000000.02,300,0.82,0.18,1304.630266,173.4839543,1.096062336,0.654779188
16000000.02,300,0.84,0.16,1323.148536,154.3093868,2.339388006,1.347676849
16000000.02,300,0.86,0.14,1344.332374,135.797795,2.798894781,1.298517784
16000000.02,300,0.88,0.12,1362.488778,116.8603707,2.728152931,0.7960275
16000000.02,300,0.9,0.1,1380.625132,97.64922907,5.531486652,1.175697119
16000000.02,300,0.92,0.08,1400.578624,78.61032536,3.95859002,0.447141968
16000000.02,300,0.94,0.06,1419.690903,59.12584742,4.241354818,0.228504969
16000000.02,300,0.96,0.04,1439.110619,39.44121608,2.555689076,0.495554959
16000000.02,300,0.98,0.02,1456.399058,19.68071763,5.352873966,0.149751914
16400000.02,300,0.02,0.98,77.95746049,1165.412405,0.737978482,3.233260537
16400000.02,300,0.04,0.96,148.4658836,1113.798042,1.535893826,2.179283371
16400000.02,300,0.06,0.94,214.0897422,1065.051234,1.099751369,1.51929712
16400000.02,300,0.08,0.92,272.8752053,1021.685952,3.008991977,2.220472432
16400000.02,300,0.1,0.9,328.3692913,979.2411703,2.528588562,3.021968397
16400000.02,300,0.12,0.88,378.4535295,942.6003527,3.538560032,2.728215034
16400000.02,300,0.14,0.86,426.0516532,906.1600523,2.908484483,1.734367678
16400000.02,300,0.16,0.84,470.9198777,872.9660189,2.179126796,1.258587295
16400000.02,300,0.18,0.82,513.4178429,840.6504925,1.927229345,3.761781326
16400000.02,300,0.2,0.8,552.8576883,810.1704097,2.485828885,3.31395293
16400000.02,300,0.22,0.78,590.18335,781.2664267,2.344938689,2.85548749
16400000.02,300,0.24,0.76,624.5027961,754.9141485,2.718242067,2.575389939
16400000.02,300,0.26,0.74,659.542933,727.9642501,3.628113326,4.74205599
16400000.02,300,0.28,0.72,690.5936576,703.1709794,4.037796146,4.480410372
16400000.02,300,0.3,0.7,722.1638863,678.4133478,2.941842863,2.518140505
16400000.02,300,0.32,0.68,753.1332137,652.9552486,3.137357124,6.407977082
16400000.02,300,0.34,0.66,781.7161381,630.6132769,1.690019263,1.651241962
16400000.02,300,0.36,0.64,807.7791951,610.0067589,2.937364184,3.416801809
16400000.02,300,0.38,0.62,834.1167778,588.4046171,3.175766981,2.396186243
16400000.02,300,0.4,0.6,860.7760965,566.8497516,3.007757871,4.125542371
16400000.02,300,0.42,0.58,884.9789291,545.7435082,1.745029996,4.212954357
16400000.02,300,0.44,0.56,909.1874324,525.7848997,2.478912804,2.324405288
16400000.02,300,0.46,0.54,932.0856579,507.6157749,1.238040598,3.184798083
16400000.02,300,0.48,0.52,954.6915046,488.1734127,1.520426923,1.794866578
16400000.02,300,0.5,0.5,978.6190791,467.4752169,1.706406067,2.717179329
16400000.02,300,0.52,0.48,1000.458978,449.4605624,1.549174988,3.724805681
16400000.02,300,0.54,0.46,1022.886022,430.5649767,2.437399674,3.902939356
16400000.02,300,0.56,0.44,1044.060093,413.3531178,1.139425322,2.300418939
16400000.02,300,0.58,0.42,1066.287687,394.3689541,2.182168514,0.962609633
16400000.02,300,0.6,0.4,1086.332723,376.4149968,2.895039144,4.413922459
16400000.02,300,0.62,0.38,1106.222752,357.5934945,1.649701005,1.100205851
16400000.02,300,0.64,0.36,1126.215125,339.046333,1.653328558,0.778900648
16400000.02,300,0.66,0.34,1147.881431,321.2064448,1.509413427,1.876654498
16400000.02,300,0.68,0.32,1167.320764,303.1464882,2.711951986,1.629035192
16400000.02,300,0.7,0.3,1186.299362,285.3664659,4.983345949,2.477430488
16400000.02,300,0.72,0.28,1207.161165,266.7965148,1.407038521,2.582985947
16400000.02,300,0.74,0.26,1226.736974,248.4302845,5.213806316,2.159936605
16400000.02,300,0.76,0.24,1245.154962,229.7500741,2.599030402,1.356911781
16400000.02,300,0.78,0.22,1265.934663,211.559268,1.805155707,1.950190712
16400000.02,300,0.8,0.2,1285.994894,193.1303144,3.608317964,2.094655654
16400000.02,300,0.82,0.18,1305.100905,175.3999754,2.606054524,1.970989034
16400000.02,300,0.84,0.16,1325.144531,155.5154331,1.787490996,1.043627907
16400000.02,300,0.86,0.14,1343.923732,136.7694689,1.429693165,0.882471791
16400000.02,300,0.88,0.12,1363.599551,117.2354635,1.923204165,1.3733168
16400000.02,300,0.9,0.1,1380.412658,98.07147689,2.242118133,0.609371754
16400000.02,300,0.92,0.08,1401.276849,79.19253312,0.915943577,0.313295145
16400000.02,300,0.94,0.06,1420.889504,59.35154384,5.330069152,0.809029646
16400000.02,300,0.96,0.04,1440.618774,39.7575859,3.044159316,0.54389409
16400000.02,300,0.98,0.02,1456.871325,19.89346071,3.565680089,0.239417238
16800000.02,300,0.02,0.98,77.24404119,1170.912658,0.484503002,2.396559191
16800000.02,300,0.04,0.96,147.4067161,1117.343171,0.778217537,1.915617752
16800000.02,300,0.06,0.94,212.3813507,1070.293113,2.570774342,3.424986756
16800000.02,300,0.08,0.92,270.5122446,1026.84656,3.317932862,3.292977936
16800000.02,300,0.1,0.9,324.8947433,986.5100913,2.457902923,1.087325959
16800000.02,300,0.12,0.88,374.4058368,948.6198649,1.537416467,2.453266823
16800000.02,300,0.14,0.86,423.5274719,912.031259,4.279956141,4.604402926
16800000.02,300,0.16,0.84,468.10093,877.6540209,0.876776574,2.801117081
16800000.02,300,0.18,0.82,510.2897215,847.4901521,2.382886762,2.535248095
16800000.02,300,0.2,0.8,549.3878614,816.2177161,1.581077333,2.380330878
16800000.02,300,0.22,0.78,586.7623072,786.4691509,2.180044273,2.32269186
16800000.02,300,0.24,0.76,621.2259349,760.9805732,1.738068095,1.96759271
16800000.02,300,0.26,0.74,656.42637,731.9860381,2.543968695,2.824777298
16800000.02,300,0.28,0.72,688.7293633,707.8011589,2.80000394,3.333275928
16800000.02,300,0.3,0.7,718.7115055,683.800484,1.609952867,2.682335148
16800000.02,300,0.32,0.68,749.3191038,659.2717352,3.529394564,2.244269268
16800000.02,300,0.34,0.66,776.2380253,638.1978578,2.857129102,2.381307127
16800000.02,300,0.36,0.64,805.8610702,614.5491051,1.018892718,2.731354567
16800000.02,300,0.38,0.62,831.3533158,593.0595604,3.706279044,3.56608798
16800000.02,300,0.4,0.6,857.588962,572.2747607,2.146362758,0.499607822
16800000.02,300,0.42,0.58,880.7423406,552.3426132,1.565873463,3.416898647
16800000.02,300,0.44,0.56,906.4276062,530.8659526,1.715873119,2.642493482
16800000.02,300,0.46,0.54,929.8319594,512.4778678,2.176004729,4.102838295
16800000.02,300,0.48,0.52,953.2950001,491.1867967,2.34110517,0.913901069
16800000.02,300,0.5,0.5,977.1488287,472.6543376,1.490735232,1.014370346
16800000.02,300,0.52,0.48,998.9090942,453.4690334,1.956410841,1.648412982
16800000.02,300,0.54,0.46,1021.030356,434.4083099,1.833480098,3.344023271
16800000.02,300,0.56,0.44,1041.436688,415.9087016,2.273517391,3.51288255
16800000.02,300,0.58,0.42,1062.682849,397.466431,3.492425566,2.406587879
16800000.02,300,0.6,0.4,1085.877848,380.347566,1.549784595,0.969345001
16800000.02,300,0.62,0.38,1105.361109,361.0828274,2.96559627,1.80337548
16800000.02,300,0.64,0.36,1126.293022,342.8353591,1.848554684,1.377636167
16800000.02,300,0.66,0.34,1145.915173,324.6097972,2.422880715,2.331635831
16800000.02,300,0.68,0.32,1166.133993,305.9882405,2.309728221,1.693319443
16800000.02,300,0.7,0.3,1186.067326,288.3029785,1.849333237,2.081737414
16800000.02,300,0.72,0.28,1207.160731,268.9770058,1.870632883,0.921161493
16800000.02,300,0.74,0.26,1226.747963,250.0619035,3.851615822,1.418434471
16800000.02,300,0.76,0.24,1246.290589,232.6265648,1.124164468,0.755031953
16800000.02,300,0.78,0.22,1266.696893,213.3357983,2.224386621,1.332535
16800000.02,300,0.8,0.2,1286.330901,194.9226553,1.801788528,1.350034014
16800000.02,300,0.82,0.18,1306.200364,176.5259985,2.381449802,0.505564106
16800000.02,300,0.84,0.16,1326.160503,156.6780476,4.054194159,1.335208754
16800000.02,300,0.86,0.14,1344.171777,137.879612,2.42752528,0.832743087
16800000.02,300,0.88,0.12,1365.477738,118.9164888,1.715938695,0.999110037
16800000.02,300,0.9,0.1,1384.161596,99.18051167,3.625544817,0.799536209
16800000.02,300,0.92,0.08,1403.878222,79.91589422,5.428046682,0.964242972
16800000.02,300,0.94,0.06,1421.361282,59.59892153,3.591405733,0.410796157
16800000.02,300,0.96,0.04,1441.255381,40.23152588,3.670068563,0.43216903
16800000.02,300,0.98,0.02,1460.510132,20.11498366,1.827910233,0.139019727
17200000.01,300,0.02,0.98,76.3346717,1174.424849,0.745891622,2.25421451
17200000.01,300,0.04,0.96,146.2201349,1121.943565,0.958646563,3.132367345
17200000.01,300,0.06,0.94,211.1240625,1074.994795,1.692610386,5.233975586
17200000.01,300,0.08,0.92,268.8968359,1030.845091,2.998860191,1.599403723
17200000.01,300,0.1,0.9,322.9666065,991.9447808,2.964842599,2.940104101
17200000.01,300,0.12,0.88,374.2028594,952.999844,3.623521299,4.654396661
17200000.01,300,0.14,0.86,419.9834108,918.7500613,2.562516579,3.609774027
17200000.01,300,0.16,0.84,464.5024684,883.8934455,3.166123236,3.83622116
17200000.01,300,0.18,0.82,507.5132359,849.9455727,2.530788344,2.054751191
17200000.01,300,0.2,0.8,545.400891,822.7376291,3.783937524,5.037238565
17200000.01,300,0.22,0.78,583.1119142,793.8629124,1.602665648,1.022529064
17200000.01,300,0.24,0.76,617.7890467,765.9164205,0.39829344,2.579995064
17200000.01,300,0.26,0.74,652.1551606,738.5683626,1.26079738,1.210141558
17200000.01,300,0.28,0.72,684.2390327,713.8082719,2.666383923,2.154556089
17200000.01,300,0.3,0.7,714.9328034,689.9010931,2.646440298,2.715990598
17200000.01,300,0.32,0.68,745.0232582,664.6696947,1.391865474,2.967413996
17200000.01,300,0.34,0.66,774.6318415,642.2771046,1.175866476,1.249136963
17200000.01,300,0.36,0.64,802.4529152,618.8163485,2.536346567,2.309009929
17200000.01,300,0.38,0.62,829.2891643,598.2346635,3.636513895,2.469863809
17200000.01,300,0.4,0.6,854.1934237,577.5439834,3.189257123,2.025361647
17200000.01,300,0.42,0.58,879.3764142,556.4581744,3.991884517,4.438730196
17200000.01,300,0.44,0.56,904.6265304,535.5594788,2.635997102,1.07965508
17200000.01,300,0.46,0.54,929.2097864,516.1108477,2.297188466,2.477124702
17200000.01,300,0.48,0.52,952.4478452,495.6671123,4.221329497,1.909597797
17200000.01,300,0.5,0.5,973.1384973,476.9988508,1.992094569,3.298413367
17200000.01,300,0.52,0.48,996.1619659,458.821864,2.603900621,3.207347976
17200000.01,300,0.54,0.46,1018.799123,439.9318025,1.888464144,1.2570522
17200000.01,300,0.56,0.44,1040.945537,419.9311304,2.183219175,3.508117414
17200000.01,300,0.58,0.42,1063.358229,399.7012291,1.925371851,1.893417215
17200000.01,300,0.6,0.4,1082.977775,383.5233518,3.648550784,1.934573495
17200000.01,300,0.62,0.38,1104.545346,363.9578462,2.634260999,3.366134442
17200000.01,300,0.64,0.36,1125.414746,346.028999,1.851778281,0.877577904
17200000.01,300,0.66,0.34,1146.990349,326.3532168,2.854611575,1.60276206
17200000.01,300,0.68,0.32,1165.282497,308.8057312,2.819200945,1.682545424
17200000.01,300,0.7,0.3,1186.424415,290.3470438,3.205795093,2.559239998
17200000.01,300,0.72,0.28,1207.27721,272.3672144,0.863131909,2.207312456
17200000.01,300,0.74,0.26,1226.899985,253.1876249,2.59558,2.298260404
17200000.01,300,0.76,0.24,1247.734928,234.4287247,1.603505464,1.596085261
17200000.01,300,0.78,0.22,1267.544998,215.8205197,2.844835267,1.545308351
17200000.01,300,0.8,0.2,1285.900039,196.5650804,2.70564733,1.125988968
17200000.01,300,0.82,0.18,1305.884624,178.1032758,2.062402732,1.763403076
17200000.01,300,0.84,0.16,1327.183015,158.5435369,3.132901409,1.225475442
17200000.01,300,0.86,0.14,1345.468624,139.5463679,2.754549084,1.003653231
17200000.01,300,0.88,0.12,1367.021897,119.9653806,3.948440321,1.853807159
17200000.01,300,0.9,0.1,1383.969906,99.82378025,2.457944324,0.413234344
17200000.01,300,0.92,0.08,1406.08509,80.6638459,3.476941936,0.671418387
17200000.01,300,0.94,0.06,1422.479001,60.3118403,2.495198246,0.443177911
17200000.01,300,0.96,0.04,1442.460032,40.4283024,7.31151441,0.542004208
17200000.01,300,0.98,0.02,1462.381562,20.30408862,3.984402749,0.129128688
17600000.01,300,0.02,0.98,75.63652793,1178.901043,0.642162906,1.614012042
17600000.01,300,0.04,0.96,144.6993097,1127.17436,1.248095583,3.140047813
17600000.01,300,0.06,0.94,208.5501746,1079.543999,1.735575397,2.520989313
17600000.01,300,0.08,0.92,266.6518198,1036.59951,1.662851946,2.98921181
17600000.01,300,0.1,0.9,320.9248664,997.1073981,2.369071434,2.851408628
17600000.01,300,0.12,0.88,371.6166533,958.6373018,1.953959054,2.114356553
17600000.01,300,0.14,0.86,418.2850311,922.9162063,2.808231105,3.405579478
17600000.01,300,0.16,0.84,462.2447543,889.8879169,2.339147951,3.773485304
17600000.01,300,0.18,0.82,504.4824113,857.3296191,1.618581253,2.625320418
17600000.01,300,0.2,0.8,544.2072011,825.9446206,4.535222759,4.146838861
17600000.01,300,0.22,0.78,580.298203,797.5174523,1.235948997,2.614143128
17600000.01,300,0.24,0.76,616.4958894,770.3564213,2.412179396,1.717907912
17600000.01,300,0.26,0.74,650.0286045,743.4822861,3.711478959,3.807373584
17600000.01,300,0.28,0.72,681.1819167,719.1163892,1.773507452,3.841235258
17600000.01,300,0.3,0.7,713.5615591,692.8881202,2.701009047,2.833403696
17600000.01,300,0.32,0.68,742.6945929,671.5440755,2.243048298,1.885693074
17600000.01,300,0.34,0.66,771.1199594,647.2317757,1.916977783,3.219050106
17600000.01,300,0.36,0.64,798.8626476,624.0413428,3.214499697,3.822834348
17600000.01,300,0.38,0.62,825.7890848,603.0641479,3.400571022,3.278924078
17600000.01,300,0.4,0.6,851.2520274,582.1015168,1.421025789,2.102487908
17600000.01,300,0.42,0.58,877.2200397,560.7232358,1.755613272,3.489602189
17600000.01,300,0.44,0.56,901.8785881,541.5730857,2.426479797,2.730059356
17600000.01,300,0.46,0.54,924.9124756,520.928816,2.852889547,2.845353768
17600000.01,300,0.48,0.52,949.6348665,500.9203511,2.209864944,1.66481394
17600000.01,300,0.5,0.5,972.1980883,481.6122672,0.957733692,1.597550025
17600000.01,300,0.52,0.48,994.100202,461.3789717,1.877172777,2.225025934
17600000.01,300,0.54,0.46,1016.61681,442.4458421,2.796441354,1.815757744
17600000.01,300,0.56,0.44,1038.871265,424.5520278,0.895217178,1.611444467
17600000.01,300,0.58,0.42,1060.799779,405.4911138,3.808142086,1.502654036
17600000.01,300,0.6,0.4,1082.386397,385.8092705,4.847605466,2.564465848
17600000.01,300,0.62,0.38,1103.884916,366.9363359,3.305584098,0.886993778
17600000.01,300,0.64,0.36,1124.189936,349.3229233,3.270821633,2.328136611
17600000.01,300,0.66,0.34,1146.129384,330.401431,2.120611409,1.646306435
17600000.01,300,0.68,0.32,1165.623795,311.7713195,2.225475322,0.38286618
17600000.01,300,0.7,0.3,1185.782842,292.29647,2.869946639,2.200726192
17600000.01,300,0.72,0.28,1206.625165,273.6199655,3.537755486,2.032637712
17600000.01,300,0.74,0.26,1227.325829,254.5835555,2.173659461,0.54692805
17600000.01,300,0.76,0.24,1246.90937,235.2658259,1.293323491,1.751307993
17600000.01,300,0.78,0.22,1267.662508,217.9496129,2.196473908,1.02007799
17600000.01,300,0.8,0.2,1288.019812,198.7913064,3.372626179,0.923185048
17600000.01,300,0.82,0.18,1306.372221,178.9826139,2.86400311,1.859028936
17600000.01,300,0.84,0.16,1327.317266,159.8980791,1.638102518,0.84087914
17600000.01,300,0.86,0.14,1347.931513,140.3442107,2.726496674,0.660508056
17600000.01,300,0.88,0.12,1365.687145,120.9763475,5.686617923,0.238281672
17600000.01,300,0.9,0.1,1383.783913,100.5822782,1.395293885,1.425139915
17600000.01,300,0.92,0.08,1405.979789,81.19417101,2.500681873,0.702406934
17600000.01,300,0.94,0.06,1425.556385,61.06696134,4.57401545,0.642162197
17600000.01,300,0.96,0.04,1443.389588,40.63238683,6.059829586,0.557994441
17600000.01,300,0.98,0.02,1462.454766,20.43905969,4.779683019,0.295559467
18000000.01,300,0.02,0.98,75.19549079,1183.038563,0.5127435,3.141285576
18000000.01,300,0.04,0.96,143.8718529,1131.782079,1.017082728,2.603674751
18000000.01,300,0.06,0.94,207.01657,1084.638888,1.584651689,2.449199996
18000000.01,300,0.08,0.92,265.3005991,1041.057676,1.606981589,1.080071834
18000000.01,300,0.1,0.9,319.2243161,1000.338391,2.502632919,2.731308531
18000000.01,300,0.12,0.88,369.5729325,962.879314,2.047132485,3.401280185
18000000.01,300,0.14,0.86,415.9094268,928.2904064,2.645148464,2.404392848
18000000.01,300,0.16,0.84,459.6264507,894.3244543,3.037250988,2.088600157
18000000.01,300,0.18,0.82,500.7607144,863.7498017,4.856269432,4.518041593
18000000.01,300,0.2,0.8,541.0500751,831.9788006,1.208647853,2.450600573
18000000.01,300,0.22,0.78,577.1075685,803.8025426,1.983110212,1.207721176
18000000.01,300,0.24,0.76,611.6697682,776.9644967,3.322746649,6.16991361
18000000.01,300,0.26,0.74,645.448954,749.6663473,4.386559074,2.845782201
18000000.01,300,0.28,0.72,678.2276054,724.6139925,5.702335411,5.415200163
18000000.01,300,0.3,0.7,708.7869352,700.8337495,3.201204586,2.066786487
18000000.01,300,0.32,0.68,739.8692148,675.2037587,1.952312859,1.498972665
18000000.01,300,0.34,0.66,768.4523291,652.9413254,0.971790872,1.760245468
18000000.01,300,0.36,0.64,795.04653,630.9380283,1.165970482,3.289628056
18000000.01,300,0.38,0.62,823.359704,607.6519866,3.684824669,2.64140945
18000000.01,300,0.4,0.6,850.6447772,585.942668,4.561701226,3.266192274
18000000.01,300,0.42,0.58,873.5311187,566.1827583,4.032729014,5.20945504
18000000.01,300,0.44,0.56,899.5904315,544.2103899,1.569775507,1.901402679
18000000.01,300,0.46,0.54,923.028863,524.7017024,2.811749429,2.479434017
18000000.01,300,0.48,0.52,948.4851583,504.4526482,1.569862735,2.819610669
18000000.01,300,0.5,0.5,970.2897039,484.7159783,2.179720734,0.945344085
18000000.01,300,0.52,0.48,992.269986,466.8019374,2.476413354,2.176862902
18000000.01,300,0.54,0.46,1016.006413,445.3588551,1.582731557,2.735747805
18000000.01,300,0.56,0.44,1037.61319,426.6664533,1.584592382,2.331164082
18000000.01,300,0.58,0.42,1060.00735,407.8619566,0.922729009,1.440470012
18000000.01,300,0.6,0.4,1081.064859,388.6270556,1.02095316,2.17726379
18000000.01,300,0.62,0.38,1102.68097,370.1648874,0.887531702,2.312429913
18000000.01,300,0.64,0.36,1124.01192,351.8536222,2.907552755,2.744919862
18000000.01,300,0.66,0.34,1145.149551,332.277553,3.315768233,1.821064564
18000000.01,300,0.68,0.32,1165.10733,313.2480873,1.395646018,2.476475656
18000000.01,300,0.7,0.3,1185.406082,295.2675133,3.641147725,2.254044912
18000000.01,300,0.72,0.28,1207.520018,276.9331987,3.585701056,2.849042687
18000000.01,300,0.74,0.26,1227.207613,258.2218345,2.9697393,2.266125282
18000000.01,300,0.76,0.24,1248.713539,237.9156851,2.206449185,1.328139148
18000000.01,300,0.78,0.22,1266.787136,218.6081554,3.530076535,0.620779475
18000000.01,300,0.8,0.2,1287.538049,199.8872147,2.85246394,0.987317841
18000000.01,300,0.82,0.18,1307.802152,180.3456416,2.46463108,1.421554444
18000000.01,300,0.84,0.16,1327.518046,160.7103819,5.238749946,0.770607339
18000000.01,300,0.86,0.14,1348.673259,141.0541682,3.460065817,0.696657567
18000000.01,300,0.88,0.12,1367.195056,121.5927569,3.009551779,1.372227609
18000000.01,300,0.9,0.1,1388.170815,101.5831837,4.907943551,0.597791572
18000000.01,300,0.92,0.08,1407.006588,81.61456588,4.430893762,0.760618385
18000000.01,300,0.94,0.06,1425.694001,61.24264538,2.539618602,0.619191927
18000000.01,300,0.96,0.04,1446.541179,41.1839776,3.13063702,0.35259687
18000000.01,300,0.98,0.02,1465.10533,20.6596475,5.87128653,0.251617134
18400000.01,300,0.02,0.98,74.0516431,1187.464035,1.137754797,1.823616005
18400000.01,300,0.04,0.96,143.8585851,1135.200169,1.886283227,1.917316885
18400000.01,300,0.06,0.94,205.5513119,1088.883481,1.210074654,2.903946358
18400000.01,300,0.08,0.92,263.5243766,1046.216934,1.236884952,2.720373415
18400000.01,300,0.1,0.9,315.5985865,1006.884523,1.70539861,2.529748941
18400000.01,300,0.12,0.88,368.0290176,966.3369215,2.335626497,2.833091372
18400000.01,300,0.14,0.86,412.6674578,933.0702248,1.253612079,1.435901888
18400000.01,300,0.16,0.84,455.8107671,899.5066055,1.87905627,1.880124039
18400000.01,300,0.18,0.82,498.4669956,866.6535153,4.264016025,3.94861385
18400000.01,300,0.2,0.8,536.9191945,838.0917569,1.406076201,3.378343651
18400000.01,300,0.22,0.78,575.3534318,808.7546855,2.472087743,3.979134442
18400000.01,300,0.24,0.76,609.9230115,780.9840161,1.409539898,2.851984908
18400000.01,300,0.26,0.74,644.2979434,752.8514151,1.517716454,1.689407468
18400000.01,300,0.28,0.72,675.7599409,728.5072688,4.313479081,2.565586999
18400000.01,300,0.3,0.7,707.2566407,704.7277185,2.72053498,0.75767987
18400000.01,300,0.32,0.68,736.9167213,680.6767714,2.210386947,1.648799704
18400000.01,300,0.34,0.66,767.4797682,655.5029357,4.10383604,4.60569838
18400000.01,300,0.36,0.64,793.0696634,635.651175,2.070863119,2.090564213
18400000.01,300,0.38,0.62,820.3076076,612.7755361,0.631235989,2.148269736
18400000.01,300,0.4,0.6,847.2377618,591.5208487,2.389902385,2.156446173
18400000.01,300,0.42,0.58,871.5884932,571.1436464,0.608797921,1.362469933
18400000.01,300,0.44,0.56,898.7506837,548.3371727,1.380753831,2.111499809
18400000.01,300,0.46,0.54,921.4592538,528.8332128,3.166500143,5.548098377
18400000.01,300,0.48,0.52,944.9552874,509.0139741,1.955765346,2.147991283
18400000.01,300,0.5,0.5,968.7933249,488.3461355,4.311613918,3.180177528
18400000.01,300,0.52,0.48,991.8455539,468.8522889,2.452430167,1.568345781
18400000.01,300,0.54,0.46,1014.699608,449.363066,3.295336129,1.610019959
18400000.01,300,0.56,0.44,1035.856612,430.7293352,2.159290374,2.312113923
18400000.01,300,0.58,0.42,1058.395875,411.4473832,2.103609862,2.240081187
18400000.01,300,0.6,0.4,1080.414577,392.0552411,0.953287044,1.9259128
18400000.01,300,0.62,0.38,1101.026681,373.4105312,1.420528417,3.160193985
18400000.01,300,0.64,0.36,1122.513153,354.7921955,1.676911039,2.101989003
18400000.01,300,0.66,0.34,1143.10773,335.7655871,3.651040401,2.785887686
18400000.01,300,0.68,0.32,1165.492176,315.9151252,1.723802565,1.394757731
18400000.01,300,0.7,0.3,1185.384023,297.4364017,2.04506607,3.618800006
18400000.01,300,0.72,0.28,1207.201511,278.6993732,1.340908319,1.90393456
18400000.01,300,0.74,0.26,1226.530551,259.3686902,2.371814656,2.077152468
18400000.01,300,0.76,0.24,1248.332654,239.9253755,3.416687409,1.518812435
18400000.01,300,0.78,0.22,1268.736137,220.7806458,3.623883397,0.473716994
18400000.01,300,0.8,0.2,1287.676207,200.8421254,3.363445451,1.549240832
18400000.01,300,0.82,0.18,1307.226186,181.5873962,2.245464364,2.048821611
18400000.01,300,0.84,0.16,1328.603179,161.6356281,2.023301229,1.214532162
18400000.01,300,0.86,0.14,1349.785172,142.8321358,2.172036119,0.821663517
18400000.01,300,0.88,0.12,1368.781378,122.4780695,4.358594562,1.11603193
18400000.01,300,0.9,0.1,1388.336974,102.3156537,1.538048735,1.184750421
18400000.01,300,0.92,0.08,1408.277442,82.31314592,3.815277189,1.021884462
18400000.01,300,0.94,0.06,1429.174192,61.97490758,5.745127454,0.923867074
18400000.01,300,0.96,0.04,1445.580258,41.24524622,5.242755525,0.377824545
18400000.01,300,0.98,0.02,1467.56499,20.780834,4.048995499,0.069866546
18800000.01,300,0.02,0.98,73.73574058,1190.655111,0.499170156,2.319320385
18800000.01,300,0.04,0.96,142.1962102,1139.044385,0.684804891,3.151936716
18800000.01,300,0.06,0.94,203.7093204,1093.305056,1.531834779,1.645996279
18800000.01,300,0.08,0.92,261.0254827,1051.299199,0.535361551,1.776548768
18800000.01,300,0.1,0.9,314.3119138,1011.040572,1.973769814,1.597060214
18800000.01,300,0.12,0.88,363.2286179,974.2921099,3.79309665,3.435407729
18800000.01,300,0.14,0.86,410.6502453,938.1418223,3.111767556,2.649608509
18800000.01,300,0.16,0.84,454.3970063,903.7701431,2.984690403,3.647371752
18800000.01,300,0.18,0.82,495.2190304,873.5681243,4.178552502,3.499437403
18800000.01,300,0.2,0.8,535.6706429,841.5465937,2.926054436,1.810347975
18800000.01,300,0.22,0.78,572.585927,814.4509182,2.951276848,2.74008701
18800000.01,300,0.24,0.76,606.5574002,786.3105071,4.686748292,0.906527782
18800000.01,300,0.26,0.74,640.6750355,759.0900085,2.141930302,2.471539114
18800000.01,300,0.28,0.72,673.1441877,734.4898951,2.995429047,3.109560767
18800000.01,300,0.3,0.7,703.74134,708.4531208,2.264275714,0.979192698
18800000.01,300,0.32,0.68,734.4002185,685.4426666,2.066334588,2.075782412
18800000.01,300,0.34,0.66,763.3305732,660.830102,2.413648162,1.628279254
18800000.01,300,0.36,0.64,791.3207089,638.0178617,1.718442385,3.173987885
18800000.01,300,0.38,0.62,818.253088,616.8009953,0.767042502,0.938881907
18800000.01,300,0.4,0.6,844.9136277,594.5816302,3.575449592,3.290642422
18800000.01,300,0.42,0.58,870.3916831,574.0494207,3.143122026,4.455307881
18800000.01,300,0.44,0.56,894.9289496,554.016244,2.683930421,2.10271955
18800000.01,300,0.46,0.54,919.7700991,533.253091,2.727430926,1.344467676
18800000.01,300,0.48,0.52,944.6192798,511.4377386,1.400647154,1.699836179
18800000.01,300,0.5,0.5,966.8138536,493.4105464,3.128335695,3.459090546
18800000.01,300,0.52,0.48,990.2767857,472.218132,1.594122892,5.351313631
18800000.01,300,0.54,0.46,1013.145952,452.5846387,1.108949431,2.110489191
18800000.01,300,0.56,0.44,1034.987914,433.4993073,2.791355927,0.523431616
18800000.01,300,0.58,0.42,1058.197999,414.9951619,2.651151041,2.409686039
18800000.01,300,0.6,0.4,1079.905221,395.475755,2.616239745,1.57143962
18800000.01,300,0.62,0.38,1100.982319,375.777062,2.984193664,2.209150548
18800000.01,300,0.64,0.36,1123.261031,356.4591245,2.580885099,2.770374878
18800000.01,300,0.66,0.34,1143.097664,338.1747358,1.535230004,2.350675079
18800000.01,300,0.68,0.32,1166.121214,318.1693533,0.575891166,2.185752272
18800000.01,300,0.7,0.3,1186.626958,299.5675037,4.029507079,2.205957677
18800000.01,300,0.72,0.28,1205.929463,280.0851385,2.007639564,0.997863163
18800000.01,300,0.74,0.26,1226.895834,260.9835981,1.579230199,1.214258375
18800000.01,300,0.76,0.24,1247.238161,242.1059531,3.707273376,2.735169724
18800000.01,300,0.78,0.22,1268.787038,222.6166436,2.650652879,2.47337609
18800000.01,300,0.8,0.2,1289.093902,202.9979393,1.94718151,1.174669114
18800000.01,300,0.82,0.18,1311.103379,183.5690326,2.352605342,1.326877894
18800000.01,300,0.84,0.16,1330.251364,162.6931785,2.626538649,2.165514483
18800000.01,300,0.86,0.14,1349.442924,143.3724703,2.982465726,1.413283973
18800000.01,300,0.88,0.12,1368.723451,122.9539836,1.733014834,1.12513497
18800000.01,300,0.9,0.1,1389.26596,102.7447072,2.472604267,0.863821105
18800000.01,300,0.92,0.08,1409.185075,82.8215127,2.787945949,0.627848168
18800000.01,300,0.94,0.06,1430.243263,62.4405872,2.782189464,0.332056626
18800000.01,300,0.96,0.04,1448.628475,41.58695126,1.412112084,0.219700086
18800000.01,300,0.98,0.02,1470.713054,20.97141093,3.886425507,0.315437805
19200000,300,0.02,0.98,73.20929064,1195.083129,0.612314746,1.209727878
19200000,300,0.04,0.96,141.1019334,1143.773187,2.139958825,3.440298461
19200000,300,0.06,0.94,202.5951827,1097.568282,3.118135081,3.64951942
19200000,300,0.08,0.92,258.7265274,1056.947844,1.083328977,3.169720093
19200000,300,0.1,0.9,313.1813068,1015.442769,1.00721302,2.408205107
19200000,300,0.12,0.88,361.6349964,978.5818659,3.712639786,4.000065809
19200000,300,0.14,0.86,408.6374283,941.8149437,1.392887818,2.936401224
19200000,300,0.16,0.84,452.4515319,907.685776,1.488095716,3.234135809
19200000,300,0.18,0.82,494.1755454,877.0128477,1.698144621,1.385547402
19200000,300,0.2,0.8,532.9519494,847.0451667,1.491105316,2.443393256
19200000,300,0.22,0.78,569.8448222,818.5476901,2.260632872,1.994275521
19200000,300,0.24,0.76,605.3548651,790.1289034,5.595533246,4.754723005
19200000,300,0.26,0.74,637.7353214,765.0148816,3.253345406,2.325562862
19200000,300,0.28,0.72,671.1435802,738.342874,2.545982475,2.911153879
19200000,300,0.3,0.7,701.8415565,713.3008056,1.442802461,1.059779037
19200000,300,0.32,0.68,730.7340344,691.7862028,2.725180802,2.354394991
19200000,300,0.34,0.66,760.5421494,666.5843824,1.716929442,1.029222964
19200000,300,0.36,0.64,790.8904162,641.3735569,3.784750789,2.603804573
19200000,300,0.38,0.62,817.0853638,619.9613686,0.586911527,0.457817921
19200000,300,0.4,0.6,843.5237162,597.9432999,2.31374591,3.300334956
19200000,300,0.42,0.58,866.748236,579.1776632,2.055121488,2.119579714
19200000,300,0.44,0.56,893.4204697,557.6805162,1.656002716,1.207347332
19200000,300,0.46,0.54,917.8190626,536.7748938,3.442057134,3.739037354
19200000,300,0.48,0.52,941.8951869,515.4935897,3.269439815,4.317697912
19200000,300,0.5,0.5,966.2948651,495.5254741,1.612070198,3.770209902
19200000,300,0.52,0.48,989.1426514,476.3792204,1.854988627,2.648642444
19200000,300,0.54,0.46,1011.315357,456.4769625,2.312834043,3.323431629
19200000,300,0.56,0.44,1034.339775,436.9833757,2.003909519,1.822527684
19200000,300,0.58,0.42,1056.315662,416.5866914,1.90121593,2.530041289
19200000,300,0.6,0.4,1078.681224,398.6556276,1.704798636,1.64617812
19200000,300,0.62,0.38,1100.879569,378.21068,2.466789891,2.363125683
19200000,300,0.64,0.36,1122.221534,360.692149,3.839394571,2.734425688
19200000,300,0.66,0.34,1142.618153,340.1936217,0.812300556,1.250671481
19200000,300,0.68,0.32,1164.378961,321.0498444,1.54570475,2.925676006
19200000,300,0.7,0.3,1185.067198,302.9108863,1.736294077,0.799994536
19200000,300,0.72,0.28,1205.883229,282.4342308,1.751099999,1.650899034
19200000,300,0.74,0.26,1227.489573,262.0999408,1.132012851,1.218632125
19200000,300,0.76,0.24,1247.545245,243.1535461,3.021498772,1.976817573
19200000,300,0.78,0.22,1267.526331,223.3154142,2.305453178,1.749527121
19200000,300,0.8,0.2,1290.96601,204.1776113,1.591216349,1.695956927
19200000,300,0.82,0.18,1310.154206,184.6173702,1.738872255,1.858343756
19200000,300,0.84,0.16,1330.108186,164.7137096,4.81919733,1.32982673
19200000,300,0.86,0.14,1352.036591,144.9037529,2.326106946,1.247518903
19200000,300,0.88,0.12,1371.906814,124.8568263,3.269490301,1.881402581
19200000,300,0.9,0.1,1391.628107,103.7886116,1.52857821,0.607712539
19200000,300,0.92,0.08,1409.722215,83.69153405,3.674534245,0.776957276
19200000,300,0.94,0.06,1431.226514,62.59734344,3.357855314,0.805885939
19200000,300,0.96,0.04,1452.549921,42.09656488,2.048131902,0.325279995
19200000,300,0.98,0.02,1471.908725,21.14364883,5.156755181,0.317180687
19600000,300,0.02,0.98,72.68704622,1198.131061,1.251034946,2.599540717
19600000,300,0.04,0.96,139.9574888,1147.282833,1.980116539,1.665273415
19600000,300,0.06,0.94,200.6924147,1102.458966,2.068718962,1.596038651
19600000,300,0.08,0.92,257.6039243,1059.454784,2.818672349,2.642655408
19600000,300,0.1,0.9,310.5823485,1019.04463,2.371394223,1.066754009
19600000,300,0.12,0.88,359.545259,982.8021794,2.727198901,3.465464656
19600000,300,0.14,0.86,405.8561403,947.9774449,2.931273362,3.354501333
19600000,300,0.16,0.84,451.4058492,913.1857864,2.368628398,2.755517108
19600000,300,0.18,0.82,490.9698525,881.9842474,2.928750065,2.942366287
19600000,300,0.2,0.8,529.9750911,851.5710787,2.232825643,3.694640906
19600000,300,0.22,0.78,568.3060624,823.2225136,0.874137632,3.099701059
19600000,300,0.24,0.76,602.9142787,794.4693297,3.16425356,2.91757407
19600000,300,0.26,0.74,636.0016968,767.9953974,1.683504108,3.648761727
19600000,300,0.28,0.72,667.9612482,744.3255696,3.34190073,4.529999954
19600000,300,0.3,0.7,699.6866742,717.6805423,1.789621519,0.640615611
19600000,300,0.32,0.68,728.7973509,694.7219881,4.403758967,2.443088051
19600000,300,0.34,0.66,758.7828304,669.4804244,3.545519195,5.178424278
19600000,300,0.36,0.64,787.143866,647.0056983,0.818550624,2.024865029
19600000,300,0.38,0.62,814.8199713,625.7651591,2.019234296,2.689388766
19600000,300,0.4,0.6,840.4866511,604.4152612,2.905479376,5.556985955
19600000,300,0.42,0.58,866.4772376,582.1970737,2.96277129,2.831824089
19600000,300,0.44,0.56,891.8341468,561.5089739,3.560060662,4.001676143
19600000,300,0.46,0.54,916.493265,540.9653696,3.349024376,2.216215873
19600000,300,0.48,0.52,940.5773934,519.6937459,3.108840833,3.393596185
19600000,300,0.5,0.5,964.9495593,498.4750785,3.219170329,4.409776688
19600000,300,0.52,0.48,988.0905384,480.0262446,2.319130183,2.980508603
19600000,300,0.54,0.46,1011.566575,459.7541757,1.440874008,1.276351924
19600000,300,0.56,0.44,1033.557005,439.7368789,2.290066704,2.342676432
19600000,300,0.58,0.42,1055.569195,419.1989548,2.370609632,2.324914427
19600000,300,0.6,0.4,1078.284955,400.2477112,2.06932658,2.041579334
19600000,300,0.62,0.38,1100.280431,380.9178075,3.065291654,1.390307555
19600000,300,0.64,0.36,1121.935966,362.6395145,0.821647985,0.753642394
19600000,300,0.66,0.34,1143.274974,342.7620376,3.581936674,0.887233531
19600000,300,0.68,0.32,1164.114094,323.4633051,2.051495504,2.431040057
19600000,300,0.7,0.3,1185.820366,304.5886733,1.927658443,3.59878787
19600000,300,0.72,0.28,1206.587912,283.8656445,2.563424628,1.95493964
19600000,300,0.74,0.26,1227.739896,264.3827944,3.337205274,1.394370648
19600000,300,0.76,0.24,1248.909516,244.8851899,3.197435847,1.924390726
19600000,300,0.78,0.22,1268.383579,225.3690213,3.781010507,1.099104255
19600000,300,0.8,0.2,1290.247354,205.5507177,3.379678942,1.157358147
19600000,300,0.82,0.18,1311.376629,185.6530662,2.025783677,1.545152048
19600000,300,0.84,0.16,1332.574901,166.1464221,3.467448221,0.996940079
19600000,300,0.86,0.14,1351.754713,145.4938054,2.262085179,0.747946924
19600000,300,0.88,0.12,1372.089279,125.0520269,2.535533858,1.434396869
19600000,300,0.9,0.1,1392.554217,104.7190011,4.155556235,1.137705362
19600000,300,0.92,0.08,1413.414582,84.28951787,3.919784146,0.388542766
19600000,300,0.94,0.06,1431.33366,63.31440104,2.931403516,0.585579147
19600000,300,0.96,0.04,1453.299073,42.25065425,3.02649059,0.308590632
19600000,300,0.98,0.02,1472.774058,21.2885254,4.380227879,0.098484066
20000000,300,0.02,0.98,72.34406556,1201.846402,0.949662452,1.312434403
20000000,300,0.04,0.96,138.6648199,1152.574464,1.148494998,3.221381988
20000000,300,0.06,0.94,199.775014,1106.280808,1.725890759,2.614237619
20000000,300,0.08,0.92,257.1777557,1062.62747,2.385147675,2.018351991
20000000,300,0.1,0.9,309.0950318,1024.058214,2.423672115,3.078577614
20000000,300,0.12,0.88,357.0087324,987.7104229,2.484377811,1.10338711
20000000,300,0.14,0.86,404.2323747,950.4655258,1.408765572,2.757682062
20000000,300,0.16,0.84,447.2318009,917.8863088,1.493659591,3.983195781
20000000,300,0.18,0.82,487.9925058,886.448683,2.275428373,2.622198015
20000000,300,0.2,0.8,527.5835871,856.9718263,1.286837339,0.801004405
20000000,300,0.22,0.78,565.0665625,826.4521389,1.059162548,1.017280331
20000000,300,0.24,0.76,600.468944,799.8699388,1.130786563,2.477675488
20000000,300,0.26,0.74,632.8401211,773.6552119,1.557895839,2.819389548
20000000,300,0.28,0.72,665.3683948,748.6606622,2.576187051,1.76196378
20000000,300,0.3,0.7,696.4154565,722.2091558,3.513811741,3.823422952
20000000,300,0.32,0.68,729.3,698.6,2.5,3.2
20000000,300,0.34,0.66,756.8177935,674.1063092,1.907748193,2.524948342
20000000,300,0.36,0.64,784.235924,651.7327854,1.450886098,1.631629884
20000000,300,0.38,0.62,811.5017331,629.8044376,2.258655902,2.053493254
20000000,300,0.4,0.6,839.5020706,606.8410692,1.459917034,3.237545133
20000000,300,0.42,0.58,864.8265567,586.6375248,2.638771324,1.612057758
20000000,300,0.44,0.56,890.0198847,564.4947714,2.806304826,1.958362154
20000000,300,0.46,0.54,915.2767839,544.2146846,2.435124288,3.429913119
20000000,300,0.48,0.52,938.1738427,523.6623351,2.61589599,2.768749441
20000000,300,0.5,0.5,962.8473953,503.5843066,2.061643389,2.005040827
20000000,300,0.52,0.48,986.8671385,483.2839931,1.922373771,3.837037076
20000000,300,0.54,0.46,1009.122326,462.526399,2.229870481,2.421434192
20000000,300,0.56,0.44,1033.017152,442.2200937,2.903575467,1.241708959
20000000,300,0.58,0.42,1054.161946,422.4997541,1.922703042,2.876082762
20000000,300,0.6,0.4,1076.92356,403.8528276,3.038560693,1.974752714
20000000,300,0.62,0.38,1099.983549,383.6618036,1.852757162,1.662656494
20000000,300,0.64,0.36,1120.913156,363.7226252,1.93890318,2.94266368
20000000,300,0.66,0.34,1143.701956,345.2738779,2.159554271,1.994457524
20000000,300,0.68,0.32,1163.237175,325.0203905,2.262214667,2.545138875
20000000,300,0.7,0.3,1185.669239,305.6576012,0.955395332,1.78911289
20000000,300,0.72,0.28,1206.583869,286.4747907,1.440433559,0.892616013
20000000,300,0.74,0.26,1228.271365,266.1916734,1.510718772,1.180430771
20000000,300,0.76,0.24,1249.914256,246.9621234,3.113412574,1.226053176
20000000,300,0.78,0.22,1270.805064,227.0052987,1.278469839,1.266516722
20000000,300,0.8,0.2,1290.416878,206.991933,2.637490222,1.098705518
20000000,300,0.82,0.18,1310.955507,186.846315,3.94726333,2.589756263
20000000,300,0.84,0.16,1332.665849,167.3247954,2.225466764,1.056824533
20000000,300,0.86,0.14,1352.59446,146.3866337,3.426092784,1.415083544
20000000,300,0.88,0.12,1372.608593,125.9558343,4.363684211,0.823970158
20000000,300,0.9,0.1,1393.72498,105.1931662,3.272737996,0.846630662
20000000,300,0.92,0.08,1415.281481,84.62419209,6.601499844,0.422293986
20000000,300,0.94,0.06,1434.555605,63.81021277,2.648986892,0.820494982
20000000,300,0.96,0.04,1452.940193,42.44282437,3.386301084,0.252454491
20000000,300,0.98,0.02,1474.217393,21.44464089,2.372891147,0.200001453
