Pressure [Pa],Mole fraction CH4,Mole Fraction CO2,Uptake_CH4 [mg/gr],Uptake_CO2 [mg/gr],Error_CH4 [mg/gr],Error_CO2 [mg/gr]
1,0,1.00,0.0000000000,0.0006761009,0.0000000000,0.0003128093
1,0.02,.98,0.0000000000,0.0006197591,0.0000000000,0.0011440015
1,0.04,.96,0.0000000000,0.0009014678,0.0000000000,0.0007581998
1,0.06,.94,0.0000000000,0.0002253670,0.0000000000,0.0002926063
1,0.08,.92,0.0000000000,0.0006761009,0.0000000000,0.0006353188
1,0.1,.90,0.0000000000,0.0003380504,0.0000000000,0.0004559940
1,0.12,.88,0.0000410857,0.0005634174,0.0001140538,0.0005529740
1,0.14,.86,0.0000000000,0.0005634174,0.0000000000,0.0004945950
1,0.16,.84,0.0000205428,0.0002817087,0.0000570269,0.0004283318
1,0.18,.82,0.0000205428,0.0003943922,0.0000570269,0.0004692140
1,0.2,.80,0.0000000000,0.0003380504,0.0000000000,0.0001564047
1,0.22,.78,0.0000000000,0.0005634174,0.0000000000,0.0007418925
1,0.24,.76,0.0000000000,0.0001126835,0.0000000000,0.0001915558
1,0.26,.74,0.0000205428,0.0005634174,0.0000570269,0.0002472975
1,0.28,.72,0.0000205428,0.0002817087,0.0000570269,0.0002472975
1,0.3,.70,0.0000000000,0.0003380504,0.0000000000,0.0003831116
1,0.32,.68,0.0000205428,0.0002817087,0.0000570269,0.0003497315
1,0.34,.66,0.0000205428,0.0002817087,0.0000570269,0.0003497315
1,0.36,.64,0.0000205428,0.0005070756,0.0000570269,0.0007581998
1,0.38,.62,0.0000616285,0.0007324426,0.0001140538,0.0008778190
1,0.4,.60,0.0000410857,0.0005070756,0.0000698434,0.0004559940
1,0.42,.58,0.0000000000,0.0001126835,0.0000000000,0.0001915558
1,0.44,.56,0.0000205428,0.0003380504,0.0000570269,0.0004559940
1,0.46,.54,0.0000205428,0.0002817087,0.0000570269,0.0004945950
1,0.48,.52,0.0000205428,0.0002817087,0.0000570269,0.0002472975
1,0.5,.50,0.0000205428,0.0001690252,0.0000570269,0.0003128093
1,0.52,.48,0.0001027142,0.0001126835,0.0001561746,0.0003128093
1,0.54,.46,0.0000000000,0.0001126835,0.0000000000,0.0001915558
1,0.56,.44,0.0000205428,0.0002817087,0.0000570269,0.0002472975
1,0.58,.42,0.0000616285,0.0002253670,0.0001140538,0.0004559940
1,0.6,.40,0.0000410857,0.0000563417,0.0000698434,0.0001564047
1,0.62,.38,0.0000616285,0.0000563417,0.0000698434,0.0001564047
1,0.64,.36,0.0000410857,0.0000000000,0.0000698434,0.0000000000
1,0.66,.34,0.0000410857,0.0000000000,0.0000698434,0.0000000000
1,0.68,.32,0.0000205428,0.0000000000,0.0000570269,0.0000000000
1,0.7,.30,0.0000821713,0.0003380504,0.0000570269,0.0002926063
1,0.72,.28,0.0000616285,0.0001690252,0.0001140538,0.0001915558
1,0.74,.26,0.0000616285,0.0001690252,0.0000698434,0.0003128093
1,0.76,.24,0.0000205428,0.0001690252,0.0000570269,0.0003128093
1,0.78,.22,0.0000205428,0.0001690252,0.0000570269,0.0003128093
1,0.8,.20,0.0000410857,0.0002253670,0.0001140538,0.0001564047
1,0.82,.18,0.0000205428,0.0001690252,0.0000570269,0.0001915558
1,0.84,.16,0.0000410857,0.0002253670,0.0000698434,0.0002926063
1,0.86,.14,0.0001848855,0.0000563417,0.0002764482,0.0001564047
1,0.88,.12,0.0000821713,0.0000563417,0.0001066876,0.0001564047
1,0.9,.10,0.0000616285,0.0000000000,0.0001710807,0.0000000000
1,0.92,.08,0.0001027142,0.0001126835,0.0001803349,0.0001915558
1,0.94,.06,0.0001027142,0.0001126835,0.0000901675,0.0001915558
1,0.96,.04,0.0000821713,0.0000000000,0.0000570269,0.0000000000
1,0.98,.02,0.0000410857,0.0000000000,0.0000698434,0.0000000000
1,1,0,0.0000616285,0.0000000000,0.0000698434,0.0000000000
20000.98,0,1.00,0.0000000000,11.9121084316,0.0000000000,0.1862466019
20000.98,0.02,.98,0.0256785437,11.6554154704,0.0016820522,0.1912665050
20000.98,0.04,.96,0.0546850268,11.4632901417,0.0043173175,0.1858094678
20000.98,0.06,.94,0.0805279132,11.1734682382,0.0033941792,0.1770597193
20000.98,0.08,.92,0.1082196547,10.9310297369,0.0020612684,0.1579357253
20000.98,0.1,.90,0.1330148566,10.8075849875,0.0057389305,0.1056920084
20000.98,0.12,.88,0.1616721114,10.4632806228,0.0025867220,0.1783180227
20000.98,0.14,.86,0.1888297393,10.2228704240,0.0058536672,0.0504362006
20000.98,0.16,.84,0.2137481981,10.0178428371,0.0048489643,0.1191458166
20000.98,0.18,.82,0.2440694226,9.7609245090,0.0035216137,0.1248382133
20000.98,0.2,.80,0.2695425379,9.4087886426,0.0079594941,0.1348333869
20000.98,0.22,.78,0.2990215062,9.3736313977,0.0012043349,0.1664577398
20000.98,0.24,.76,0.3218035102,9.0430180754,0.0053564330,0.1412059147
20000.98,0.26,.74,0.3464754550,8.8037347114,0.0082059326,0.1462463922
20000.98,0.28,.72,0.3743726249,8.5521125067,0.0067109068,0.1089313870
20000.98,0.3,.70,0.4036667076,8.2642062223,0.0020875277,0.0820453919
20000.98,0.32,.68,0.4297150224,8.0512907920,0.0069156738,0.0901837363
20000.98,0.34,.66,0.4625219299,7.8418122078,0.0065001923,0.0924537472
20000.98,0.36,.64,0.4849752485,7.6405031756,0.0109398810,0.2039676667
20000.98,0.38,.62,0.5137763032,7.3931629431,0.0103763123,0.0747014459
20000.98,0.4,.60,0.5417761873,7.1890931657,0.0188656102,0.1046736404
20000.98,0.42,.58,0.5649690480,6.9014122483,0.0071275653,0.1121075111
20000.98,0.44,.56,0.5922293900,6.6036461596,0.0065185525,0.0631788708
20000.98,0.46,.54,0.6132036246,6.4743982112,0.0125614634,0.0706525081
20000.98,0.48,.52,0.6440589627,6.2093666727,0.0133037804,0.1956839594
20000.98,0.5,.50,0.6707235625,5.9154318223,0.0052769154,0.1377581546
20000.98,0.52,.48,0.6976963049,5.7113057032,0.0092286738,0.0908593330
20000.98,0.54,.46,0.7235391913,5.4447529377,0.0177937210,0.0797520415
20000.98,0.56,.44,0.7533468449,5.1665374324,0.0153302187,0.0813713973
20000.98,0.58,.42,0.7845308684,4.9801589610,0.0123087668,0.0673020020
20000.98,0.6,.40,0.8094493272,4.7095495904,0.0073764479,0.0694722874
20000.98,0.62,.38,0.8360728414,4.5176496286,0.0080851610,0.0556340215
20000.98,0.64,.36,0.8593889591,4.2373494789,0.0097628504,0.0438390869
20000.98,0.66,.34,0.8883748993,4.0330543346,0.0110310594,0.0375392379
20000.98,0.68,.32,0.9231539189,3.8205896383,0.0110039773,0.0507914371
20000.98,0.7,.30,0.9462235226,3.5763482013,0.0149491560,0.0507010520
20000.98,0.72,.28,0.9723334659,3.3014005168,0.0129661312,0.0584346756
20000.98,0.74,.26,1.0086942838,3.0676949849,0.0047563657,0.0428464582
20000.98,0.76,.24,1.0227044973,2.8280735705,0.0081467686,0.0793404970
20000.98,0.78,.22,1.0497183253,2.5958892656,0.0237219950,0.0271581740
20000.98,0.8,.20,1.0796492359,2.3697898685,0.0175737285,0.0503324214
20000.98,0.82,.18,1.1003564136,2.1258301403,0.0166623029,0.0391710171
20000.98,0.84,.16,1.1407641700,1.8756728207,0.0225669901,0.0488219365
20000.98,0.86,.14,1.1606701771,1.6645039844,0.0276978533,0.0347332826
20000.98,0.88,.12,1.1936208845,1.4106281101,0.0103972115,0.0291292932
20000.98,0.9,.10,1.2090280107,1.1547802750,0.0242993196,0.0213399251
20000.98,0.92,.08,1.2409721191,0.9384843404,0.0281714378,0.0272393444
20000.98,0.94,.06,1.2689514604,0.6993136599,0.0137910241,0.0088634678
20000.98,0.96,.04,1.3072022191,0.4626220159,0.0189105911,0.0181496816
20000.98,0.98,.02,1.3194046631,0.2329167475,0.0113784763,0.0056899923
20000.98,1,0,1.3551286532,0.0000000000,0.0257368327,0.0000000000
40000.96,0,1.00,0.0000000000,23.7047723774,0.0000000000,0.2215064488
40000.96,0.02,.98,0.0525074862,23.0235444156,0.0019721749,0.4131998016
40000.96,0.04,.96,0.1074184842,22.7129887523,0.0061995622,0.3944327076
40000.96,0.06,.94,0.1610558263,22.1355422730,0.0052071221,0.3274102979
40000.96,0.08,.92,0.2155765104,21.6074511569,0.0081217812,0.4056473901
40000.96,0.1,.90,0.2718022498,21.1975086666,0.0054065902,0.1456339525
40000.96,0.12,.88,0.3255012205,20.7666633913,0.0071397600,0.2058641925
40000.96,0.14,.86,0.3812955603,20.4229224439,0.0091578364,0.1968585270
40000.96,0.16,.84,0.4272704250,19.6900291078,0.0101507099,0.0868852206
40000.96,0.18,.82,0.4870706177,19.4879312913,0.0095564749,0.4180682837
40000.96,0.2,.80,0.5365583072,18.8350432241,0.0094703310,0.2174401777
40000.96,0.22,.78,0.5903599920,18.3585611405,0.0093015068,0.2387224821
40000.96,0.24,.76,0.6455175040,18.0284548939,0.0086135179,0.2718154264
40000.96,0.26,.74,0.6954160502,17.3862717570,0.0116820290,0.1846269807
40000.96,0.28,.72,0.7559146993,16.9476513217,0.0085633458,0.2183959459
40000.96,0.3,.70,0.8164544340,16.6510120678,0.0161534196,0.1666679418
40000.96,0.32,.68,0.8560815627,16.0004340119,0.0103698853,0.1685733602
40000.96,0.34,.66,0.9160666409,15.5409107916,0.0138264092,0.1223191990
40000.96,0.36,.64,0.9823583694,15.2997681503,0.0059517355,0.1544525976
40000.96,0.38,.62,1.0322980013,14.6312170797,0.0141532473,0.2123118600
40000.96,0.4,.60,1.0830182609,14.2385715032,0.0150241829,0.1173185137
40000.96,0.42,.58,1.1292190968,13.7110438044,0.0158603514,0.1517036579
40000.96,0.44,.56,1.1827331819,13.1844175734,0.0088884265,0.1736564822
40000.96,0.46,.54,1.2320565287,12.6903005256,0.0085469052,0.0868646651
40000.96,0.48,.52,1.3097700735,12.3049230334,0.0121246238,0.1185113981
40000.96,0.5,.50,1.3522731991,11.8385824627,0.0111478493,0.1150986924
40000.96,0.52,.48,1.4119706776,11.2924619902,0.0156048593,0.0859865148
40000.96,0.54,.46,1.4647041350,10.9988651902,0.0182100327,0.1493217393
40000.96,0.56,.44,1.5198205613,10.4842960913,0.0258062678,0.1548480054
40000.96,0.58,.42,1.5707667921,9.8589027925,0.0076385199,0.1002630159
40000.96,0.6,.40,1.6162691716,9.4614118264,0.0045098155,0.1376141992
40000.96,0.62,.38,1.6766856493,8.9860565776,0.0170068836,0.0859644639
40000.96,0.64,.36,1.7305900483,8.5687896613,0.0207660578,0.1629101951
40000.96,0.66,.34,1.7718195182,8.0452058842,0.0193448610,0.0912864783
40000.96,0.68,.32,1.8393438168,7.6127266985,0.0130788206,0.0594916765
40000.96,0.7,.30,1.8795666877,7.1162996394,0.0201620574,0.1300056813
40000.96,0.72,.28,1.9347652853,6.6244362612,0.0118049147,0.1087072629
40000.96,0.74,.26,1.9903336540,6.1720121000,0.0139292240,0.0949291935
40000.96,0.76,.24,2.0590905227,5.6711903853,0.0226875381,0.0376490431
40000.96,0.78,.22,2.0891036047,5.1914968226,0.0135964639,0.0774414769
40000.96,0.8,.20,2.1447336018,4.7509044265,0.0077704266,0.0684163605
40000.96,0.82,.18,2.1930708926,4.2350394676,0.0171523067,0.0498134744
40000.96,0.84,.16,2.2823705963,3.8043632175,0.0283001750,0.0507228797
40000.96,0.86,.14,2.3185670715,3.3091193350,0.0357694445,0.0287637919
40000.96,0.88,.12,2.3673152190,2.8446380417,0.0110801833,0.0667338592
40000.96,0.9,.10,2.4320456920,2.3558734591,0.0252862103,0.0481648926
40000.96,0.92,.08,2.4862993192,1.8690244956,0.0250945944,0.0408127780
40000.96,0.94,.06,2.5329726404,1.3949087650,0.0518117487,0.0154171690
40000.96,0.96,.04,2.5854184981,0.9145391014,0.0189889763,0.0113692315
40000.96,0.98,.02,2.6613448162,0.4594668785,0.0258476317,0.0101993353
40000.96,1,0,2.6832845640,0.0000000000,0.0394966830,0.0000000000
60000.94,0,1.00,0.0000000000,35.2740413295,0.0000000000,0.6440577046
60000.94,0.02,.98,0.0805279132,34.3672210462,0.0020659961,0.3481620747
60000.94,0.04,.96,0.1631922812,33.8321998962,0.0029486277,0.4947033242
60000.94,0.06,.94,0.2416864537,32.9472965492,0.0052784559,0.3140011534
60000.94,0.08,.92,0.3249671068,32.2242630174,0.0064602957,0.1060201581
60000.94,0.1,.90,0.4044062497,31.5972921499,0.0147751981,0.2237837344
60000.94,0.12,.88,0.4881799308,30.9071621934,0.0075667640,0.2517470728
60000.94,0.14,.86,0.5750966656,30.1916784546,0.0133682195,0.4552829829
60000.94,0.16,.84,0.6476334160,29.4186134588,0.0090834040,0.2572700353
60000.94,0.18,.82,0.7317768681,28.9499628769,0.0088284030,0.4445120367
60000.94,0.2,.80,0.8130237805,28.1643336734,0.0061052095,0.4517464169
60000.94,0.22,.78,0.8894225839,27.5255873826,0.0121840899,0.3029547286
60000.94,0.24,.76,0.9757641193,26.8542755668,0.0145229526,0.1447745920
60000.94,0.26,.74,1.0602567997,26.1445950270,0.0082996198,0.2225394935
60000.94,0.28,.72,1.1356079184,25.4171668396,0.0153144065,0.4640155063
60000.94,0.3,.70,1.2210866548,24.7703636801,0.0100690857,0.2674198507
60000.94,0.32,.68,1.3020254247,23.9656909690,0.0165032074,0.3075902262
60000.94,0.34,.66,1.3818137958,23.3025487053,0.0184014537,0.1257737147
60000.94,0.36,.64,1.4617459668,22.6312932313,0.0075882227,0.3012963881
60000.94,0.38,.62,1.5458688761,22.0301268801,0.0183094128,0.5494011626
60000.94,0.4,.60,1.6197819964,21.0470762245,0.0179234680,0.2044039655
60000.94,0.42,.58,1.7076847873,20.3181268101,0.0189537495,0.2716018484
60000.94,0.44,.56,1.7870006732,19.7551038159,0.0294431488,0.3205603210
60000.94,0.46,.54,1.8604618512,19.2115187216,0.0106535060,0.3990094712
60000.94,0.48,.52,1.9382781101,18.4853300524,0.0209981028,0.2500054842
60000.94,0.5,.50,2.0333298076,17.6425139842,0.0110450540,0.1671744577
60000.94,0.52,.48,2.1179046593,16.9168887324,0.0168855515,0.2378509534
60000.94,0.54,.46,2.1814436479,16.2319985576,0.0096356917,0.1823452039
60000.94,0.56,.44,2.2814256259,15.6235641222,0.0176158239,0.2419655257
60000.94,0.58,.42,2.3630628521,14.8192858032,0.0220443125,0.2028522398
60000.94,0.6,.40,2.4221235027,14.2190772616,0.0390800175,0.1982268880
60000.94,0.62,.38,2.5105604074,13.5262992434,0.0215874161,0.1904419339
60000.94,0.64,.36,2.5829533579,12.6323248765,0.0363540401,0.1224580621
60000.94,0.66,.34,2.6772244277,12.0019735048,0.0216310594,0.1457074217
60000.94,0.68,.32,2.7395719319,11.3446907819,0.0156490299,0.1327471649
60000.94,0.7,.30,2.8410535367,10.7430736968,0.0384237611,0.1618438049
60000.94,0.72,.28,2.9119263175,9.9307948510,0.0414442259,0.0913947426
60000.94,0.74,.26,3.0070807292,9.2223538294,0.0306510225,0.0664519236
60000.94,0.76,.24,3.0784670808,8.4709804031,0.0152940602,0.1533844623
60000.94,0.78,.22,3.1630830181,7.8068803298,0.0238879116,0.0726560703
60000.94,0.8,.20,3.2328259429,7.0790014085,0.0272542992,0.0788977445
60000.94,0.82,.18,3.3450925361,6.3426148846,0.0231066326,0.0612441611
60000.94,0.84,.16,3.4049954430,5.6608235054,0.0304877242,0.0800975158
60000.94,0.86,.14,3.4890156381,4.9519880917,0.0279919363,0.0795493415
60000.94,0.88,.12,3.5511166283,4.2304757868,0.0637178051,0.1125693726
60000.94,0.9,.10,3.6487156373,3.5072168880,0.0438669103,0.0752627478
60000.94,0.92,.08,3.7256074687,2.7939304769,0.0392105728,0.0407166139
60000.94,0.94,.06,3.8107575198,2.1169281456,0.0287983919,0.0243542206
60000.94,0.96,.04,3.9002010233,1.4127690962,0.0310163749,0.0160781411
60000.94,0.98,.02,3.9588302744,0.7087790720,0.0429904425,0.0121100044
60000.94,1,0,4.0685290133,0.0000000000,0.0499185342,0.0000000000
80000.92,0,1.00,0.0000000000,46.8071952271,0.0000000000,0.3934024006
80000.92,0.02,.98,0.1091851680,45.9588576685,0.0025295147,0.9817010970
80000.92,0.04,.96,0.2151656537,44.9386778071,0.0061256830,0.3400066579
80000.92,0.06,.94,0.3229128233,43.8063778859,0.0136315191,0.7676895101
80000.92,0.08,.92,0.4299820792,43.1387846248,0.0129400204,0.6133742863
80000.92,0.1,.90,0.5483293516,42.4507956544,0.0075048367,0.3490112044
80000.92,0.12,.88,0.6545563514,41.3458214764,0.0063921036,0.7754240279
80000.92,0.14,.86,0.7520321034,40.3206272003,0.0048326731,0.3357108213
80000.92,0.16,.84,0.8684688922,39.2275974709,0.0094294647,0.3730699988
80000.92,0.18,.82,0.9785579449,38.4711532880,0.0087532127,0.3756342744
80000.92,0.2,.80,1.0758898971,37.7760652585,0.0155560693,0.5324641415
80000.92,0.22,.78,1.1987771360,36.4771628162,0.0177183077,0.5332277916
80000.92,0.24,.76,1.3010188258,35.5826250319,0.0135454217,0.3261948591
80000.92,0.26,.74,1.4011856892,34.4729744896,0.0088802820,0.7228075870
80000.92,0.28,.72,1.5183620200,33.7006982782,0.0148654946,0.2517750321
80000.92,0.3,.70,1.6275266452,32.9831298950,0.0118272079,0.2907676538
80000.92,0.32,.68,1.7503317128,31.9099887993,0.0214377573,0.3623649220
80000.92,0.34,.66,1.8427539274,31.1031751021,0.0214974432,0.5891629571
80000.92,0.36,.64,1.9543631499,29.9735232426,0.0303900999,0.1238948091
80000.92,0.38,.62,2.0657464013,29.0820842540,0.0100181690,0.1474670005
80000.92,0.4,.60,2.1712133161,28.2587060856,0.0128953972,0.1024174133
80000.92,0.42,.58,2.2740507481,27.1352518174,0.0355554437,0.3411318440
80000.92,0.44,.56,2.3825785454,26.3169444055,0.0336726157,0.1995234106
80000.92,0.46,.54,2.4777124142,25.3387391394,0.0293131076,0.3250785113
80000.92,0.48,.52,2.5925263190,24.2776551758,0.0316213316,0.4425740814
80000.92,0.5,.50,2.6980959480,23.5547343274,0.0249426734,0.3599256248
80000.92,0.52,.48,2.8164432204,22.6170387714,0.0098387535,0.1814906500
80000.92,0.54,.46,2.9462328519,21.4651319251,0.0322338776,0.2382626820
80000.92,0.56,.44,3.0249324528,20.7473381749,0.0277506386,0.2664838340
80000.92,0.58,.42,3.1488879191,19.9717941427,0.0272615173,0.4202439715
80000.92,0.6,.40,3.2383725084,18.6368329876,0.0381296436,0.2534924259
80000.92,0.62,.38,3.3460375066,17.9381390868,0.0163196629,0.1597619120
80000.92,0.64,.36,3.4632549230,17.0141345733,0.0236172663,0.3420049560
80000.92,0.66,.34,3.5945647243,16.0402112793,0.0156339562,0.2348012520
80000.92,0.68,.32,3.6846245129,15.1542937811,0.0349641235,0.2534537982
80000.92,0.7,.30,3.7663849962,14.1489317970,0.0197920351,0.0790658463
80000.92,0.72,.28,3.8719546252,13.1490913033,0.0157381874,0.0795750146
80000.92,0.74,.26,3.9792293096,12.3183887089,0.0232022097,0.1826823242
80000.92,0.76,.24,4.1012332066,11.4687552904,0.0406867720,0.1949059768
80000.92,0.78,.22,4.1967368465,10.4209679770,0.0462174520,0.1287562885
80000.92,0.8,.20,4.3285602186,9.4691869864,0.0304074842,0.1080541762
80000.92,0.82,.18,4.4100125594,8.4772343360,0.0542164733,0.0916828226
80000.92,0.84,.16,4.5100150801,7.5343553401,0.0377489069,0.1078600986
80000.92,0.86,.14,4.6421465948,6.6004910223,0.0452229508,0.1021734957
80000.92,0.88,.12,4.7541666740,5.6523722446,0.0411838931,0.0832425543
80000.92,0.9,.10,4.8633518420,4.7023378478,0.0212723751,0.0646253218
80000.92,0.92,.08,4.9572531408,3.7843619003,0.0487213603,0.0967911766
80000.92,0.94,.06,5.0658220237,2.8196786515,0.0831784253,0.0270272513
80000.92,0.96,.04,5.1446037959,1.8579251731,0.0482232074,0.0076757891
80000.92,0.98,.02,5.2831446751,0.9333009004,0.0407275156,0.0305329791
80000.92,1,0,5.3646791872,0.0000000000,0.0439587784,0.0000000000
100000.9,0,1.00,0.0000000000,58.5360239829,0.0000000000,0.5321488292
100000.9,0.02,.98,0.1375959088,57.3241695267,0.0044086264,0.5244443793
100000.9,0.04,.96,0.2712681361,56.0489869563,0.0070894794,0.4168616725
100000.9,0.06,.94,0.4051457917,54.5899612927,0.0053697733,0.2408852241
100000.9,0.08,.92,0.5434401569,53.8002191424,0.0078209034,0.5287630043
100000.9,0.1,.90,0.6748321295,52.9135692015,0.0066778731,0.6424873255
100000.9,0.12,.88,0.8095314986,51.4068784271,0.0142947707,0.8368171694
100000.9,0.14,.86,0.9447855242,50.3439351861,0.0060185683,0.3410515198
100000.9,0.16,.84,1.0904136814,48.7563940167,0.0114597842,0.4551348516
100000.9,0.18,.82,1.2230587670,47.9096340268,0.0149100016,0.6203438222
100000.9,0.2,.80,1.3586825636,46.9015112975,0.0229621670,0.8598260511
100000.9,0.22,.78,1.4902388789,45.7919170969,0.0216090983,0.4979859615
100000.9,0.24,.76,1.6306902418,44.2160386675,0.0110678493,0.4222306557
100000.9,0.26,.74,1.7674233515,43.1078530103,0.0201219757,0.5624844582
100000.9,0.28,.72,1.8957544417,42.1373665624,0.0224854582,0.7046837544
100000.9,0.3,.70,2.0304127251,40.8633671685,0.0248474106,0.4659589149
100000.9,0.32,.68,2.1838471596,39.8040861405,0.0325514028,0.5094026633
100000.9,0.34,.66,2.3073917693,38.6489114734,0.0086176699,0.3523001311
100000.9,0.36,.64,2.4277727824,37.4186332687,0.0236043191,0.3979953765
100000.9,0.38,.62,2.5705249427,36.3743391432,0.0198296679,0.4506154295
100000.9,0.4,.60,2.7235485206,35.1743164521,0.0215768682,0.3257011798
100000.9,0.42,.58,2.8577754044,34.0001546190,0.0278037037,0.2644226156
100000.9,0.44,.56,3.0032392190,32.8946170236,0.0253428961,0.3490888913
100000.9,0.46,.54,3.1090142764,31.4964967795,0.0128764692,0.3522861394
100000.9,0.48,.52,3.2453570723,30.4129888039,0.0494174453,0.2657535750
100000.9,0.5,.50,3.3792347279,28.9866413487,0.0374341161,0.3140881034
100000.9,0.52,.48,3.5119003563,28.0964982201,0.0124949460,0.1856678866
100000.9,0.54,.46,3.6571176569,27.1145743993,0.0173469636,0.3280996202
100000.9,0.56,.44,3.8001779598,25.9738795590,0.0241427651,0.2088502205
100000.9,0.58,.42,3.9096918131,24.5909152426,0.0517442145,0.1798291517
100000.9,0.6,.40,4.0525466876,23.3247473503,0.0135664130,0.2647240349
100000.9,0.62,.38,4.2132532858,22.4608031302,0.0227410490,0.0552014312
100000.9,0.64,.36,4.3259101929,21.1090521369,0.0265205789,0.2058003126
100000.9,0.66,.34,4.4550013680,20.0035708833,0.0340942000,0.3095014800
100000.9,0.68,.32,4.6029303228,18.7454598597,0.0352668907,0.1332983946
100000.9,0.7,.30,4.7389649761,17.6004830472,0.0375413610,0.2263687537
100000.9,0.72,.28,4.8571479058,16.4809163589,0.0348169018,0.1547095556
100000.9,0.74,.26,5.0062272594,15.4329036786,0.0341508115,0.1811575912
100000.9,0.76,.24,5.1339420645,14.1280290120,0.0234810336,0.1763370538
100000.9,0.78,.22,5.2812547343,12.9880666143,0.0264863753,0.1703686963
100000.9,0.8,.20,5.3930282995,11.7437029749,0.0453926143,0.1310533450
100000.9,0.82,.18,5.5303982371,10.6033461850,0.0532599436,0.1753622763
100000.9,0.84,.16,5.6736845111,9.5053020408,0.0327216712,0.1321949321
100000.9,0.86,.14,5.7921344977,8.2695023457,0.0418790150,0.1697369708
100000.9,0.88,.12,5.9472123591,7.0622679121,0.0441055869,0.0518279142
100000.9,0.9,.10,6.1004002796,5.9077130041,0.0220744605,0.0811448603
100000.9,0.92,.08,6.2394547297,4.7319736023,0.0463131191,0.0579903917
100000.9,0.94,.06,6.3265563501,3.5278943061,0.0358638061,0.0509705267
100000.9,0.96,.04,6.4676239980,2.3351396993,0.0669837074,0.0331797303
100000.9,0.98,.02,6.6030629091,1.1534844150,0.0531322355,0.0303950649
100000.9,1,0,6.7215334385,0.0000000000,0.0326257227,0.0000000000
120000.88,0,1.00,0.0000000000,70.5135451731,0.0000000000,0.9186232925
120000.88,0.02,.98,0.1606860553,68.6817062250,0.0028307414,0.5830293648
120000.88,0.04,.96,0.3328760982,67.4888952765,0.0082745044,0.7057749265
120000.88,0.06,.94,0.4905218140,65.9008470315,0.0104179908,0.6349166765
120000.88,0.08,.92,0.6573296341,64.3121226856,0.0077021170,0.8635525355
120000.88,0.1,.90,0.8108667829,62.9415535516,0.0127320160,0.4864017529
120000.88,0.12,.88,0.9783114309,61.5317705676,0.0100007056,0.9916443958
120000.88,0.14,.86,1.1483650190,60.1224383175,0.0171463807,0.4821882305
120000.88,0.16,.84,1.3067708196,58.7387979003,0.0110467469,1.2454727351
120000.88,0.18,.82,1.4800907184,57.2482208631,0.0132126563,0.7351081052
120000.88,0.2,.80,1.6235824209,56.1722626804,0.0192695692,0.5224414902
120000.88,0.22,.78,1.7981759755,54.6386968967,0.0243251023,0.7666445034
120000.88,0.24,.76,1.9449750743,53.0298022083,0.0216365086,0.3676882605
120000.88,0.26,.74,2.1138988065,51.9061225731,0.0185062208,0.3474427312
120000.88,0.28,.72,2.2844248798,49.9439651836,0.0319424008,0.7166528805
120000.88,0.3,.70,2.4454190776,49.3327136612,0.0203257139,0.4605297225
120000.88,0.32,.68,2.6008256243,47.7530603352,0.0132907573,0.3041167381
120000.88,0.34,.66,2.7690714429,46.3406292895,0.0293156591,0.5092372134
120000.88,0.36,.64,2.9509166183,45.2042164213,0.0128112702,0.2250481359
120000.88,0.38,.62,3.0882454702,43.4908641495,0.0341165127,0.5771308667
120000.88,0.4,.60,3.2623459968,42.2329784929,0.0414675833,0.6770828011
120000.88,0.42,.58,3.4113637218,40.5866165484,0.0345232360,0.5193410414
120000.88,0.44,.56,3.5859367336,39.2243859918,0.0261775258,0.3868171993
120000.88,0.46,.54,3.7608384307,37.7823191915,0.0411285808,0.2571691308
120000.88,0.48,.52,3.9006324229,36.5556468581,0.0305514186,0.3209235485
120000.88,0.5,.50,4.0819845702,35.3937111823,0.0267053129,0.3825540804
120000.88,0.52,.48,4.2160676542,33.9392491996,0.0240305336,0.4997584090
120000.88,0.54,.46,4.3840258731,32.2944084820,0.0234960904,0.0937220299
120000.88,0.56,.44,4.5479987820,31.1277964419,0.0374881347,0.3794846361
120000.88,0.58,.42,4.7202093678,29.7002658102,0.0574815553,0.5583153151
120000.88,0.6,.40,4.8656320967,28.1917157584,0.0504485618,0.2633412916
120000.88,0.62,.38,5.0569064333,26.6306552062,0.0545829308,0.2387049331
120000.88,0.64,.36,5.2025756762,25.5315405690,0.0251327950,0.3286085864
120000.88,0.66,.34,5.3551678546,23.8634870551,0.0597856237,0.2409902824
120000.88,0.68,.32,5.5393549131,22.6045872471,0.0429793778,0.0589725449
120000.88,0.7,.30,5.6713426280,21.1649994834,0.0602729791,0.2809893083
120000.88,0.72,.28,5.8179157556,19.7384830030,0.0541242459,0.1482694377
120000.88,0.74,.26,5.9653516824,18.2368066433,0.0625093626,0.0553795111
120000.88,0.76,.24,6.1900902972,16.9474259548,0.0684948385,0.2489011596
120000.88,0.78,.22,6.3115189949,15.5205150822,0.0423545851,0.2068210588
120000.88,0.8,.20,6.4597971778,14.1358041719,0.0495698029,0.1334447602
120000.88,0.82,.18,6.6263995696,12.6771729005,0.0829622970,0.0837612337
120000.88,0.84,.16,6.8158250511,11.3661569843,0.0377949476,0.1795053434
120000.88,0.86,.14,6.9644524623,9.9652196533,0.0305892898,0.1287285944
120000.88,0.88,.12,7.0950843500,8.5403370833,0.0669633497,0.0870014225
120000.88,0.9,.10,7.2441226179,7.0486895531,0.0471438743,0.1142357563
120000.88,0.92,.08,7.4243449093,5.6862899713,0.0546836181,0.0853477350
120000.88,0.94,.06,7.6143045045,4.2402229076,0.1006091511,0.0397521775
120000.88,0.96,.04,7.7619253167,2.8164108306,0.0897568690,0.0496603904
120000.88,0.98,.02,7.9014933377,1.4028529502,0.0758248310,0.0221540461
120000.88,1,0,8.0762717778,0.0000000000,0.0802493246,0.0000000000
140000.86,0,1.00,0.0000000000,81.2132357312,0.0000000000,0.7715684503
140000.86,0.02,.98,0.1901239379,79.3493946755,0.0062482863,0.9597083051
140000.86,0.04,.96,0.3803916756,78.6183042751,0.0105756093,0.7903337885
140000.86,0.06,.94,0.5717892692,76.7021217443,0.0075263640,0.9330623356
140000.86,0.08,.92,0.7618721214,74.8587327398,0.0126062367,0.7823177867
140000.86,0.1,.90,0.9524480016,73.6274967255,0.0100087507,0.2771597708
140000.86,0.12,.88,1.1474816771,71.7765579280,0.0148649477,1.3681311015
140000.86,0.14,.86,1.3394133844,70.7298411077,0.0177770359,0.5495805270
140000.86,0.16,.84,1.5210942171,68.3318240281,0.0340244500,0.3854373971
140000.86,0.18,.82,1.7122863824,66.9192239572,0.0264283891,0.8303355153
140000.86,0.2,.80,1.9075665718,65.3458809060,0.0131979417,1.0817883286
140000.86,0.22,.78,2.0830023827,63.3160570883,0.0232274602,1.1338173150
140000.86,0.24,.76,2.2841783657,62.2581846038,0.0170870076,1.0069227475
140000.86,0.26,.74,2.4714057639,60.2681943954,0.0215911066,0.4880373856
140000.86,0.28,.72,2.6626595577,58.5289249239,0.0275905066,0.8638318011
140000.86,0.3,.70,2.8524753530,56.7321305372,0.0087611041,1.2335702921
140000.86,0.32,.68,3.0420240915,55.3620121372,0.0212614798,0.4711500356
140000.86,0.34,.66,3.2308949164,53.9246217013,0.0224751148,0.4968207462
140000.86,0.36,.64,3.4174238582,52.1833239272,0.0509605243,0.3224243031
140000.86,0.38,.62,3.6099513077,50.2073628117,0.0197858725,0.8969872595
140000.86,0.4,.60,3.7837847774,48.9495334967,0.0281979185,0.4501850019
140000.86,0.42,.58,4.0138645294,47.1022569123,0.0362510203,0.7966805652
140000.86,0.44,.56,4.1830553184,45.9928880786,0.0266791181,0.7220200825
140000.86,0.46,.54,4.3682284330,43.9075113067,0.0522664152,0.6258434864
140000.86,0.48,.52,4.5306400864,42.2136532765,0.0514885735,0.6476514316
140000.86,0.5,.50,4.7434843998,40.7096105638,0.0403941775,0.8203196854
140000.86,0.52,.48,4.9536170590,39.3105888519,0.0204213675,0.3066982052
140000.86,0.54,.46,5.0888505417,37.5971238967,0.0426957356,0.6498381914
140000.86,0.56,.44,5.3239838311,35.9407894644,0.0460446833,0.5021749660
140000.86,0.58,.42,5.5097321451,34.4952858181,0.0751815841,0.5006118803
140000.86,0.6,.40,5.6875098391,32.6010765654,0.0491435332,0.4515872533
140000.86,0.62,.38,5.8796675176,31.2481423956,0.0277185395,0.2324589315
140000.86,0.64,.36,6.0566029554,29.5868498904,0.0449689458,0.3137000211
140000.86,0.66,.34,6.2228150334,27.8867379272,0.0538136907,0.2525988143
140000.86,0.68,.32,6.4433629098,26.3707507659,0.0395151635,0.1805764520
140000.86,0.7,.30,6.6188398064,24.5416162213,0.0953987767,0.1291719334
140000.86,0.72,.28,6.7985279840,23.0045572497,0.0379558321,0.3058266595
140000.86,0.74,.26,6.9803937022,21.2786407702,0.0490298455,0.3010961869
140000.86,0.76,.24,7.1594450520,19.6820285809,0.0635348369,0.1352374996
140000.86,0.78,.22,7.4198049427,18.3104452957,0.0062441211,0.1624558940
140000.86,0.8,.20,7.5727052636,16.5590060086,0.0478687326,0.1100703327
140000.86,0.82,.18,7.7330831764,14.9419417682,0.0456469691,0.2103614564
140000.86,0.84,.16,7.9318967335,13.2462244607,0.0559666173,0.2056627697
140000.86,0.86,.14,8.1303405195,11.6035810709,0.0972750631,0.1201893794
140000.86,0.88,.12,8.2949913420,9.8997505530,0.0840552762,0.1430259317
140000.86,0.9,.10,8.4812737697,8.2624032866,0.1077306705,0.1647071098
140000.86,0.92,.08,8.6645158578,6.6170554934,0.0449060755,0.0447376131
140000.86,0.94,.06,8.8446559779,4.9495090552,0.0575263883,0.0902231269
140000.86,0.96,.04,9.0572126916,3.2868643482,0.0613913557,0.0261230911
140000.86,0.98,.02,9.1645900901,1.6353753055,0.0347181495,0.0203692685
140000.86,1,0,9.4005861785,0.0000000000,0.1228540980,0.0000000000
160000.84,0,1.00,0.0000000000,92.5173604613,0.0000000000,1.4978829055
160000.84,0.02,.98,0.2230541024,90.7593855325,0.0046770758,0.5364568682
160000.84,0.04,.96,0.4325704765,88.9153767689,0.0047904302,0.7360361643
160000.84,0.06,.94,0.6609451731,87.1734028939,0.0128947036,1.1612681902
160000.84,0.08,.92,0.8745290285,85.1078020722,0.0135297471,1.0917576035
160000.84,0.1,.90,1.0892632827,84.1331463357,0.0178445940,0.9519109425
160000.84,0.12,.88,1.3170216943,81.4476173639,0.0148935795,1.3455288788
160000.84,0.14,.86,1.5251000699,80.0785694569,0.0224350343,1.1302386671
160000.84,0.16,.84,1.7321307610,77.4592983697,0.0102448649,0.6237717134
160000.84,0.18,.82,1.9657438805,76.3682969429,0.0218190353,0.4037190889
160000.84,0.2,.80,2.1730210856,74.7633461763,0.0087322892,1.0251062580
160000.84,0.22,.78,2.3867487409,72.7677781357,0.0173947033,1.0262642269
160000.84,0.24,.76,2.6337147032,71.0125639522,0.0370802545,0.8334173485
160000.84,0.26,.74,2.8389787104,68.7885301615,0.0304294277,0.6191470100
160000.84,0.28,.72,3.0551715059,67.5430960291,0.0332828609,0.8595693472
160000.84,0.3,.70,3.2525470645,64.8802164362,0.0366024368,1.3178154429
160000.84,0.32,.68,3.4954660883,63.5946669858,0.0400018470,1.1097501691
160000.84,0.34,.66,3.6925335044,61.3975645462,0.0126162292,0.7287477763
160000.84,0.36,.64,3.9164709487,59.4262234533,0.0092611245,1.0133154770
160000.84,0.38,.62,4.1082793990,57.2867022705,0.0536833018,0.6867314459
160000.84,0.4,.60,4.3402901774,56.2869744603,0.0196391272,0.3469295248
160000.84,0.42,.58,4.5414045320,53.9966827850,0.0341606185,0.5566101595
160000.84,0.44,.56,4.7801328174,51.8895017602,0.0080987248,0.4081401872
160000.84,0.46,.54,4.9560205707,50.4079394012,0.0396180682,0.5077715254
160000.84,0.48,.52,5.1756851052,48.5329426813,0.0314913523,0.8170897952
160000.84,0.5,.50,5.3831266530,46.6921453968,0.0390567102,0.4063262895
160000.84,0.52,.48,5.6526281053,44.6809143529,0.0453510602,0.2299633187
160000.84,0.54,.46,5.8592068540,42.7633232786,0.0433793025,0.4401828241
160000.84,0.56,.44,6.0400454304,41.2478995347,0.0648444239,0.3064343833
160000.84,0.58,.42,6.2917157019,39.2981936694,0.0210861964,0.6653384286
160000.84,0.6,.40,6.4650561436,37.2809340595,0.0465593726,0.5196415057
160000.84,0.62,.38,6.7204652111,35.3822738094,0.0354087748,0.4401754606
160000.84,0.64,.36,6.9132391746,33.3912131079,0.0605787526,0.3141327472
160000.84,0.66,.34,7.1494201486,31.8960160481,0.0647247263,0.4784457860
160000.84,0.68,.32,7.3254517016,29.6959838381,0.0192830659,0.1669467615
160000.84,0.7,.30,7.6023485745,28.0451708962,0.0527701247,0.1673470365
160000.84,0.72,.28,7.7938899680,26.1843159528,0.0885553090,0.4087261535
160000.84,0.74,.26,7.9900945850,24.3581675203,0.0768261485,0.3979519498
160000.84,0.76,.24,8.1388041675,22.4862132543,0.0427193603,0.1942784894
160000.84,0.78,.22,8.4026974258,20.5553818714,0.0632360422,0.2804318005
160000.84,0.8,.20,8.6324690352,18.8479454822,0.0666176831,0.1441974262
160000.84,0.82,.18,8.9052573411,16.9830902753,0.0716393165,0.3013779330
160000.84,0.84,.16,9.0746741013,15.0651048089,0.0562940673,0.2805649274
160000.84,0.86,.14,9.2212677718,13.1661065083,0.0502874208,0.0947606427
160000.84,0.88,.12,9.4598728003,11.2130201387,0.0139226269,0.0880308211
160000.84,0.9,.10,9.6832350452,9.4059715556,0.1409120578,0.1208247560
160000.84,0.92,.08,9.9293382084,7.5731184562,0.0705784100,0.1133203888
160000.84,0.94,.06,10.1494341425,5.6467944125,0.0843231427,0.0891991459
160000.84,0.96,.04,10.3170225904,3.7898833907,0.1199740339,0.0631129167
160000.84,0.98,.02,10.5415763197,1.8685174199,0.0886547191,0.0230695558
160000.84,1,0,10.7352541680,0.0000000000,0.0590080698,0.0000000000
180000.82,0,1.00,0.0000000000,102.9623863607,0.0000000000,0.7809630735
180000.82,0.02,.98,0.2472946477,101.4765420295,0.0027565301,2.4500148497
180000.82,0.04,.96,0.4846671060,99.2043923941,0.0073731406,0.6470204908
180000.82,0.06,.94,0.7277710153,97.3250573603,0.0068720384,0.7838044500
180000.82,0.08,.92,0.9775718888,95.6722724576,0.0094304130,1.5691895803
180000.82,0.1,.90,1.2263661634,93.8666324180,0.0169990418,0.5086252098
180000.82,0.12,.88,1.4698809294,92.1320393108,0.0216474406,1.3643872663
180000.82,0.14,.86,1.7121014969,89.2431730042,0.0089677422,1.3275750623
180000.82,0.16,.84,1.9632992832,87.5560196409,0.0072355666,1.6838907045
180000.82,0.18,.82,2.2118059581,86.4457493395,0.0214868513,1.0445944507
180000.82,0.2,.80,2.4526090699,84.1157367384,0.0281068047,1.2024266606
180000.82,0.22,.78,2.6904334706,81.4092486399,0.0400118657,0.5818455085
180000.82,0.24,.76,2.9213554787,79.1779467649,0.0237016283,0.4672930281
180000.82,0.26,.74,3.1720191513,77.3388960743,0.0309146871,0.9179006315
180000.82,0.28,.72,3.4272022476,75.3616954405,0.0204782593,0.8517405821
180000.82,0.3,.70,3.6517970626,72.8793911199,0.0356795506,0.7879751227
180000.82,0.32,.68,3.8769876198,71.4379440788,0.0328020749,1.4671617037
180000.82,0.34,.66,4.1324994014,69.0386311393,0.0430390745,0.6460177315
180000.82,0.36,.64,4.4024938818,66.8130761216,0.0431492146,0.6605161557
180000.82,0.38,.62,4.6497474437,65.1040621638,0.0281760550,0.8058158075
180000.82,0.4,.60,4.8846342191,62.8574353359,0.0299333702,0.2542034655
180000.82,0.42,.58,5.1307579251,60.6266405365,0.0603199023,0.7183985993
180000.82,0.44,.56,5.3617621046,58.8115914266,0.0545184715,1.1910392394
180000.82,0.46,.54,5.6336670686,56.1135545888,0.0445033745,0.2965369162
180000.82,0.48,.52,5.8502501779,54.3663409321,0.0434074252,0.4414356090
180000.82,0.5,.50,6.0803710155,52.1786475629,0.0762451599,0.7120127253
180000.82,0.52,.48,6.3404638494,50.2442103087,0.0639155281,0.4217150567
180000.82,0.54,.46,6.5486038535,48.1839619522,0.0543259218,0.7220175584
180000.82,0.56,.44,6.8438043924,45.7648730624,0.0371396480,0.4762687484
180000.82,0.58,.42,7.1025413991,44.2054464206,0.0613508315,0.4182177869
180000.82,0.6,.40,7.3388456300,42.0822643421,0.0650293335,0.4025540892
180000.82,0.62,.38,7.5514845151,40.0580183565,0.0611999051,0.5598325065
180000.82,0.64,.36,7.8151312594,37.9342728606,0.0435181463,0.4181923713
180000.82,0.66,.34,8.0452726398,35.4822240537,0.0634779827,0.5853849012
180000.82,0.68,.32,8.2624514913,33.6665551846,0.0511185416,0.4171461261
180000.82,0.7,.30,8.5498868386,31.8453648251,0.0992730076,0.2536748688
180000.82,0.72,.28,8.7270277047,29.4173739406,0.0650108899,0.2063838545
180000.82,0.74,.26,8.9961183003,27.3082772967,0.0270320486,0.1960017888
180000.82,0.76,.24,9.1905767763,25.0902157303,0.1188732538,0.2144221274
180000.82,0.78,.22,9.5043891237,23.0916052359,0.0976995383,0.3131476097
180000.82,0.8,.20,9.7301548803,21.2601043382,0.1426491876,0.4288559626
180000.82,0.82,.18,9.9129244832,18.9011884252,0.1565435784,0.2963855430
180000.82,0.84,.16,10.1791185391,16.8251080402,0.1002783633,0.3086396932
180000.82,0.86,.14,10.4334388363,14.7955659313,0.1094870855,0.2361164537
180000.82,0.88,.12,10.6617313616,12.6948078647,0.0770695533,0.0257529201
180000.82,0.9,.10,10.9338622967,10.6293760682,0.1096468070,0.1132353583
180000.82,0.92,.08,11.1779728049,8.4967285776,0.1345655947,0.1363505616
180000.82,0.94,.06,11.3457666812,6.3773213956,0.0629521684,0.0828513031
180000.82,0.96,.04,11.6381117660,4.2427019441,0.0572902935,0.0772267739
180000.82,0.98,.02,11.8759977952,2.1085895682,0.0642836712,0.0474701690
180000.82,1,0,12.0178049851,0.0000000000,0.1253981942,0.0000000000
200000.8,0,1.00,0.0000000000,114.1443058597,0.0000000000,1.4851945664
200000.8,0.02,.98,0.2725623347,112.1202852411,0.0077871493,0.7884204877
200000.8,0.04,.96,0.5445494700,110.0289362449,0.0106606008,1.6692039898
200000.8,0.06,.94,0.8139482081,107.5494490113,0.0046788138,0.3085350737
200000.8,0.08,.92,1.0894276254,106.3272276752,0.0125765348,1.1418632859
200000.8,0.1,.90,1.3554984242,103.3981897090,0.0186244161,1.7338657535
200000.8,0.12,.88,1.6169676280,101.1559575367,0.0159778676,1.6056752645
200000.8,0.14,.86,1.9002944082,99.0384659738,0.0206903186,0.6716701204
200000.8,0.16,.84,2.1625853254,96.2081387337,0.0252195989,0.7557856635
200000.8,0.18,.82,2.4313061500,94.5614950805,0.0180493999,0.8241948806
200000.8,0.2,.80,2.7266710315,91.7571977237,0.0286144135,1.2382656466
200000.8,0.22,.78,2.9794506161,89.9355002885,0.0237649684,0.7799404937
200000.8,0.24,.76,3.2567583457,87.9170011604,0.0285785339,1.0111608074
200000.8,0.26,.74,3.5131945549,84.9833995134,0.0343964462,0.6923065951
200000.8,0.28,.72,3.7951244223,83.8230977480,0.0112635726,0.7127535689
200000.8,0.3,.70,4.0610719642,81.1432029501,0.0327549485,0.4236589731
200000.8,0.32,.68,4.3485689399,78.4808304328,0.0329960677,0.7755571691
200000.8,0.34,.66,4.5920837059,76.1202242677,0.0332276088,1.0160948056
200000.8,0.36,.64,4.8650774401,74.1396994714,0.0413660760,1.5054508454
200000.8,0.38,.62,5.1679404564,71.7741352332,0.0375293180,0.3722116103
200000.8,0.4,.60,5.4514726650,69.4977036256,0.0456720579,1.0584047077
200000.8,0.42,.58,5.6733558258,67.6580331759,0.0547270887,0.6548527878
200000.8,0.44,.56,5.9648791972,65.0328462061,0.0412748979,0.4925746770
200000.8,0.46,.54,6.2489249766,62.6318430144,0.0318816895,0.3635367834
200000.8,0.48,.52,6.5150574040,60.3753000405,0.0590275350,0.6725926865
200000.8,0.5,.50,6.7502523218,58.1672109619,0.0445898292,0.8213369955
200000.8,0.52,.48,7.0632429558,55.7953927907,0.0383743861,0.1306289396
200000.8,0.54,.46,7.3232125326,53.8884503051,0.0579549562,0.7525503046
200000.8,0.56,.44,7.6144483043,51.0341214843,0.0448828953,0.5566777159
200000.8,0.58,.42,7.8520672767,49.1419405342,0.0300056395,0.7030608354
200000.8,0.6,.40,8.1117903395,46.5855468273,0.0535790960,0.5738154165
200000.8,0.62,.38,8.4144684703,43.7798409270,0.0796810731,0.9299613990
200000.8,0.64,.36,8.6728151632,42.0316694608,0.0427359146,0.5035537198
200000.8,0.66,.34,8.8869742180,39.6454278046,0.0606754396,0.4447821209
200000.8,0.68,.32,9.1976229687,37.3794194186,0.0359898541,0.4565860085
200000.8,0.7,.30,9.4370907963,34.6400840864,0.0733594954,0.4803891356
200000.8,0.72,.28,9.7374681295,32.7071117175,0.0920266447,0.4708395256
200000.8,0.74,.26,10.0204251387,30.2303288873,0.0739813226,0.2470248934
200000.8,0.76,.24,10.2448761539,27.8953582132,0.0463446368,0.3468787001
200000.8,0.78,.22,10.5087694122,25.6270398160,0.0676437115,0.3917099369
200000.8,0.8,.20,10.7290707747,23.2371359467,0.0904930816,0.0473570499
200000.8,0.82,.18,11.0769225996,21.2857398293,0.0705678575,0.1928865899
200000.8,0.84,.16,11.3236420479,18.8440015605,0.1637617209,0.1691034639
200000.8,0.86,.14,11.4973933463,16.3806280641,0.0871620175,0.0787507979
200000.8,0.88,.12,11.8608166401,14.0447559223,0.1433623227,0.0514928962
200000.8,0.9,.10,12.1661858823,11.7904102762,0.0863691331,0.1987666413
200000.8,0.92,.08,12.3753735710,9.4136340321,0.0879929378,0.2305422026
200000.8,0.94,.06,12.6870905492,7.0537603096,0.1719316081,0.0923593724
200000.8,0.96,.04,12.8712981506,4.7011546713,0.0698721269,0.0665358944
200000.8,0.98,.02,13.1077256385,2.3407738731,0.0582740383,0.0322108186
200000.8,1,0,13.3988997817,0.0000000000,0.1381110525,0.0000000000
220000.78,0,1.00,0.0000000000,125.6687267878,0.0000000000,0.6772750801
220000.78,0.02,.98,0.3031095303,123.4283538929,0.0042176788,1.5352032947
220000.78,0.04,.96,0.5981868122,120.7833346312,0.0128099374,1.5312553348
220000.78,0.06,.94,0.8873066719,118.2029393437,0.0133434439,1.0459048376
220000.78,0.08,.92,1.1948945402,115.3146364545,0.0117309219,0.8164270030
220000.78,0.1,.90,1.4840760284,112.7777933309,0.0200199382,1.5729092576
220000.78,0.12,.88,1.7783726825,110.8585683462,0.0096468228,0.5915052549
220000.78,0.14,.86,2.0715600236,107.5035304943,0.0165570638,0.4548833239
220000.78,0.16,.84,2.3813254324,105.8588024602,0.0113098180,0.7071420198
220000.78,0.18,.82,2.6765054285,103.1773300936,0.0252113447,0.7272620051
220000.78,0.2,.80,2.9785672742,100.8509233638,0.0221523305,1.3087574694
220000.78,0.22,.78,3.2608258270,98.9649400049,0.0291559802,0.9783077066
220000.78,0.24,.76,3.5606279609,95.8348747153,0.0309360606,1.3520290683
220000.78,0.26,.74,3.8507955052,93.3792763788,0.0202916058,0.9451258993
220000.78,0.28,.72,4.1594105153,90.4215604677,0.0118819368,0.8566402804
220000.78,0.3,.70,4.4635677302,89.0191582514,0.0451456694,0.4151155165
220000.78,0.32,.68,4.7476135096,86.1496171613,0.0371621887,0.4678993359
220000.78,0.34,.66,5.0432043624,83.6135064803,0.0488965932,0.9744305888
220000.78,0.36,.64,5.3294482252,80.7658823264,0.0270840902,1.4832797361
220000.78,0.38,.62,5.6427675445,78.5460741662,0.0485047812,0.2847650102
220000.78,0.4,.60,5.9475821301,76.6083690912,0.0374606902,1.4237027057
220000.78,0.42,.58,6.2495823474,74.1038661256,0.0405905431,0.9013307137
220000.78,0.44,.56,6.5620799533,71.1779832968,0.0441175486,0.5941995452
220000.78,0.46,.54,6.8574653776,68.3668685896,0.0401985718,0.7141818651
220000.78,0.48,.52,7.1361700200,66.0273342347,0.0460715143,0.9943580458
220000.78,0.5,.50,7.4667247779,63.8795871581,0.0731499003,0.8917950638
220000.78,0.52,.48,7.7231815299,60.9719590526,0.0399399110,0.8606061920
220000.78,0.54,.46,8.0593650246,59.0781441920,0.0320564031,0.4706363381
220000.78,0.56,.44,8.3027154479,56.1607126240,0.0641753820,0.7467338309
220000.78,0.58,.42,8.6120083716,53.3360758995,0.0784121878,0.3491601153
220000.78,0.6,.40,8.8954173232,50.9979500881,0.0868120034,0.3223377804
220000.78,0.62,.38,9.2499044838,48.5651138141,0.0461852315,0.1990046413
220000.78,0.64,.36,9.4750539553,45.6751770145,0.0684509063,0.7346429493
220000.78,0.66,.34,9.8278771463,44.0729306513,0.0950449906,0.3062894590
220000.78,0.68,.32,10.0737748812,40.8234772176,0.0701562768,0.6247238506
220000.78,0.7,.30,10.4128754584,38.6660393619,0.0413925024,0.3749325702
220000.78,0.72,.28,10.7128419350,35.8043297734,0.0221367270,0.3428167661
220000.78,0.74,.26,10.9235703364,33.2468092318,0.0744551447,0.3626087622
220000.78,0.76,.24,11.2701895912,30.7783649789,0.0701826939,0.2364936049
220000.78,0.78,.22,11.5199493791,28.0969489540,0.1578628218,0.3985965023
220000.78,0.8,.20,11.8595224415,25.6175744039,0.0795702995,0.1563778016
220000.78,0.82,.18,12.1404457100,23.1194380547,0.0494514564,0.2450453109
220000.78,0.84,.16,12.3835496194,20.6539235723,0.1679945741,0.1899190958
220000.78,0.86,.14,12.7208835128,18.0994454845,0.1784382993,0.2055081434
220000.78,0.88,.12,12.9617071674,15.4897524929,0.0584120935,0.2354794190
220000.78,0.9,.10,13.3104217914,12.8430429790,0.1086553830,0.1274883689
220000.78,0.92,.08,13.5880992920,10.3314972961,0.1251960058,0.1746257575
220000.78,0.94,.06,13.9769751585,7.7680608719,0.1580986255,0.1064101881
220000.78,0.96,.04,14.2404370172,5.1808482340,0.0942867398,0.1122004280
220000.78,0.98,.02,14.4560135277,2.5758316067,0.1338587641,0.0304644012
220000.78,1,0,14.8265035568,0.0000000000,0.1568344068,0.0000000000
240000.76,0,1.00,0.0000000000,136.2930884413,0.0000000000,0.7324314051
240000.76,0.02,.98,0.3190918560,133.1328803215,0.0049432826,0.9956303449
240000.76,0.04,.96,0.6524609822,131.7373517974,0.0043518296,1.4309609951
240000.76,0.06,.94,0.9760517190,128.4405149615,0.0112292343,1.1403414891
240000.76,0.08,.92,1.3013680540,125.8323431968,0.0097948594,1.6684543502
240000.76,0.1,.90,1.6219595369,123.1361092946,0.0163078517,1.0517411007
240000.76,0.12,.88,1.9494328695,120.0999093416,0.0165014831,1.2122881353
240000.76,0.14,.86,2.2710514942,117.8433663677,0.0147857042,0.6642559122
240000.76,0.16,.84,2.5869386679,114.7869397305,0.0358373863,1.0424745127
240000.76,0.18,.82,2.9170620262,112.3257072202,0.0129497553,1.2207182821
240000.76,0.2,.80,3.2344899125,109.6860967654,0.0492163543,1.4693186846
240000.76,0.22,.78,3.5539309967,107.0105402813,0.0326931848,0.7828534239
240000.76,0.24,.76,3.8686883145,104.4224825173,0.0327968695,0.8611978322
240000.76,0.26,.74,4.1966135895,101.6077619388,0.0369696929,1.3467802623
240000.76,0.28,.72,4.5075910256,98.5602936380,0.0219719067,0.6027339501
240000.76,0.3,.70,4.8145215232,96.1299364005,0.0602665446,0.3954570209
240000.76,0.32,.68,5.1544848995,93.4391676470,0.0304722534,0.2720794377
240000.76,0.34,.66,5.5257966420,91.3398181239,0.0224191561,1.0065564756
240000.76,0.36,.64,5.8269546030,87.8653357860,0.0274335002,1.1333368181
240000.76,0.38,.62,6.1288931918,85.3181821243,0.0594515861,1.2557739726
240000.76,0.4,.60,6.4997735347,82.3724106618,0.0569322665,0.6329044551
240000.76,0.42,.58,6.7902903072,80.6356202267,0.0397389599,0.5082632850
240000.76,0.44,.56,7.1007336296,76.6048759034,0.0251193667,0.3548249880
240000.76,0.46,.54,7.4376155807,74.2814552858,0.0925767995,0.7091554449
240000.76,0.48,.52,7.7523523556,71.5702908229,0.1003307815,0.8510846691
240000.76,0.5,.50,8.0808733728,69.4528556017,0.0106457190,0.7115153068
240000.76,0.52,.48,8.4391609580,66.5682712673,0.0639550248,0.4754828165
240000.76,0.54,.46,8.7678052322,63.7423950245,0.0862748735,0.6952886107
240000.76,0.56,.44,9.0914781403,61.2777256682,0.0677606285,0.8709945645
240000.76,0.58,.42,9.4260182082,58.3991135581,0.1125992907,0.5841130833
240000.76,0.6,.40,9.7739522045,55.2960359613,0.0200685710,0.4638534331
240000.76,0.62,.38,10.0861416679,53.0090121068,0.0448105433,0.3967627263
240000.76,0.64,.36,10.4010838712,50.2760997328,0.0700127899,0.5181312451
240000.76,0.66,.34,10.6216522905,47.5446522440,0.0971964836,0.5746689610
240000.76,0.68,.32,11.0430269219,44.3015654267,0.0852364132,0.7460632679
240000.76,0.7,.30,11.3173148547,41.9833845908,0.0680280245,0.5247161760
240000.76,0.72,.28,11.6672415060,39.1990885511,0.1198577112,0.3485441759
240000.76,0.74,.26,11.9410569536,36.3125322559,0.0402841135,0.4922794949
240000.76,0.76,.24,12.3093283565,33.4834445340,0.0817904666,0.5401802378
240000.76,0.78,.22,12.6013036703,30.7398835714,0.0818255382,0.3401051389
240000.76,0.8,.20,12.9444101003,28.2414091719,0.0866432647,0.1720527043
240000.76,0.82,.18,13.2900227563,25.2733827226,0.0411142467,0.2893803982
240000.76,0.84,.16,13.6410998063,22.4117858176,0.0967327354,0.4272530352
240000.76,0.86,.14,13.9026511814,19.7033257581,0.0937366725,0.1442951512
240000.76,0.88,.12,14.1683522093,16.8718716833,0.0641404196,0.1756457133
240000.76,0.9,.10,14.5916578671,14.2402054136,0.2040637554,0.2260441925
240000.76,0.92,.08,14.7450512160,11.3786085085,0.1632651002,0.1153100232
240000.76,0.94,.06,15.1423496448,8.4281606817,0.1457061933,0.1226473398
240000.76,0.96,.04,15.5156745851,5.6432448829,0.1583038260,0.0881026250
240000.76,0.98,.02,15.7816837555,2.7992829421,0.1037116555,0.0629591438
240000.76,1,0,15.9900908165,0.0000000000,0.2503261738,0.0000000000
260000.74,0,1.00,0.0000000000,147.1129559279,0.0000000000,1.4009491412
260000.74,0.02,.98,0.3532135049,145.0386784785,0.0086459265,1.8005710235
260000.74,0.04,.96,0.7047014116,142.8361672319,0.0047800662,0.7620032700
260000.74,0.06,.94,1.0531695216,139.2757637427,0.0184639978,1.6358311948
260000.74,0.08,.92,1.4063830265,134.5459311264,0.0324667225,1.3521338460
260000.74,0.1,.90,1.7570492198,133.7204683137,0.0190955866,0.6585637872
260000.74,0.12,.88,2.1040793314,130.1805732173,0.0180211803,1.1034331371
260000.74,0.14,.86,2.4437140223,127.0178860610,0.0129893106,1.3721752158
260000.74,0.16,.84,2.7998446098,124.1060886669,0.0234228270,1.2826244201
260000.74,0.18,.82,3.1582554519,121.7929785874,0.0367457575,1.2513240744
260000.74,0.2,.80,3.4964521444,117.7087096124,0.0331581692,0.8223902372
260000.74,0.22,.78,3.8565064133,115.3691189158,0.0231384535,1.0808294257
260000.74,0.24,.76,4.1889511120,112.2726896441,0.0377079635,1.0142873188
260000.74,0.26,.74,4.5422878739,109.2212210799,0.0388746844,1.7544072969
260000.74,0.28,.72,4.8928924387,106.9886796867,0.0443692631,0.6480798393
260000.74,0.3,.70,5.2349717270,104.2850086750,0.0469262172,1.8178100077
260000.74,0.32,.68,5.5755513884,100.9273227614,0.0266778992,1.5991856028
260000.74,0.34,.66,5.9529848957,97.8068355673,0.0592138309,1.4698872482
260000.74,0.36,.64,6.2866210788,95.1028828470,0.0554880918,0.3982385771
260000.74,0.38,.62,6.6455249490,91.9362517690,0.0722059209,1.1007846482
260000.74,0.4,.60,6.9804964164,89.1250807201,0.0370728209,0.6536192647
260000.74,0.42,.58,7.3231714469,85.4171745591,0.0409765829,0.7445752524
260000.74,0.44,.56,7.6965991014,83.1293055785,0.0563383878,0.7872177812
260000.74,0.46,.54,8.0388221896,80.6663264743,0.0322029148,0.3773211604
260000.74,0.48,.52,8.3910701812,77.3904487651,0.0749652081,0.6494736495
260000.74,0.5,.50,8.7888616380,74.6214213367,0.0696079606,0.8007104247
260000.74,0.52,.48,9.0840210912,72.2617729811,0.0529206498,0.9337644669
260000.74,0.54,.46,9.4338450283,69.0713656894,0.0703815001,0.6206572603
260000.74,0.56,.44,9.7386185283,65.2244081175,0.0456156823,0.6254620753
260000.74,0.58,.42,10.1266932242,62.7032279972,0.1198377467,0.3380026974
260000.74,0.6,.40,10.5252858515,60.1225510010,0.0714994200,0.5841101308
260000.74,0.62,.38,10.8869835473,57.3874976410,0.0497576538,0.8785651697
260000.74,0.64,.36,11.2346915724,54.8023133056,0.1048117295,0.5141826662
260000.74,0.66,.34,11.5109516173,51.1179579914,0.0536892079,0.5911522466
260000.74,0.68,.32,11.9330041623,48.0703206654,0.0631937804,0.4152715170
260000.74,0.7,.30,12.2878405511,45.3369575575,0.0481273504,0.3004627475
260000.74,0.72,.28,12.6684581979,42.1396765737,0.1193748748,0.7523479437
260000.74,0.74,.26,12.8874037332,39.4248498978,0.1756552087,0.3787537688
260000.74,0.76,.24,13.3239184340,36.3978899899,0.0878856472,0.6052271519
260000.74,0.78,.22,13.6504262534,33.2074263565,0.0911519634,0.3339590879
260000.74,0.8,.20,13.9402240267,30.2227790943,0.1922819503,0.2626684015
260000.74,0.82,.18,14.2711485556,27.3530126372,0.1397389593,0.2853700971
260000.74,0.84,.16,14.6955018980,24.3889301096,0.0990465003,0.1592156101
260000.74,0.86,.14,14.9960641168,21.2070304204,0.1137471374,0.1445611959
260000.74,0.88,.12,15.4000184241,18.1845215099,0.0485211043,0.2546354192
260000.74,0.9,.10,15.6055289454,15.1158687154,0.1466387583,0.2307193353
260000.74,0.92,.08,16.0385719071,12.1893661274,0.1614332408,0.2175652438
260000.74,0.94,.06,16.3184269482,9.1542930092,0.0459774842,0.0520004943
260000.74,0.96,.04,16.7857148158,6.0952183102,0.1720633000,0.0874362239
260000.74,0.98,.02,17.0579895508,3.0104517785,0.0909065379,0.0544237675
260000.74,1,0,17.4358750005,0.0000000000,0.0684393368,0.0000000000
280000.72,0,1.00,0.0000000000,160.8132948019,0.0000000000,2.7693276588
280000.72,0.02,.98,0.3758311662,156.5141384357,0.0054683425,1.4627826094
280000.72,0.04,.96,0.7599205521,152.8328255753,0.0133990790,1.6335708466
280000.72,0.06,.94,1.1407847129,149.1253701483,0.0074012054,2.0417620186
280000.72,0.08,.92,1.5121991695,146.5356221321,0.0062330439,1.1275979051
280000.72,0.1,.90,1.8893861628,142.9850784471,0.0158306435,1.7344300762
280000.72,0.12,.88,2.2665115277,140.2592087904,0.0143596885,0.5691981199
280000.72,0.14,.86,2.6322972475,136.0797786189,0.0290995978,1.6460074133
280000.72,0.16,.84,3.0206184574,133.5949952618,0.0186846910,1.0904024770
280000.72,0.18,.82,3.3740373907,129.7559818750,0.0280695233,1.5796477506
280000.72,0.2,.80,3.7649264549,128.0216704765,0.0262330914,1.4908426228
280000.72,0.22,.78,4.1354575697,123.2723999604,0.0332733083,0.7388639213
280000.72,0.24,.76,4.4876439328,121.5491315426,0.0291259883,0.8546194136
280000.72,0.26,.74,4.8544567944,118.2306594791,0.0251968289,0.6935541538
280000.72,0.28,.72,5.2603215854,114.5838841045,0.0434731923,1.3903542437
280000.72,0.3,.70,5.6282026745,111.1927311981,0.0314681083,0.8225854487
280000.72,0.32,.68,5.9900441700,108.2693837475,0.0538817997,0.9352042726
280000.72,0.34,.66,6.3824534041,104.9238113076,0.0399537507,0.5203205037
280000.72,0.36,.64,6.7411723887,101.6219037152,0.0436034593,0.3528141403
280000.72,0.38,.62,7.0825737635,98.5162907402,0.0547072377,1.1795676196
280000.72,0.4,.60,7.5042154517,94.6545716327,0.0479075600,0.8803723517
280000.72,0.42,.58,7.8663650898,92.2608928670,0.0764749786,1.5302794060
280000.72,0.44,.56,8.2412718285,89.3111774828,0.0699038621,1.4614824250
280000.72,0.46,.54,8.6048800078,86.4075496407,0.0737895492,0.6991909020
280000.72,0.48,.52,9.0182223907,83.6582418208,0.0623938899,0.9493089877
280000.72,0.5,.50,9.3634858185,79.7968607637,0.1007397998,0.7484816520
280000.72,0.52,.48,9.7438158655,76.9162203511,0.1100949729,0.4273617345
280000.72,0.54,.46,10.1392243535,74.4747637910,0.0803502888,0.9551858799
280000.72,0.56,.44,10.4610073208,70.9316008738,0.0694019720,0.6007666217
280000.72,0.58,.42,10.8964537942,67.9062748763,0.0643047255,0.4435898432
280000.72,0.6,.40,11.2375264836,64.5865632944,0.0432700863,0.5835946980
280000.72,0.62,.38,11.7280893832,61.3706895369,0.0385057714,0.1998560958
280000.72,0.64,.36,12.0238034930,58.4263266178,0.1001663672,0.5945016466
280000.72,0.66,.34,12.3996141163,54.8368507914,0.0763622372,0.8271646399
280000.72,0.68,.32,12.7551695044,51.5983276550,0.0539643332,0.6072901367
280000.72,0.7,.30,13.1507012494,48.4143433215,0.1233924170,0.5903572088
280000.72,0.72,.28,13.5225471056,45.2561635043,0.0376307828,0.3374902669
280000.72,0.74,.26,13.9596370057,42.6282721311,0.2346437437,0.4887085615
280000.72,0.76,.24,14.3351394866,38.9090412807,0.1941325049,0.2882958474
280000.72,0.78,.22,14.6984806091,35.8291201384,0.0569747350,0.6674880889
280000.72,0.8,.20,15.0632391872,32.5103100244,0.0662641283,0.5583475727
280000.72,0.82,.18,15.4741986013,29.3145502676,0.1474720467,0.4920255274
280000.72,0.84,.16,15.8337803850,26.0838022910,0.0747719024,0.2382242033
280000.72,0.86,.14,16.2148294313,22.9422996285,0.2200714671,0.2464794879
280000.72,0.88,.12,16.4930410456,19.5758244036,0.1414426424,0.1933222100
280000.72,0.9,.10,16.8104894748,16.3388224941,0.0884888971,0.1613505743
280000.72,0.92,.08,17.3185959555,13.2129828349,0.0990546756,0.1020287233
280000.72,0.94,.06,17.5845434973,9.8580576664,0.0723085365,0.1882941677
280000.72,0.96,.04,18.0980938293,6.5683762313,0.1701009965,0.0747441684
280000.72,0.98,.02,18.3272696965,3.2652291206,0.0738827801,0.0478502434
280000.72,1,0,18.7350449711,0.0000000000,0.1027259256,0.0000000000
300000.7,0,1.00,0.0000000000,173.0051963076,0.0000000000,2.6419651420
300000.7,0.02,.98,0.4093365301,168.7134207091,0.0093345753,1.8945778507
300000.7,0.04,.96,0.8169269192,163.8769895234,0.0097945274,1.6689326827
300000.7,0.06,.94,1.2227506245,161.4911422593,0.0175719241,1.6273374427
300000.7,0.08,.92,1.6281223874,157.1463490849,0.0104726314,1.6119019395
300000.7,0.1,.90,2.0342336924,153.9993249319,0.0265183409,2.3623528080
300000.7,0.12,.88,2.4277111538,150.7690276893,0.0299415173,1.2198996350
300000.7,0.14,.86,2.8350961146,146.7366494556,0.0195106636,2.0364998620
300000.7,0.16,.84,3.2512528659,142.6127722382,0.0336165774,0.6119881465
300000.7,0.18,.82,3.6311720563,139.8437448098,0.0210529728,1.2553128218
300000.7,0.2,.80,4.0470206650,135.9398820818,0.0181412362,1.9831010705
300000.7,0.22,.78,4.4328767347,132.6802871351,0.0265658500,1.6232415375
300000.7,0.24,.76,4.8238890560,128.8683741246,0.0188909763,0.6719201447
300000.7,0.26,.74,5.2071361856,125.6613460200,0.0465568580,1.2268095204
300000.7,0.28,.72,5.5946973106,122.6110606323,0.0798818881,0.7679140856
300000.7,0.3,.70,6.0452838533,119.4091596260,0.0534922295,0.8353299500
300000.7,0.32,.68,6.4195126784,115.5588778915,0.0452636526,0.9544172672
300000.7,0.34,.66,6.8338205746,111.6457751184,0.0527326729,1.0828571103
300000.7,0.36,.64,7.1894992196,108.8095883375,0.0364012419,0.5639169977
300000.7,0.38,.62,7.6264658628,105.5406970039,0.0204675371,1.3493109845
300000.7,0.4,.60,7.9789192828,102.2337749967,0.0416907666,0.3950123632
300000.7,0.42,.58,8.4245960879,98.8569892337,0.0968663128,1.4857526958
300000.7,0.44,.56,8.7853898989,95.0515555231,0.0442077741,0.8767139168
300000.7,0.46,.54,9.2059428169,92.4606243305,0.0772312285,1.2753080220
300000.7,0.48,.52,9.6284267614,88.8161589672,0.0983543101,0.4819605799
300000.7,0.5,.50,10.0423238008,85.9674079785,0.0800752347,0.7329070935
300000.7,0.52,.48,10.4169634826,82.6799238712,0.1006096360,0.8664671220
300000.7,0.54,.46,10.8180623359,78.6964502666,0.0691790716,0.7996446501
300000.7,0.56,.44,11.1495004356,75.0067988289,0.0736025783,0.9314040567
300000.7,0.58,.42,11.6008470633,72.0467165647,0.0757507036,0.4160528025
300000.7,0.6,.40,12.0694907580,68.7675710347,0.1403661698,0.4036960479
300000.7,0.62,.38,12.4569286260,65.5092719480,0.0970799440,0.6102112376
300000.7,0.64,.36,12.8697368951,62.0003084661,0.0869920511,0.7613329341
300000.7,0.66,.34,13.2010722808,57.9115321520,0.1142717965,0.8574768194
300000.7,0.68,.32,13.7091787615,55.5112050611,0.0806050913,0.6871403839
300000.7,0.7,.30,13.9902252870,51.7000244932,0.1264820545,0.8762906609
300000.7,0.72,.28,14.4885739211,48.2545581507,0.1311870071,0.2798879532
300000.7,0.74,.26,14.9214114544,45.2168369707,0.1703784610,0.4594798968
300000.7,0.76,.24,15.2798017537,41.6891680316,0.0625483824,0.1590761945
300000.7,0.78,.22,15.6107057398,38.1817257767,0.0888143090,0.1805651739
300000.7,0.8,.20,16.0670237335,34.8469709506,0.0301948737,0.3904212306
300000.7,0.82,.18,16.5979738468,31.4966094630,0.1633843462,0.4226609744
300000.7,0.84,.16,16.8762676324,27.8675817361,0.0965057839,0.2150068730
300000.7,0.86,.14,17.3160486439,24.4578360559,0.0461474567,0.3679004310
300000.7,0.88,.12,17.6825944487,20.8419922958,0.2226980896,0.1819957321
300000.7,0.9,.10,18.1561478810,17.5187311845,0.1843002933,0.2107255574
300000.7,0.92,.08,18.5769883987,14.0610386847,0.1550819267,0.2877023983
300000.7,0.94,.06,18.9273259067,10.5484129898,0.0747742945,0.0752120265
300000.7,0.96,.04,19.3467900544,7.1040734821,0.2055877565,0.1557494050
300000.7,0.98,.02,19.7689453135,3.5289084574,0.1040870620,0.0162303286
300000.7,1,0,20.1389012289,0.0000000000,0.1828280998,0.0000000000
320000.68,0,1.00,0.0000000000,185.4127739887,0.0000000000,2.6683135626
320000.68,0.02,.98,0.4334743612,179.4973985082,0.0083166470,0.8648190711
320000.68,0.04,.96,0.8680169498,176.2211827486,0.0161279824,2.4185501591
320000.68,0.06,.94,1.3026006241,171.9147019564,0.0143106301,1.7950960536
320000.68,0.08,.92,1.7391974962,167.9573709185,0.0265246559,1.1663833983
320000.68,0.1,.90,2.1629345536,164.1688960712,0.0194229587,1.7684843664
320000.68,0.12,.88,2.5921770908,160.3523630382,0.0242745477,1.7879071879
320000.68,0.14,.86,3.0300681615,155.8715609066,0.0218759716,1.1512046610
320000.68,0.16,.84,3.4423628598,152.0671976891,0.0179677758,1.3871170240
320000.68,0.18,.82,3.8467691095,149.6525597966,0.0516961127,0.7409389663
320000.68,0.2,.80,4.3127627785,145.5401199523,0.0503865909,1.4413464080
320000.68,0.22,.78,4.7248520485,141.9571234258,0.0394978769,0.7242348690
320000.68,0.24,.76,5.1536015576,137.8980392079,0.0328421782,1.4140507834
320000.68,0.26,.74,5.5313226646,133.8562519038,0.0272093071,1.0953677343
320000.68,0.28,.72,5.9351537149,130.0651853366,0.0361280665,1.2604120438
320000.68,0.3,.70,6.3927042788,126.5782514745,0.0330799582,0.9917110849
320000.68,0.32,.68,6.8773919276,123.9999408313,0.0728103565,1.6531216061
320000.68,0.34,.66,7.2348988850,119.5038700886,0.0526456298,1.0804140529
320000.68,0.36,.64,7.6720504136,115.6613635140,0.0294218790,1.0433179696
320000.68,0.38,.62,8.1084418574,111.1390938629,0.0319679450,0.7272360542
320000.68,0.4,.60,8.5068495993,108.5255696330,0.0282016088,0.9540054077
320000.68,0.42,.58,8.9270532890,104.4730210568,0.0683281743,1.1675559218
320000.68,0.44,.56,9.3378689032,101.6096212162,0.0669269404,1.2607549802
320000.68,0.46,.54,9.7690835526,97.9574933764,0.0783106144,0.7759767893
320000.68,0.48,.52,10.1693812353,94.2660390031,0.0675665769,0.5644109820
320000.68,0.5,.50,10.7383355932,91.0783924566,0.0610978473,0.9836962357
320000.68,0.52,.48,11.0875432453,87.4840148990,0.0439092950,0.8608059230
320000.68,0.54,.46,11.4865467294,83.6220704246,0.1094533231,0.3098327097
320000.68,0.56,.44,11.9107357292,80.1297277556,0.0882404136,0.9811520846
320000.68,0.58,.42,12.3803654799,76.7315321318,0.0322338776,1.0120381759
320000.68,0.6,.40,12.7864356993,72.8615871305,0.1334967136,0.8951874268
320000.68,0.62,.38,13.2254360831,69.3527926739,0.0527836039,0.6334108711
320000.68,0.64,.36,13.6624848975,65.9783732638,0.0813311804,1.2452377665
320000.68,0.66,.34,14.0865300975,61.7800686098,0.0438695976,0.5982861006
320000.68,0.68,.32,14.5801949652,58.8424666993,0.0495285689,0.4621284818
320000.68,0.7,.30,14.9265060775,55.1840849266,0.1439196804,0.4061105669
320000.68,0.72,.28,15.3226746504,51.7922559193,0.0735741293,0.5511473090
320000.68,0.74,.26,15.8366358391,47.9945410270,0.0677806628,0.3278663574
320000.68,0.76,.24,16.3276506811,44.4199957613,0.1206672436,0.3468026696
320000.68,0.78,.22,16.7846671312,40.7653888850,0.0986199826,0.4094552441
320000.68,0.8,.20,17.1102916087,37.2109576201,0.1001790365,0.3265425863
320000.68,0.82,.18,17.5604056662,33.1475914301,0.1417377260,0.1145533125
320000.68,0.84,.16,17.9766035032,29.8049487606,0.1210636237,0.3362870914
320000.68,0.86,.14,18.5108610128,26.1140014629,0.1899458725,0.3756471360
320000.68,0.88,.12,18.8001246724,22.4752829570,0.1377447973,0.4103421812
320000.68,0.9,.10,19.4006122821,18.8085626069,0.2237826811,0.1773004016
320000.68,0.92,.08,19.7561060416,14.7765224236,0.0474618085,0.1434042735
320000.68,0.94,.06,20.1677022836,11.3232245795,0.1006208032,0.0988334564
320000.68,0.96,.04,20.5335496319,7.5026912830,0.1101790155,0.0431280018
320000.68,0.98,.02,20.9704751894,3.7654310761,0.2023948744,0.0543501152
320000.68,1,0,21.4540329823,0.0000000000,0.2379594890,0.0000000000
340000.66,0,1.00,0.0000000000,196.4323729387,0.0000000000,1.6760947013
340000.66,0.02,.98,0.4574273068,192.4364478098,0.0087998084,1.4284119011
340000.66,0.04,.96,0.9284745132,188.1287838411,0.0120104277,2.6814271571
340000.66,0.06,.94,1.3907293862,184.1640720354,0.0043648875,1.4618551179
340000.66,0.08,.92,1.8447876681,180.3547507449,0.0196485637,2.4466522173
340000.66,0.1,.90,2.3082545684,176.6760859463,0.0246483275,0.6961063484
340000.66,0.12,.88,2.7622923074,171.9027011660,0.0123361478,2.0588878783
340000.66,0.14,.86,3.2025047185,167.3465137882,0.0283622750,0.9954318443
340000.66,0.16,.84,3.6744147239,163.2825278391,0.0183111889,1.9372715262
340000.66,0.18,.82,4.1188384162,158.7130438110,0.0207143922,1.2251636963
340000.66,0.2,.80,4.6028276086,154.3600247427,0.0353661107,1.5161821293
340000.66,0.22,.78,5.0058164027,150.5013480891,0.0691245544,1.7618447066
340000.66,0.24,.76,5.5028913810,146.7326491921,0.0438106614,0.9489052745
340000.66,0.26,.74,5.9399196527,142.5318091598,0.0318648033,1.4811671090
340000.66,0.28,.72,6.3737637849,139.2399867386,0.0531337044,1.4671281817
340000.66,0.3,.70,6.8116959413,134.3725675966,0.0456225972,0.6315341933
340000.66,0.32,.68,7.2612553423,129.9892930147,0.0542485547,0.6566041605
340000.66,0.34,.66,7.6498846947,126.8307188053,0.0449491444,1.0622428946
340000.66,0.36,.64,8.1650579106,123.1939722602,0.0448250194,1.3057776695
340000.66,0.38,.62,8.5686424469,118.7854565794,0.0316548667,0.7832096064
340000.66,0.4,.60,9.0314108908,115.5545959193,0.0781881673,1.0360467939
340000.66,0.42,.58,9.4756291547,112.1138622829,0.1069838206,1.1562846360
340000.66,0.44,.56,9.9721494765,108.8208003435,0.0580945534,0.9390096307
340000.66,0.46,.54,10.3557869200,103.7187178601,0.0751191612,0.7645093613
340000.66,0.48,.52,10.8058598919,100.3543272795,0.0574674096,1.4621248631
340000.66,0.5,.50,11.3105973477,96.3456689177,0.0596732458,1.4159186390
340000.66,0.52,.48,11.7433116240,92.4844568859,0.0314559112,0.7341168546
340000.66,0.54,.46,12.1882283442,88.1336351454,0.1139730126,0.8995392589
340000.66,0.56,.44,12.5917717949,84.9135357575,0.1105704800,1.2152099431
340000.66,0.58,.42,13.1084446378,80.6095340018,0.0676348889,0.9189234371
340000.66,0.6,.40,13.5365162334,77.4809899391,0.0950508499,0.7957416002
340000.66,0.62,.38,14.0288458168,73.7360672558,0.0881918258,0.7826435201
340000.66,0.64,.36,14.4923332599,70.0740796118,0.0749054160,0.7528941805
340000.66,0.66,.34,14.8893440890,65.7801630273,0.1619778832,0.4665131594
340000.66,0.68,.32,15.4218143720,62.1929408705,0.1163083716,0.5419530362
340000.66,0.7,.30,15.7801019572,58.1669292532,0.0728840610,0.5223445219
340000.66,0.72,.28,16.3265824537,54.6494018270,0.0969866048,0.3675687359
340000.66,0.74,.26,16.8291012833,50.8035710898,0.1221829659,0.4971619094
340000.66,0.76,.24,17.2350687884,46.7957578541,0.1086006944,0.5567085085
340000.66,0.78,.22,17.7013295142,43.3927168409,0.1362383322,0.4474378461
340000.66,0.8,.20,18.1498412307,39.3157159501,0.1015103265,0.2514416746
340000.66,0.82,.18,18.7220208137,35.4662793417,0.2511860607,0.4765205128
340000.66,0.84,.16,19.2002785552,31.5454014086,0.0605612896,0.2513853382
340000.66,0.86,.14,19.6954635927,27.6457079693,0.2189216094,0.1404202106
340000.66,0.88,.12,20.0550659193,23.8372881466,0.0580544307,0.2400210900
340000.66,0.9,.10,20.4446196993,19.8436166873,0.1481099958,0.2403178694
340000.66,0.92,.08,20.9009993215,15.7133728535,0.1337819889,0.0924397890
340000.66,0.94,.06,21.3696635590,12.0363419653,0.1167118930,0.2288058347
340000.66,0.96,.04,21.8510438114,7.9493122451,0.1416729281,0.1070313713
340000.66,0.98,.02,22.3076494048,4.0171659643,0.2010371347,0.0749229778
340000.66,1,0,22.7496901282,0.0000000000,0.1969703732,0.0000000000
360000.64,0,1.00,0.0000000000,208.6794893482,0.0000000000,3.0648337422
360000.64,0.02,.98,0.4917749269,204.1709107396,0.0068226448,2.1037700638
360000.64,0.04,.96,0.9847618811,200.0462447379,0.0140561790,2.5390725505
360000.64,0.06,.94,1.4720584700,195.5839226967,0.0212402466,2.0861232540
360000.64,0.08,.92,1.9509119536,190.3196886895,0.0205586954,2.6075047085
360000.64,0.1,.90,2.4372841150,185.6518883275,0.0338687038,1.3192517223
360000.64,0.12,.88,2.9202667085,181.7361374927,0.0226794021,2.0060441177
360000.64,0.14,.86,3.4072756977,176.7999814295,0.0217259804,0.9952135235
360000.64,0.16,.84,3.8779120474,171.7445499057,0.0446404160,1.9410779439
360000.64,0.18,.82,4.3563546744,168.4505864984,0.0379634569,1.7152257958
360000.64,0.2,.80,4.8565727065,163.9826866251,0.0225228501,0.6126790431
360000.64,0.22,.78,5.3191357220,159.8929525014,0.0619180294,1.9476144464
360000.64,0.24,.76,5.8003516317,155.2152923351,0.0245257816,0.6174435988
360000.64,0.26,.74,6.2479183777,151.6271123687,0.0479247820,0.8365202879
360000.64,0.28,.72,6.7385634487,147.1768474595,0.0729011595,1.7035197606
360000.64,0.3,.70,7.2152393919,142.2459875198,0.0471012070,0.4416222232
360000.64,0.32,.68,7.7040561506,138.3777327706,0.0216066149,1.0398766765
360000.64,0.34,.66,8.1643183686,134.0211078310,0.0611082922,1.3833896949
360000.64,0.36,.64,8.6380361435,130.2066031006,0.0584715932,1.8820994219
360000.64,0.38,.62,9.1615292077,126.1144462821,0.0945269242,1.0603447815
360000.64,0.4,.60,9.5978590229,121.5871622162,0.0513689181,1.4192512476
360000.64,0.42,.58,10.0545878733,117.0141850003,0.1183154811,0.7150722741
360000.64,0.44,.56,10.5231288539,114.0529759014,0.0796271401,2.4138767741
360000.64,0.46,.54,10.9935597752,109.6046829530,0.1040481172,1.8566895055
360000.64,0.48,.52,11.4884572130,105.7243147301,0.0567616454,1.2344883346
360000.64,0.5,.50,11.9081473319,100.5372125631,0.0497325172,1.5309427241
360000.64,0.52,.48,12.4354408206,97.7025470091,0.0550795968,1.1639629970
360000.64,0.54,.46,12.8773172013,93.0944125483,0.1185878534,0.9641231224
360000.64,0.56,.44,13.3377026763,89.0976986351,0.0876313898,0.1440197405
360000.64,0.58,.42,13.8570666306,85.7535347387,0.0811863739,1.3917021555
360000.64,0.6,.40,14.3158086788,80.9874180427,0.0757836140,0.5383464523
360000.64,0.62,.38,14.7806724919,77.4128727771,0.0671662863,0.7575830032
360000.64,0.64,.36,15.2237814427,73.3905797145,0.1669381093,0.7418295176
360000.64,0.66,.34,15.7033539256,69.1647239503,0.0919991828,1.5211403897
360000.64,0.68,.32,16.2234574220,65.2284647226,0.1013290766,1.4691765675
360000.64,0.7,.30,16.6709625395,61.4065792244,0.1036135406,0.3419820310
360000.64,0.72,.28,17.2061239339,57.1660746081,0.1648272199,0.4900890621
360000.64,0.74,.26,17.6161383775,53.6438144759,0.1244601890,0.7255469859
360000.64,0.76,.24,18.1558602813,49.1096003762,0.0734153639,0.4555365857
360000.64,0.78,.22,18.6346726793,45.3738050546,0.0554495874,0.3532899439
360000.64,0.8,.20,19.1954715318,41.7369458260,0.2591589726,0.3372414848
360000.64,0.82,.18,19.6752289003,37.4498465919,0.1500331128,0.4972777716
360000.64,0.84,.16,20.1218506758,33.2290615841,0.1706684894,0.3900654146
360000.64,0.86,.14,20.6039704703,29.0014592260,0.1061849792,0.2903957696
360000.64,0.88,.12,21.2377785584,25.1243588239,0.1327256276,0.2962388199
360000.64,0.9,.10,21.6305164778,21.0332161567,0.1653748827,0.3386782256
360000.64,0.92,.08,22.2017305476,16.8164314124,0.1631415610,0.2125777060
360000.64,0.94,.06,22.6690595008,12.6387478348,0.1457728906,0.1358504409
360000.64,0.96,.04,23.0988566946,8.4999400567,0.1144634073,0.1235751280
360000.64,0.98,.02,23.5959522157,4.1669223056,0.1817915254,0.0867114016
360000.64,1,0,24.0903977112,0.0000000000,0.1264285243,0.0000000000
380000.62,0,1.00,0.0000000000,221.0449797506,0.0000000000,0.5399847609
380000.62,0.02,.98,0.5215620376,215.4731761923,0.0045186405,3.4002946302
380000.62,0.04,.96,1.0427132186,211.5887513642,0.0075851150,0.8801847037
380000.62,0.06,.94,1.5556267227,207.4878615762,0.0137428937,1.5698416427
380000.62,0.08,.92,2.0696700827,202.5882149597,0.0237541895,1.7059990431
380000.62,0.1,.90,2.5911088634,196.8036649963,0.0253503056,2.0717444711
380000.62,0.12,.88,3.0933195505,192.4525615471,0.0084859989,1.0201781845
380000.62,0.14,.86,3.6121699339,188.1911541458,0.0295440399,2.6452269023
380000.62,0.16,.84,4.1077247424,182.4903280060,0.0388238097,1.8272246009
380000.62,0.18,.82,4.6355318019,178.3545626818,0.0467549894,1.8748016870
380000.62,0.2,.80,5.1342707499,174.8557407129,0.0149030203,2.3853397794
380000.62,0.22,.78,5.6280177890,169.6137616925,0.0357508016,1.4983631002
380000.62,0.24,.76,6.1152732922,163.5655887340,0.0579330958,1.0358270438
380000.62,0.26,.74,6.6383554996,160.0765138858,0.0451168642,0.7758743274
380000.62,0.28,.72,7.1572264259,155.6724492023,0.0248301282,1.9161854436
380000.62,0.3,.70,7.6071350551,151.4557771415,0.0827973684,1.3767913679
380000.62,0.32,.68,8.1338738871,146.9743552508,0.0937999323,2.3265488487
380000.62,0.34,.66,8.6378101723,142.8016860879,0.0677666274,0.8881280849
380000.62,0.36,.64,9.1141163445,138.2294976563,0.0785185380,0.5021541408
380000.62,0.38,.62,9.5778913873,132.7460379441,0.0744171131,1.5701551943
380000.62,0.4,.60,10.0781915907,128.3803419846,0.0400501292,1.0913702952
380000.62,0.42,.58,10.5236424247,124.1414712788,0.0766912082,1.4100486463
380000.62,0.44,.56,11.0991294042,120.0056496129,0.0446084414,1.0076517662
380000.62,0.46,.54,11.5611172204,115.4859153399,0.0687255541,0.9362701310
380000.62,0.48,.52,12.0207015249,111.3649678931,0.0969938975,1.0243158095
380000.62,0.5,.50,12.5571365751,107.1459858209,0.1204111894,0.8968899895
380000.62,0.52,.48,13.0749392739,102.6153775925,0.0999129364,0.9414653690
380000.62,0.54,.46,13.5771294181,98.7955767386,0.0879220417,1.0700461975
380000.62,0.56,.44,13.9559392954,93.5514003903,0.0968104064,0.8826082664
380000.62,0.58,.42,14.5465252586,89.6993720619,0.0740374576,1.1171133200
380000.62,0.6,.40,15.0161344666,85.6468798275,0.1195006892,0.7064449487
380000.62,0.62,.38,15.4974941762,81.8228533432,0.0787500847,0.7829941590
380000.62,0.64,.36,16.0591147420,77.8054620119,0.0700045446,0.9486610069
380000.62,0.66,.34,16.4546054013,73.0494304871,0.0744579073,0.6333433885
380000.62,0.68,.32,17.1169885729,68.8306737820,0.2046512863,0.3591678647
380000.62,0.7,.30,17.5408283444,64.6692166250,0.1878465548,0.5925341608
380000.62,0.72,.28,18.0693954888,60.8322315408,0.1994640681,0.6980260448
380000.62,0.74,.26,18.6627136491,56.1828549273,0.1019153450,0.7032148871
380000.62,0.76,.24,19.1871927693,51.7793536612,0.1087239911,0.3607524235
380000.62,0.78,.22,19.6755164999,47.7299602223,0.1742414516,0.6432303492
380000.62,0.8,.20,20.2794142202,43.2887099913,0.1410970565,0.6606570138
380000.62,0.82,.18,20.7180448330,39.3578032288,0.1703181105,0.8607660160
380000.62,0.84,.16,21.3145060471,35.1158900691,0.0981359804,0.3225398707
380000.62,0.86,.14,21.7846904544,30.6746961798,0.0865717329,0.3113607017
380000.62,0.88,.12,22.3703666800,26.4331210705,0.1802761832,0.2541595801
380000.62,0.9,.10,22.8670924302,21.9732217241,0.1514747232,0.4331204579
380000.62,0.92,.08,23.2337820348,17.6280341574,0.1708141018,0.1396838159
380000.62,0.94,.06,23.9324849386,13.3692748178,0.2011976624,0.2139768463
380000.62,0.96,.04,24.3551537686,8.9498288397,0.2432726705,0.1213319722
380000.62,0.98,.02,24.9312775760,4.4509410101,0.1364438210,0.0504022380
380000.62,1,0,25.4191493642,0.0000000000,0.2438180283,0.0000000000
400000.6,0,1.00,0.0000000000,234.7234016883,0.0000000000,1.0172246883
400000.6,0.02,.98,0.5445289272,227.7397868434,0.0123649806,3.0960063622
400000.6,0.04,.96,1.0924063364,223.6496019858,0.0111798926,1.2658019482
400000.6,0.06,.94,1.6391333470,219.1497563466,0.0152450754,2.8552359264
400000.6,0.08,.92,2.1918383225,214.9357886892,0.0107969276,0.8073681524
400000.6,0.1,.90,2.7399211601,208.4418398947,0.0314176872,1.4300302489
400000.6,0.12,.88,3.2495478106,203.3772810092,0.0227473046,2.3176879919
400000.6,0.14,.86,3.7987194185,198.3598238172,0.0218061016,1.2384213439
400000.6,0.16,.84,4.3351133830,193.4983768995,0.0138862575,1.3084841409
400000.6,0.18,.82,4.8744244301,188.7444300191,0.0247413008,1.6040928012
400000.6,0.2,.80,5.4173510161,185.0695964587,0.0224969172,2.4178988671
400000.6,0.22,.78,5.9344141729,178.5026287709,0.0516853859,1.7069515932
400000.6,0.24,.76,6.4605983484,174.3665253963,0.0272588331,1.8153109076
400000.6,0.26,.74,7.0001764523,169.3923386596,0.0199773332,0.9971534523
400000.6,0.28,.72,7.5194376925,163.8225634039,0.0230595417,2.1762210625
400000.6,0.3,.70,8.0322484824,159.8092850195,0.0306237692,2.2122504965
400000.6,0.32,.68,8.5547554905,154.8175760021,0.0365947729,1.1309779056
400000.6,0.34,.66,9.0759888427,150.5338009305,0.0391411540,1.1540873008
400000.6,0.36,.64,9.6393966353,146.1317082079,0.1205262224,1.1903807144
400000.6,0.38,.62,10.1323630466,140.0461806767,0.0503692744,1.1880133750
400000.6,0.4,.60,10.5882701836,135.5320805776,0.0519548795,0.4855453958
400000.6,0.42,.58,11.1433581280,130.9440037758,0.1286397406,1.6881280769
400000.6,0.44,.56,11.7111415444,126.9570369833,0.0609599663,1.4546433512
400000.6,0.46,.54,12.1969795920,121.6965215309,0.0882487240,0.8651362070
400000.6,0.48,.52,12.6898843748,116.5527461609,0.0845422545,0.9855043946
400000.6,0.5,.50,13.2816207368,112.7843853144,0.0908752305,1.4324960382
400000.6,0.52,.48,13.7123012724,107.3297725724,0.1045670307,1.1316120436
400000.6,0.54,.46,14.2551867728,103.5207893323,0.0279899902,0.7231811070
400000.6,0.56,.44,14.7595750004,99.0459594250,0.0644864171,0.9986941631
400000.6,0.58,.42,15.2231446148,94.5247602669,0.1171783112,0.9040438124
400000.6,0.6,.40,15.7947079128,90.2956930236,0.1207264061,1.2038734130
400000.6,0.62,.38,16.3489330581,85.6132438095,0.1581625284,0.5842065511
400000.6,0.64,.36,16.8601620498,81.1408365970,0.0891815272,0.7877587738
400000.6,0.66,.34,17.4806583807,76.5266172284,0.0596422556,0.4026297535
400000.6,0.68,.32,17.9797260141,72.5811179556,0.1428441112,0.2198375943
400000.6,0.7,.30,18.4948786872,67.8416509021,0.0996044243,0.7580498305
400000.6,0.72,.28,19.0285609975,63.6555160636,0.2514502576,0.5723884290
400000.6,0.74,.26,19.5617297369,59.1148790056,0.1242832915,0.6514512523
400000.6,0.76,.24,19.9345205635,54.2659399539,0.1812746931,0.4285930651
400000.6,0.78,.22,20.7497629703,49.9496556992,0.0785632669,0.6660838732
400000.6,0.8,.20,21.2567395951,45.8491039617,0.1647528697,0.4264924397
400000.6,0.82,.18,21.6588245044,41.1159471828,0.2145237029,0.4397754638
400000.6,0.84,.16,22.2975834157,36.8199459540,0.2206432498,0.4585948717
400000.6,0.86,.14,22.8375723763,32.1358628295,0.1281402090,0.3432787954
400000.6,0.88,.12,23.3393311210,27.5312778982,0.1350991448,0.3076350575
400000.6,0.9,.10,23.9581840252,23.1165646261,0.2669174812,0.3052727619
400000.6,0.92,.08,24.4744460114,18.4914713019,0.1987070211,0.1360492714
400000.6,0.94,.06,25.1217096564,13.9658774882,0.1578955940,0.1836795520
400000.6,0.96,.04,25.6528035695,9.3478268814,0.0737561349,0.1770690793
400000.6,0.98,.02,26.1803435721,4.6746740542,0.2891419635,0.0587892249
400000.6,1,0,26.7274814393,0.0000000000,0.1617661910,0.0000000000
420000.58,0,1.00,0.0000000000,248.3058173034,0.0000000000,2.6523422220
420000.58,0.02,.98,0.5747063518,242.4828422742,0.0098527913,0.7591117686
420000.58,0.04,.96,1.1491661895,235.5883600598,0.0294354990,1.1629839312
420000.58,0.06,.94,1.7263787672,229.8393053917,0.0161572443,0.1568810534
420000.58,0.08,.92,2.2922927856,225.2248606561,0.0129967568,2.7449310446
420000.58,0.1,.90,2.8492501279,218.9547012475,0.0215637139,2.6593130985
420000.58,0.12,.88,3.4282499322,213.9429345711,0.0208962193,1.7395952602
420000.58,0.14,.86,3.9919658673,207.9407928131,0.0234056043,1.1864674756
420000.58,0.16,.84,4.5706986147,205.1817378723,0.0378951647,2.4979162200
420000.58,0.18,.82,5.1345994353,200.1558294196,0.0430554492,1.5952075411
420000.58,0.2,.80,5.7039235643,193.3935812657,0.0374340509,2.0738713381
420000.58,0.22,.78,6.2248487740,188.7391338957,0.0299728632,3.3813155675
420000.58,0.24,.76,6.8047319202,183.0371809211,0.0442730868,0.3746474070
420000.58,0.26,.74,7.3631478038,178.4084817257,0.0542813661,2.3968032109
420000.58,0.28,.72,7.9188725761,174.1494406774,0.0720136871,3.0463386953
420000.58,0.3,.70,8.4281089127,167.8069384763,0.0721128332,1.7158132009
420000.58,0.32,.68,8.9944132450,162.9240816979,0.0366563281,0.9363663276
420000.58,0.34,.66,9.5753440758,158.2559996272,0.0652430220,2.2418225559
420000.58,0.36,.64,10.0937630597,152.7629618194,0.0695392603,0.6147047830
420000.58,0.38,.62,10.6209332913,147.9168961964,0.0320350158,0.9266648031
420000.58,0.4,.60,11.1724673252,143.9347184517,0.0835181729,0.9792769764
420000.58,0.42,.58,11.7015685833,137.5990336010,0.0734367672,0.5651053733
420000.58,0.44,.56,12.2254108756,132.7653631605,0.0721350175,1.2602936721
420000.58,0.46,.54,12.7931532063,129.0506959908,0.1206350668,1.7489648121
420000.58,0.48,.52,13.3319506825,122.9207148279,0.0915791452,1.4039807430
420000.58,0.5,.50,13.9071911480,118.7362702415,0.1348097636,2.3129349386
420000.58,0.52,.48,14.4463789381,113.7876063124,0.0602414203,1.5118712410
420000.58,0.54,.46,14.8697051388,108.7662051987,0.1117052000,1.0354214722
420000.58,0.56,.44,15.5259665455,103.4875477065,0.0713888884,1.0065144790
420000.58,0.58,.42,16.0549240037,99.5848118133,0.1379876653,0.9862615665
420000.58,0.6,.40,16.5624963707,94.8007784445,0.1319015477,0.5968987740
420000.58,0.62,.38,17.0571267517,89.5905761646,0.1154831184,0.8976500593
420000.58,0.64,.36,17.6909553826,85.4377392937,0.1511906262,0.7042573196
420000.58,0.66,.34,18.2267946905,80.2436507511,0.0934144738,0.5724906158
420000.58,0.68,.32,18.6700885269,75.7709618299,0.1190230508,0.7365577745
420000.58,0.7,.30,19.2713773071,70.8016204827,0.1061328325,0.6114941624
420000.58,0.72,.28,19.9387934732,67.1992987399,0.1080983925,0.3674171159
420000.58,0.74,.26,20.4722292695,61.9793493393,0.1410142883,0.4736922864
420000.58,0.76,.24,20.9927436226,57.2159933886,0.1240109588,0.7590963004
420000.58,0.78,.22,21.6447732052,52.7231904667,0.0904266992,0.6586925010
420000.58,0.8,.20,22.1880284766,47.7136211181,0.1819082539,0.5120726996
420000.58,0.82,.18,22.8159818567,43.1795197019,0.1216838342,0.5224317626
420000.58,0.84,.16,23.4063007631,38.5668215602,0.0839047839,0.5002681189
420000.58,0.86,.14,23.9199948949,33.7382218761,0.1207345477,0.4863124124
420000.58,0.88,.12,24.3261267428,28.8017277626,0.2070405024,0.3964805542
420000.58,0.9,.10,25.0092581776,24.2635697411,0.1544947559,0.3309289531
420000.58,0.92,.08,25.5718647996,19.3099477390,0.1456531250,0.1899300117
420000.58,0.94,.06,26.2603168287,14.6856995409,0.2481887186,0.1428824042
420000.58,0.96,.04,26.7816939809,9.8226750545,0.1348490489,0.0904167111
420000.58,0.98,.02,27.3466630288,4.8716447724,0.2563161142,0.0826174988
420000.58,1,0,27.8365891006,0.0000000000,0.1555023924,0.0000000000
440000.56,0,1.00,0.0000000000,260.5160862159,0.0000000000,3.0862558226
440000.56,0.02,.98,0.6029116642,254.5109020040,0.0175274042,2.4402178341
440000.56,0.04,.96,1.1972775091,247.9770632585,0.0167404823,3.8370633694
440000.56,0.06,.94,1.8155962995,242.1370730243,0.0081247838,1.6281808786
440000.56,0.08,.92,2.4112563430,237.5660114274,0.0217300964,1.4486502854
440000.56,0.1,.90,2.9846684962,230.5979469023,0.0170003331,1.2890618984
440000.56,0.12,.88,3.6196269830,224.8209467319,0.0244718544,2.6750552844
440000.56,0.14,.86,4.1985651588,220.3194671823,0.0179805313,0.9892316525
440000.56,0.16,.84,4.7717924264,214.6783632854,0.0112065496,1.4378215994
440000.56,0.18,.82,5.3657268718,209.5683929586,0.0290036083,2.5617840089
440000.56,0.2,.80,5.9465755312,202.2523618557,0.0455554179,3.4548520987
440000.56,0.22,.78,6.5481519111,198.9123109063,0.0563094463,2.0507448371
440000.56,0.24,.76,7.1147643859,193.6776563119,0.0336761407,1.4590267928
440000.56,0.26,.74,7.7052476350,185.9850933697,0.0511876955,1.8626125543
440000.56,0.28,.72,8.2749620779,180.9057166070,0.0784702507,1.9887571538
440000.56,0.3,.70,8.8260030837,174.6343176801,0.0674127305,1.5165453075
440000.56,0.32,.68,9.3836999681,171.8972923591,0.0598645131,1.6789907520
440000.56,0.34,.66,10.0242871917,166.0554991893,0.0553781654,0.3404766857
440000.56,0.36,.64,10.5557508758,159.9724506946,0.0368345283,1.7106827762
440000.56,0.38,.62,11.1309091700,155.3802046040,0.0604436421,2.7258780179
440000.56,0.4,.60,11.6907425092,149.8849694685,0.0443687501,0.9042461632
440000.56,0.42,.58,12.2607034661,144.8216501012,0.0814696523,1.5861654731
440000.56,0.44,.56,12.8300070523,139.2599880558,0.1465459386,0.5059333537
440000.56,0.46,.54,13.4174705046,134.1139026746,0.0897044985,1.3412648345
440000.56,0.48,.52,13.9982575355,128.8921503383,0.1293455490,2.0806703740
440000.56,0.5,.50,14.5482919425,123.9949827583,0.1254399409,0.6388588066
440000.56,0.52,.48,15.1630773653,119.1633406203,0.0321963500,0.3289130079
440000.56,0.54,.46,15.7327096368,114.8703818454,0.1135949135,1.2022428519
440000.56,0.56,.44,16.1927253408,109.0407584911,0.0706774645,1.2026548501
440000.56,0.58,.42,16.7429857190,104.2527812005,0.1433471121,0.7500063252
440000.56,0.6,.40,17.2427928944,98.4570192311,0.1308020554,1.5210622511
440000.56,0.62,.38,17.8784909232,93.7580618876,0.1882178670,0.9316017316
440000.56,0.64,.36,18.5383267832,88.7013908456,0.1237421399,1.0748979231
440000.56,0.66,.34,19.1156420750,83.8275487454,0.1578019301,0.7739559084
440000.56,0.68,.32,19.6414975652,79.0080764229,0.1654443292,1.1963271271
440000.56,0.7,.30,20.2632880948,74.1995907395,0.1129022142,1.0362879258
440000.56,0.72,.28,20.7806388512,69.5391148035,0.1654555822,0.7565372532
440000.56,0.74,.26,21.3811470038,64.4675695424,0.1448710143,0.4567384091
440000.56,0.76,.24,22.0069844718,59.6078128769,0.1344009035,1.0783414524
440000.56,0.78,.22,22.5110029284,54.5997647553,0.0721524288,0.4001309021
440000.56,0.8,.20,23.0083244208,49.8931449353,0.2111185692,0.5704770428
440000.56,0.82,.18,23.7329112966,44.7042398327,0.1380488691,0.4070168583
440000.56,0.84,.16,24.3296395675,39.8889367989,0.1401106207,0.5198238327
440000.56,0.86,.14,25.0367239480,35.2316723420,0.2245373043,0.4591504266
440000.56,0.88,.12,25.6581652494,30.2609224513,0.1891612474,0.3519973281
440000.56,0.9,.10,26.2531473793,25.3136670657,0.1208672004,0.3101278754
440000.56,0.92,.08,26.8677273738,20.4322751725,0.3052841709,0.1738472166
440000.56,0.94,.06,27.4657703861,15.3446725159,0.1671219788,0.2168770800
440000.56,0.96,.04,28.1439509978,10.2944807738,0.1800486082,0.1128980084
440000.56,0.98,.02,28.5029781249,5.1104774025,0.1395687166,0.0698443597
440000.56,1,0,29.1505909981,0.0000000000,0.1776810862,0.0000000000
460000.54,0,1.00,0.0000000000,272.1265973206,0.0000000000,3.3281754424
460000.54,0.02,.98,0.6294119214,265.0604981703,0.0139066758,2.7557519953
460000.54,0.04,.96,1.2646785507,260.7611727789,0.0066054051,1.5914891757
460000.54,0.06,.94,1.9013010071,255.7668720415,0.0109573316,1.6063360141
460000.54,0.08,.92,2.5257621053,247.2432121128,0.0153418287,2.6072487674
460000.54,0.1,.90,3.1546193701,241.8674214632,0.0185914723,1.6824022820
460000.54,0.12,.88,3.7533402960,237.2432859486,0.0253453341,1.1889072814
460000.54,0.14,.86,4.3971527447,231.9760094875,0.0421457994,0.8150320027
460000.54,0.16,.84,5.0053233746,224.1547056726,0.0364513715,1.9236447411
460000.54,0.18,.82,5.5921499991,218.7674776500,0.0167966759,1.9324738456
460000.54,0.2,.80,6.2430086402,213.5460633642,0.0211164418,1.7294761786
460000.54,0.22,.78,6.8338000317,206.6278612778,0.0582803023,2.3167618091
460000.54,0.24,.76,7.4262759358,201.0533533159,0.0494037553,2.0765263113
460000.54,0.26,.74,8.0214840369,195.0669872447,0.0649938797,1.8845900990
460000.54,0.28,.72,8.6799640697,191.0846968166,0.0384397965,1.6742404164
460000.54,0.3,.70,9.2503564262,184.5910297308,0.0173089589,1.7322421939
460000.54,0.32,.68,9.8759268374,178.8742025372,0.0668525057,1.3009340581
460000.54,0.34,.66,10.4320419235,173.3212734613,0.0496343335,1.2484168402
460000.54,0.36,.64,11.0778881129,167.9822176252,0.0928931254,2.2824538906
460000.54,0.38,.62,11.6848056299,162.2392478649,0.1339432590,2.1920304917
460000.54,0.4,.60,12.2738508805,157.5588269534,0.0606239505,1.1837961462
460000.54,0.42,.58,12.8357385032,150.1063361595,0.0674840415,1.3119334599
460000.54,0.44,.56,13.3903334196,146.2266440375,0.1262715705,1.2117448782
460000.54,0.46,.54,14.0003118190,140.1465816549,0.0977573148,1.4899334732
460000.54,0.48,.52,14.6484382630,135.1941991711,0.0408836215,1.4926502798
460000.54,0.5,.50,15.1776216925,129.4234529336,0.1229942877,0.9611560197
460000.54,0.52,.48,15.7594153223,124.5626821168,0.0431734951,0.5116254358
460000.54,0.54,.46,16.3496931430,118.4650974535,0.1625586203,1.0442748091
460000.54,0.56,.44,16.9968335310,113.8900355932,0.1077899867,1.1647505233
460000.54,0.58,.42,17.5137528879,108.6225337652,0.0921803706,0.8215961320
460000.54,0.6,.40,18.2351761672,103.7000124028,0.1095900240,1.3230592914
460000.54,0.62,.38,18.7278344360,98.8331003365,0.1400218406,0.5134933726
460000.54,0.64,.36,19.3792477337,92.3135723926,0.0863401635,1.0733741176
460000.54,0.66,.34,19.8664210655,87.9231424099,0.1030526361,0.7764094710
460000.54,0.68,.32,20.4835483716,82.3969193181,0.1157087596,0.4696919892
460000.54,0.7,.30,21.0021933267,77.2784977305,0.1523336075,0.5203435754
460000.54,0.72,.28,21.6816886797,72.6624190845,0.1545385226,0.5810573658
460000.54,0.74,.26,22.2590450572,67.1464501891,0.1825530750,0.6485966590
460000.54,0.76,.24,22.9071098728,62.1724324776,0.1003062253,0.7300169837
460000.54,0.78,.22,23.5308725145,57.2700814577,0.0957064384,0.6253250742
460000.54,0.8,.20,24.1115979169,52.2588781987,0.1855162294,0.6035539553
460000.54,0.82,.18,24.7782539981,46.9313724190,0.0527037876,0.7100634742
460000.54,0.84,.16,25.4069263774,41.8450656224,0.0894998064,0.3250890274
460000.54,0.86,.14,26.0032027059,36.6567802789,0.1061747188,0.3251288690
460000.54,0.88,.12,26.5301058807,31.3799257223,0.1567143324,0.2453533368
460000.54,0.9,.10,27.3699586037,26.3565526477,0.3011191948,0.3062511205
460000.54,0.92,.08,27.8639316140,21.0253846551,0.1613924673,0.2447889679
460000.54,0.94,.06,28.6486473679,16.0326051446,0.2389479483,0.1229680403
460000.54,0.96,.04,29.2612347074,10.7140013597,0.4265827605,0.0920346777
460000.54,0.98,.02,29.8315448925,5.2961797730,0.2792570078,0.0861335423
460000.54,1,0,30.4390170661,0.0000000000,0.1684537033,0.0000000000
480000.52,0,1.00,0.0000000000,285.1961340889,0.0000000000,2.4196137251
480000.52,0.02,.98,0.6620955718,279.6697419719,0.0097476823,2.4482216756
480000.52,0.04,.96,1.3157069528,272.5143975076,0.0044772480,0.9674216731
480000.52,0.06,.94,1.9697291905,267.2641362516,0.0285304724,2.2636760197
480000.52,0.08,.92,2.6314549913,258.9838162921,0.0085665732,1.1731519049
480000.52,0.1,.90,3.2802388061,252.6623295595,0.0180352054,1.3726937191
480000.52,0.12,.88,3.9295772774,248.2398411275,0.0331548589,1.2395683972
480000.52,0.14,.86,4.5735129831,240.6971472101,0.0365050850,2.7743290640
480000.52,0.16,.84,5.2128881794,236.7511408616,0.0312165170,2.7959319563
480000.52,0.18,.82,5.8450322978,229.0650572194,0.0471593409,1.6885613341
480000.52,0.2,.80,6.5069018985,222.6692557336,0.0362563576,2.5509619724
480000.52,0.22,.78,7.1149081858,216.6840728389,0.0254166705,2.2736225979
480000.52,0.24,.76,7.7786060987,211.9311964515,0.0645239137,3.0268276505
480000.52,0.26,.74,8.4437009245,205.3056896973,0.0671113334,2.2411023676
480000.52,0.28,.72,9.0307124344,199.6174277652,0.0730973103,1.7745231294
480000.52,0.3,.70,9.6630208955,193.7678030937,0.0441469322,2.4729872359
480000.52,0.32,.68,10.2860439952,186.9272399231,0.1215237162,1.4919418095
480000.52,0.34,.66,10.9091492662,181.8245940223,0.0916868046,1.3177553860
480000.52,0.36,.64,11.5278378277,175.6300452269,0.0777486892,1.2634308207
480000.52,0.38,.62,12.2021563864,170.2772983483,0.0906858949,1.4879996829
480000.52,0.4,.60,12.8019249968,164.6088687082,0.0513696303,1.9200908051
480000.52,0.42,.58,13.4222775280,157.8377185596,0.0773325691,1.2208681924
480000.52,0.44,.56,14.0342691253,153.0698552698,0.1626533888,1.0526127708
480000.52,0.46,.54,14.6262520013,147.2515566049,0.1236143482,1.5090672368
480000.52,0.48,.52,15.2329846328,141.3589431868,0.0594091776,1.4291661876
480000.52,0.5,.50,15.8602190136,135.8095072986,0.1167247446,1.3141777034
480000.52,0.52,.48,16.4671776164,129.8700175540,0.1338871921,1.0994123181
480000.52,0.54,.46,17.0754304177,124.9324529474,0.1218859787,0.9017260414
480000.52,0.56,.44,17.6719738030,118.9865402445,0.0591037223,0.9411750903
480000.52,0.58,.42,18.2992492696,113.0957297620,0.0804234116,1.3712369292
480000.52,0.6,.40,18.9782105089,108.0774274440,0.1562923465,0.9242718710
480000.52,0.62,.38,19.5653247330,102.6148705168,0.1921415802,1.0993679276
480000.52,0.64,.36,20.1112505730,96.5486118602,0.0701012670,1.0580568183
480000.52,0.66,.34,20.6447890834,91.5135197041,0.1279458044,1.3333042719
480000.52,0.68,.32,21.3510312077,86.3786463288,0.1397043664,1.1445499372
480000.52,0.7,.30,22.0349021846,80.3473758919,0.1387729553,0.7840305796
480000.52,0.72,.28,22.4725467413,75.3434407172,0.1500762953,1.1615320342
480000.52,0.74,.26,23.1534184643,69.6111758872,0.0847209075,0.3633875370
480000.52,0.76,.24,23.9003148590,64.5279678863,0.1730002886,0.6703354841
480000.52,0.78,.22,24.4042922299,59.1416976732,0.0889038552,0.6412220520
480000.52,0.8,.20,25.1181146603,54.2857159041,0.1663388159,0.7662870058
480000.52,0.82,.18,25.8216245874,48.9978747085,0.1263567250,0.7224551044
480000.52,0.84,.16,26.4364305531,43.4096757042,0.1310306839,0.5612648194
480000.52,0.86,.14,27.0158206713,37.8521829474,0.1637935709,0.3162303169
480000.52,0.88,.12,27.7354156383,32.9974970384,0.2148837115,0.4433290615
480000.52,0.9,.10,28.4308727741,27.4194395470,0.1488374218,0.3458275354
480000.52,0.92,.08,29.1521727964,22.0256758827,0.1972776200,0.2970651271
480000.52,0.94,.06,29.6417085543,16.5202992342,0.2129293028,0.2278397030
480000.52,0.96,.04,30.3782719030,11.0935193111,0.1664476591,0.2171147476
480000.52,0.98,.02,31.2487129073,5.5628452219,0.1795738005,0.1019181940
480000.52,1,0,31.6999979065,0.0000000000,0.1542156901,0.0000000000
500000.5,0,1.00,0.0000000000,299.7947293019,0.0000000000,1.4140231039
500000.5,0.02,.98,0.6878562869,292.9892106928,0.0123734597,1.8807332296
500000.5,0.04,.96,1.3713780357,285.3532148562,0.0168824216,1.5943856600
500000.5,0.06,.94,2.0525373584,278.2066033614,0.0207849201,1.3474987873
500000.5,0.08,.92,2.7333269100,271.7261202424,0.0224031216,3.5153596855
500000.5,0.1,.90,3.4106652654,266.7454542058,0.0153828966,1.9568311712
500000.5,0.12,.88,4.0929955297,258.9528846776,0.0343300814,2.7560838921
500000.5,0.14,.86,4.7678892878,252.1809457446,0.0260249912,0.5767213231
500000.5,0.16,.84,5.4326759710,245.6095270595,0.0318620987,2.2980039722
500000.5,0.18,.82,6.1106716971,240.1255039299,0.0118815947,3.5119858355
500000.5,0.2,.80,6.8042388922,233.3548045153,0.0443640955,1.0811067124
500000.5,0.22,.78,7.4273647060,226.2837472920,0.0252723166,1.2240950193
500000.5,0.24,.76,8.0897889632,220.5453412125,0.0704739559,2.3884373562
500000.5,0.26,.74,8.7836026723,214.8735310680,0.0235473496,1.6957694314
500000.5,0.28,.72,9.4124393943,208.4130492663,0.0595435360,1.3762833178
500000.5,0.3,.70,10.0732818532,201.9183116874,0.0414673284,1.3228300044
500000.5,0.32,.68,10.7220656679,195.6817319549,0.0619828079,0.9347690969
500000.5,0.34,.66,11.3687130279,189.0914951291,0.0425104919,1.6869627730
500000.5,0.36,.64,12.0223449517,183.9841728640,0.0935989328,1.1780235896
500000.5,0.38,.62,12.7091330112,177.7203800718,0.0774516977,1.9547513215
500000.5,0.4,.60,13.3385860182,172.2730354141,0.0398531409,1.6278109737
500000.5,0.42,.58,13.9908621149,165.0276005097,0.0593229677,1.7626065433
500000.5,0.44,.56,14.6683648130,159.2233872795,0.0427352487,1.4818433484
500000.5,0.46,.54,15.2981259625,153.5894951251,0.1368637938,1.1632804439
500000.5,0.48,.52,15.8589248150,147.2192727887,0.1449242064,0.6038024380
500000.5,0.5,.50,16.5795263809,141.4487519181,0.1072981201,0.6064547831
500000.5,0.52,.48,17.1680786035,135.0841074138,0.0699589341,1.4260407424
500000.5,0.54,.46,17.8836677176,129.6126484919,0.0571390714,1.7427698255
500000.5,0.56,.44,18.5845070763,124.5071291625,0.1293580820,1.1861996452
500000.5,0.58,.42,19.0641001020,117.7785170266,0.1766042609,0.4073079321
500000.5,0.6,.40,19.7646107753,112.4124171559,0.0966772900,0.7562573768
500000.5,0.62,.38,20.3216913747,106.8626432174,0.1195076081,0.6112317877
500000.5,0.64,.36,20.9506924393,100.6898986748,0.1321197759,0.9113991473
500000.5,0.66,.34,21.6046530485,95.2566957935,0.1097609366,0.8706568889
500000.5,0.68,.32,22.2295044605,89.4307346521,0.1524992766,0.7045320811
500000.5,0.7,.30,22.8588547534,84.1600776868,0.2102697744,1.0952910750
500000.5,0.72,.28,23.4503651442,78.3545685966,0.1838203198,0.7705418636
500000.5,0.74,.26,24.1008129285,72.5048312415,0.2057019138,0.5629044687
500000.5,0.76,.24,24.7969685208,67.1826215853,0.1025618076,1.2471319781
500000.5,0.78,.22,25.4806135265,61.5719985690,0.1675028488,0.2917711551
500000.5,0.8,.20,26.1908615036,56.3593172527,0.1396079555,0.2401627394
500000.5,0.82,.18,26.7453537057,50.6342641653,0.3315667271,0.4562206024
500000.5,0.84,.16,27.2777623603,45.0310782585,0.1645209698,0.5768123414
500000.5,0.86,.14,28.1710880828,39.6229474508,0.0764119843,0.4828436116
500000.5,0.88,.12,28.7499235444,33.9769418227,0.1408195049,0.5000292532
500000.5,0.9,.10,29.4158195407,28.5725859116,0.1844934543,0.0927306239
500000.5,0.92,.08,30.0449438624,22.8319261625,0.3142134534,0.1329085407
500000.5,0.94,.06,31.0195370401,17.4384442069,0.1259285562,0.1303608735
500000.5,0.96,.04,31.7625713818,11.5720296973,0.2177753012,0.1460479608
500000.5,0.98,.02,32.3334567663,5.8187493988,0.3134532310,0.0719454665
500000.5,1,0,33.0687053736,0.0000000000,0.2487705790,0.0000000000
520000.48,0,1.00,0.0000000000,311.9228519595,0.0000000000,3.4084819935
520000.48,0.02,.98,0.7102479771,304.6150467504,0.0179859565,2.8488159806
520000.48,0.04,.96,1.4235979222,298.1251545611,0.0327844476,1.3833621535
520000.48,0.06,.94,2.1455142295,291.9188303423,0.0091169069,2.3810890799
520000.48,0.08,.92,2.8354248000,284.5300057131,0.0253593481,2.5129323523
520000.48,0.1,.90,3.5554922521,276.9065740843,0.0256181294,1.3252263144
520000.48,0.12,.88,4.2642200594,270.8609928458,0.0232856662,1.9975207355
520000.48,0.14,.86,4.9728656953,263.3945856425,0.0216603939,0.7185701464
520000.48,0.16,.84,5.6638239504,256.8900446011,0.0228950082,2.9196203406
520000.48,0.18,.82,6.3545767770,250.4677061564,0.0349693550,1.7611217425
520000.48,0.2,.80,7.0563405632,244.6230958996,0.0271358223,2.7850275817
520000.48,0.22,.78,7.7315013781,236.1551016087,0.0596216275,1.9377804672
520000.48,0.24,.76,8.4880118196,229.5270031345,0.0561574939,1.6629992942
520000.48,0.26,.74,9.0799741527,224.1118859512,0.0522533938,1.7690963624
520000.48,0.28,.72,9.8122851346,217.1628085921,0.0577029487,1.5256690065
520000.48,0.3,.70,10.4983131092,210.9260034926,0.0431639465,2.1799395193
520000.48,0.32,.68,11.2052331470,203.8201834166,0.0814577360,1.8995172401
520000.48,0.34,.66,11.8442591151,197.6461430140,0.0440029592,1.6732355244
520000.48,0.36,.64,12.5497822401,191.5910400217,0.0793404805,0.9691801210
520000.48,0.38,.62,13.1970047994,185.0155647314,0.0450318005,2.4520748676
520000.48,0.4,.60,13.8874700264,178.3786206042,0.1474682427,2.3756939884
520000.48,0.42,.58,14.4796377879,172.0490206613,0.0837599617,0.9389922348
520000.48,0.44,.56,15.2297594077,165.4090904220,0.1109496382,0.6624511108
520000.48,0.46,.54,15.9000104850,159.2997303353,0.0945351807,1.7621373825
520000.48,0.48,.52,16.5716173895,153.3212521075,0.0391639751,1.1168842227
520000.48,0.5,.50,17.1906140935,148.1515595378,0.1355592924,1.3357020004
520000.48,0.52,.48,17.9403248566,141.6610475893,0.1357898802,0.8264235798
520000.48,0.54,.46,18.5454551470,135.1550416627,0.1931458168,1.1825763552
520000.48,0.56,.44,19.2284838677,128.8183426607,0.1613117410,0.8562058799
520000.48,0.58,.42,19.8755626271,123.3071064714,0.1122750229,1.3491140876
520000.48,0.6,.40,20.5620220012,116.7453222235,0.1242432175,1.5324804775
520000.48,0.62,.38,21.0921709439,111.3654749687,0.0939970337,0.9635452125
520000.48,0.64,.36,21.7890866211,105.5823898905,0.1239296376,0.7714263363
520000.48,0.66,.34,22.4382402069,99.3194422243,0.1116712783,0.4819649449
520000.48,0.68,.32,23.0950357273,93.6478011051,0.1927360994,1.2128769284
520000.48,0.7,.30,23.8235462846,87.6129247970,0.2261931497,1.3660934034
520000.48,0.72,.28,24.4180970150,81.0900726905,0.2256989836,0.6421103720
520000.48,0.74,.26,25.0856158953,75.9253381938,0.2557804496,0.5527183797
520000.48,0.76,.24,25.7250938058,69.7062244003,0.1608030292,0.5751639609
520000.48,0.78,.22,26.4516322510,64.0917701458,0.3260682894,0.6253404186
520000.48,0.8,.20,27.0376371620,58.4155653457,0.2084738870,0.5380726639
520000.48,0.82,.18,27.7322109560,52.5241351041,0.2713524855,0.6945380136
520000.48,0.84,.16,28.3899309040,46.8059557088,0.2305839859,0.4601178605
520000.48,0.86,.14,29.1649298969,41.3046920072,0.2154834178,0.5459551268
520000.48,0.88,.12,29.9138189466,35.2910001928,0.1597770626,0.2976012781
520000.48,0.9,.10,30.5274745135,29.5698910270,0.1095427789,0.2473026103
520000.48,0.92,.08,31.1430200213,23.7367181432,0.2786092772,0.2040822304
520000.48,0.94,.06,32.1119639194,18.0108199297,0.2329401359,0.2130585792
520000.48,0.96,.04,32.6333821572,11.9157706446,0.2732660947,0.1713915063
520000.48,0.98,.02,33.7145721058,6.0525112724,0.2714328667,0.0790532375
520000.48,1,0,34.1522166624,0.0000000000,0.3327985809,0.0000000000
540000.46,0,1.00,0.0000000000,325.7263525569,0.0000000000,3.5585197098
540000.46,0.02,.98,0.7474305084,319.8891794096,0.0062387804,2.7523875874
540000.46,0.04,.96,1.4829667153,311.4929644937,0.0135630566,0.9287454553
540000.46,0.06,.94,2.2157296395,304.2773907108,0.0305231708,1.7314868046
540000.46,0.08,.92,2.9634066620,296.4738345436,0.0519766733,4.2445969839
540000.46,0.1,.90,3.6817074303,289.6324825887,0.0350871242,2.9105262977
540000.46,0.12,.88,4.4244130867,280.7781529960,0.0424045982,2.4890369453
540000.46,0.14,.86,5.1566213544,275.8141641140,0.0388491612,1.2504703568
540000.46,0.16,.84,5.8692112146,268.6401141924,0.0272257063,2.1599430865
540000.46,0.18,.82,6.6089792456,259.8301818898,0.0408007116,1.3298834946
540000.46,0.2,.80,7.3151186556,252.7907323818,0.0649302396,2.1956449644
540000.46,0.22,.78,8.0672945589,246.9163173453,0.0494159975,1.9113365277
540000.46,0.24,.76,8.7516585639,238.3988550079,0.0294088333,1.8460670170
540000.46,0.26,.74,9.5071624064,232.4312507356,0.0451870885,4.2294577639
540000.46,0.28,.72,10.1804538233,225.5456141742,0.0424862535,2.1433220842
540000.46,0.3,.70,10.8741442754,218.2494153633,0.0584123022,2.2811866385
540000.46,0.32,.68,11.5812286559,212.3063760891,0.0512681118,2.1548258781
540000.46,0.34,.66,12.3359929564,206.3498147976,0.0826369611,2.3987608033
540000.46,0.36,.64,12.9850849136,198.8580538120,0.0456532025,1.1221762495
540000.46,0.38,.62,13.7612548482,191.8360702430,0.1368979168,2.1741027747
540000.46,0.4,.60,14.3993974744,185.9872343558,0.0986265940,1.8795811525
540000.46,0.42,.58,15.0738598329,178.3610983235,0.0695781236,1.1862198808
540000.46,0.44,.56,15.8120460656,173.7736412807,0.1151875612,1.3490987840
540000.46,0.46,.54,16.4569472845,166.0055240671,0.0704078789,1.0924962626
540000.46,0.48,.52,17.2202163187,159.4000186301,0.1409827129,0.8895644961
540000.46,0.5,.50,17.9055869226,153.5987351703,0.1394488580,2.4140206990
540000.46,0.52,.48,18.5324515324,146.8926597298,0.1457668670,1.8649645894
540000.46,0.54,.46,19.2431103662,140.7572134182,0.1340477959,0.8832684516
540000.46,0.56,.44,19.9938071853,134.5047453154,0.1466851516,1.3374486816
540000.46,0.58,.42,20.6064561533,127.6543223406,0.1659762703,1.3156941682
540000.46,0.6,.40,21.3015229753,122.1492274008,0.1890686241,1.2465240806
540000.46,0.62,.38,21.9201293655,115.3585830106,0.0717291084,0.8988543318
540000.46,0.64,.36,22.6824739721,108.9479073058,0.2010735406,0.5933010900
540000.46,0.66,.34,23.3203289986,102.5352032984,0.1244881574,0.8173570796
540000.46,0.68,.32,23.9233433770,96.5607253341,0.1305018938,0.8351570936
540000.46,0.7,.30,24.6402266898,90.8603499281,0.2004412411,0.9631610292
540000.46,0.72,.28,25.3700725314,84.8828858516,0.1837915998,0.6061811676
540000.46,0.74,.26,25.9651984612,77.8712128208,0.1148288696,0.3422858683
540000.46,0.76,.24,26.7339318895,72.2339965039,0.1808729165,0.4131799683
540000.46,0.78,.22,27.3418970911,66.3257764242,0.1503610216,0.4047608024
540000.46,0.8,.20,27.9696245000,60.6522760276,0.2286111058,0.6696129569
540000.46,0.82,.18,28.6149160328,54.2528686705,0.1129013068,0.3108689802
540000.46,0.84,.16,29.3940235928,48.4320909692,0.1248122549,0.5007144986
540000.46,0.86,.14,30.1842448265,42.4887699863,0.2407218204,0.2343168721
540000.46,0.88,.12,30.9352703310,36.6174537453,0.2229645962,0.4439458087
540000.46,0.9,.10,31.6187099084,30.5387435645,0.1868655980,0.1822152290
540000.46,0.92,.08,32.4779961533,24.6534545724,0.2410918323,0.2565515713
540000.46,0.94,.06,33.0921447483,18.4870766463,0.3223693566,0.1928924237
540000.46,0.96,.04,34.0332941907,12.4242548358,0.2359676167,0.2405488261
540000.46,0.98,.02,34.6664243652,6.2497073576,0.1958195934,0.1119913659
540000.46,1,0,35.3779459980,0.0000000000,0.1900048581,0.0000000000
560000.44,0,1.00,0.0000000000,338.8698660281,0.0000000000,3.3943955772
560000.44,0.02,.98,0.7605779228,332.1909473056,0.0100119994,2.1134508247
560000.44,0.04,.96,1.5470603605,324.8867479679,0.0201066161,3.5555769730
560000.44,0.06,.94,2.3007358908,315.4801003114,0.0207787780,3.3141915354
560000.44,0.08,.92,3.0715852310,309.5563862535,0.0201702012,1.5677142258
560000.44,0.1,.90,3.8182556545,299.6136469540,0.0396934126,2.2112151698
560000.44,0.12,.88,4.5839692861,292.7998461093,0.0199014111,2.3196005998
560000.44,0.14,.86,5.3543461412,286.5468145891,0.0265634015,1.9661631551
560000.44,0.16,.84,6.0825485560,277.2719502593,0.0508310538,2.8769653416
560000.44,0.18,.82,6.8441947062,270.1970617977,0.0409397612,1.1970766721
560000.44,0.2,.80,7.5927550706,262.5107527886,0.0655717347,1.4800906993
560000.44,0.22,.78,8.3385832378,255.4819518693,0.0198592888,1.9133809536
560000.44,0.24,.76,9.0625127430,248.1724000663,0.0298437408,1.1049873182
560000.44,0.26,.74,9.8154281883,241.7262290662,0.0425315816,1.2157009755
560000.44,0.28,.72,10.5418639194,233.2680945795,0.0518778787,1.7655054318
560000.44,0.3,.70,11.2953545641,227.4954890647,0.1165405425,2.7671334795
560000.44,0.32,.68,12.0349993380,220.7641161836,0.0919692816,2.2313346772
560000.44,0.34,.66,12.8135522414,214.8507126639,0.0723019698,1.1177184958
560000.44,0.36,.64,13.5384883455,207.7625275520,0.0498281579,1.0771422741
560000.44,0.38,.62,14.2262830039,199.0864068786,0.0657145508,1.4133532022
560000.44,0.4,.60,14.9261363065,192.7006905640,0.1057189321,1.2567384201
560000.44,0.42,.58,15.6368156831,185.7279496746,0.0788177812,1.0525994369
560000.44,0.44,.56,16.3310607917,178.5349689289,0.0476126376,2.2267758605
560000.44,0.46,.54,17.1745906822,173.6853537763,0.0636536683,1.4087489208
560000.44,0.48,.52,17.8979244451,166.6964428079,0.1514203100,0.9166253768
560000.44,0.5,.50,18.5279115659,159.0170074909,0.0955860749,1.2832451831
560000.44,0.52,.48,19.2278675826,152.2730140603,0.0574944955,2.1103162190
560000.44,0.54,.46,19.9444016672,147.0410075276,0.1534741157,1.5743951262
560000.44,0.56,.44,20.7031307348,138.8879635557,0.1798176481,1.8710865078
560000.44,0.58,.42,21.4311482641,132.9615450944,0.0908703993,1.9137319665
560000.44,0.6,.40,22.0264385366,126.5865337101,0.1897468133,0.7847319340
560000.44,0.62,.38,22.8167419416,119.8193838250,0.1911312292,1.0805983407
560000.44,0.64,.36,23.5735194399,113.1757350309,0.1547801893,0.3423870696
560000.44,0.66,.34,24.2038968745,106.4494329063,0.1157682931,0.8317115610
560000.44,0.68,.32,24.8394100179,100.1219739494,0.1683164631,0.7754388391
560000.44,0.7,.30,25.5407629474,93.9696251162,0.1973809728,1.1107125152
560000.44,0.72,.28,26.3287039264,87.5410890802,0.1570729450,0.5821967858
560000.44,0.74,.26,26.8475132242,80.9649940308,0.1307682317,0.7448119868
560000.44,0.76,.24,27.7360730090,74.9198635262,0.1773485235,1.0309744918
560000.44,0.78,.22,28.3380191599,68.5322315924,0.3694355452,0.4875104600
560000.44,0.8,.20,29.0396596891,62.8338844891,0.1584719753,0.8687314695
560000.44,0.82,.18,29.8095846019,56.4456891380,0.2359447032,0.7604910933
560000.44,0.84,.16,30.4734263147,50.1529366921,0.3047482452,0.4559593996
560000.44,0.86,.14,31.2114892903,44.3584142410,0.2876797860,0.3658113398
560000.44,0.88,.12,32.0311484065,37.9342165189,0.1332531589,0.3355420176
560000.44,0.9,.10,32.7333230495,31.3726012963,0.2281449822,0.2122996176
560000.44,0.92,.08,33.5262353945,25.2798620225,0.1475151082,0.2499592469
560000.44,0.94,.06,34.3186136259,19.1776009950,0.1606436160,0.1955879283
560000.44,0.96,.04,35.1858294051,12.8820314622,0.3322567287,0.0904295614
560000.44,0.98,.02,35.8345515914,6.5076961787,0.1817370005,0.0421824574
560000.44,1,0,36.7051363956,0.0000000000,0.2707110182,0.0000000000
580000.42,0,1.00,0.0000000000,352.6810291020,0.0000000000,3.5735390538
580000.42,0.02,.98,0.8057105313,345.9136538499,0.0133116615,2.9005344551
580000.42,0.04,.96,1.5899127143,337.3469488329,0.0188044020,1.8583208184
580000.42,0.06,.94,2.3693695025,327.4265208618,0.0252440875,2.7891978650
580000.42,0.08,.92,3.1769699746,318.5749520143,0.0175257807,1.8086646312
580000.42,0.1,.90,3.9622403850,311.4144804518,0.0259964848,1.9351657058
580000.42,0.12,.88,4.7611306951,303.8584898841,0.0065972766,1.6898993069
580000.42,0.14,.86,5.5332742340,297.6643354809,0.0305500880,3.2996395359
580000.42,0.16,.84,6.3101631677,289.5816059987,0.0526589093,1.6703642919
580000.42,0.18,.82,7.0617022431,280.1956357603,0.0201130039,1.7357307787
580000.42,0.2,.80,7.8698368289,273.8336956594,0.0415219350,1.2694203369
580000.42,0.22,.78,8.6690147387,266.1969110385,0.0353490491,2.1450834059
580000.42,0.24,.76,9.4219507269,258.8968246476,0.0601551732,4.0432253965
580000.42,0.26,.74,10.1762425422,251.2040926803,0.0437243954,1.2372904280
580000.42,0.28,.72,10.9395526620,243.7292342162,0.1098777521,1.0946865119
580000.42,0.3,.70,11.6989596432,236.4434022852,0.0769056247,2.7067221101
580000.42,0.32,.68,12.5088403700,229.5040157051,0.0840347198,2.0403191750
580000.42,0.34,.66,13.2025924505,221.7546039487,0.0473587286,1.8835403482
580000.42,0.36,.64,13.9653889995,214.3420594475,0.0655061241,2.1607215711
580000.42,0.38,.62,14.7225978974,206.5523070063,0.0790472275,2.1844551936
580000.42,0.4,.60,15.5549730285,200.1852398071,0.0805036690,1.9826198066
580000.42,0.42,.58,16.2553193591,193.1292821698,0.0573538348,1.8284978742
580000.42,0.44,.56,16.9854528004,185.7402885154,0.0282380248,1.1478872841
580000.42,0.46,.54,17.7465237512,178.9971402109,0.1196990085,1.4706278223
580000.42,0.48,.52,18.4892704933,172.4497794481,0.0920532948,1.1919246682
580000.42,0.5,.50,19.2389812563,165.1243392749,0.1888735433,2.1088978127
580000.42,0.52,.48,19.9894931900,158.3247928901,0.1641460291,1.7312279146
580000.42,0.54,.46,20.7736132017,151.5022590759,0.2562010551,1.6717131267
580000.42,0.56,.44,21.3933083621,144.4158205579,0.1959643488,1.3533986794
580000.42,0.58,.42,22.1645069306,137.9578177926,0.1569486188,1.2845012352
580000.42,0.6,.40,22.8429340562,131.1268327176,0.1909045634,1.5929957438
580000.42,0.62,.38,23.5136781616,124.3308358623,0.1240596997,1.1295606190
580000.42,0.64,.36,24.3001811422,116.8210455203,0.2455538051,1.7353510528
580000.42,0.66,.34,25.0982702816,111.0204945031,0.1471123960,1.4117349662
580000.42,0.68,.32,25.7378303635,104.0063424358,0.1303912034,0.9384476598
580000.42,0.7,.30,26.4109779806,97.1680892765,0.0985903742,1.0750511468
580000.42,0.72,.28,27.1470483012,91.0115148129,0.0539731911,0.9915256713
580000.42,0.74,.26,27.9288880582,83.7956029796,0.1796112615,0.8268833968
580000.42,0.76,.24,28.6650610930,77.4702286670,0.1681532990,0.1662205999
580000.42,0.78,.22,29.2382883607,70.9879989541,0.1674788550,0.3795797704
580000.42,0.8,.20,30.1168848705,65.0176339367,0.1503305658,0.7250194617
580000.42,0.82,.18,30.8120338639,58.2795000469,0.2695284099,0.5061013457
580000.42,0.84,.16,31.6551323548,52.1087274652,0.3129726440,0.4379494324
580000.42,0.86,.14,32.3528492025,45.8992481090,0.0992263972,0.5239836796
580000.42,0.88,.12,33.0799217615,38.9336626204,0.3559746524,0.3071188530
580000.42,0.9,.10,33.7577736877,32.5387626024,0.1025964510,0.1497953394
580000.42,0.92,.08,34.5731188086,25.9938245344,0.2715553340,0.1849052785
580000.42,0.94,.06,35.4073633377,19.6658021602,0.1902432930,0.2738921034
580000.42,0.96,.04,36.2273100536,13.2555208475,0.2244010609,0.1694171925
580000.42,0.98,.02,37.0402311200,6.6445502619,0.2267089295,0.1283718395
580000.42,1,0,37.7289296631,0.0000000000,0.3222696160,0.0000000000
600000.4,0,1.00,0.0000000000,366.6405399737,0.0000000000,2.0851047851
600000.4,0.02,.98,0.8186936030,357.3237573903,0.0084558621,2.9056289687
600000.4,0.04,.96,1.6462617107,350.5148582769,0.0154564494,2.5582051302
600000.4,0.06,.94,2.4691460520,340.1169904127,0.0246239727,3.3083456668
600000.4,0.08,.92,3.2816151760,333.6403948736,0.0278557630,2.9289921093
600000.4,0.1,.90,4.0981723242,325.2675054375,0.0229056235,2.3032979894
600000.4,0.12,.88,4.9111755619,316.1467357629,0.0441955793,1.5755613513
600000.4,0.14,.86,5.7235830573,310.3249439102,0.0167149657,2.8267336796
600000.4,0.16,.84,6.5335254126,299.8996939610,0.0409717017,1.8975742479
600000.4,0.18,.82,7.3316145521,293.0702864547,0.0543401223,1.7488202805
600000.4,0.2,.80,8.1406324798,285.1634558805,0.0470257157,2.2690040981
600000.4,0.22,.78,8.9348184807,276.4276693059,0.0420823628,3.2903012964
600000.4,0.24,.76,9.7330719628,269.1214980073,0.0158359837,0.8608960460
600000.4,0.26,.74,10.5380634949,260.1131301012,0.0539116222,0.8237118021
600000.4,0.28,.72,11.3185679676,252.7993526679,0.0857118630,2.7222915989
600000.4,0.3,.70,12.1186497621,245.1382284159,0.0337213529,1.0363760957
600000.4,0.32,.68,12.8994212917,237.5091626132,0.0688422872,1.4209813269
600000.4,0.34,.66,13.6997701431,229.0225192068,0.1033783062,1.8189456326
600000.4,0.36,.64,14.4571022979,222.3773491858,0.0687620988,1.9537448032
600000.4,0.38,.62,15.2720160193,215.5705347166,0.0814336287,1.4559140734
600000.4,0.4,.60,16.0140026764,206.4121851023,0.1213522929,2.2760975218
600000.4,0.42,.58,16.7747243990,199.8776139142,0.0450581701,3.0309406177
600000.4,0.44,.56,17.6432960054,192.0497181159,0.1165308102,1.2590904628
600000.4,0.46,.54,18.3135470827,184.7477161059,0.1063060760,1.9554024124
600000.4,0.48,.52,19.1289538321,177.9619734470,0.1111196229,0.7471396892
600000.4,0.5,.50,19.8969888040,171.1989365088,0.1252900289,1.7248493433
600000.4,0.52,.48,20.6900038633,163.5953935137,0.0650882552,1.0871828488
600000.4,0.54,.46,21.4071336900,156.5656911266,0.1088066717,1.1629835894
600000.4,0.56,.44,22.1240991741,149.3021141823,0.1169348712,0.9424235045
600000.4,0.58,.42,22.9436555762,142.6511409623,0.1350131333,1.1140566825
600000.4,0.6,.40,23.5577219998,135.1544782453,0.1416742996,1.2945967550
600000.4,0.62,.38,24.5294802664,128.8044262513,0.0811431010,0.7801208813
600000.4,0.64,.36,25.2792937436,122.2123864898,0.1574204582,0.6233659311
600000.4,0.66,.34,25.9504897913,114.5110905782,0.0959642175,0.8045394927
600000.4,0.68,.32,26.7586243772,107.7436589843,0.2176815569,0.9650166145
600000.4,0.7,.30,27.3595639292,101.0397245299,0.1108432094,0.5442513053
600000.4,0.72,.28,28.0909504835,93.9063533437,0.1074120658,1.1264450026
600000.4,0.74,.26,28.7831823943,87.5802465886,0.0767652959,1.1155570536
600000.4,0.76,.24,29.6193784927,80.5554459327,0.2499691677,1.2082462440
600000.4,0.78,.22,30.3096382913,73.6071573578,0.1234194087,0.4351375149
600000.4,0.8,.20,31.1207310453,67.3116441668,0.1085605904,0.6833872139
600000.4,0.82,.18,31.8790903419,59.9085650777,0.1669878020,0.6965418912
600000.4,0.84,.16,32.6252266517,53.6808873399,0.2342846404,0.5991979226
600000.4,0.86,.14,33.3797033525,47.0832134046,0.1987847696,0.3665086151
600000.4,0.88,.12,34.0137168689,40.3414736436,0.2809036905,0.4436494525
600000.4,0.9,.10,34.9351246469,33.5356733258,0.2823737041,0.2622330051
600000.4,0.92,.08,35.6616220064,27.1106868193,0.3109252361,0.1649080472
600000.4,0.94,.06,36.6510676539,20.3695104757,0.2168102518,0.2780287070
600000.4,0.96,.04,37.3531395826,13.6605616065,0.1975003143,0.1301826704
600000.4,0.98,.02,38.1835836872,6.9167372012,0.3830611347,0.1298430527
600000.4,1,0,38.9035484252,0.0000000000,0.2617549081,0.0000000000
620000.38,0,1.00,0.0000000000,380.9383266442,0.0000000000,3.1961736449
620000.38,0.02,.98,0.8458512309,371.0617888875,0.0057424711,3.6608642476
620000.38,0.04,.96,1.6970230560,363.8510604941,0.0180189244,2.6104546002
620000.38,0.06,.94,2.5494274512,352.6020379844,0.0204603859,1.5268475839
620000.38,0.08,.92,3.3873902334,344.9919030059,0.0259543557,1.5722360900
620000.38,0.1,.90,4.2504563600,336.1192623481,0.0441766826,1.2985745835
620000.38,0.12,.88,5.0849884887,326.6382435967,0.0255768075,3.1416387396
620000.38,0.14,.86,5.8928149320,319.1273827616,0.0226761755,0.8183757633
620000.38,0.16,.84,6.7310653139,311.4257487995,0.0448867354,0.9756219079
620000.38,0.18,.82,7.5472321482,302.1157835666,0.0604338625,3.0937063296
620000.38,0.2,.80,8.3946240917,293.8599722633,0.0380325028,2.1262482613
620000.38,0.22,.78,9.2040939618,285.0638436866,0.0429028873,1.8727070299
620000.38,0.24,.76,10.0456311973,276.6676851125,0.0756182739,1.7907295552
620000.38,0.26,.74,10.8659682271,269.9408759122,0.0667080551,1.7488466476
620000.38,0.28,.72,11.6789098363,260.7456788008,0.0672962843,2.5107159526
620000.38,0.3,.70,12.5679421063,254.1811338078,0.0427377218,1.8416166737
620000.38,0.32,.68,13.3222955501,245.9577753460,0.0921074457,1.0306541389
620000.38,0.34,.66,14.1058609052,238.5936847401,0.1000378385,1.2857659964
620000.38,0.36,.64,14.9243490798,228.8497754361,0.0757987928,0.5287591876
620000.38,0.38,.62,15.7800608715,222.7614308180,0.0953930154,1.6721631524
620000.38,0.4,.60,16.5188017607,214.1226647173,0.0822244692,2.1190726737
620000.38,0.42,.58,17.3420147874,206.8497913862,0.0716405649,1.4116724371
620000.38,0.44,.56,18.1857911919,200.2400603188,0.1792279346,2.3230615175
620000.38,0.46,.54,18.8867127219,192.2887197711,0.0860168568,1.5847681120
620000.38,0.48,.52,19.7852152388,182.8363226229,0.1055899476,1.2205157275
620000.38,0.5,.50,20.4596981401,176.4304359658,0.2205580270,1.9053527937
620000.38,0.52,.48,21.3214495253,169.2041572526,0.1806024906,1.3655881759
620000.38,0.54,.46,22.1217162053,161.6959444793,0.1544969030,2.2973227835
620000.38,0.56,.44,22.8700095128,154.0936973441,0.1322116177,0.7925169138
620000.38,0.58,.42,23.6487883874,147.0192596165,0.0879070973,0.6743455710
620000.38,0.6,.40,24.4135570485,139.8302227925,0.0889187693,0.8284502721
620000.38,0.62,.38,25.1867277291,132.8283532242,0.1002961498,0.7646429874
620000.38,0.64,.36,26.0537791657,125.6864744355,0.1423121763,1.1426659792
620000.38,0.66,.34,26.8204788533,118.8913790480,0.2741320485,1.2642522968
620000.38,0.68,.32,27.5286930897,111.1767301443,0.2649034796,1.1136646693
620000.38,0.7,.30,28.1950410284,103.3989221516,0.1384496637,1.4356936100
620000.38,0.72,.28,29.0210684235,97.3778495694,0.1577688912,0.7311458379
620000.38,0.74,.26,29.8445895927,90.2611555378,0.2394071014,1.2401715232
620000.38,0.76,.24,30.5426145829,83.1729704259,0.1843032313,0.3927690368
620000.38,0.78,.22,31.3023297067,76.2125120356,0.0591370293,1.0122822659
620000.38,0.8,.20,32.1387106906,69.2701393433,0.1395698699,0.3657062861
620000.38,0.82,.18,32.9028014382,62.2220695493,0.2693374467,0.2721894417
620000.38,0.84,.16,33.7472968419,55.3076987012,0.3279725450,0.4460822177
620000.38,0.86,.14,34.3028367286,48.4456129864,0.2470692930,0.3800056166
620000.38,0.88,.12,35.1168876509,41.7318187278,0.1655755634,0.2596554650
620000.38,0.9,.10,35.8728228930,34.7133846883,0.2991118779,0.4012921773
620000.38,0.92,.08,36.9242873593,27.8496087215,0.3123434893,0.3518115683
620000.38,0.94,.06,37.5929155527,20.9356886072,0.1709691488,0.1694280937
620000.38,0.96,.04,38.4938832098,14.1161409051,0.2580340543,0.1289302494
620000.38,0.98,.02,39.4233848647,7.0959039300,0.3849762958,0.0613653664
620000.38,1,0,40.2207344622,0.0000000000,0.2933544343,0.0000000000
640000.36,0,1.00,0.0000000000,393.2273613072,0.0000000000,2.9336577381
640000.36,0.02,.98,0.8705231757,383.9205512116,0.0103548998,3.1552677651
640000.36,0.04,.96,1.7350683864,373.5514176341,0.0173497755,3.0565923248
640000.36,0.06,.94,2.6064749040,366.9558846848,0.0161807262,1.2306149497
640000.36,0.08,.92,3.4833047300,355.3427818601,0.0230210791,2.3823134045
640000.36,0.1,.90,4.3708373730,349.8723934313,0.0101975373,1.8131011765
640000.36,0.12,.88,5.2288910479,339.9089767136,0.0337484656,1.3850576289
640000.36,0.14,.86,6.0910532897,331.2028258935,0.0201233090,1.3115098457
640000.36,0.16,.84,6.9530306460,322.9763122944,0.0241579816,1.4281174602
640000.36,0.18,.82,7.7966427079,313.3254795427,0.0415321156,1.0616639829
640000.36,0.2,.80,8.6577161794,305.1112484426,0.0794041412,1.4183347774
640000.36,0.22,.78,9.5270067850,296.1016973599,0.0428757990,2.4015576380
640000.36,0.24,.76,10.3663253944,287.2419589603,0.0626265438,1.3862642294
640000.36,0.26,.74,11.2373210552,278.3859954572,0.0727361638,2.3841224368
640000.36,0.28,.72,12.0550080593,269.7097621003,0.0414921817,2.6661011285
640000.36,0.3,.70,12.9039201726,262.3362060823,0.0511234877,1.6745825979
640000.36,0.32,.68,13.7638843311,254.6149651952,0.0574763218,3.2077907194
640000.36,0.34,.66,14.5858442448,245.8240200585,0.0876269271,1.5997676510
640000.36,0.36,.64,15.4724935460,238.4438157153,0.1183368018,1.4830885060
640000.36,0.38,.62,16.2145623744,229.2892973392,0.0875481943,0.6508761261
640000.36,0.4,.60,17.1255754779,221.5828179876,0.0929789884,3.0093479953
640000.36,0.42,.58,17.9656130864,214.2453770240,0.0694051348,1.0922317220
640000.36,0.44,.56,18.7783287244,206.7587431366,0.1053361048,1.2201296191
640000.36,0.46,.54,19.5691867860,199.4792778221,0.0581647505,0.5720677550
640000.36,0.48,.52,20.4230497225,189.4761401787,0.1950772439,1.1862095594
640000.36,0.5,.50,21.1871610129,182.5214849874,0.0612470075,1.3783261972
640000.36,0.52,.48,22.0525690227,175.9874772167,0.1476757942,0.8897846422
640000.36,0.54,.46,22.8012115584,168.2249941770,0.0562579210,1.5132853181
640000.36,0.56,.44,23.6536364964,159.0954351910,0.1223830571,1.8582492097
640000.36,0.58,.42,24.3961572672,152.3100869243,0.1723785631,0.7782630195
640000.36,0.6,.40,25.2259440011,144.4988119389,0.2121605425,1.7247368487
640000.36,0.62,.38,26.0534915660,136.8491814016,0.0751889373,0.4051101723
640000.36,0.64,.36,26.8853942119,129.8375083708,0.1917734009,0.9750098808
640000.36,0.66,.34,27.7033688157,122.2564457294,0.1471641094,0.9584777147
640000.36,0.68,.32,28.4285308909,114.8608037498,0.2068216022,0.4455546623
640000.36,0.7,.30,29.2854547098,108.1003585316,0.0943904325,0.6452661653
640000.36,0.72,.28,29.9249120775,100.0758300655,0.1128714614,1.0493418990
640000.36,0.74,.26,30.7181736508,92.3709282826,0.2116020091,0.7150025427
640000.36,0.76,.24,31.5372164820,85.3819609724,0.3256424387,0.4024350878
640000.36,0.78,.22,32.2184168903,78.0993405206,0.1708466786,0.5608899878
640000.36,0.8,.20,33.0370488648,71.1738140081,0.2149139056,0.7814683523
640000.36,0.82,.18,33.8906652873,64.0348649898,0.1506984894,0.4255649544
640000.36,0.84,.16,34.6109381679,56.9858937280,0.1811562055,0.4518639900
640000.36,0.86,.14,35.5545938361,49.8908912658,0.3023441835,0.4415300548
640000.36,0.88,.12,36.3709660987,42.5839875246,0.3080438330,0.4987575604
640000.36,0.9,.10,37.1490465170,35.7896809214,0.1754774637,0.4018002852
640000.36,0.92,.08,38.0461315783,28.8186302842,0.3869006076,0.3779236963
640000.36,0.94,.06,38.8115781530,21.6479608669,0.3733530497,0.1581894998
640000.36,0.96,.04,39.6971386839,14.5412393231,0.3099820373,0.0817425763
640000.36,0.98,.02,40.5827197576,7.3294967784,0.3143306205,0.0758082786
640000.36,1,0,41.4340764682,0.0000000000,0.1581723873,0.0000000000
660000.34,0,1.00,0.0000000000,407.2230999169,0.0000000000,2.8963918455
660000.34,0.02,.98,0.8989750021,398.7441189870,0.0134824930,3.3993843783
660000.34,0.04,.96,1.8004767730,388.5197836777,0.0184486681,2.5263820041
660000.34,0.06,.94,2.6994517751,379.3289812219,0.0147993896,2.3530773360
660000.34,0.08,.92,3.5866968185,370.6746084596,0.0276557584,1.9844944391
660000.34,0.1,.90,4.5002983192,361.8489568119,0.0201492302,4.4623944001
660000.34,0.12,.88,5.3819762542,351.8688629396,0.0329885517,2.6987809131
660000.34,0.14,.86,6.2691596691,341.5091947742,0.0442631325,2.5355887465
660000.34,0.16,.84,7.1515976891,334.1320892267,0.0532774040,2.2333349280
660000.34,0.18,.82,8.0378772192,322.4247830149,0.0832677542,1.6038831191
660000.34,0.2,.80,8.9240540351,315.2575504438,0.0388179667,1.5058183378
660000.34,0.22,.78,9.8194751268,305.6975405748,0.0593831293,1.1596044752
660000.34,0.24,.76,10.6677504122,297.6190367230,0.0471582376,2.6692198581
660000.34,0.26,.74,11.5832829394,288.0972265527,0.0583751278,1.7914295031
660000.34,0.28,.72,12.4072765938,279.1293683567,0.0833445118,1.5780301146
660000.34,0.3,.70,13.2950968365,271.5644757943,0.0674725833,1.3638930516
660000.34,0.32,.68,14.1564373650,263.0095462007,0.0707948147,2.1674372451
660000.34,0.34,.66,15.0534402549,254.4357984664,0.0645473459,1.7217276456
660000.34,0.36,.64,15.8558844755,245.9498875026,0.0837201361,1.9264077687
660000.34,0.38,.62,16.7672673499,238.9698785289,0.0694519519,1.6508382217
660000.34,0.4,.60,17.5637130626,229.8705750566,0.1123240865,2.8594322861
660000.34,0.42,.58,18.4320586978,220.3582866402,0.1007401791,2.3379350575
660000.34,0.44,.56,19.3301298152,213.8707044622,0.0881172147,1.3297212323
660000.34,0.46,.54,20.1576362944,205.0517574813,0.1644039280,2.0551787332
660000.34,0.48,.52,20.9426601908,196.7731841157,0.1380070838,1.9301786615
660000.34,0.5,.50,21.7590529963,189.1326809400,0.1512808057,1.0954706493
660000.34,0.52,.48,22.6974086131,181.1446619205,0.0375406030,1.0523799121
660000.34,0.54,.46,23.4583563070,171.0541382405,0.1621875647,1.8423920423
660000.34,0.56,.44,24.4333192557,165.4625587319,0.2596400421,1.5927732547
660000.34,0.58,.42,25.1529347656,157.1246011738,0.0957178634,0.2245944052
660000.34,0.6,.40,26.0256560246,149.4621810618,0.2351225721,1.4501054115
660000.34,0.62,.38,26.8293944437,141.5776054744,0.1314454378,1.2374241268
660000.34,0.64,.36,27.6287983246,133.6128555929,0.1871534523,1.1317493863
660000.34,0.66,.34,28.4690208187,125.9548301366,0.1878344401,1.8347677761
660000.34,0.68,.32,29.3857242874,118.7571730266,0.1549989786,1.5778831384
660000.34,0.7,.30,30.2098411989,110.7587871271,0.2831629653,1.4536637802
660000.34,0.72,.28,30.9096123301,103.4801105970,0.2520986222,0.7439133733
660000.34,0.74,.26,31.7316749580,95.5617863081,0.2147557904,0.8586218400
660000.34,0.76,.24,32.5154046558,88.1540871965,0.2058131321,0.8853906608
660000.34,0.78,.22,33.2421074437,80.8794672715,0.3306065449,0.4944167356
660000.34,0.8,.20,34.1859069118,73.3043768544,0.2251627327,0.5962571038
660000.34,0.82,.18,34.8901358382,66.2576592622,0.1651727473,0.4945569839
660000.34,0.84,.16,35.7991562867,58.5071206710,0.2892214683,0.6239377260
660000.34,0.86,.14,36.5236609912,51.3296339034,0.1911398045,0.5199484536
660000.34,0.88,.12,37.2917370488,44.2949734433,0.2289267933,0.3834592540
660000.34,0.9,.10,38.2510874430,36.6412863008,0.2452119397,0.3571599958
660000.34,0.92,.08,39.0287980902,29.4123031841,0.4386956923,0.2098556953
660000.34,0.94,.06,40.0579324948,22.2358869095,0.2696447260,0.2586908360
660000.34,0.96,.04,40.9004968721,14.9448715386,0.1594996235,0.0768066357
660000.34,0.98,.02,41.7320297470,7.5144103646,0.3511354287,0.0890633598
660000.34,1,0,42.4174414365,0.0000000000,0.2050269571,0.0000000000
680000.32,0,1.00,0.0000000000,423.3701351327,0.0000000000,3.4214270356
680000.32,0.02,.98,0.9172581253,411.0466193256,0.0126232514,1.0952841792
680000.32,0.04,.96,1.8422198137,400.8593005386,0.0177802827,2.6241752728
680000.32,0.06,.94,2.7694412140,390.6674180708,0.0218474476,3.5110055036
680000.32,0.08,.92,3.6777015775,381.4434866727,0.0279878697,2.7444270085
680000.32,0.1,.90,4.6129141406,374.3224543272,0.0212497755,2.9619225474
680000.32,0.12,.88,5.5284672106,366.2094129897,0.0249738477,3.3507839703
680000.32,0.14,.86,6.4441229947,353.1375098684,0.0450676421,3.7521749192
680000.32,0.16,.84,7.3441045958,343.4947339853,0.0365272383,3.0924335829
680000.32,0.18,.82,8.2822958699,333.5663618291,0.0540477484,1.6361261756
680000.32,0.2,.80,9.1687191999,324.6381682170,0.0634696698,2.5858989654
680000.32,0.22,.78,10.0945642302,316.0075716684,0.0367059543,2.5652491334
680000.32,0.24,.76,10.9757902229,305.4478903309,0.0503517744,2.6592171490
680000.32,0.26,.74,11.8985949137,297.7832728911,0.0509391417,2.1141485095
680000.32,0.28,.72,12.8016784828,288.6556295243,0.0687377142,1.3452778960
680000.32,0.3,.70,13.6590953298,279.0547718948,0.0825481807,1.8653792122
680000.32,0.32,.68,14.6023606842,271.1561108727,0.0791370383,3.0318145400
680000.32,0.34,.66,15.4517863683,262.0285238477,0.0770360208,1.9630031072
680000.32,0.36,.64,16.3069640462,254.7440441184,0.0998959688,1.7746815850
680000.32,0.38,.62,17.3318460841,245.0235729778,0.0958899309,2.3812258180
680000.32,0.4,.60,18.1332220771,236.3012520787,0.0959188811,0.9201103348
680000.32,0.42,.58,19.0524523146,228.5875046428,0.0850034347,2.0248216678
680000.32,0.44,.56,19.9159087550,219.4230137789,0.1085562541,2.0983938185
680000.32,0.46,.54,20.8160341559,210.3774039836,0.1044238245,1.4701296245
680000.32,0.48,.52,21.7014098013,203.0479635469,0.0775580966,1.6017153139
680000.32,0.5,.50,22.6141895886,195.3468930023,0.1355415927,1.0865039526
680000.32,0.52,.48,23.3456788570,186.6069371390,0.1307227447,1.2315511652
680000.32,0.54,.46,24.3106990737,178.3361952750,0.1982327697,0.6809319875
680000.32,0.56,.44,25.0748925354,170.4030531089,0.0890680649,1.2070233862
680000.32,0.58,.42,25.9259205607,161.2687614170,0.1671182474,1.0742204971
680000.32,0.6,.40,26.8078039241,154.4954702823,0.1258368709,1.2257236081
680000.32,0.62,.38,27.6610916612,145.0678634991,0.1319114402,0.6021000222
680000.32,0.64,.36,28.4410003918,138.3128270877,0.0859682606,1.2888802765
680000.32,0.66,.34,29.4181614239,129.5979432981,0.1779335318,1.2244563282
680000.32,0.68,.32,30.2614242575,122.6288082800,0.1539062009,0.7013735550
680000.32,0.7,.30,31.1122673973,114.8636771785,0.2929702288,0.5357704801
680000.32,0.72,.28,31.8852326496,107.1696493512,0.0773210773,0.7983429653
680000.32,0.74,.26,32.7217368905,98.5699280753,0.1757992066,0.6634959616
680000.32,0.76,.24,33.6524300299,90.6908739783,0.2030082584,0.8083464132
680000.32,0.78,.22,34.3159019717,83.5607142712,0.2192351399,1.5733073977
680000.32,0.8,.20,35.0832179443,75.2384760581,0.2738681296,0.7547270675
680000.32,0.82,.18,36.0257437567,68.1320362230,0.2488809032,0.6284383192
680000.32,0.84,.16,36.7458728374,60.4206551401,0.3023258840,0.7842943306
680000.32,0.86,.14,37.4484994227,52.5830122210,0.1614549959,0.5849058078
680000.32,0.88,.12,38.4106847281,45.5140959838,0.3275705205,0.5339267150
680000.32,0.9,.10,39.5043441774,38.0348992058,0.1986284931,0.3574571252
680000.32,0.92,.08,40.2079773616,30.3926494363,0.1520909666,0.2622469975
680000.32,0.94,.06,41.1699366959,22.9288339530,0.1311634611,0.3405193066
680000.32,0.96,.04,42.0363718474,15.4934147059,0.2825080455,0.2039400803
680000.32,0.98,.02,42.8522305391,7.8049647107,0.3089023723,0.0879216142
680000.32,1,0,43.7622575865,0.0000000000,0.4160147730,0.0000000000
700000.3,0,1.00,0.0000000000,434.2790225663,0.0000000000,4.7121002415
700000.3,0.02,.98,0.9500034043,424.7890454783,0.0031169784,1.7270544772
700000.3,0.04,.96,1.8910090468,413.8086603784,0.0170877689,3.2416948895
700000.3,0.06,.94,2.8477094153,404.2894419282,0.0096055224,3.2384833509
700000.3,0.08,.92,3.7843394340,394.6440743251,0.0242279818,2.1520634962
700000.3,0.1,.90,4.7104104355,383.5103270126,0.0210541699,1.7299393177
700000.3,0.12,.88,5.6486633381,373.6995964067,0.0445643501,1.7062655137
700000.3,0.14,.86,6.6138478975,365.2386448331,0.0327876713,1.1146408856
700000.3,0.16,.84,7.5462050065,354.7048243536,0.0364766111,2.2471450506
700000.3,0.18,.82,8.5285428330,346.5504845216,0.0260072409,1.5799058385
700000.3,0.2,.80,9.4394121366,336.6016039726,0.0777548063,3.1900249334
700000.3,0.22,.78,10.3679071926,325.4478553429,0.0608353523,1.1413235871
700000.3,0.24,.76,11.3118710034,317.3060797186,0.0253863602,1.8645366038
700000.3,0.26,.74,12.2921134608,307.7694516711,0.0776106704,1.7227403296
700000.3,0.28,.72,13.1469829962,298.6508793243,0.0569700971,0.9282540661
700000.3,0.3,.70,14.1313134778,289.1596063764,0.0975661934,2.0229739095
700000.3,0.32,.68,15.0102797586,280.0039048237,0.0836392811,3.1287365609
700000.3,0.34,.66,15.9101791883,271.6025064679,0.0738981403,2.5263778889
700000.3,0.36,.64,16.8436456104,261.8797816577,0.0667249939,1.6720731438
700000.3,0.38,.62,17.6785885959,253.0412277518,0.0636589048,1.2448513428
700000.3,0.4,.60,18.6579682542,243.6275937197,0.1935449259,1.2166627922
700000.3,0.42,.58,19.5718368117,234.5330792952,0.0564504914,1.8736268779
700000.3,0.44,.56,20.4610539673,226.1767543303,0.1099148163,0.5448807601
700000.3,0.46,.54,21.4261768981,217.5751737771,0.1856023992,3.3495711057
700000.3,0.48,.52,22.3159487101,209.1639719587,0.2026900883,1.5000327377
700000.3,0.5,.50,23.0629889047,200.3465462048,0.0739309186,0.9335814912
700000.3,0.52,.48,24.0538930934,192.1258358048,0.0836378619,0.9441701758
700000.3,0.54,.46,24.9029490065,183.9443955965,0.2309826573,1.8308637928
700000.3,0.56,.44,25.8100589713,175.7101631792,0.1138959814,1.7013624382
700000.3,0.58,.42,26.7200860187,167.1232314780,0.1981768895,0.9507442864
700000.3,0.6,.40,27.5944712474,159.2606855105,0.0664810021,1.3383966278
700000.3,0.62,.38,28.4018252054,150.1964829414,0.0833329515,0.8146691270
700000.3,0.64,.36,29.3523832663,141.6724286205,0.1495391293,1.3550477555
700000.3,0.66,.34,30.1390916752,133.9756963897,0.1964480911,1.8981648922
700000.3,0.68,.32,31.0766255786,126.2713580242,0.2059270776,0.4430627984
700000.3,0.7,.30,31.9027351450,117.7024556794,0.2460665469,0.9887472469
700000.3,0.72,.28,32.9382789142,109.5838928515,0.1780316972,0.4982412605
700000.3,0.74,.26,33.6680836702,101.7576309636,0.3089885173,1.0541659260
700000.3,0.76,.24,34.4753349141,93.0281546637,0.2531349891,0.6533852629
700000.3,0.78,.22,35.3754397721,85.8765287541,0.2386394022,0.9913549299
700000.3,0.8,.20,36.2687449518,77.8943692754,0.1023722621,0.5570090069
700000.3,0.82,.18,37.0524130211,70.1078846550,0.1487422737,0.6324187246
700000.3,0.84,.16,37.8444214815,62.1606007125,0.2917786041,0.6724684340
700000.3,0.86,.14,38.9093620475,54.7660292260,0.2782829504,0.4717978326
700000.3,0.88,.12,39.4793640901,46.6862295142,0.1889438365,0.4774944685
700000.3,0.9,.10,40.2777819149,38.9192391353,0.2352593246,0.1702993664
700000.3,0.92,.08,41.3997904766,31.4604944085,0.3773067577,0.4150961578
700000.3,0.94,.06,42.1636141673,23.5085904435,0.4279270843,0.1161211170
700000.3,0.96,.04,43.2342040130,15.8132104144,0.3231176195,0.1735438932
700000.3,0.98,.02,43.8387385612,7.8899280526,0.3370520914,0.1000518096
700000.3,1,0,44.8950716794,0.0000000000,0.3260048139,0.0000000000
720000.28,0,1.00,0.0000000000,450.2925842032,0.0000000000,1.8256894291
720000.28,0.02,.98,0.9738947214,436.9304647862,0.0083396860,2.3536998865
720000.28,0.04,.96,1.9413184497,428.9284166738,0.0193443146,3.7227642490
720000.28,0.06,.94,2.9079820932,417.9307910018,0.0202607310,2.2609843866
720000.28,0.08,.92,3.8837872982,408.1974176030,0.0145724678,3.4725065397
720000.28,0.1,.90,4.8635572703,398.2455509418,0.0115141413,3.2371485376
720000.28,0.12,.88,5.8192099542,384.4890956961,0.0257856240,2.1943974014
720000.28,0.14,.86,6.8041567208,375.8577103632,0.0300577801,3.5042030522
720000.28,0.16,.84,7.7537903541,365.5074512681,0.0712743414,3.0400993643
720000.28,0.18,.82,8.7448588855,355.8871557387,0.0437788237,1.4186391765
720000.28,0.2,.80,9.6909591511,347.1524396572,0.0469546916,1.8844852742
720000.28,0.22,.78,10.6147088123,337.5062832697,0.0598640921,2.9958299576
720000.28,0.24,.76,11.6216158695,327.3631364059,0.0667052397,1.3467012073
720000.28,0.26,.74,12.5440713320,315.5558236081,0.0168004509,0.4188581940
720000.28,0.28,.72,13.4730594161,308.2315102696,0.1200550074,2.2875378249
720000.28,0.3,.70,14.4335807519,298.0494312644,0.0546862050,2.3822888887
720000.28,0.32,.68,15.3834814419,288.3265374290,0.0607983756,2.4290459363
720000.28,0.34,.66,16.3918264976,278.8508148009,0.0485376898,1.7241980731
720000.28,0.36,.64,17.2387459559,268.9523037662,0.0409325916,1.9712884135
720000.28,0.38,.62,18.2221314670,260.5176074428,0.0782438195,1.3479488393
720000.28,0.4,.60,19.2019219820,250.6427035966,0.0458335851,2.0691343561
720000.28,0.42,.58,20.1268425847,242.2298115260,0.1775629936,1.0385946857
720000.28,0.44,.56,21.0855766939,232.8469964250,0.0704902550,0.7387264766
720000.28,0.46,.54,22.0205838286,224.8916556139,0.0861529689,1.1050577542
720000.28,0.48,.52,22.8863821522,214.7048439026,0.1034330600,2.4117743975
720000.28,0.5,.50,23.7887672650,206.4935425729,0.1549618426,0.8200306282
720000.28,0.52,.48,24.8196067250,199.0886605482,0.0887112928,1.9461433242
720000.28,0.54,.46,25.7164863579,189.1069891072,0.1519878043,1.0833062035
720000.28,0.56,.44,26.6019236318,180.9458882666,0.0599821308,1.4657326608
720000.28,0.58,.42,27.5114371083,171.5129290182,0.0969484556,1.2752237354
720000.28,0.6,.40,28.3137786147,162.9042494059,0.1446539870,1.3244746194
720000.28,0.62,.38,29.2576191684,154.5655594052,0.1621943218,1.3971471493
720000.28,0.64,.36,30.2326437457,146.3116073793,0.1192865628,1.6509529401
720000.28,0.66,.34,31.0352112232,137.9521836188,0.2897567177,0.7746774206
720000.28,0.68,.32,31.9760319803,129.4526379542,0.1536942776,1.3115460536
720000.28,0.7,.30,32.8723980424,121.8476864156,0.1509289814,0.9202651875
720000.28,0.72,.28,33.6141998140,112.9296906583,0.2026411465,0.6170556081
720000.28,0.74,.26,34.6857140872,104.7243615529,0.1593431413,1.2669781780
720000.28,0.76,.24,35.4431078706,96.4012782137,0.2283692184,0.9971898697
720000.28,0.78,.22,36.4061559751,88.6230758289,0.3957313951,0.3890262609
720000.28,0.8,.20,37.2459676125,80.1713643004,0.3423477040,0.6405578176
720000.28,0.82,.18,38.1436073303,72.0390540883,0.2199656323,1.0494061803
720000.28,0.84,.16,38.9156686979,64.1572955878,0.1101235848,0.4866866526
720000.28,0.86,.14,39.6284639865,56.0235768322,0.1035053340,0.3391632217
720000.28,0.88,.12,40.6456219183,47.8159377155,0.2026385146,0.4846742265
720000.28,0.9,.10,41.4602685828,40.0109166630,0.1561867799,0.4528261250
720000.28,0.92,.08,42.6211647311,32.1181715236,0.2706882975,0.5384028743
720000.28,0.94,.06,43.2333412139,24.0587675212,0.2085790980,0.2679001243
720000.28,0.96,.04,44.1878434991,16.2356044289,0.3564421718,0.1875377065
720000.28,0.98,.02,45.3725282503,8.1987934637,0.5937439196,0.0215126076
720000.28,1,0,46.2195093371,0.0000000000,0.4094485908,0.0000000000
740000.26,0,1.00,0.0000000000,461.7030257941,0.0000000000,3.0828986090
740000.26,0.02,.98,0.9938623570,451.6796051248,0.0070093241,5.4995691561
740000.26,0.04,.96,1.9889778269,439.5997673373,0.0118096659,4.6809696520
740000.26,0.06,.94,2.9944468856,431.0662476044,0.0221212595,3.2245786122
740000.26,0.08,.92,4.0016620854,421.6513740540,0.0289454967,3.1286963123
740000.26,0.1,.90,4.9799529734,408.8867587752,0.0218979993,3.1104082861
740000.26,0.12,.88,5.9622291715,397.3258284004,0.0404078415,2.7124775975
740000.26,0.14,.86,6.9613299514,388.2386947437,0.0541424938,1.7935749979
740000.26,0.16,.84,7.9594652180,377.4648021159,0.0490073716,1.7680490757
740000.26,0.18,.82,8.9230474362,365.0702957181,0.0534234868,2.2133626610
740000.26,0.2,.80,9.9164989365,355.9456384634,0.0486797917,0.8770645450
740000.26,0.22,.78,10.8971317077,347.1354807938,0.0354794239,1.2451963644
740000.26,0.24,.76,11.9245815999,336.6648757450,0.0515536671,0.4960841055
740000.26,0.26,.74,12.8604309909,326.9318403967,0.0350804734,1.7736908196
740000.26,0.28,.72,13.8853541144,316.0485884542,0.0891037302,1.9867123308
740000.26,0.3,.70,14.8213062195,306.8954222798,0.0608693547,2.5439831770
740000.26,0.32,.68,15.8539329061,296.5902365756,0.0805120710,1.6703415189
740000.26,0.34,.66,16.8107359888,286.7536451116,0.0989477857,1.3760751210
740000.26,0.36,.64,17.7750577490,278.2619309488,0.0702594096,2.5137517318
740000.26,0.38,.62,18.7415775926,266.9690745664,0.0984860926,2.2615043299
740000.26,0.4,.60,19.7285991856,257.4645049682,0.0865302981,2.0405330536
740000.26,0.42,.58,20.6686187720,249.6543004758,0.0880171422,2.0073909013
740000.26,0.44,.56,21.6187043476,240.9656719364,0.0855233787,1.7010504112
740000.26,0.46,.54,22.6370948496,230.9587030548,0.0587675657,1.8941209953
740000.26,0.48,.52,23.5155064739,221.7083473813,0.0834679175,1.6062631202
740000.26,0.5,.50,24.4536772052,211.9895664928,0.0523547721,1.4922683196
740000.26,0.52,.48,25.4048310083,202.5146889908,0.2015121008,1.3705832124
740000.26,0.54,.46,26.3788489866,195.2019820505,0.1183903235,1.5008017895
740000.26,0.56,.44,27.2607118072,185.6633820421,0.0909561158,1.5875728834
740000.26,0.58,.42,28.2329014733,176.5412601657,0.1550757299,1.2602185625
740000.26,0.6,.40,29.1730032311,168.1364813056,0.1993949270,0.6158649675
740000.26,0.62,.38,30.0659797254,159.4473456905,0.1455507286,0.9164459126
740000.26,0.64,.36,30.9872847892,150.4202723272,0.2932480080,1.3443174970
740000.26,0.66,.34,31.8887249315,142.5341191711,0.0996903298,1.2666614054
740000.26,0.68,.32,32.8881954825,133.8371520544,0.2413455468,0.5139494346
740000.26,0.7,.30,33.7894712821,124.4487027795,0.2345977496,0.8106821553
740000.26,0.72,.28,34.4619820713,115.4412926830,0.1742700894,0.9126518390
740000.26,0.74,.26,35.5824704632,107.6739642536,0.2358512692,0.8112270930
740000.26,0.76,.24,36.5296184134,99.5451472293,0.1956505644,1.1762359621
740000.26,0.78,.22,37.2954347591,90.3069613713,0.1531907599,0.4866760972
740000.26,0.8,.20,38.0866831346,82.1862012156,0.2603403920,0.8429853654
740000.26,0.82,.18,39.2459358561,74.7516270946,0.3408931639,0.3696602371
740000.26,0.84,.16,40.0871854919,65.7996009271,0.2847975354,0.7998418041
740000.26,0.86,.14,40.8641360542,57.7998064843,0.4530424016,0.3905046175
740000.26,0.88,.12,42.0124394446,49.3809985312,0.3064172990,0.7886724885
740000.26,0.9,.10,42.4425036952,40.9831497049,0.1727811242,0.4456117306
740000.26,0.92,.08,43.3796678276,32.8117383261,0.4116978901,0.4439724223
740000.26,0.94,.06,44.4433758236,24.8024221294,0.4014970816,0.2774713558
740000.26,0.96,.04,45.6701733865,16.7098891847,0.3291397367,0.2275167026
740000.26,0.98,.02,46.4164534962,8.3804955708,0.1059968427,0.1012016149
740000.26,1,0,47.3368341324,0.0000000000,0.3606700090,0.0000000000
760000.24,0,1.00,0.0000000000,474.8588217643,0.0000000000,2.0739111683
760000.24,0.02,.98,1.0213075845,466.0481006773,0.0105420378,4.8159965320
760000.24,0.04,.96,2.0403143715,454.1904747069,0.0197075216,1.2380261486
760000.24,0.06,.94,3.0723247731,443.3620996178,0.0270047559,5.5907403023
760000.24,0.08,.92,4.0702751542,430.7850459868,0.0326465238,3.3998555826
760000.24,0.1,.90,5.0838791757,419.1264190373,0.0131566037,0.7213365751
760000.24,0.12,.88,6.1222989417,410.2942317479,0.0323859883,2.6267335315
760000.24,0.14,.86,7.1466468658,399.5123385932,0.0251770740,2.4374042900
760000.24,0.16,.84,8.1754731280,388.4436096471,0.0323381550,2.6611291442
760000.24,0.18,.82,9.1794425598,376.9017791217,0.0651698327,4.6727208167
760000.24,0.2,.80,10.1883422720,366.6776128377,0.0355404404,3.5797743294
760000.24,0.22,.78,11.1851011687,355.9456948052,0.0514663992,1.4799543523
760000.24,0.24,.76,12.2375311482,345.9104423708,0.0799028006,1.2208223672
760000.24,0.26,.74,13.1966350284,335.9055017918,0.0556280188,3.0080394153
760000.24,0.28,.72,14.2498661785,325.2169668980,0.0665668820,0.7790046595
760000.24,0.3,.70,15.2461731329,315.2333234962,0.0575841207,2.5268463237
760000.24,0.32,.68,16.2199651400,305.0951910471,0.0850109712,1.0124286989
760000.24,0.34,.66,17.2040696504,295.6600344708,0.1038266712,2.2384592885
760000.24,0.36,.64,18.2574651432,286.1574931752,0.0501223556,2.6616798603
760000.24,0.38,.62,19.2171442227,276.7592967795,0.1029698437,2.7376869086
760000.24,0.4,.60,20.1599781776,264.9620128112,0.0788444517,1.2877324729
760000.24,0.42,.58,21.1948234904,255.1759598868,0.1155998412,0.7515117681
760000.24,0.44,.56,22.1198468073,246.0164834376,0.1340649651,1.9335667399
760000.24,0.46,.54,23.1593758865,237.5462918189,0.1024689234,2.5422928006
760000.24,0.48,.52,24.0983683312,227.8562452171,0.1184253208,1.7204352921
760000.24,0.5,.50,25.1041866181,218.4776557465,0.1347584736,2.0061331376
760000.24,0.52,.48,26.0467740590,209.3135592748,0.1100726467,0.8993281376
760000.24,0.54,.46,27.0441286979,200.0052279522,0.1134354689,2.2157909097
760000.24,0.56,.44,28.0091694574,191.0348343779,0.1600841352,0.6357536104
760000.24,0.58,.42,28.8979346705,180.8292045259,0.1998927702,1.9074287732
760000.24,0.6,.40,29.9841986993,172.7572926576,0.1881026465,1.0014564350
760000.24,0.62,.38,30.9189182343,163.6710041269,0.0932960072,1.4173114245
760000.24,0.64,.36,31.8574176510,154.4467910201,0.2606053820,1.0031747328
760000.24,0.66,.34,32.8113447368,146.1889514143,0.1084213918,0.9500655826
760000.24,0.68,.32,33.7144077631,137.6545865553,0.1912737180,1.4334805220
760000.24,0.7,.30,34.7059076940,127.6383776286,0.1473985232,0.9459865282
760000.24,0.72,.28,35.4958618709,118.9405653858,0.2121619488,1.2467593072
760000.24,0.74,.26,36.5350622647,110.7564207741,0.2308572050,1.3255689393
760000.24,0.76,.24,37.3950675088,101.7233751865,0.1360140639,0.5241848437
760000.24,0.78,.22,38.4669926388,93.2902000900,0.1036203983,1.0468260135
760000.24,0.8,.20,39.3116318424,84.2688172423,0.2274935529,1.3082844278
760000.24,0.82,.18,40.1292366751,76.1431553553,0.2064772187,0.8073564569
760000.24,0.84,.16,41.1389581007,67.4167778510,0.3704119975,1.0947330475
760000.24,0.86,.14,42.0902967892,59.0927367023,0.0505546371,0.3138506818
760000.24,0.88,.12,42.9009581438,50.7444122643,0.2881376033,0.6883496863
760000.24,0.9,.10,43.9543741794,42.4291040851,0.3112261831,0.3794964002
760000.24,0.92,.08,44.4925348277,33.7797457375,0.4080765804,0.1790366205
760000.24,0.94,.06,45.8216973374,25.5861357137,0.5042349835,0.2827688017
760000.24,0.96,.04,46.6655559133,17.0685606928,0.2701610902,0.1421056254
760000.24,0.98,.02,47.5895726313,8.5123352392,0.2315509299,0.0766005327
760000.24,1,0,48.4732843070,0.0000000000,0.3592889032,0.0000000000
780000.22,0,1.00,0.0000000000,487.7702072722,0.0000000000,3.3642971356
780000.22,0.02,.98,1.0419531337,481.1492078571,0.0072546433,4.0650563067
780000.22,0.04,.96,2.0775174457,468.3167007832,0.0216551009,3.8862099335
780000.22,0.06,.94,3.1297625397,454.4135879919,0.0230080084,2.4704384668
780000.22,0.08,.92,4.1892592545,443.0120483957,0.0223349007,3.9842920435
780000.22,0.1,.90,5.1992477370,433.8289647581,0.0365460413,2.1402841624
780000.22,0.12,.88,6.2749322057,421.6479372080,0.0338810641,1.1981336469
780000.22,0.14,.86,7.3150981128,411.0287026527,0.0346211352,2.5303592228
780000.22,0.16,.84,8.3333653577,398.6867630970,0.0336682935,3.0012859956
780000.22,0.18,.82,9.4001753218,389.7195246601,0.0402782603,5.2022694507
780000.22,0.2,.80,10.4237220753,376.9316402432,0.0392061976,2.5239997237
780000.22,0.22,.78,11.4792745658,367.3195706077,0.0600299721,2.7890884300
780000.22,0.24,.76,12.5064368583,355.1414728280,0.0643741750,1.7015676449
780000.22,0.26,.74,13.5243548750,344.1074503929,0.0797947598,2.3224698316
780000.22,0.28,.72,14.5419647493,334.3499627299,0.1010307799,3.2534897379
780000.22,0.3,.70,15.5981746105,325.1403421334,0.0427765500,2.8142782906
780000.22,0.32,.68,16.6882390637,312.9630894798,0.0699769565,2.5579516679
780000.22,0.34,.66,17.6799033373,304.1300570643,0.0941066873,1.6527783782
780000.22,0.36,.64,18.7056687171,292.7153335013,0.1215931339,3.7833918003
780000.22,0.38,.62,19.6976205904,283.4300459498,0.0912911330,0.5829468916
780000.22,0.4,.60,20.7557820209,272.9796675852,0.0579791082,3.1049440436
780000.22,0.42,.58,21.6495802286,262.9703886923,0.0654322600,2.8162044889
780000.22,0.44,.56,22.6921496474,253.2913287296,0.1180886863,1.4138029372
780000.22,0.46,.54,23.7384784049,244.1961945460,0.1572953472,2.1417221272
780000.22,0.48,.52,24.7097641863,233.4086108757,0.0942679315,1.7607052914
780000.22,0.5,.50,25.7117615059,224.2499232109,0.1349028357,2.2155029115
780000.22,0.52,.48,26.7431350796,215.1276323093,0.1135486760,1.2836030398
780000.22,0.54,.46,27.7991189696,206.1865927808,0.1532664010,1.1277262466
780000.22,0.56,.44,28.7176507506,196.2166404215,0.0899594760,2.0375329465
780000.22,0.58,.42,29.7039533443,185.7706567125,0.1695740164,0.6537300459
780000.22,0.6,.40,30.7428455956,178.1147722422,0.1811786617,1.1116217650
780000.22,0.62,.38,31.7140492056,168.1192407335,0.1193868064,0.4451826745
780000.22,0.64,.36,32.7291323111,158.9824136634,0.1329463619,0.7819258704
780000.22,0.66,.34,33.6775333743,149.5042683405,0.1722508742,0.8469029407
780000.22,0.68,.32,34.5484674066,140.1425250497,0.1872915704,0.9384133812
780000.22,0.7,.30,35.5608594008,131.4073018925,0.1987283982,0.4746869645
780000.22,0.72,.28,36.5579264400,122.3754394814,0.1402507550,0.4734683008
780000.22,0.74,.26,37.4688368293,113.7194891504,0.1366912430,1.0594216619
780000.22,0.76,.24,38.3401817184,104.0988555706,0.2861470839,1.3805666925
780000.22,0.78,.22,39.3073178470,95.6819068949,0.3338530919,0.4897754504
780000.22,0.8,.20,40.2645317864,86.7725877653,0.3054730629,0.8007163821
780000.22,0.82,.18,41.3006712978,77.9902065728,0.1887254816,0.6983145644
780000.22,0.84,.16,42.0584348522,69.2463067878,0.1849878289,0.4408199973
780000.22,0.86,.14,43.0771951252,60.7453525798,0.1203219488,0.9810826456
780000.22,0.88,.12,43.9613176576,51.7259416930,0.1586704879,0.3147738628
780000.22,0.9,.10,44.9547075294,43.2430168413,0.2391714994,0.3584945931
780000.22,0.92,.08,45.8667683174,34.6402531116,0.1534757897,0.3319192437
780000.22,0.94,.06,46.8045692777,26.1572155765,0.1253281141,0.1042542989
780000.22,0.96,.04,47.7514912567,17.4616006615,0.1624974369,0.2203976511
780000.22,0.98,.02,48.6977558650,8.8325816816,0.3751447405,0.1103561003
780000.22,1,0,49.7160231100,0.0000000000,0.5876034924,0.0000000000
800000.2,0,1.00,0.0000000000,499.9190073479,0.0000000000,5.3353553135
800000.2,0.02,.98,1.0673440778,492.9339276177,0.0176010488,4.0950764460
800000.2,0.04,.96,2.1322846438,479.0698033095,0.0039184999,3.1716863551
800000.2,0.06,.94,3.1972252099,469.6498026609,0.0302295879,1.1549109243
800000.2,0.08,.92,4.2704239956,455.3431139958,0.0393068500,2.2420377571
800000.2,0.1,.90,5.3350769620,446.0108374343,0.0400106872,2.5321726318
800000.2,0.12,.88,6.4032427531,432.3168088350,0.0290303661,4.2628542930
800000.2,0.14,.86,7.4636638955,422.6772444310,0.0222913588,3.1475717960
800000.2,0.16,.84,8.5730180708,413.1811260936,0.0054462938,3.1646325703
800000.2,0.18,.82,9.6051311865,397.3728174104,0.0499601298,3.0402330514
800000.2,0.2,.80,10.6556506824,387.8197939170,0.0911042323,1.6895112964
800000.2,0.22,.78,11.6918723651,376.1432502946,0.0591095269,1.4766648749
800000.2,0.24,.76,12.7976726300,367.1029929644,0.0428768798,3.0024047485
800000.2,0.26,.74,13.8726791852,355.7814022953,0.0514320608,3.0391947171
800000.2,0.28,.72,14.8853793219,344.1542703777,0.0287876620,2.7522727002
800000.2,0.3,.70,15.9594819923,332.8852465508,0.0676716621,2.5989379725
800000.2,0.32,.68,17.0827231241,320.8238325118,0.1286973797,2.5619233987
800000.2,0.34,.66,18.0603771843,310.2081474860,0.0642630021,1.3943862545
800000.2,0.36,.64,19.1450183291,302.0198899274,0.0598214324,2.5535283460
800000.2,0.38,.62,20.1776244729,292.1870733599,0.0204695232,2.8786677239
800000.2,0.4,.60,21.2275276837,281.1502338379,0.1774689898,1.2613643294
800000.2,0.42,.58,22.2259094644,270.2178518993,0.1473043002,1.2093959455
800000.2,0.44,.56,23.3335791272,259.7344572758,0.1191586460,1.9240243799
800000.2,0.46,.54,24.2445511450,248.5425652891,0.1035713721,2.1754125964
800000.2,0.48,.52,25.3902866811,240.7911252301,0.1408239850,0.8394438723
800000.2,0.5,.50,26.3445835379,229.2839448740,0.0952626209,1.4546886970
800000.2,0.52,.48,27.3997662573,220.3558076037,0.0481867772,0.4949309211
800000.2,0.54,.46,28.4204780996,211.9860169632,0.1073942693,1.2813449172
800000.2,0.56,.44,29.4545633275,200.4072825991,0.1727101087,0.9625958519
800000.2,0.58,.42,30.3849277815,192.0139974536,0.1611480079,1.3973009735
800000.2,0.6,.40,31.4933986149,181.2123283486,0.2224939076,0.6867122100
800000.2,0.62,.38,32.3824514278,172.3839159557,0.0665150275,0.8316560070
800000.2,0.64,.36,33.3355157145,162.6871083452,0.1644776746,0.6054738267
800000.2,0.66,.34,34.4671794086,153.8969519929,0.1079528217,1.7463252071
800000.2,0.68,.32,35.4196890387,144.4586402793,0.3188349316,1.2791889758
800000.2,0.7,.30,36.4432563351,134.9062928867,0.2178772333,0.7602498215
800000.2,0.72,.28,37.2946746742,125.5299007438,0.1409971291,0.9682809212
800000.2,0.74,.26,38.4377396418,116.3985951640,0.1810493162,1.4381787413
800000.2,0.76,.24,39.4205499535,107.6215664367,0.1120903554,1.0907880153
800000.2,0.78,.22,40.3663009909,98.1636477981,0.2392958069,0.4460559905
800000.2,0.8,.20,41.3163043952,88.9082777098,0.1730884290,0.8222041951
800000.2,0.82,.18,42.4237891725,79.8126927923,0.1822474362,1.3822849532
800000.2,0.84,.16,43.2660248644,70.4879660238,0.2914885833,0.7134648943
800000.2,0.86,.14,44.1156970626,62.1971665009,0.1916773953,0.3146330325
800000.2,0.88,.12,45.0913173821,53.2142087189,0.3059025855,0.6295989663
800000.2,0.9,.10,45.9464950600,44.2890012190,0.3293720418,0.4445117615
800000.2,0.92,.08,46.9715208977,35.5795825780,0.3141562910,0.2937343971
800000.2,0.94,.06,48.0323118111,26.7153368393,0.2175858629,0.3972675757
800000.2,0.96,.04,48.9789256476,17.8917134942,0.4487660873,0.2241111053
800000.2,0.98,.02,50.0021848014,9.0650476952,0.1758467559,0.1177962864
800000.2,1,0,50.8453449209,0.0000000000,0.3822241922,0.0000000000
820000.18,0,1.00,0.0000000000,517.8013681135,0.0000000000,5.5797089064
820000.18,0.02,.98,1.0785810085,507.0787464678,0.0166229774,4.2310050892
820000.18,0.04,.96,2.1703916027,494.8551245633,0.0176151316,1.9462386410
820000.18,0.06,.94,3.2568405170,482.9256065344,0.0052509678,4.6352219583
820000.18,0.08,.92,4.3465351992,468.2377096657,0.0376808733,2.7151806690
820000.18,0.1,.90,5.4417148184,459.7249236925,0.0331668479,2.9803101360
820000.18,0.12,.88,6.5348401541,445.0199552770,0.0243175810,5.3279753602
820000.18,0.14,.86,7.6384423356,434.4398218883,0.0347189223,5.6627609533
820000.18,0.16,.84,8.7627311519,420.3710080437,0.0582146300,2.5684094864
820000.18,0.18,.82,9.8006989756,410.3554188760,0.0471503754,2.5341471497
820000.18,0.2,.80,10.8990832771,398.5002156004,0.0484555442,0.9113371101
820000.18,0.22,.78,11.9963171797,388.8355791227,0.0563771216,2.8097466105
820000.18,0.24,.76,13.0985019056,377.1093984286,0.0710122086,2.0838602512
820000.18,0.26,.74,14.1779867989,363.8790623382,0.0638267559,2.9541587531
820000.18,0.28,.72,15.2507541851,354.6564268001,0.1120536191,2.3303026917
820000.18,0.3,.70,16.3443725488,341.5328019627,0.1441031593,3.3360996984
820000.18,0.32,.68,17.3864078538,331.0514356418,0.0556825800,2.2300553430
820000.18,0.34,.66,18.4669198888,319.4979423766,0.1408986138,1.8874965108
820000.18,0.36,.64,19.5564913140,307.8243848663,0.0381824228,4.4328367493
820000.18,0.38,.62,20.6902914629,298.8951771030,0.1325740318,3.2574110979
820000.18,0.4,.60,21.6854069329,287.5849674651,0.0786290976,2.8487009485
820000.18,0.42,.58,22.6623009081,276.5886939949,0.1048672621,0.9750300776
820000.18,0.44,.56,23.8453833182,267.2424446822,0.2072023236,2.1185484973
820000.18,0.46,.54,24.8138136455,257.0298847964,0.1418162024,1.4833853025
820000.18,0.48,.52,25.9739086232,247.0694541909,0.1555052993,1.3734709512
820000.18,0.5,.50,27.0083430793,235.8152482412,0.1694397181,1.3421303968
820000.18,0.52,.48,28.0850957755,226.3349055906,0.0693609704,1.6001234499
820000.18,0.54,.46,29.1255081966,215.9310655021,0.1141315425,1.7385704229
820000.18,0.56,.44,30.1385781043,206.0039892059,0.1889119877,1.3649579824
820000.18,0.58,.42,31.0940253598,195.5528783987,0.1509257978,1.5485922331
820000.18,0.6,.40,32.1678609734,185.7967992792,0.1209395630,1.7166783816
820000.18,0.62,.38,33.2859663964,177.2650824819,0.1097092743,1.2692120293
820000.18,0.64,.36,34.1378777636,166.9732497698,0.1706491809,1.2709715687
820000.18,0.66,.34,35.2709589134,157.2520461865,0.1664521284,1.5043578380
820000.18,0.68,.32,36.2823032229,147.3380411737,0.2940672333,1.1854477213
820000.18,0.7,.30,37.4097350930,138.0967565201,0.2063640891,0.9096448002
820000.18,0.72,.28,38.3099426653,128.6725865829,0.2253804632,1.0461592822
820000.18,0.74,.26,39.3573191074,119.0869975645,0.3221514876,1.3808849000
820000.18,0.76,.24,40.4174321072,109.7684683872,0.2359562636,0.7114125869
820000.18,0.78,.22,41.2164456743,100.9095751137,0.2095600131,0.7706801492
820000.18,0.8,.20,42.3079275832,90.9254246363,0.3515366912,0.6417583839
820000.18,0.82,.18,43.2666411495,81.3866556027,0.2668077374,0.3980513818
820000.18,0.84,.16,44.2836347387,73.2396401967,0.3145802612,0.4591796085
820000.18,0.86,.14,45.1734681792,63.4807439903,0.3466942466,0.7449114556
820000.18,0.88,.12,46.2238849609,54.6710370546,0.3921874206,0.5790796229
820000.18,0.9,.10,47.2491778555,45.5245755471,0.3776405079,0.3732998513
820000.18,0.92,.08,48.1627177276,36.3002497569,0.3113219955,0.7520973594
820000.18,0.94,.06,49.2269803801,27.4201719896,0.2678388350,0.1802337981
820000.18,0.96,.04,49.9783756557,18.3679138691,0.1758990022,0.1661407419
820000.18,0.98,.02,51.2070631595,9.2288331294,0.4115357397,0.0606924676
820000.18,1,0,52.1503285138,0.0000000000,0.2656047753,0.0000000000
840000.16,0,1.00,0.0000000000,530.2790912592,0.0000000000,3.6021512124
840000.16,0.02,.98,1.1089227758,519.8918156419,0.0097853093,2.0720833316
840000.16,0.04,.96,2.2011853124,505.9305581762,0.0179651512,3.6283122624
840000.16,0.06,.94,3.3365056311,496.4293690823,0.0232751894,2.7838247885
840000.16,0.08,.92,4.4326507635,482.4043891103,0.0101326726,1.6677005819
840000.16,0.1,.90,5.5587268065,468.8547643871,0.0129032757,3.0601898422
840000.16,0.12,.88,6.6968614937,456.7739687900,0.0234695355,2.7061338531
840000.16,0.14,.86,7.8135905467,445.0732545617,0.0276940959,1.6999899948
840000.16,0.16,.84,8.9091399369,433.8590512465,0.0323538393,1.7729956585
840000.16,0.18,.82,10.0126804899,420.8895210643,0.0400444042,1.7627454448
840000.16,0.2,.80,11.1297793140,410.4060700991,0.0565551567,1.4481262324
840000.16,0.22,.78,12.2534518453,397.0814742800,0.0420386003,1.3918396826
840000.16,0.24,.76,13.3752960643,386.6028687043,0.0481523456,0.4192018110
840000.16,0.26,.74,14.4904433191,372.9698018662,0.0624353909,3.1872473821
840000.16,0.28,.72,15.6282698637,362.3423977588,0.0891677330,2.0502909800
840000.16,0.3,.70,16.7203886005,350.0569126253,0.1374303452,2.1554779515
840000.16,0.32,.68,17.7484547777,338.2289787512,0.1216947978,2.5126999447
840000.16,0.34,.66,18.8928961152,328.8937724193,0.0528956945,2.3766857697
840000.16,0.36,.64,20.0625229684,319.2517853205,0.1557875713,2.0452568604
840000.16,0.38,.62,21.1421722043,307.0948156928,0.1189516275,1.4233501681
840000.16,0.4,.60,22.2041135164,295.5284201694,0.0303511498,2.2802106376
840000.16,0.42,.58,23.2911376301,284.1937582170,0.0871308109,1.8813536225
840000.16,0.44,.56,24.4386809357,273.6299075907,0.1476795763,1.0290300128
840000.16,0.46,.54,25.4555307250,262.3476434553,0.0695757165,3.9962465928
840000.16,0.48,.52,26.4964567170,251.9546773223,0.2474886259,1.9042965909
840000.16,0.5,.50,27.6886396030,241.8186295175,0.1048739216,0.6640440783
840000.16,0.52,.48,28.6690874887,232.1026093742,0.0740488112,2.6627203837
840000.16,0.54,.46,29.8910574854,220.8737572069,0.2174120184,1.9129284418
840000.16,0.56,.44,30.8326999559,210.7394559960,0.0938644835,2.9442010114
840000.16,0.58,.42,31.8660456417,201.4275188022,0.2062244181,1.3061830616
840000.16,0.6,.40,33.0242917643,191.1652091611,0.1754449729,1.4421574971
840000.16,0.62,.38,34.0573909361,181.1928904488,0.1405909845,1.4397690230
840000.16,0.64,.36,35.1501259579,170.4149412158,0.1370698753,2.3575383269
840000.16,0.66,.34,36.0429997381,160.5855614943,0.1429974755,2.0180813017
840000.16,0.68,.32,37.1369467871,151.3628132727,0.1869980855,1.8164309410
840000.16,0.7,.30,38.0780756867,140.8451628722,0.2863817294,1.1322492509
840000.16,0.72,.28,39.2401427766,132.3358137451,0.3101235438,1.2684218698
840000.16,0.74,.26,40.1909062658,121.5660340642,0.1956682201,1.4196824089
840000.16,0.76,.24,41.2802928055,113.0388246060,0.2070063752,0.7394038918
840000.16,0.78,.22,42.2532630992,103.3012819186,0.2031188061,0.8329869232
840000.16,0.8,.20,43.3209564052,93.2118287316,0.1883666125,1.1943023973
840000.16,0.82,.18,44.3982021294,84.4516461842,0.3407514510,0.5054911712
840000.16,0.84,.16,45.2351993984,74.5268235575,0.1448286318,0.4125994972
840000.16,0.86,.14,46.1851206313,65.1071609594,0.2871948449,0.5242811450
840000.16,0.88,.12,47.3450718092,55.8370856773,0.3121511704,0.4776998086
840000.16,0.9,.10,48.3176928748,46.8461273685,0.3649052042,0.3516715885
840000.16,0.92,.08,49.4091953265,37.5573466292,0.2952129431,0.2589914879
840000.16,0.94,.06,50.2837859835,28.0389733050,0.5492893465,0.2247907535
840000.16,0.96,.04,51.2330087601,18.8393251962,0.1753469683,0.2473320364
840000.16,0.98,.02,52.3949936786,9.5221482207,0.4373118396,0.0945726524
840000.16,1,0,53.1244286636,0.0000000000,0.4166642853,0.0000000000
860000.14,0,1.00,0.0000000000,545.6703020513,0.0000000000,5.0909330976
860000.14,0.02,.98,1.1247202159,532.2395583966,0.0119715770,3.5981745384
860000.14,0.04,.96,2.2580273368,519.1068061975,0.0227278530,4.6095522648
860000.14,0.06,.94,3.3899786306,506.9561468445,0.0359444870,4.1376315496
860000.14,0.08,.92,4.5401925047,495.4215844034,0.0179280035,2.2869575069
860000.14,0.1,.90,5.6698635438,482.7424395421,0.0419503183,2.1478006142
860000.14,0.12,.88,6.8192762474,467.5523687570,0.0340831097,4.1083696392
860000.14,0.14,.86,7.9436061494,454.5797961208,0.0111301131,4.8619450125
860000.14,0.16,.84,9.0821106076,446.2997015282,0.0502910099,2.3041861256
860000.14,0.18,.82,10.2514909467,430.3860337939,0.0326645242,2.4095349232
860000.14,0.2,.80,11.3686103137,418.9213914504,0.0535700211,0.9864152598
860000.14,0.22,.78,12.5254800663,407.3524605488,0.0389388786,2.8570911696
860000.14,0.24,.76,13.6760226258,395.2088439131,0.0392581300,1.5276251225
860000.14,0.26,.74,14.7710379023,383.1278792908,0.0470933526,1.6622897839
860000.14,0.28,.72,15.9436229237,371.9790887341,0.0558982559,1.9817646923
860000.14,0.3,.70,17.1074566974,360.5739996084,0.0857476442,2.5787705557
860000.14,0.32,.68,18.1865923625,346.7645267867,0.0961639847,2.0278166139
860000.14,0.34,.66,19.3191188556,336.0645545199,0.0983171217,1.9087475578
860000.14,0.36,.64,20.4995101544,325.0607875985,0.1080751875,1.5020676871
860000.14,0.38,.62,21.6353029583,314.2004104019,0.0970686961,2.9228237487
860000.14,0.4,.60,22.7323314326,303.4677035850,0.0680378238,1.7531880485
860000.14,0.42,.58,23.9268151162,292.2673603375,0.1830555060,2.6824712534
860000.14,0.44,.56,24.8492294930,280.6396650024,0.1419990383,1.6750404800
860000.14,0.46,.54,26.0055651320,270.5536486615,0.1160068225,0.7157472724
860000.14,0.48,.52,27.2055748381,258.3310972500,0.1833000798,0.8315827038
860000.14,0.5,.50,28.3126282159,248.4088100016,0.0941706829,0.8751987979
860000.14,0.52,.48,29.3764594689,237.2766965996,0.1609412155,2.7476375743
860000.14,0.54,.46,30.4956125765,225.7287811664,0.1786584784,1.8768557301
860000.14,0.56,.44,31.6010225275,217.1215664394,0.1789355818,1.4189614009
860000.14,0.58,.42,32.5410421139,205.1721034350,0.1766463329,0.7980457105
860000.14,0.6,.40,33.7466600140,195.5082557417,0.1669740571,1.6881265916
860000.14,0.62,.38,34.7186647946,185.9317377432,0.2541472973,1.8224619352
860000.14,0.64,.36,35.8827039966,175.0423445512,0.2007723135,0.7919555189
860000.14,0.66,.34,36.8832016893,164.2523381861,0.1198232409,1.4674785788
860000.14,0.68,.32,38.1155869034,155.8928017421,0.2480849359,0.8609386108
860000.14,0.7,.30,38.9823507403,145.0647083617,0.2218413242,1.0918461894
860000.14,0.72,.28,40.1452806292,134.5490299220,0.1788729869,0.8562962515
860000.14,0.74,.26,41.2825936030,125.2140489571,0.1955895486,1.7749899468
860000.14,0.76,.24,42.2651368579,115.7527498141,0.2954659495,1.2064357207
860000.14,0.78,.22,43.2882932976,105.1741376524,0.2196148690,0.4220643462
860000.14,0.8,.20,44.5118861783,95.7638841246,0.2543028139,0.8061197864
860000.14,0.82,.18,45.1572804253,85.5855800158,0.3374802639,0.7317856362
860000.14,0.84,.16,46.2425789408,76.3393936310,0.4317763178,0.4305727720
860000.14,0.86,.14,47.5411942549,67.1627892933,0.2362118114,0.3136455081
860000.14,0.88,.12,48.3341271428,57.1145782590,0.3139807021,0.5050105175
860000.14,0.9,.10,49.4257733943,47.7429188222,0.2259218653,0.4483668152
860000.14,0.92,.08,50.6256187578,38.1420611927,0.4467170021,0.3859494391
860000.14,0.94,.06,51.2693695780,28.7959245635,0.3600848843,0.2278931117
860000.14,0.96,.04,52.3431435631,19.1391195875,0.2927634454,0.1614420074
860000.14,0.98,.02,53.5115994747,9.6903846522,0.2964650251,0.0594639147
860000.14,1,0,54.5042292616,0.0000000000,0.6129610001,0.0000000000
880000.12,0,1.00,0.0000000000,559.0818895148,0.0000000000,4.7456128784
880000.12,0.02,.98,1.1554112114,547.0730423179,0.0081497620,4.6248122901
880000.12,0.04,.96,2.3005920909,531.8485467305,0.0144318649,2.4685479856
880000.12,0.06,.94,3.4560854736,520.4383868483,0.0177857689,4.2528093958
880000.12,0.08,.92,4.6029303228,507.7991319379,0.0331676568,4.6866881526
880000.12,0.1,.90,5.7892995865,492.7411825299,0.0189470567,4.4386834680
880000.12,0.12,.88,6.9614737512,481.3476998023,0.0173621890,2.2468534366
880000.12,0.14,.86,8.1076817725,469.0965831293,0.0295844924,2.7216886615
880000.12,0.16,.84,9.2633600407,456.1133055629,0.0554057885,3.9078896188
880000.12,0.18,.82,10.4445730528,442.7305650695,0.0712166221,2.0694226878
880000.12,0.2,.80,11.6074618561,429.3870947680,0.0782826300,1.1781043392
880000.12,0.22,.78,12.8275829977,416.9625018817,0.0833257803,2.8167431948
880000.12,0.24,.76,13.9634374302,404.4057312767,0.0214349507,2.0270677650
880000.12,0.26,.74,15.0789339132,392.6410691751,0.0689530217,3.2470975004
880000.12,0.28,.72,16.2682408023,379.4063947708,0.0718302885,2.5092858712
880000.12,0.3,.70,17.3525943474,368.6158813301,0.0599095170,2.6046867267
880000.12,0.32,.68,18.5535695668,358.0099434251,0.0648890688,2.3061867085
880000.12,0.34,.66,19.7179990827,344.4591918672,0.0514780087,0.7447341101
880000.12,0.36,.64,20.8709451539,333.0084095914,0.0938245017,1.5984662697
880000.12,0.38,.62,22.0649358094,320.9892518564,0.0474292334,2.1529440708
880000.12,0.4,.60,23.2626858037,310.6374151926,0.1125705424,2.0281919388
880000.12,0.42,.58,24.3576189088,298.7928605056,0.1596452378,2.6156532720
880000.12,0.44,.56,25.5161320882,287.3545860959,0.1279874125,1.4940100601
880000.12,0.46,.54,26.6865601120,277.8720461174,0.0734882735,2.6733565281
880000.12,0.48,.52,27.7913743208,265.2489049443,0.1390335186,1.3229658294
880000.12,0.5,.50,28.8274111180,253.7468516864,0.0768191108,0.7356589960
880000.12,0.52,.48,30.0551741942,243.2197922155,0.1003482994,1.4217388416
880000.12,0.54,.46,31.1616112870,231.6750319197,0.1932090182,2.8212713752
880000.12,0.56,.44,32.2492927713,221.7165169334,0.2015006826,1.2678357380
880000.12,0.58,.42,33.3759029281,210.1209363894,0.2286983616,0.9514616123
880000.12,0.6,.40,34.4164591490,199.9979598679,0.2732986235,1.4735325348
880000.12,0.62,.38,35.6414078568,190.2765309177,0.3509010163,1.7416690640
880000.12,0.64,.36,36.7515221170,179.4832567318,0.2245001114,1.3418714772
880000.12,0.66,.34,37.8986545659,169.3177985394,0.2199917733,1.9452767370
880000.12,0.68,.32,38.8574503035,158.3191023745,0.1795292038,1.1531497506
880000.12,0.7,.30,39.9814926058,148.0195508442,0.1444751468,1.1788420168
880000.12,0.72,.28,41.0130305222,138.5697454159,0.1667684779,0.2223240757
880000.12,0.74,.26,42.1623610544,128.3469876753,0.2423156647,0.8409947561
880000.12,0.76,.24,43.1310995242,117.9903619638,0.3085569193,0.6336609355
880000.12,0.78,.22,44.2258682867,107.9068246594,0.1221866722,1.0616890288
880000.12,0.8,.20,45.3920234007,98.3489557764,0.4375640426,0.5992024542
880000.12,0.82,.18,46.6081386895,88.3217038689,0.1941641004,0.6658991171
880000.12,0.84,.16,47.4926515358,78.2658303582,0.2560754387,0.7687157532
880000.12,0.86,.14,48.3651468236,68.2058439006,0.3156271960,0.7931500388
880000.12,0.88,.12,49.5257759151,58.4193402422,0.1080258649,0.7372378709
880000.12,0.9,.10,50.4466906650,48.6158213788,0.6400247542,0.3578362569
880000.12,0.92,.08,51.5758892189,38.7245784284,0.3594707270,0.1204809419
880000.12,0.94,.06,52.5033776760,29.1837247505,0.2364691665,0.1466485800
880000.12,0.96,.04,53.5526029733,19.6962830408,0.1868827394,0.2793500090
880000.12,0.98,.02,54.6710165389,9.8694386976,0.4434037034,0.1596644610
880000.12,1,0,55.8084116840,0.0000000000,0.4366069198,0.0000000000
900000.1,0,1.00,0.0000000000,572.2199941790,0.0000000000,5.5228372616
900000.1,0.02,.98,1.1672644272,557.2310634008,0.0092175670,3.5443729938
900000.1,0.04,.96,2.3409587617,546.2867370136,0.0281338375,5.6277674313
900000.1,0.06,.94,3.5007455969,530.6188882849,0.0485974681,3.9386337320
900000.1,0.08,.92,4.6963385935,517.5389846367,0.0129924398,3.4084670493
900000.1,0.1,.90,5.9043600053,506.7244132735,0.0341998181,4.7164879753
900000.1,0.12,.88,7.0673104371,489.6625009059,0.0272378277,3.1270662716
900000.1,0.14,.86,8.2381493175,477.9968875808,0.0274055096,2.3516937122
900000.1,0.16,.84,9.4495397543,466.1255705679,0.0184119661,2.7928113992
900000.1,0.18,.82,10.6295818248,454.2534647707,0.0151339040,4.0511642935
900000.1,0.2,.80,11.8509355365,440.3960451294,0.0617224036,4.6941383736
900000.1,0.22,.78,13.0096952300,428.0849245047,0.0862724705,1.6100548046
900000.1,0.24,.76,14.1718034055,413.6294373079,0.0441427883,1.8539890515
900000.1,0.26,.74,15.4692683209,403.9664347406,0.0558435852,3.5188467404
900000.1,0.28,.72,16.5664200522,390.4805888655,0.0762438056,1.4632439676
900000.1,0.3,.70,17.7476741500,377.6755765601,0.1328610740,2.7272808136
900000.1,0.32,.68,18.9130897220,365.0035307578,0.0777614457,2.7329851675
900000.1,0.34,.66,20.1318755793,351.5303617739,0.0714153619,3.4431362360
900000.1,0.36,.64,21.3269755479,341.4404015113,0.0220247568,1.8250010595
900000.1,0.38,.62,22.5067711044,329.5074466364,0.1129286750,2.7004897102
900000.1,0.4,.60,23.7366911783,316.5891310946,0.0820525685,2.1561120548
900000.1,0.42,.58,24.7956537794,304.6727970325,0.1921567109,2.3164006645
900000.1,0.44,.56,26.0512113113,295.7619003343,0.1228946250,0.9760630107
900000.1,0.46,.54,27.3120894375,281.6769727524,0.0985419971,2.6679442557
900000.1,0.48,.52,28.3181953242,271.5382768858,0.1226824660,1.0450096647
900000.1,0.5,.50,29.5487316831,260.9637213293,0.2471386566,3.1111338751
900000.1,0.52,.48,30.5571383673,248.4303325458,0.1748442966,1.3279477529
900000.1,0.54,.46,31.8130862131,238.3542886926,0.1049669548,2.5338467824
900000.1,0.56,.44,32.9365944017,226.4429127036,0.0723509241,1.6023250572
900000.1,0.58,.42,34.1631865363,215.9577151445,0.1592649038,1.4482593389
900000.1,0.6,.40,35.2965758286,205.2510382109,0.1177681079,1.4149469612
900000.1,0.62,.38,36.3257718618,193.4810236440,0.1973406187,0.8710444150
900000.1,0.64,.36,37.5104155273,183.3907816727,0.2152689826,1.1874235065
900000.1,0.66,.34,38.6559867207,172.2688097837,0.1394999155,1.3206057672
900000.1,0.68,.32,39.8198410373,161.6981981488,0.2077143529,0.6716606875
900000.1,0.7,.30,40.8600069443,151.2167754862,0.1787559637,1.3433512807
900000.1,0.72,.28,41.9406216935,141.1307591453,0.2158699913,0.8987875298
900000.1,0.74,.26,43.1068795217,131.0663780321,0.2451161939,1.2548233173
900000.1,0.76,.24,44.0875739215,120.5086686554,0.2467711354,1.0873786439
900000.1,0.78,.22,45.4764955382,110.3313223561,0.1977457748,1.4573801925
900000.1,0.8,.20,46.3646855520,99.9299049624,0.4045158384,0.5568759760
900000.1,0.82,.18,47.5260747283,90.4362093197,0.2292118665,0.2581912061
900000.1,0.84,.16,48.3254580664,79.8463851520,0.2905163768,0.2220712195
900000.1,0.86,.14,49.6067763135,69.7491568051,0.2750869110,0.3885380755
900000.1,0.88,.12,50.5832183464,59.6987484430,0.3562018115,0.7100963742
900000.1,0.9,.10,51.6779460232,49.7420363923,0.2121827253,0.3107425186
900000.1,0.92,.08,52.7237612099,39.9449404871,0.3242410212,0.4823427991
900000.1,0.94,.06,53.8125109217,29.8980816546,0.2006663763,0.2289108530
900000.1,0.96,.04,54.8634823599,20.0261639205,0.4441348648,0.1596403284
900000.1,0.98,.02,55.9885928897,10.1401607517,0.3481001877,0.0952725902
900000.1,1,0,56.6334735658,0.0000000000,0.6761230342,0.0000000000
920000.08,0,1.00,0.0000000000,585.5978329411,0.0000000000,3.7169870615
920000.08,0.02,.98,1.1880948618,573.7098951154,0.0116588306,3.7690596453
920000.08,0.04,.96,2.3892549667,559.6400671194,0.0188580240,3.5214524681
920000.08,0.06,.94,3.5882375311,543.8443226440,0.0216646724,3.3354873557
920000.08,0.08,.92,4.7757982793,531.6516323540,0.0271353130,1.7965539809
920000.08,0.1,.90,5.9682482221,519.1922766150,0.0422359829,2.7006226610
920000.08,0.12,.88,7.1966892119,504.4020631489,0.0553626306,3.5173503366
920000.08,0.14,.86,8.4211859773,491.7402715431,0.0284009756,4.1950876717
920000.08,0.16,.84,9.6112324085,477.9069098242,0.0748911526,2.8748756309
920000.08,0.18,.82,10.7983001286,465.2312581506,0.0468041741,3.0768798331
920000.08,0.2,.80,12.0326985405,450.3141630891,0.0494500589,1.7027921204
920000.08,0.22,.78,13.2638306417,436.7634115312,0.0689995329,1.2811347440
920000.08,0.24,.76,14.4812812147,423.6357864303,0.0813899778,5.0409232303
920000.08,0.26,.74,15.7417690271,413.0940781074,0.0575788259,3.9383994628
920000.08,0.28,.72,16.9198800711,398.4283235419,0.0906071014,0.9576988193
920000.08,0.3,.70,18.1375977010,386.1579943361,0.0745672042,3.0483567772
920000.08,0.32,.68,19.3349573814,375.4779107031,0.0347072820,2.7059079322
920000.08,0.34,.66,20.5791958113,361.1018653577,0.0745173384,1.4808021469
920000.08,0.36,.64,21.7345043085,348.6300580945,0.0868182217,2.1858516478
920000.08,0.38,.62,23.0169934971,337.1384844000,0.1391099963,3.3304466382
920000.08,0.4,.60,24.1393102013,324.7105110094,0.0569756054,2.8221270790
920000.08,0.42,.58,25.4262982708,313.0268683279,0.0772401760,1.4263244513
920000.08,0.44,.56,26.5505254587,301.7998190963,0.0545639512,1.7793036696
920000.08,0.46,.54,27.8290087945,289.1115468733,0.1137973238,2.5532257437
920000.08,0.48,.52,29.0137346314,277.5279671196,0.1627174864,2.0155612217
920000.08,0.5,.50,30.1793967174,267.1231128798,0.1051087480,1.0162746475
920000.08,0.52,.48,31.2621890071,255.2126947003,0.1518482967,1.6008350090
920000.08,0.54,.46,32.4683615637,243.0711627090,0.1999140328,1.7095196283
920000.08,0.56,.44,33.5755176557,231.9267104662,0.1609060270,2.1052789051
920000.08,0.58,.42,34.8388609221,220.4158115554,0.0850401832,3.2959795039
920000.08,0.6,.40,35.9211396409,209.4608365796,0.2633350652,0.5242509091
920000.08,0.62,.38,37.0228929673,198.5943744752,0.2139725617,1.4658129561
920000.08,0.64,.36,38.4283926518,187.4899248668,0.1916975630,1.0350763633
920000.08,0.66,.34,39.4313965704,176.3156115025,0.0847737481,1.3298167167
920000.08,0.68,.32,40.6368501278,165.2493052512,0.3281000234,1.3581594118
920000.08,0.7,.30,41.6985038403,155.0996227457,0.0991850521,1.6997405591
920000.08,0.72,.28,42.8365768989,143.4463482613,0.2469992845,1.2517163024
920000.08,0.74,.26,43.8388618182,133.3038774983,0.3186423385,0.5924677408
920000.08,0.76,.24,45.1690514697,123.4076764748,0.2432719519,1.0467129930
920000.08,0.78,.22,46.0883638785,111.8420133940,0.4479669137,1.0866872808
920000.08,0.8,.20,47.3633754752,102.4740725120,0.2246056521,0.7035777911
920000.08,0.82,.18,48.4465375359,92.2297922273,0.2242405421,0.6635496038
920000.08,0.84,.16,49.4854092443,81.9353114535,0.2967159281,0.8549340167
920000.08,0.86,.14,50.5211584419,71.1175849530,0.3759035366,1.0617659946
920000.08,0.88,.12,51.7433133241,61.0825578855,0.2782292238,0.9807382140
920000.08,0.9,.10,52.6199582646,50.9192970210,0.2285402776,0.8008898529
920000.08,0.92,.08,53.7296822110,40.7185125585,0.4567905055,0.3821718020
920000.08,0.94,.06,55.0923500846,30.6817952389,0.3254753695,0.3917266732
920000.08,0.96,.04,56.0023565891,20.5168441222,0.4841133455,0.0945559672
920000.08,0.98,.02,57.1784955210,10.3421458847,0.2758635052,0.1003367935
920000.08,1,0,58.0572563735,0.0000000000,0.6835097873,0.0000000000
940000.06,0,1.00,0.0000000000,598.9134704238,0.0000000000,4.1061775247
940000.06,0.02,.98,1.1961476532,585.3258713688,0.0230905472,5.4885550806
940000.06,0.04,.96,2.4093253165,572.1280444616,0.0243075489,2.2839374981
940000.06,0.06,.94,3.6255638623,557.5229136069,0.0257722203,1.4727038601
940000.06,0.08,.92,4.8615235297,543.9170598286,0.0261961849,3.7436268626
940000.06,0.1,.90,6.0620262639,529.3053933322,0.0216975215,1.7149140589
940000.06,0.12,.88,7.3239931603,514.6827965385,0.0452725608,5.0070187710
940000.06,0.14,.86,8.5645133371,503.9915572413,0.0437716362,3.8379415681
940000.06,0.16,.84,9.8009454897,488.9771599972,0.0481757246,3.5093652021
940000.06,0.18,.82,11.0051253913,474.1913411867,0.0362828981,3.4307494033
940000.06,0.2,.80,12.2660035175,461.7000396820,0.0971424328,3.5058576135
940000.06,0.22,.78,13.5416313993,448.5808658419,0.0568184520,4.5786424240
940000.06,0.24,.76,14.7769953244,434.0255410842,0.0251472508,3.0489667786
940000.06,0.26,.74,16.0021700034,420.7374547117,0.0705028487,3.3743759780
940000.06,0.28,.72,17.2262559122,409.8240599390,0.0729199264,4.3735613693
940000.06,0.3,.70,18.5109431842,395.1200493330,0.0724981718,1.9781141358
940000.06,0.32,.68,19.7005582158,382.0972198661,0.0752108737,2.5947579108
940000.06,0.34,.66,20.9347101137,370.5375853513,0.1422348595,2.9495382075
940000.06,0.36,.64,22.1844129377,358.1615590438,0.1165115386,2.2357942086
940000.06,0.38,.62,23.3572239303,345.7282895298,0.0826311070,2.5252884476
940000.06,0.4,.60,24.6860166690,331.8432060948,0.1743803975,1.8956490502
940000.06,0.42,.58,25.8562187216,319.5775532533,0.1562581923,1.8062649496
940000.06,0.44,.56,27.1302031765,308.4398620191,0.1528832588,1.5006427176
940000.06,0.46,.54,28.2783011386,296.6130549798,0.0845672062,0.7400499629
940000.06,0.48,.52,29.5548534479,283.2263705647,0.2093267170,3.2434662924
940000.06,0.5,.50,30.6550660617,271.9859119993,0.2011446592,1.6680972256
940000.06,0.52,.48,31.9081789963,259.0362141090,0.1626501897,1.8428667956
940000.06,0.54,.46,33.1807254528,249.3382233221,0.1858349110,1.8171874773
940000.06,0.56,.44,34.3949508007,236.4486984087,0.1697140721,0.2182690863
940000.06,0.58,.42,35.5666730231,225.4044781189,0.2326984196,0.8103540101
940000.06,0.6,.40,36.7231524619,214.6868708880,0.2047394056,1.4270943086
940000.06,0.62,.38,37.9248466805,202.4589670113,0.2730335505,2.0169158287
940000.06,0.64,.36,39.0888242540,191.5301909440,0.1366365060,1.3544573587
940000.06,0.66,.34,40.2085525610,180.8043014775,0.2702182022,1.1072717765
940000.06,0.68,.32,41.4867688400,169.5001204056,0.2017187994,0.9271818948
940000.06,0.7,.30,42.5539485750,158.3219758031,0.1827269228,0.3541696386
940000.06,0.72,.28,43.8117452760,147.4909526523,0.3030443020,0.4793654146
940000.06,0.74,.26,44.9709158262,136.5874176839,0.1761030175,0.7050129922
940000.06,0.76,.24,46.0644931042,126.1637453034,0.2184204092,1.1960001711
940000.06,0.78,.22,47.2426452339,115.1788528644,0.3118844065,0.6846562689
940000.06,0.8,.20,48.1939017511,104.1197583556,0.1792796037,1.2397577809
940000.06,0.82,.18,49.5478594627,93.8341795765,0.2904599111,0.9247396838
940000.06,0.84,.16,50.6087736331,83.3860548814,0.1893371692,0.4429566819
940000.06,0.86,.14,51.7046517087,72.8934202129,0.2984481334,0.8108731865
940000.06,0.88,.12,52.8450050220,62.5729658975,0.1246781916,0.3991051766
940000.06,0.9,.10,53.8852736432,51.9366034537,0.3712612841,0.5715166692
940000.06,0.92,.08,55.2098345579,41.7481578320,0.3212600937,0.3796181944
940000.06,0.94,.06,56.2730289830,31.3732773971,0.2649718351,0.1292688116
940000.06,0.96,.04,57.2228269589,21.0872478841,0.2469949067,0.1915683277
940000.06,0.98,.02,58.4198579540,10.6058252215,0.4596420290,0.1267250411
940000.06,1,0,59.4989114477,0.0000000000,0.2729803991,0.0000000000
960000.04,0,1.00,0.0000000000,611.4379572126,0.0000000000,2.5620335116
960000.04,0.02,.98,1.2157660606,598.8110411430,0.0069730411,1.0689311672
960000.04,0.04,.96,2.4546838962,585.3328014026,0.0280116797,1.4005550929
960000.04,0.06,.94,3.6831865145,569.7480003966,0.0138719057,5.9213995890
960000.04,0.08,.92,4.9100046203,555.4825538841,0.0359005347,1.8314127997
960000.04,0.1,.90,6.1797367084,542.8230159478,0.0359969919,4.5039567180
960000.04,0.12,.88,7.4432237746,528.4344627365,0.0489994079,5.2338819638
960000.04,0.14,.86,8.6784644428,512.7252591716,0.0261315509,4.0411881737
960000.04,0.16,.84,9.9515039273,498.5498467574,0.0244818524,2.9753370373
960000.04,0.18,.82,11.2107180839,485.8128952722,0.0440654575,1.9428892962
960000.04,0.2,.80,12.4510328323,470.3357069870,0.0617259600,2.9927261863
960000.04,0.22,.78,13.7591183934,458.9256597883,0.0579591366,2.2375110137
960000.04,0.24,.76,15.0268372836,442.5564690971,0.0883657042,3.2302547261
960000.04,0.26,.74,16.2661454331,430.9491694715,0.0786468802,1.2728191287
960000.04,0.28,.72,17.5443617121,418.2638270189,0.0747827314,1.5622531682
960000.04,0.3,.70,18.8088964629,404.1625603328,0.0375114414,2.8346479510
960000.04,0.32,.68,20.0317908872,390.7495079840,0.0928384082,2.6986116918
960000.04,0.34,.66,21.2918473001,378.2527976724,0.0824358650,3.8253073575
960000.04,0.36,.64,22.6021514873,363.7455324177,0.0800144145,2.2507908379
960000.04,0.38,.62,23.8038457059,349.9369047220,0.0615939864,2.7517710780
960000.04,0.4,.60,25.1371578683,339.6156616223,0.1216446081,1.5631623253
960000.04,0.42,.58,26.2984648733,325.3308335518,0.1124833429,3.0860557002
960000.04,0.44,.56,27.6058519779,315.4307449483,0.0843414985,1.6920344217
960000.04,0.46,.54,28.8388740199,301.5509576368,0.1243571901,1.1363743164
960000.04,0.48,.52,30.0838109062,289.0663044572,0.2046280090,0.6375986578
960000.04,0.5,.50,31.3230779700,277.6130431450,0.1742802547,1.2633884659
960000.04,0.52,.48,32.6144416634,265.9196533427,0.2247956088,0.8085973244
960000.04,0.54,.46,33.8255034147,253.1548690386,0.1729182814,1.1653063893
960000.04,0.56,.44,35.0886823385,242.6628541291,0.1351813969,1.5851268147
960000.04,0.58,.42,36.2555564518,230.4191745657,0.2471256948,2.1137106882
960000.04,0.6,.40,37.3776882704,219.0962316949,0.0820732944,1.0450820832
960000.04,0.62,.38,38.6768993267,207.3711778355,0.1362122214,1.4643359937
960000.04,0.64,.36,39.9776100100,195.5751897272,0.1116732804,1.3421810976
960000.04,0.66,.34,41.1018782835,184.3484222042,0.2160248185,1.1000329861
960000.04,0.68,.32,42.1318754873,173.5465277323,0.3275870078,1.6410613562
960000.04,0.7,.30,43.4852990851,160.9201187383,0.2755131144,0.9748135051
960000.04,0.72,.28,44.5511229931,150.5398858383,0.0744258746,1.3994551399
960000.04,0.74,.26,45.7793174688,138.8808081549,0.2291404718,1.2724261626
960000.04,0.76,.24,46.9826961999,128.1763285490,0.2705038577,1.1946993763
960000.04,0.78,.22,47.9893772859,117.1708150337,0.1506970597,1.1795009072
960000.04,0.8,.20,49.2658679668,107.3432945896,0.2180551737,1.3306467585
960000.04,0.82,.18,50.4320641665,95.6660748663,0.1337612762,0.9043503038
960000.04,0.84,.16,51.5446846526,85.0608694040,0.2790123028,1.3650946826
960000.04,0.86,.14,52.5823237909,74.7459365790,0.4062736267,0.7915068889
960000.04,0.88,.12,53.6820228338,63.2397140325,0.3585067687,0.7769373035
960000.04,0.9,.10,54.9812749758,53.0801153809,0.1576706764,0.4691368985
960000.04,0.92,.08,56.3197433898,42.5699020899,0.2890484946,0.2159309876
960000.04,0.94,.06,57.4180455199,31.8876774708,0.6367921906,0.4328388161
960000.04,0.96,.04,58.2940536325,21.4363412966,0.3099799260,0.2600430427
960000.04,0.98,.02,59.4626533439,10.8381222099,0.2470037412,0.0179037235
960000.04,1,0,60.6916695331,0.0000000000,0.4552257375,0.0000000000
980000.02,0,1.00,0.0000000000,622.6408358384,0.0000000000,6.8034646136
980000.02,0.02,.98,1.2444438582,610.3783381342,0.0184734624,3.0394665512
980000.02,0.04,.96,2.4770139578,597.9474349732,0.0163351491,3.7480213988
980000.02,0.06,.94,3.7311129485,582.2866853036,0.0189526342,2.7810039319
980000.02,0.08,.92,5.0113013396,565.7691468146,0.0315036130,2.4807190928
980000.02,0.1,.90,6.2736996356,551.4462317287,0.0433891409,4.2037031084
980000.02,0.12,.88,7.5411514691,537.8067419324,0.0427635668,3.7801886465
980000.02,0.14,.86,8.7957434878,523.5112089315,0.0511777518,2.8628421249
980000.02,0.16,.84,10.1066639600,511.4322726117,0.0655288577,1.9872009804
980000.02,0.18,.82,11.3844488395,496.0152573034,0.0435399057,3.6906108851
980000.02,0.2,.80,12.6620077477,483.2958280989,0.0290482563,2.4200933085
980000.02,0.22,.78,14.0012362466,466.2747071500,0.1013343719,2.1594787311
980000.02,0.24,.76,15.2669213962,455.4051462500,0.0343210098,5.0388700037
980000.02,0.26,.74,16.5345581151,441.7751218658,0.1057798684,2.1962904070
980000.02,0.28,.72,17.8380215383,424.8690507472,0.0488822917,2.1424673415
980000.02,0.3,.70,19.1042202588,414.2099262410,0.1179505515,1.9162122237
980000.02,0.32,.68,20.4394223620,400.9642651977,0.1516799870,2.2891949633
980000.02,0.34,.66,21.6647819265,384.9890722847,0.1124449345,3.7640524772
980000.02,0.36,.64,22.9695600911,373.1811397278,0.0561786704,2.1766077812
980000.02,0.38,.62,24.2646420376,360.1886221162,0.0812379107,1.5324793402
980000.02,0.4,.60,25.5595185558,347.2185848583,0.1002130272,2.1284083005
980000.02,0.42,.58,26.8211567669,334.5425387926,0.1094571856,0.5674614459
980000.02,0.44,.56,28.1228945919,319.5031258165,0.0838406422,2.3598434162
980000.02,0.46,.54,29.4576242099,307.7403229923,0.1061498295,1.4300027932
980000.02,0.48,.52,30.7318962646,295.8116500895,0.1703443867,1.4089485523
980000.02,0.5,.50,31.8838562796,284.5861220848,0.0850334429,2.8969744433
980000.02,0.52,.48,33.1636543569,271.0922756828,0.1063186560,1.9562650799
980000.02,0.54,.46,34.4655359818,259.8211672116,0.1713415717,2.6637561845
980000.02,0.56,.44,35.6920048594,247.2054631480,0.1202811160,1.3482184445
980000.02,0.58,.42,36.9664001710,234.3142479824,0.1196971746,0.7793349793
980000.02,0.6,.40,38.1091569960,222.8887631473,0.2099003342,0.9143813956
980000.02,0.62,.38,39.3871678466,211.8480923871,0.0530954986,0.8963777946
980000.02,0.64,.36,40.6740737448,199.4709955865,0.1724518508,1.2743021270
980000.02,0.66,.34,41.9111632681,187.6894309633,0.2352723839,0.6236183563
980000.02,0.68,.32,42.9036081695,176.8648307707,0.1786406070,0.8725381794
980000.02,0.7,.30,44.2555526832,164.5445827844,0.1873103613,0.6938206640
980000.02,0.72,.28,45.4287745325,153.4388936578,0.2439608874,0.9023610777
980000.02,0.74,.26,46.8018370806,142.4832989229,0.0709821487,1.2529823874
980000.02,0.76,.24,47.8225283801,131.6195975637,0.2910464402,0.9665712024
980000.02,0.78,.22,49.0258660255,119.8827119392,0.2921600021,0.7206011949
980000.02,0.8,.20,50.3920878096,108.6004478037,0.1925754505,0.7431335452
980000.02,0.82,.18,51.4341642003,98.0976716221,0.1369866799,0.6810443334
980000.02,0.84,.16,52.7249116086,86.8014347355,0.3016445315,1.0942880011
980000.02,0.86,.14,53.6800918073,75.8415580284,0.2007635058,0.7993990153
980000.02,0.88,.12,55.0077957758,65.2988918959,0.4334196030,0.6828277555
980000.02,0.9,.10,56.2111745068,54.5128857943,0.2905234150,0.4213460869
980000.02,0.92,.08,57.2377616000,43.5090061894,0.4240231028,0.4529477115
980000.02,0.94,.06,58.4696948717,32.5765679091,0.3365981971,0.2407248198
980000.02,0.96,.04,59.1765327381,21.7119087403,0.4814289742,0.1527959125
980000.02,0.98,.02,60.8551699568,11.0055698571,0.5062796344,0.0841801532
980000.02,1,0,61.5853650266,0.0000000000,0.4560315624,0.0000000000
1000000,0,1.00,0.0000000000,637.1812300354,0.0000000000,1.4568724777
1000000,0.02,.98,1.2600974985,624.7400163362,0.0033616868,3.7252269357
1000000,0.04,.96,2.5060615265,607.9461779610,0.0316831319,3.8552466849
1000000,0.06,.94,3.7808676949,594.2099493995,0.0289056125,3.4286130221
1000000,0.08,.92,5.0580979177,578.6377126012,0.0357045615,3.8394478185
1000000,0.1,.90,6.3458460721,563.3640870177,0.0372879904,1.5200483726
1000000,0.12,.88,7.6582045428,550.5442004932,0.0267489947,2.1302965293
1000000,0.14,.86,8.9395844184,533.1996779646,0.0569234977,2.3598323866
1000000,0.16,.84,10.2597697092,519.3594425535,0.0302193662,2.1728543348
1000000,0.18,.82,11.5592478224,507.2972960719,0.0859253805,3.7655956066
1000000,0.2,.80,12.8846715362,492.2417693586,0.0693497989,3.4261928049
1000000,0.22,.78,14.1796302257,478.8039829866,0.0809320453,2.8250502702
1000000,0.24,.76,15.5472078368,464.3368893916,0.0573891208,1.9307271342
1000000,0.26,.74,16.8241299172,450.2116211248,0.0285993791,0.9147548243
1000000,0.28,.72,18.1498412307,434.2010456000,0.0623122792,4.1213357045
1000000,0.3,.70,19.4130201544,421.3667355905,0.0592056746,2.2247594236
1000000,0.32,.68,20.7702236339,407.6599174165,0.0779323584,1.6834913374
1000000,0.34,.66,22.1625348184,392.5780791113,0.0997937115,1.9987226052
1000000,0.36,.64,23.3677624046,380.5175665401,0.1094158054,2.5744162319
1000000,0.38,.62,24.6746359384,366.9619695926,0.1986228608,3.5389024072
1000000,0.4,.60,26.0207462870,352.0293805530,0.1604303811,3.8765584805
1000000,0.42,.58,27.3824691902,342.0180170158,0.1525142301,1.4613203830
1000000,0.44,.56,28.5916410008,328.1263979391,0.0277628528,2.5023572223
1000000,0.46,.54,29.8276006682,315.0624953447,0.1054582535,2.1359541635
1000000,0.48,.52,31.2287452717,303.6624206337,0.1399106918,2.1522843620
1000000,0.5,.50,32.5886193198,290.5149632408,0.0870746202,1.7007169603
1000000,0.52,.48,33.8158688251,277.1570694542,0.1872365499,1.1408597282
1000000,0.54,.46,35.0087296247,264.3614098774,0.1697242803,2.2184246709
1000000,0.56,.44,36.3940767881,252.0168786018,0.2204517250,1.3589686368
1000000,0.58,.42,37.5914159257,239.9576618906,0.1931740889,1.9172182419
1000000,0.6,.40,38.9831313680,226.8913366013,0.1993951513,2.3394258947
1000000,0.62,.38,40.1864484706,214.9290840223,0.1703568719,1.8938863393
1000000,0.64,.36,41.5547039953,204.0045335854,0.1945711995,2.2602396210
1000000,0.66,.34,42.5575024855,190.7418009953,0.1351438085,1.0290134611
1000000,0.68,.32,44.0096960340,179.7111590645,0.2212806987,0.6213423461
1000000,0.7,.30,45.2128487939,168.2107397171,0.2043227987,1.2032069638
1000000,0.72,.28,46.2454343948,156.1895536795,0.2619241907,1.3964409708
1000000,0.74,.26,47.7852842203,145.6563529591,0.2637557684,1.4966391666
1000000,0.76,.24,48.7427652165,133.9300032397,0.2247837855,0.8744559724
1000000,0.78,.22,49.9855451051,121.8654904051,0.2296419036,0.5834346901
1000000,0.8,.20,51.0686455373,110.9971690233,0.2153881816,0.6412165965
1000000,0.82,.18,52.3703833623,99.6171519713,0.3857261827,1.0949119985
1000000,0.84,.16,53.5846087102,88.4810383058,0.3185984113,0.7223414101
1000000,0.86,.14,54.9821377748,77.7203859865,0.1334258662,0.4576842177
1000000,0.88,.12,56.2990567549,66.3534402179,0.2872732980,0.6083504916
1000000,0.9,.10,56.9699857458,54.9574221121,0.1134761499,0.4298203276
1000000,0.92,.08,58.4828422861,44.1376109673,0.3591989843,0.5163202909
1000000,0.94,.06,59.6856047321,33.4462026448,0.4665667327,0.4935072479
1000000,0.96,.04,60.6521245757,22.1810663979,0.2069522865,0.1388091635
1000000,0.98,.02,61.8859067026,11.2221475004,0.1994975619,0.0312652889
1000000,1,0,62.7789242826,0.0000000000,0.3687864769,0.0000000000
