Pressure [Pa],Mole fraction CH4,Mole Fraction CO2,Uptake_CH4 [mg/gr],Uptake_CO2 [mg/gr],Error_CH4 [mg/gr],Error_CO2 [mg/gr]
1,0,1.00,0.0000000000,0.0006060327,0.0000000000,0.0002861257
1,0.02,.98,0.0000000000,0.0004958450,0.0000000000,0.0007008620
1,0.04,.96,0.0000000000,0.0003856572,0.0000000000,0.0004588219
1,0.06,.94,0.0000000000,0.0003856572,0.0000000000,0.0001873132
1,0.08,.92,0.0000200879,0.0003856572,0.0000557639,0.0001873132
1,0.1,.90,0.0000000000,0.0004958450,0.0000000000,0.0006578225
1,0.12,.88,0.0000200879,0.0004407511,0.0000557639,0.0006666527
1,0.14,.86,0.0000200879,0.0004958450,0.0000557639,0.0004458947
1,0.16,.84,0.0000200879,0.0001101878,0.0000557639,0.0003058813
1,0.18,.82,0.0000000000,0.0001652817,0.0000000000,0.0003058813
1,0.2,.80,0.0000000000,0.0001652817,0.0000000000,0.0003058813
1,0.22,.78,0.0000000000,0.0001652817,0.0000000000,0.0003058813
1,0.24,.76,0.0000200879,0.0003305633,0.0000557639,0.0003746265
1,0.26,.74,0.0000000000,0.0002754694,0.0000000000,0.0003419856
1,0.28,.72,0.0000401757,0.0003856572,0.0000682965,0.0003899236
1,0.3,.70,0.0000200879,0.0002203755,0.0000557639,0.0002861257
1,0.32,.68,0.0000200879,0.0001101878,0.0000557639,0.0001873132
1,0.34,.66,0.0000200879,0.0003305633,0.0000557639,0.0007414072
1,0.36,.64,0.0000401757,0.0001652817,0.0001115278,0.0001873132
1,0.38,.62,0.0000401757,0.0003305633,0.0000682965,0.0004458947
1,0.4,.60,0.0000000000,0.0002754694,0.0000000000,0.0004188452
1,0.42,.58,0.0000200879,0.0001652817,0.0000557639,0.0003058813
1,0.44,.56,0.0000200879,0.0003305633,0.0000557639,0.0001529406
1,0.46,.54,0.0000401757,0.0001652817,0.0000682965,0.0003058813
1,0.48,.52,0.0000401757,0.0000550939,0.0001115278,0.0001529406
1,0.5,.50,0.0000000000,0.0001652817,0.0000000000,0.0001873132
1,0.52,.48,0.0000803514,0.0000550939,0.0001365931,0.0001529406
1,0.54,.46,0.0001205271,0.0002203755,0.0001043247,0.0004458947
1,0.56,.44,0.0000803514,0.0002203755,0.0001043247,0.0004458947
1,0.58,.42,0.0001205271,0.0003856572,0.0001043247,0.0003058813
1,0.6,.40,0.0000000000,0.0001652817,0.0000000000,0.0003058813
1,0.62,.38,0.0000200879,0.0001652817,0.0000557639,0.0001873132
1,0.64,.36,0.0000803514,0.0000000000,0.0001043247,0.0000000000
1,0.66,.34,0.0000200879,0.0002754694,0.0000557639,0.0004188452
1,0.68,.32,0.0000200879,0.0002754694,0.0000557639,0.0004188452
1,0.7,.30,0.0000602636,0.0000550939,0.0001115278,0.0001529406
1,0.72,.28,0.0000200879,0.0001652817,0.0000557639,0.0003058813
1,0.74,.26,0.0000000000,0.0000000000,0.0000000000,0.0000000000
1,0.76,.24,0.0000000000,0.0000000000,0.0000000000,0.0000000000
1,0.78,.22,0.0000000000,0.0000550939,0.0000000000,0.0001529406
1,0.8,.20,0.0000803514,0.0002203755,0.0001625783,0.0001529406
1,0.82,.18,0.0000803514,0.0000550939,0.0001043247,0.0001529406
1,0.84,.16,0.0000401757,0.0001101878,0.0000682965,0.0001873132
1,0.86,.14,0.0000401757,0.0001101878,0.0000682965,0.0001873132
1,0.88,.12,0.0000200879,0.0000550939,0.0000557639,0.0001529406
1,0.9,.10,0.0000401757,0.0000000000,0.0000682965,0.0000000000
1,0.92,.08,0.0001205271,0.0001101878,0.0001043247,0.0001873132
1,0.94,.06,0.0000401757,0.0000000000,0.0000682965,0.0000000000
1,0.96,.04,0.0000401757,0.0000000000,0.0000682965,0.0000000000
1,0.98,.02,0.0000803514,0.0000000000,0.0000557639,0.0000000000
1,1,0,0.0000803514,0.0000000000,0.0000557639,0.0000000000
20000.98,0,1.00,0.0000000000,9.0022858997,0.0000000000,0.0910322480
20000.98,0.02,.98,0.0270382513,8.8766167454,0.0030356764,0.1871949864
20000.98,0.04,.96,0.0549603682,8.7178912595,0.0047279420,0.1461990813
20000.98,0.06,.94,0.0862170688,8.5262747235,0.0026489312,0.0539147711
20000.98,0.08,.92,0.1125723330,8.2775809216,0.0019385470,0.1849612825
20000.98,0.1,.90,0.1455164134,8.1784119265,0.0042132187,0.1282886098
20000.98,0.12,.88,0.1710882513,7.8911524042,0.0076299787,0.1737477895
20000.98,0.14,.86,0.2020235463,7.8038836886,0.0047926129,0.0773430599
20000.98,0.16,.84,0.2289412705,7.6452683904,0.0034741839,0.1297139408
20000.98,0.18,.82,0.2524842352,7.3387811019,0.0032472588,0.0831612467
20000.98,0.2,.80,0.2877384187,7.2170787074,0.0031831849,0.0985246326
20000.98,0.22,.78,0.3170666853,7.0694821865,0.0052861102,0.0440714548
20000.98,0.24,.76,0.3424979083,6.8636514279,0.0067702038,0.0840402836
20000.98,0.26,.74,0.3706811673,6.6898302172,0.0077502769,0.0486139535
20000.98,0.28,.72,0.3979604728,6.5205267051,0.0072992132,0.0604810090
20000.98,0.3,.70,0.4258625019,6.2928236737,0.0073255788,0.0598889995
20000.98,0.32,.68,0.4656364525,6.1039067382,0.0113944730,0.0774748071
20000.98,0.34,.66,0.4909471484,5.9689818111,0.0066846918,0.1078783390
20000.98,0.36,.64,0.5157757357,5.7579171333,0.0061234989,0.0456511763
20000.98,0.38,.62,0.5480770048,5.5602402699,0.0100874844,0.0723760719
20000.98,0.4,.60,0.5679238044,5.4340201767,0.0106928608,0.0597568411
20000.98,0.42,.58,0.6052068611,5.1982183441,0.0094768253,0.0869338664
20000.98,0.44,.56,0.6309193141,5.0220831902,0.0092879094,0.1069447661
20000.98,0.46,.54,0.6582588832,4.9069920620,0.0054930962,0.0450132875
20000.98,0.48,.52,0.6898972530,4.6856248276,0.0069304433,0.0800800107
20000.98,0.5,.50,0.7135808327,4.4804001017,0.0102890030,0.0812885552
20000.98,0.52,.48,0.7543390882,4.3202421747,0.0099381032,0.0880991119
20000.98,0.54,.46,0.7762951125,4.1601393417,0.0079992507,0.0526252455
20000.98,0.56,.44,0.8064469811,3.9940312750,0.0159462767,0.0629253579
20000.98,0.58,.42,0.8244858739,3.7550339969,0.0117840048,0.0339519582
20000.98,0.6,.40,0.8653847444,3.6261693973,0.0080703651,0.0521068742
20000.98,0.62,.38,0.8884656884,3.4233688024,0.0164513849,0.0421639310
20000.98,0.64,.36,0.9327393183,3.2417242599,0.0121626000,0.0275494853
20000.98,0.66,.34,0.9555992960,3.0560027697,0.0170393566,0.0304639918
20000.98,0.68,.32,0.9790619094,2.8929248668,0.0137504620,0.0491826004
20000.98,0.7,.30,1.0056582279,2.6747530777,0.0187530877,0.0633501977
20000.98,0.72,.28,1.0334999933,2.5127219586,0.0140706873,0.0473274025
20000.98,0.74,.26,1.0635715105,2.3189567611,0.0170115033,0.0304294203
20000.98,0.76,.24,1.1019192236,2.1695421419,0.0093705725,0.0352588688
20000.98,0.78,.22,1.1226900645,1.9751709116,0.0138307919,0.0143377250
20000.98,0.8,.20,1.1529624602,1.7782653626,0.0101856513,0.0182307538
20000.98,0.82,.18,1.1804426443,1.5971166650,0.0055578158,0.0370769848
20000.98,0.84,.16,1.2196943108,1.4445066004,0.0073629444,0.0480373584
20000.98,0.86,.14,1.2402441853,1.2158118791,0.0186451609,0.0241500952
20000.98,0.88,.12,1.2663784831,1.0656259455,0.0112570554,0.0120924691
20000.98,0.9,.10,1.2962892975,0.8794637043,0.0079955568,0.0280622089
20000.98,0.92,.08,1.3247738743,0.7004636683,0.0126017121,0.0245270709
20000.98,0.94,.06,1.3583406781,0.5242183265,0.0163909298,0.0118269691
20000.98,0.96,.04,1.3882514925,0.3531518101,0.0227102476,0.0156848052
20000.98,0.98,.02,1.4133010463,0.1729948024,0.0197031639,0.0112725647
20000.98,1,0,1.4424485222,0.0000000000,0.0190869351,0.0000000000
40000.96,0,1.00,0.0000000000,17.9827546205,0.0000000000,0.3224718413
40000.96,0.02,.98,0.0560250244,17.6148927428,0.0033147864,0.2675555208
40000.96,0.04,.96,0.1157261261,17.4058114450,0.0038406299,0.1586575659
40000.96,0.06,.94,0.1711284270,16.8769101381,0.0054753772,0.2956972666
40000.96,0.08,.92,0.2267516944,16.5446389109,0.0053316512,0.1384290961
40000.96,0.1,.90,0.2815312719,16.1268619723,0.0068062782,0.1803542911
40000.96,0.12,.88,0.3426586112,15.8512823539,0.0028849389,0.2263840844
40000.96,0.14,.86,0.4072611492,15.4472237930,0.0042700353,0.2555701502
40000.96,0.16,.84,0.4581235952,15.1055866052,0.0073045365,0.1740773089
40000.96,0.18,.82,0.5182264539,14.8645508533,0.0105328069,0.1693749958
40000.96,0.2,.80,0.5748541140,14.4749268906,0.0088076047,0.1315613025
40000.96,0.22,.78,0.6305778206,14.0396851902,0.0146108821,0.1586950824
40000.96,0.24,.76,0.6861810001,13.6343043761,0.0080144941,0.1470926714
40000.96,0.26,.74,0.7507433624,13.2695828499,0.0081840028,0.1977669872
40000.96,0.28,.72,0.8046189864,12.9316920462,0.0139445948,0.1691203536
40000.96,0.3,.70,0.8696634572,12.6465811855,0.0235917473,0.0906924383
40000.96,0.32,.68,0.9236596084,12.2139288977,0.0148213958,0.1223765403
40000.96,0.34,.66,0.9726739718,11.7657952280,0.0242154940,0.1897908463
40000.96,0.36,.64,1.0377987940,11.5752254758,0.0091291964,0.2291405874
40000.96,0.38,.62,1.0919154723,11.2032866506,0.0141849222,0.0788769696
40000.96,0.4,.60,1.1569599432,10.9010415913,0.0153659601,0.0982694414
40000.96,0.42,.58,1.2203973856,10.5126847879,0.0180520443,0.1211542717
40000.96,0.44,.56,1.2688292013,10.1823418467,0.0086016579,0.1163029259
40000.96,0.46,.54,1.3241913265,9.7115645897,0.0156014348,0.1801257555
40000.96,0.48,.52,1.3849972602,9.3801748647,0.0092215490,0.1105591498
40000.96,0.5,.50,1.4486958448,8.9435007232,0.0121654760,0.2104643927
40000.96,0.52,.48,1.4899964723,8.6404292556,0.0148810703,0.1405126985
40000.96,0.54,.46,1.5472468558,8.3133368537,0.0146568340,0.0658299707
40000.96,0.56,.44,1.6033723195,7.9269634302,0.0151341677,0.0793684501
40000.96,0.58,.42,1.6584130391,7.5026303193,0.0150824551,0.1115783904
40000.96,0.6,.40,1.7231160164,7.1522332035,0.0276652089,0.0675672239
40000.96,0.62,.38,1.7825760638,6.8662408406,0.0160141404,0.1110017643
40000.96,0.64,.36,1.8370543235,6.4444971422,0.0174190517,0.0523001045
40000.96,0.66,.34,1.9106562200,6.1342634695,0.0278886320,0.0742686209
40000.96,0.68,.32,1.9615588417,5.7700377882,0.0196282529,0.0735238904
40000.96,0.7,.30,2.0180057111,5.4035532577,0.0240169221,0.0809868643
40000.96,0.72,.28,2.0731066942,5.0831823099,0.0325864156,0.0551161611
40000.96,0.74,.26,2.1340130671,4.6791788429,0.0105805997,0.0514085300
40000.96,0.76,.24,2.1852973580,4.2680131707,0.0102150696,0.0424982351
40000.96,0.78,.22,2.2390323671,3.9047791794,0.0125928256,0.0456662890
40000.96,0.8,.20,2.3147836640,3.5661170614,0.0160573355,0.0519405152
40000.96,0.82,.18,2.3627333712,3.2157199456,0.0211889912,0.0383478611
40000.96,0.84,.16,2.4272153821,2.8648269849,0.0146922222,0.0207844569
40000.96,0.86,.14,2.4966390050,2.4905742164,0.0339682154,0.0372273008
40000.96,0.88,.12,2.5356295294,2.1527385066,0.0159058105,0.0770255375
40000.96,0.9,.10,2.5996093439,1.7820117469,0.0363560199,0.0372081320
40000.96,0.92,.08,2.6548710299,1.4214773560,0.0201568501,0.0200016289
40000.96,0.94,.06,2.7063963750,1.0482162775,0.0263320690,0.0197574786
40000.96,0.96,.04,2.7838350517,0.7128046987,0.0450654979,0.0178384116
40000.96,0.98,.02,2.8394382312,0.3543087817,0.0262181292,0.0118551186
40000.96,1,0,2.8986170486,0.0000000000,0.0217812397,0.0000000000
60000.94,0,1.00,0.0000000000,26.8394824731,0.0000000000,0.4474852638
60000.94,0.02,.98,0.0859157510,26.2812712188,0.0057389407,0.2470390743
60000.94,0.04,.96,0.1720926440,25.7517638792,0.0053925433,0.2880161158
60000.94,0.06,.94,0.2592337541,25.2415944936,0.0098589377,0.4083233648
60000.94,0.08,.92,0.3458124042,24.6999664991,0.0070470193,0.3054580822
60000.94,0.1,.90,0.4258424140,24.1902929585,0.0115820523,0.2953057788
60000.94,0.12,.88,0.5141084439,23.4583706813,0.0042391555,0.3607695170
60000.94,0.14,.86,0.6049457190,23.0629067666,0.0128029429,0.1682929718
60000.94,0.16,.84,0.6902588344,22.6074456100,0.0094837955,0.1479239903
60000.94,0.18,.82,0.7756121254,21.9599271663,0.0140717922,0.5011676405
60000.94,0.2,.80,0.8629942897,21.4088230234,0.0093885580,0.2966947270
60000.94,0.22,.78,0.9453946663,20.9005268299,0.0110584854,0.3783502458
60000.94,0.24,.76,1.0308684845,20.5015369066,0.0092055175,0.1582856071
60000.94,0.26,.74,1.1280936972,20.1227664394,0.0080658364,0.2175629485
60000.94,0.28,.72,1.2088669575,19.2488121238,0.0175557508,0.1967919514
60000.94,0.3,.70,1.3003872197,18.9640318264,0.0128641246,0.3948358331
60000.94,0.32,.68,1.3867047278,18.2781129440,0.0202063488,0.1617763063
60000.94,0.34,.66,1.4786267470,17.8363701651,0.0213986587,0.2413350286
60000.94,0.36,.64,1.5601633459,17.1709462084,0.0319624350,0.1145507946
60000.94,0.38,.62,1.6439096086,16.6420449015,0.0207939098,0.2963153720
60000.94,0.4,.60,1.7292428118,16.2599137073,0.0194492079,0.1854110088
60000.94,0.42,.58,1.8133104802,15.6128360147,0.0297668157,0.1774299812
60000.94,0.44,.56,1.9103749901,15.1009587187,0.0104664663,0.2276082084
60000.94,0.46,.54,1.9933980901,14.5253928903,0.0130033913,0.1409994395
60000.94,0.48,.52,2.0914870805,13.9670163544,0.0209843053,0.1668209320
60000.94,0.5,.50,2.1515296757,13.4344237572,0.0264328155,0.1560435546
60000.94,0.52,.48,2.2495584025,12.8467923677,0.0151907714,0.1430217721
60000.94,0.54,.46,2.3261935650,12.4140298922,0.0201914927,0.0838803010
60000.94,0.56,.44,2.4324783998,11.8027632256,0.0267394357,0.1473801392
60000.94,0.58,.42,2.5116647197,11.3931401822,0.0073427504,0.1531826561
60000.94,0.6,.40,2.6016783929,10.8095306464,0.0133481426,0.2139267933
60000.94,0.62,.38,2.6806236585,10.1783199930,0.0300245917,0.0992215216
60000.94,0.64,.36,2.7599305056,9.6707951140,0.0177981156,0.0688311840
60000.94,0.66,.34,2.8467100343,9.0950640039,0.0378679054,0.1109667258
60000.94,0.68,.32,2.9442767405,8.6498503101,0.0187054372,0.0420090072
60000.94,0.7,.30,3.0242665746,8.0150034603,0.0251972544,0.0904063475
60000.94,0.72,.28,3.1051402742,7.4967352734,0.0297030495,0.0806718683
60000.94,0.74,.26,3.2136146851,7.0279964902,0.0116913471,0.0860905634
60000.94,0.76,.24,3.2787595951,6.4632290635,0.0118330512,0.1404798589
60000.94,0.78,.22,3.3754625236,5.9085989119,0.0446054420,0.0889969254
60000.94,0.8,.20,3.4661591838,5.3903858189,0.0177273022,0.0465226184
60000.94,0.82,.18,3.5621389495,4.8257285800,0.0283591828,0.0254203703
60000.94,0.84,.16,3.6242104180,4.2700516445,0.0193795738,0.0576826481
60000.94,0.86,.14,3.7411217275,3.7728844160,0.0243236340,0.0397677984
60000.94,0.88,.12,3.8002402814,3.2375922184,0.0467612989,0.0420878603
60000.94,0.9,.10,3.8693826744,2.6650565538,0.0310355689,0.0378691001
60000.94,0.92,.08,3.9780780516,2.1452457381,0.0351645777,0.0497760070
60000.94,0.94,.06,4.0773723132,1.6056011235,0.0349569497,0.0342759363
60000.94,0.96,.04,4.1481819981,1.0614939041,0.0380172696,0.0159539142
60000.94,0.98,.02,4.2365484672,0.5300582785,0.0546203883,0.0195880467
60000.94,1,0,4.3166186527,0.0000000000,0.0476688734,0.0000000000
80000.92,0,1.00,0.0000000000,35.6921333780,0.0000000000,0.3171107469
80000.92,0.02,.98,0.1132151444,35.0627408229,0.0004940693,0.2923159746
80000.92,0.04,.96,0.2296443453,34.4380312481,0.0040602464,0.5126711174
80000.92,0.06,.94,0.3458324921,33.7522776474,0.0086611022,0.5420042260
80000.92,0.08,.92,0.4598310627,32.7363463872,0.0071485513,0.4258257929
80000.92,0.1,.90,0.5721623415,31.9142354183,0.0061464346,0.5463458493
80000.92,0.12,.88,0.6899173409,31.4217511702,0.0184651300,0.4108693395
80000.92,0.14,.86,0.8050408314,30.6487839478,0.0105842728,0.2966698723
80000.92,0.16,.84,0.9193808955,29.9796136069,0.0203283254,0.3007868207
80000.92,0.18,.82,1.0381804633,29.2809129430,0.0110091660,0.3118000135
80000.92,0.2,.80,1.1573014367,28.6675527087,0.0133933771,0.3119137773
80000.92,0.22,.78,1.2633251293,27.9778874421,0.0200104168,0.3551376061
80000.92,0.24,.76,1.3926306447,27.0126425572,0.0109564322,0.2311332918
80000.92,0.26,.74,1.4976700325,26.4834657809,0.0189518048,0.5284507921
80000.92,0.28,.72,1.6202662046,25.8977075836,0.0089463239,0.4220943135
80000.92,0.3,.70,1.7314323879,25.0395652132,0.0227960405,0.3117885541
80000.92,0.32,.68,1.8524817953,24.3825155272,0.0236223401,0.3365013236
80000.92,0.34,.66,1.9589875964,23.3803577385,0.0201703058,0.3349960661
80000.92,0.36,.64,2.0674620073,22.6624844022,0.0342925661,0.2753208068
80000.92,0.38,.62,2.1893149288,22.2098330338,0.0217374737,0.5138339996
80000.92,0.4,.60,2.2953587093,21.2806195503,0.0243151310,0.2091967562
80000.92,0.42,.58,2.4248048396,20.6292996285,0.0303488238,0.2727487603
80000.92,0.44,.56,2.5406916685,20.1299837385,0.0207782017,0.2374964580
80000.92,0.46,.54,2.6483023017,19.1654550740,0.0273542164,0.2160569088
80000.92,0.48,.52,2.7565557461,18.5276331543,0.0320561092,0.1414077748
80000.92,0.5,.50,2.8765003215,17.9101959725,0.0148331927,0.1437412066
80000.92,0.52,.48,2.9846533267,17.2849905527,0.0151916926,0.1753056888
80000.92,0.54,.46,3.0829632835,16.3350066741,0.0165742604,0.1971512959
80000.92,0.56,.44,3.2233372063,15.8189422428,0.0515170908,0.2223704399
80000.92,0.58,.42,3.3348448831,15.1405161290,0.0536165161,0.1732137182
80000.92,0.6,.40,3.4331749278,14.2778009661,0.0266605308,0.1635612961
80000.92,0.62,.38,3.5807202144,13.5595970665,0.0282915297,0.1539073310
80000.92,0.64,.36,3.6931519324,12.9414436641,0.0467931746,0.1665334182
80000.92,0.66,.34,3.7991153616,12.1418110008,0.0406647382,0.1016052518
80000.92,0.68,.32,3.9292043032,11.5054766160,0.0401973473,0.0981830589
80000.92,0.7,.30,4.0417364605,10.7946552972,0.0219959360,0.1119136187
80000.92,0.72,.28,4.1544694964,10.0903350569,0.0456274145,0.0926931244
80000.92,0.74,.26,4.2393205911,9.3532890482,0.0203454890,0.0933636457
80000.92,0.76,.24,4.3786298576,8.5731596206,0.0294216447,0.1514230007
80000.92,0.78,.22,4.4802141346,7.9032730592,0.0347783379,0.0907033990
80000.92,0.8,.20,4.6119502802,7.2049580525,0.0274040478,0.1508035307
80000.92,0.82,.18,4.7276362306,6.4257101271,0.0218115562,0.0410671930
80000.92,0.84,.16,4.8222299344,5.7189657558,0.0424537325,0.0739224725
80000.92,0.86,.14,4.9435203960,4.9696889044,0.0791773494,0.0614416012
80000.92,0.88,.12,5.0235303180,4.3218398974,0.0417059787,0.0560026939
80000.92,0.9,.10,5.1914446884,3.5923968451,0.0320554544,0.0420593679
80000.92,0.92,.08,5.2713742589,2.8728155983,0.0407348767,0.0188160487
80000.92,0.94,.06,5.4109446675,2.1190761422,0.0407714070,0.0583857733
80000.92,0.96,.04,5.5355898008,1.4152517469,0.0195955504,0.0170077268
80000.92,0.98,.02,5.6702587730,0.7091134084,0.0270857811,0.0186176556
80000.92,1,0,5.7644306319,0.0000000000,0.0604825052,0.0000000000
100000.9,0,1.00,0.0000000000,44.4774595542,0.0000000000,1.0116511738
100000.9,0.02,.98,0.1437888579,43.7657016392,0.0050708352,0.3975730821
100000.9,0.04,.96,0.2931420514,43.1153734074,0.0091949552,0.6206651214
100000.9,0.06,.94,0.4304626204,42.0837954835,0.0070422741,0.4447805210
100000.9,0.08,.92,0.5770838657,40.9815321037,0.0078330889,0.4665888954
100000.9,0.1,.90,0.7261156535,40.1375488621,0.0173838034,0.7577184452
100000.9,0.12,.88,0.8654851836,39.0263051788,0.0186167034,0.4513098217
100000.9,0.14,.86,1.0012790757,38.3004432291,0.0236773339,0.2630836652
100000.9,0.16,.84,1.1460522385,37.5435083275,0.0225813774,0.5407210654
100000.9,0.18,.82,1.2848793965,36.6871840554,0.0117026456,0.6056107828
100000.9,0.2,.80,1.4402790340,35.2622357846,0.0121928593,0.5649201886
100000.9,0.22,.78,1.5903754781,34.7065588491,0.0170635202,0.3733058452
100000.9,0.24,.76,1.7311511579,33.7728827608,0.0236700110,0.4426980274
100000.9,0.26,.74,1.8795401344,32.9745723508,0.0232146924,0.1464208634
100000.9,0.28,.72,2.0184476439,32.0169855160,0.0089524046,0.2975590508
100000.9,0.3,.70,2.1574957683,31.1924504162,0.0217917661,0.4850826963
100000.9,0.32,.68,2.3094804706,30.1605970228,0.0298820274,0.2971322906
100000.9,0.34,.66,2.4274162606,29.2476913297,0.0251811133,0.2957501626
100000.9,0.36,.64,2.6085484389,28.5122981376,0.0308904478,0.1403230469
100000.9,0.38,.62,2.7261628232,27.3837549741,0.0366765290,0.3667589601
100000.9,0.4,.60,2.8748732054,26.6769555090,0.0239390456,0.3523899760
100000.9,0.42,.58,3.0256526365,26.0380868054,0.0092907548,0.2345098549
100000.9,0.44,.56,3.1798269149,25.0283811543,0.0179710737,0.1648658825
100000.9,0.46,.54,3.3106189313,23.9054024733,0.0229584719,0.3936954824
100000.9,0.48,.52,3.4564165747,23.2961191866,0.0247218655,0.2525424911
100000.9,0.5,.50,3.5821665398,22.1545738660,0.0261307494,0.2864638997
100000.9,0.52,.48,3.7510853030,21.4309156717,0.0336157708,0.3545010184
100000.9,0.54,.46,3.8752684155,20.4874328717,0.0315442486,0.1479226067
100000.9,0.56,.44,4.0303265595,19.6512178681,0.0548486755,0.1845162916
100000.9,0.58,.42,4.1701380224,18.6934106577,0.0248232282,0.2001130955
100000.9,0.6,.40,4.3137862653,17.7753812331,0.0364183836,0.1865581979
100000.9,0.62,.38,4.4635211280,16.9622505677,0.0395292773,0.0894400009
100000.9,0.64,.36,4.5741851149,16.0382159096,0.0442057076,0.0510089668
100000.9,0.66,.34,4.7563618616,15.1567688254,0.0491292621,0.0393183852
100000.9,0.68,.32,4.8681105926,14.3832506641,0.0458257664,0.0957949334
100000.9,0.7,.30,5.0264028811,13.4623563574,0.0512629336,0.0995520728
100000.9,0.72,.28,5.1653304784,12.5139151077,0.0368561508,0.0754330713
100000.9,0.74,.26,5.3510426873,11.6947792087,0.0278505005,0.1232290103
100000.9,0.76,.24,5.4704850664,10.7127857824,0.0406843861,0.1030445354
100000.9,0.78,.22,5.6063593099,9.7855556788,0.0302161782,0.1426476589
100000.9,0.8,.20,5.7560740847,8.9151273718,0.0326988727,0.1099098434
100000.9,0.82,.18,5.9073557122,8.0313112506,0.0276128928,0.0866793623
100000.9,0.84,.16,6.0861576994,7.2092002817,0.0421680232,0.0622726648
100000.9,0.86,.14,6.1323999390,6.2792705777,0.0328205387,0.0863218772
100000.9,0.88,.12,6.2978435034,5.3529219764,0.0515862630,0.0701279060
100000.9,0.9,.10,6.5035632148,4.4810612284,0.0368445268,0.0805505053
100000.9,0.92,.08,6.5814237363,3.5657314042,0.0441951723,0.0664193872
100000.9,0.94,.06,6.7633795166,2.6543683398,0.0757803258,0.0656979249
100000.9,0.96,.04,6.9112863846,1.7717091902,0.0790559783,0.0217458233
100000.9,0.98,.02,7.0210062424,0.8752214751,0.0851471299,0.0282623770
100000.9,1,0,7.1836776830,0.0000000000,0.0723769008,0.0000000000
120000.88,0,1.00,0.0000000000,53.3910442972,0.0000000000,0.4799050874
120000.88,0.02,.98,0.1703048250,52.5495402804,0.0015638762,0.0641647454
120000.88,0.04,.96,0.3420961513,50.9134722379,0.0053435942,0.4644611724
120000.88,0.06,.94,0.5154945058,50.3363637807,0.0097373862,0.3562970630
120000.88,0.08,.92,0.6992180172,49.6744107389,0.0090389108,0.5791535455
120000.88,0.1,.90,0.8664895763,48.0529425762,0.0129141856,0.3514847491
120000.88,0.12,.88,1.0358703601,46.6957597853,0.0118301601,0.2660389583
120000.88,0.14,.86,1.2062756244,45.9862056258,0.0106576874,0.3484178842
120000.88,0.16,.84,1.3723218244,44.7836162794,0.0159752574,0.4445089836
120000.88,0.18,.82,1.5463629903,43.8461938069,0.0193157669,0.2346313111
120000.88,0.2,.80,1.7283790341,42.3420756217,0.0270400785,0.4491439737
120000.88,0.22,.78,1.8958112960,41.7197901778,0.0304194917,0.3066319804
120000.88,0.24,.76,2.0901411943,40.6277742608,0.0190307270,0.2707101606
120000.88,0.26,.74,2.2595219780,39.6089781185,0.0136873355,0.3960692341
120000.88,0.28,.72,2.4377615054,38.4114574096,0.0187203929,0.3042129031
120000.88,0.3,.70,2.5909313911,37.2973488443,0.0304347704,0.4450449155
120000.88,0.32,.68,2.7492437673,36.1208189060,0.0213305779,0.1512391815
120000.88,0.34,.66,2.9382704722,34.8788374310,0.0229337059,0.3602137365
120000.88,0.36,.64,3.0976073290,33.8078673785,0.0272832452,0.2084379895
120000.88,0.38,.62,3.2756258899,33.0975419046,0.0213736494,0.4879953309
120000.88,0.4,.60,3.4667819073,32.1633699714,0.0113048808,0.4632249847
120000.88,0.42,.58,3.6255964799,30.6623921377,0.0309760210,0.2589970172
120000.88,0.44,.56,3.8190626004,29.9527277905,0.0375099268,0.1248738452
120000.88,0.46,.54,3.9523053351,28.6641919817,0.0217030781,0.3563955077
120000.88,0.48,.52,4.1410307221,27.6085380295,0.0238475206,0.3300449891
120000.88,0.5,.50,4.3393781912,26.8079136763,0.0283644455,0.3312587201
120000.88,0.52,.48,4.4990766294,25.6863674364,0.0183142122,0.3334581314
120000.88,0.54,.46,4.6677342504,24.6308236720,0.0287286029,0.4041381213
120000.88,0.56,.44,4.8337201868,23.4850361222,0.0443116244,0.2672959197
120000.88,0.58,.42,5.0192716930,22.5301488878,0.0142652033,0.2183204562
120000.88,0.6,.40,5.1626587938,21.3817168314,0.0395736397,0.2877844623
120000.88,0.62,.38,5.3407376183,20.3888148156,0.0237954686,0.1159980307
120000.88,0.64,.36,5.5352282194,19.2982864335,0.0609238853,0.2349830843
120000.88,0.66,.34,5.7284532857,18.2646700358,0.0390280453,0.3720495246
120000.88,0.68,.32,5.8565736176,17.2265910334,0.0292053984,0.0685907599
120000.88,0.7,.30,6.0695852200,16.1341894592,0.0244544811,0.1598052828
120000.88,0.72,.28,6.2158047082,15.0931353869,0.0949659243,0.1153111988
120000.88,0.74,.26,6.4059764207,13.9304891079,0.0469384509,0.0940550667
120000.88,0.76,.24,6.5411475893,12.7947286453,0.1023907717,0.0913236139
120000.88,0.78,.22,6.7542797188,11.8598404916,0.0616458685,0.1233208945
120000.88,0.8,.20,6.9195023168,10.7858953693,0.0643179395,0.1216035732
120000.88,0.82,.18,7.0597958882,9.6019277563,0.0788631427,0.0585782571
120000.88,0.84,.16,7.2817867612,8.5807074830,0.0740504990,0.0801362189
120000.88,0.86,.14,7.4246716657,7.5053299197,0.0523715341,0.0415316182
120000.88,0.88,.12,7.5867605585,6.4296768869,0.0153273094,0.0682008031
120000.88,0.9,.10,7.7786799143,5.3548502624,0.0202887060,0.0325838922
120000.88,0.92,.08,7.8961135080,4.2839353038,0.0836068447,0.0719750197
120000.88,0.94,.06,8.0623204109,3.1938476728,0.0397998083,0.0536941416
120000.88,0.96,.04,8.2195480430,2.1129607208,0.0863382665,0.0444558971
120000.88,0.98,.02,8.4318766584,1.0549377316,0.0592494202,0.0253053198
120000.88,1,0,8.6564588645,0.0000000000,0.0990960825,0.0000000000
140000.86,0,1.00,0.0000000000,62.1849651196,0.0000000000,0.5630184911
140000.86,0.02,.98,0.1981064148,61.0106389367,0.0033372249,0.2899317673
140000.86,0.04,.96,0.3991456562,59.7442508701,0.0044322641,0.6239470888
140000.86,0.06,.94,0.6030172851,58.6948776210,0.0123751225,0.6815659018
140000.86,0.08,.92,0.8041368779,56.8221262437,0.0120194776,0.6092174185
140000.86,0.1,.90,1.0081491217,55.8518678151,0.0108527031,0.7294493026
140000.86,0.12,.88,1.2051707924,55.2132745809,0.0132188045,0.3973591774
140000.86,0.14,.86,1.4052458169,53.4486174082,0.0130352175,0.6486607441
140000.86,0.16,.84,1.6089165672,52.1302758070,0.0045596991,0.6370650753
140000.86,0.18,.82,1.8149777721,50.7286873439,0.0305856888,0.8133386905
140000.86,0.2,.80,2.0098701303,49.7194775377,0.0165077575,0.4785595706
140000.86,0.22,.78,2.2140832526,48.3785474432,0.0190278673,0.4666325705
140000.86,0.24,.76,2.4054200606,47.3111584933,0.0183203662,0.5950725361
140000.86,0.26,.74,2.6209024690,46.1585943955,0.0258206346,0.4649646377
140000.86,0.28,.72,2.8166586049,44.6514460466,0.0150103797,0.4002488228
140000.86,0.3,.70,3.0177581099,43.0777442831,0.0125383821,0.3357801472
140000.86,0.32,.68,3.2207257853,42.4480211647,0.0295977804,0.6041743595
140000.86,0.34,.66,3.4277311194,40.9073206391,0.0250502755,0.3017126134
140000.86,0.36,.64,3.6021941301,39.3936712115,0.0497250482,0.7534187222
140000.86,0.38,.62,3.8171341665,38.5666017930,0.0257106574,0.4208313189
140000.86,0.4,.60,4.0116448554,37.0938320289,0.0335221646,0.3782212297
140000.86,0.42,.58,4.2241341736,36.0643476727,0.0209203019,0.4507282909
140000.86,0.44,.56,4.4199907487,34.7143270870,0.0358255929,0.2967152045
140000.86,0.46,.54,4.6418008310,33.5361443321,0.0466064807,0.4282023768
140000.86,0.48,.52,4.8183328908,32.4731077992,0.0548667155,0.6159471557
140000.86,0.5,.50,5.0227468917,31.0765879736,0.0239110039,0.3498200019
140000.86,0.52,.48,5.2204716372,29.8666711403,0.0792779055,0.1405194819
140000.86,0.54,.46,5.4161875974,28.6146074842,0.0348197335,0.3530104761
140000.86,0.56,.44,5.6141333093,27.2561575339,0.0530882996,0.3037612831
140000.86,0.58,.42,5.8021556215,26.0952191653,0.0537865988,0.3051519109
140000.86,0.6,.40,6.0588181303,25.0083820736,0.0375833054,0.1812408713
140000.86,0.62,.38,6.2336226346,23.7370355573,0.0178201598,0.1302257340
140000.86,0.64,.36,6.4199173913,22.3965462139,0.0577895590,0.1308128379
140000.86,0.66,.34,6.6280074694,21.2915281398,0.0283783378,0.2754180459
140000.86,0.68,.32,6.8584754168,19.9752801063,0.0709581653,0.2193766047
140000.86,0.7,.30,7.0273941799,18.7577052228,0.0558111640,0.1934309903
140000.86,0.72,.28,7.2746354852,17.5346209507,0.0351570604,0.2700701115
140000.86,0.74,.26,7.4530156275,16.1626179044,0.1039805924,0.2848892284
140000.86,0.76,.24,7.6214723700,14.8806382681,0.0584363582,0.1309493339
140000.86,0.78,.22,7.8626270556,13.6842745308,0.0931216180,0.0874899933
140000.86,0.8,.20,8.0461697764,12.4777184245,0.0669520479,0.0670236891
140000.86,0.82,.18,8.2547218751,11.2452130979,0.0354205359,0.1215774584
140000.86,0.84,.16,8.4246048553,10.0198148826,0.0602475524,0.1594670277
140000.86,0.86,.14,8.6444061522,8.7262104363,0.0983135195,0.0519866544
140000.86,0.88,.12,8.8640668342,7.5401492557,0.0521185008,0.0150978043
140000.86,0.9,.10,9.0598832336,6.2565168028,0.0148374373,0.0841018413
140000.86,0.92,.08,9.2672702369,4.9940404021,0.1041172164,0.0550423737
140000.86,0.94,.06,9.4608568846,3.7431888114,0.0856536863,0.0650962278
140000.86,0.96,.04,9.6733662906,2.4970752949,0.0464575895,0.0428489038
140000.86,0.98,.02,9.8244269516,1.2295302568,0.0747281070,0.0314799593
140000.86,1,0,10.0036507837,0.0000000000,0.0649169794,0.0000000000
160000.84,0,1.00,0.0000000000,70.8939862634,0.0000000000,1.0094661614
160000.84,0.02,.98,0.2345658695,70.2080673811,0.0048410309,0.6745507467
160000.84,0.04,.96,0.4599114142,68.8749055245,0.0095700473,1.3391157843
160000.84,0.06,.94,0.6869041628,66.7529094063,0.0108489059,1.3127693875
160000.84,0.08,.92,0.9211687145,65.3710445544,0.0197207533,1.0494125526
160000.84,0.1,.90,1.1503309514,63.7318361604,0.0190256201,0.4540948899
160000.84,0.12,.88,1.3732257778,62.1208358361,0.0160889673,0.7397840695
160000.84,0.14,.86,1.6066667275,60.7661322701,0.0112190085,0.2595860696
160000.84,0.16,.84,1.8305458588,59.4076272259,0.0118885014,0.5304505195
160000.84,0.18,.82,2.0822667556,58.1160612533,0.0252627312,0.4038166240
160000.84,0.2,.80,2.3027108638,56.7103407487,0.0237431715,0.4768399614
160000.84,0.22,.78,2.5386427075,55.2220896027,0.0311953445,0.4869915507
160000.84,0.24,.76,2.7476568269,54.0939320964,0.0320010842,0.4520094214
160000.84,0.26,.74,3.0070512838,52.5849105553,0.0172807314,0.4619435521
160000.84,0.28,.72,3.1994527481,50.9998594514,0.0390844353,0.2176997158
160000.84,0.3,.70,3.4341592326,49.5539755038,0.0295483599,0.4576789751
160000.84,0.32,.68,3.6685844872,48.2928213564,0.0354050813,0.8539169155
160000.84,0.34,.66,3.9205062624,46.7756459202,0.0574541615,0.6161311760
160000.84,0.36,.64,4.1399660659,45.4802784695,0.0326540982,0.3873285944
160000.84,0.38,.62,4.3584415645,43.7832214950,0.0330594943,0.6071389748
160000.84,0.4,.60,4.6244248374,42.4070313134,0.0469600927,0.4052334745
160000.84,0.42,.58,4.8395255766,41.2757885495,0.0328521686,0.5127420372
160000.84,0.44,.56,5.0651322633,39.9944149459,0.0411558041,0.4692028406
160000.84,0.46,.54,5.2794495762,38.5104060291,0.0221017107,0.4572356582
160000.84,0.48,.52,5.5075471568,37.1063383411,0.0436255361,0.3355168815
160000.84,0.5,.50,5.7253597562,35.3888966288,0.0548963772,0.2243894419
160000.84,0.52,.48,5.9822834071,34.0507212286,0.0247198844,0.2631589392
160000.84,0.54,.46,6.2125504759,32.8031201772,0.0502454241,0.3114693619
160000.84,0.56,.44,6.4463128313,31.1402214121,0.0651881573,0.4515551254
160000.84,0.58,.42,6.6653909655,29.7585218419,0.0627852532,0.3628840394
160000.84,0.6,.40,6.8804917046,28.3942870335,0.0401367298,0.3723115697
160000.84,0.62,.38,7.1197179563,26.8770565034,0.0206812595,0.3495991930
160000.84,0.64,.36,7.3527169732,25.7036118227,0.0473071672,0.3343845461
160000.84,0.66,.34,7.6060850740,24.2314480914,0.0597117272,0.2855950115
160000.84,0.68,.32,7.8123873331,22.7338860787,0.0392310306,0.1507610639
160000.84,0.7,.30,8.0310837981,21.3921846698,0.0858503306,0.1693465101
160000.84,0.72,.28,8.2534362525,19.9684484644,0.0918995125,0.1661017954
160000.84,0.74,.26,8.4515225794,18.3695137011,0.1138229016,0.1566426019
160000.84,0.76,.24,8.7332748177,17.1497901561,0.0690935880,0.1002918007
160000.84,0.78,.22,8.9411037537,15.6018172375,0.0690758985,0.2274914597
160000.84,0.8,.20,9.1939897460,14.1854636129,0.0741298130,0.1390941409
160000.84,0.82,.18,9.3910917681,12.8034334793,0.0620586749,0.2040192435
160000.84,0.84,.16,9.6560706484,11.4800232406,0.0564388344,0.1184235093
160000.84,0.86,.14,9.8594802566,9.9586606690,0.0721915955,0.0645210089
160000.84,0.88,.12,10.1607980645,8.5829663324,0.0574202567,0.1091653841
160000.84,0.9,.10,10.3293753341,7.1261187014,0.0732967393,0.0891605821
160000.84,0.92,.08,10.5650862113,5.7455210089,0.0727684692,0.0654812758
160000.84,0.94,.06,10.7338040959,4.2578758956,0.0816093796,0.0243115473
160000.84,0.96,.04,11.0441413502,2.8425690549,0.1001944684,0.0348900783
160000.84,0.98,.02,11.2613513140,1.4099076399,0.1003895090,0.0243955883
160000.84,1,0,11.4920804035,0.0000000000,0.0707822712,0.0000000000
180000.82,0,1.00,0.0000000000,79.5396494382,0.0000000000,0.9000594089
180000.82,0.02,.98,0.2574861108,78.3043894173,0.0057639465,1.3063657868
180000.82,0.04,.96,0.5124210642,76.2076813928,0.0088132518,1.1564355706
180000.82,0.06,.94,0.7720766632,75.0860249651,0.0107896268,0.9636292580
180000.82,0.08,.92,1.0302658488,73.2078743869,0.0087269140,1.1092319775
180000.82,0.1,.90,1.2970727238,71.6579180885,0.0249349370,0.5810228544
180000.82,0.12,.88,1.5646429373,70.2975398521,0.0141850318,1.0557543831
180000.82,0.14,.86,1.8183927072,68.8855386445,0.0231723255,0.7829529897
180000.82,0.16,.84,2.0800771795,66.4302245153,0.0107218300,0.9412088016
180000.82,0.18,.82,2.3359160863,65.6032652845,0.0115510006,0.6563507408
180000.82,0.2,.80,2.5672277235,64.0376072284,0.0150657973,0.7378068304
180000.82,0.22,.78,2.8447012489,62.4886426199,0.0453668058,0.5892363163
180000.82,0.24,.76,3.1060040519,60.7385302331,0.0368470586,0.8680415447
180000.82,0.26,.74,3.3787770195,59.1045557583,0.0267848097,0.6035961591
180000.82,0.28,.72,3.5930742445,57.4852913510,0.0462047260,0.7793638309
180000.82,0.3,.70,3.8856538360,55.4243392587,0.0444502857,0.5180626791
180000.82,0.32,.68,4.1511750883,54.4585985287,0.0653805302,0.7553039685
180000.82,0.34,.66,4.4028156336,52.7015443123,0.0511724855,0.4402389797
180000.82,0.36,.64,4.6520858122,51.2969256854,0.0322123434,0.7509624905
180000.82,0.38,.62,4.9261444024,49.5239493359,0.0419593108,0.7773223549
180000.82,0.4,.60,5.1637636258,48.0076554018,0.0184220102,0.5138076416
180000.82,0.42,.58,5.4418799625,45.9803656739,0.0244173861,0.5721064380
180000.82,0.44,.56,5.6976184300,44.6345322235,0.0764890633,0.3536347655
180000.82,0.46,.54,5.9014498831,42.8962099283,0.0476442414,0.3543342251
180000.82,0.48,.52,6.2084927294,41.4805725242,0.0488377172,0.6307502904
180000.82,0.5,.50,6.4444446609,39.8833456715,0.0502830227,0.3335468546
180000.82,0.52,.48,6.7586387831,38.2740532576,0.0950051687,0.7353354295
180000.82,0.54,.46,6.9674319361,36.6998005553,0.0760478399,0.4616698863
180000.82,0.56,.44,7.2092495209,35.0762388250,0.0383237662,0.2009884552
180000.82,0.58,.42,7.5153080624,33.3631495297,0.1154049207,0.3780613283
180000.82,0.6,.40,7.7436266094,31.9427189575,0.0527036987,0.3267848257
180000.82,0.62,.38,8.0202363570,30.3267050895,0.0377547223,0.2162264894
180000.82,0.64,.36,8.3011649933,28.7609368457,0.0740283968,0.3641076804
180000.82,0.66,.34,8.5029073096,27.0313744784,0.0688025189,0.2815526053
180000.82,0.68,.32,8.7893400178,25.5583292450,0.0397812869,0.1472235273
180000.82,0.7,.30,9.0522297613,23.9661710297,0.0599739582,0.1900128661
180000.82,0.72,.28,9.2593556225,22.3560522076,0.0955899568,0.1859511188
180000.82,0.74,.26,9.5580620094,20.8654320245,0.1149798855,0.3526333819
180000.82,0.76,.24,9.8247282694,19.1271097293,0.0291071441,0.1798016296
180000.82,0.78,.22,10.1082080631,17.6164353716,0.0934649497,0.2800053873
180000.82,0.8,.20,10.3814430513,16.0169496695,0.1197741666,0.1151406282
180000.82,0.82,.18,10.5525313027,14.4623654846,0.0942005484,0.1959376875
180000.82,0.84,.16,10.7893670997,12.7691650822,0.1152482559,0.0842338471
180000.82,0.86,.14,11.1054293923,11.2418523709,0.0749251417,0.1144355700
180000.82,0.88,.12,11.3711716111,9.6100265576,0.0561660649,0.1298323160
180000.82,0.9,.10,11.5956935537,8.0280056174,0.0678532345,0.0319175402
180000.82,0.92,.08,11.8580409251,6.3950779264,0.0723192952,0.1045669401
180000.82,0.94,.06,12.1279212417,4.8551487152,0.1389921730,0.1057811396
180000.82,0.96,.04,12.4091913715,3.2006793147,0.0234509171,0.0150493112
180000.82,0.98,.02,12.7162141299,1.6088516628,0.0441857078,0.0414541051
180000.82,1,0,12.9151039710,0.0000000000,0.1353946144,0.0000000000
200000.8,0,1.00,0.0000000000,89.2956747940,0.0000000000,0.4432204751
200000.8,0.02,.98,0.2869549924,86.5382257932,0.0114417920,0.6611326071
200000.8,0.04,.96,0.5759187702,84.8740598688,0.0135352394,0.7340846243
200000.8,0.06,.94,0.8586553133,83.3106055682,0.0076900598,0.5659486567
200000.8,0.08,.92,1.1533240416,81.5866627773,0.0157404362,1.1578823083
200000.8,0.1,.90,1.4274830711,79.3611452471,0.0101857276,0.3055477973
200000.8,0.12,.88,1.7183150193,77.9566919019,0.0120464829,0.7129382940
200000.8,0.14,.86,2.0103723266,75.8721045324,0.0191127402,0.6436857777
200000.8,0.16,.84,2.2960015207,74.6144763937,0.0191203042,0.8308988929
200000.8,0.18,.82,2.5814900997,72.7706493066,0.0293460577,0.3874418547
200000.8,0.2,.80,2.8637847101,70.3981412882,0.0051506934,0.7642773489
200000.8,0.22,.78,3.1550184153,69.2781927710,0.0192295262,0.5944274445
200000.8,0.24,.76,3.4375139042,67.2839042809,0.0344364436,0.9701073999
200000.8,0.26,.74,3.7222190570,65.2782664502,0.0285579141,0.6005815564
200000.8,0.28,.72,4.0044935794,63.7336542587,0.0260658723,0.8167183972
200000.8,0.3,.70,4.3096280796,61.6178286557,0.0163218702,0.9407477354
200000.8,0.32,.68,4.5969446534,60.9024896382,0.0407492066,0.6854047677
200000.8,0.34,.66,4.8957313917,58.8033023889,0.0438595785,0.7110692546
200000.8,0.36,.64,5.1952412928,56.8558987959,0.0364555075,0.7314295227
200000.8,0.38,.62,5.4618673771,54.7923021970,0.0559447102,0.6465934904
200000.8,0.4,.60,5.7538644208,52.8813707566,0.0289817992,0.2572524783
200000.8,0.42,.58,6.0509637794,51.4054055472,0.0563108228,0.2208967027
200000.8,0.44,.56,6.3110412234,49.5305606022,0.0598760126,0.6639285215
200000.8,0.46,.54,6.5703151532,47.8142207676,0.0677232435,0.4684961507
200000.8,0.48,.52,6.8563461043,46.0822342693,0.0620372000,0.5845099075
200000.8,0.5,.50,7.1674466970,44.0186376705,0.0662230440,0.3448951889
200000.8,0.52,.48,7.4721392644,42.7201298683,0.0768636194,0.4301715423
200000.8,0.54,.46,7.7343861966,40.4953285586,0.0528442305,0.6324169584
200000.8,0.56,.44,8.0285125528,38.6603164933,0.0351889539,0.4472615632
200000.8,0.58,.42,8.3328033631,37.3324436498,0.0443988375,0.3955426527
200000.8,0.6,.40,8.6037483360,35.4048187619,0.1008007332,0.2231656901
200000.8,0.62,.38,8.8674215058,33.4001726211,0.0492533208,0.3204605636
200000.8,0.64,.36,9.1781806050,32.0253597867,0.1122233273,0.0454195042
200000.8,0.66,.34,9.4992246854,30.1114532764,0.0788994597,0.3584791458
200000.8,0.68,.32,9.7315206275,28.3326369749,0.0621009513,0.4991921766
200000.8,0.7,.30,10.0125697909,26.5449505578,0.0904662827,0.2836636997
200000.8,0.72,.28,10.2556127347,24.6777085691,0.0786760302,0.2859749893
200000.8,0.74,.26,10.6176360370,23.0408141183,0.0998219054,0.3720807698
200000.8,0.76,.24,10.8736959102,21.3486054058,0.0329044237,0.0942597049
200000.8,0.78,.22,11.1947801663,19.4821898254,0.1006652918,0.1475285782
200000.8,0.8,.20,11.4552995430,17.8206684075,0.0992797584,0.3252926174
200000.8,0.82,.18,11.7474773775,16.0558459531,0.0459757062,0.1691674066
200000.8,0.84,.16,12.0687223364,14.1324632944,0.0282978490,0.0947119337
200000.8,0.86,.14,12.2982059789,12.3788799928,0.1075913640,0.1543472543
200000.8,0.88,.12,12.6429939026,10.6839165860,0.0534517247,0.2276167637
200000.8,0.9,.10,12.9375621916,8.9295619700,0.0574777544,0.0922564185
200000.8,0.92,.08,13.1491877321,7.0643584551,0.1461273730,0.0550604316
200000.8,0.94,.06,13.4402607345,5.3308844219,0.1245196192,0.0370916497
200000.8,0.96,.04,13.8023041247,3.5554288475,0.0899382828,0.0481467931
200000.8,0.98,.02,14.0787129938,1.7384324829,0.0419009641,0.0272446891
200000.8,1,0,14.3184414418,0.0000000000,0.0795559976,0.0000000000
220000.78,0,1.00,0.0000000000,96.1745872284,0.0000000000,1.0745732320
220000.78,0.02,.98,0.3142342980,94.9073727535,0.0123150466,1.0601583979
220000.78,0.04,.96,0.6267008648,92.8653178641,0.0033103274,1.4926257328
220000.78,0.06,.94,0.9404329664,90.6931863096,0.0153080237,1.3482284464
220000.78,0.08,.92,1.2539842773,88.9798766387,0.0095923603,1.3354779525
220000.78,0.1,.90,1.5833648171,87.5632475447,0.0149100880,1.2105836988
220000.78,0.12,.88,1.8860686869,85.2897432396,0.0218206074,1.0804425412
220000.78,0.14,.86,2.1909219571,82.6581837687,0.0237279415,0.4044480855
220000.78,0.16,.84,2.5141757014,81.1391351403,0.0243213647,0.4433142195
220000.78,0.18,.82,2.8247540100,79.1505213204,0.0263361133,0.3897298578
220000.78,0.2,.80,3.1587145804,77.8541070859,0.0147400302,0.9944573620
220000.78,0.22,.78,3.4615590653,75.5007717399,0.0198125472,0.3962805443
220000.78,0.24,.76,3.7825027064,73.8765488829,0.0200406192,0.9364928623
220000.78,0.26,.74,4.0744997501,71.9687027001,0.0410308509,1.0717036797
220000.78,0.28,.72,4.4185444232,69.7612559646,0.0204823936,0.3844409183
220000.78,0.3,.70,4.7156437818,67.8301050679,0.0433622366,0.6455766661
220000.78,0.32,.68,4.9962108367,65.6645847797,0.0584162666,0.2798655322
220000.78,0.34,.66,5.3308343063,63.8837300045,0.0400051351,0.2160164690
220000.78,0.36,.64,5.6699976309,62.4163594413,0.0202454382,0.6748375617
220000.78,0.38,.62,5.9749915161,60.2927105065,0.0826407566,0.3306837220
220000.78,0.4,.60,6.2626696713,58.6720136583,0.0156696509,0.7889928692
220000.78,0.42,.58,6.5910659062,56.3307989672,0.0511229362,0.4365184745
220000.78,0.44,.56,6.9236404147,54.4720965308,0.0464950576,0.5941073330
220000.78,0.46,.54,7.2578219516,52.7925043183,0.0992552227,0.5405381155
220000.78,0.48,.52,7.5487141633,50.5006537492,0.0729745029,0.2785306033
220000.78,0.5,.50,7.8418763026,48.3115532777,0.0703195823,0.4542726064
220000.78,0.52,.48,8.1760176637,46.0802508894,0.0339186536,0.1699897411
220000.78,0.54,.46,8.4801477712,44.4324478492,0.1010537330,0.7916783435
220000.78,0.56,.44,8.7921724052,42.5147398608,0.0512572464,0.5647317205
220000.78,0.58,.42,9.1356546184,40.4652472968,0.0650998248,0.2609183024
220000.78,0.6,.40,9.4188130064,38.6995984341,0.0720276620,0.3833525559
220000.78,0.62,.38,9.7221998633,36.7481729874,0.0661155670,0.4200673116
220000.78,0.64,.36,10.0872162558,34.9407629590,0.1004997211,0.2792649799
220000.78,0.66,.34,10.3471932605,32.9506616042,0.0529172947,0.1208430831
220000.78,0.68,.32,10.7293847680,31.1402214121,0.0732870127,0.2993672055
220000.78,0.7,.30,11.0858839105,29.2815740696,0.1074528919,0.3596724943
220000.78,0.72,.28,11.3833850262,27.3780803039,0.0985317583,0.3945196063
220000.78,0.74,.26,11.6393645480,25.4059946498,0.1304006702,0.3001953186
220000.78,0.76,.24,11.9206346777,23.3050994901,0.1208986175,0.2674446439
220000.78,0.78,.22,12.2856108946,21.4384084402,0.0334782358,0.1348601197
220000.78,0.8,.20,12.5475765968,19.4820796376,0.1448844502,0.3604900468
220000.78,0.82,.18,12.9443920619,17.5476231078,0.1128345127,0.0629445916
220000.78,0.84,.16,13.2267268480,15.6316230299,0.0809582974,0.2591053703
220000.78,0.86,.14,13.5185431010,13.6190984635,0.0754078117,0.0387536281
220000.78,0.88,.12,13.8408125405,11.7272846016,0.0793642399,0.0974872043
220000.78,0.9,.10,14.0896206984,9.7697437335,0.1138234275,0.0935070919
220000.78,0.92,.08,14.6131302579,7.8056466930,0.1384574470,0.1542634641
220000.78,0.94,.06,14.7813258583,5.8472243227,0.0971804010,0.0439385674
220000.78,0.96,.04,15.1207905007,3.8967354721,0.0658533793,0.0623603103
220000.78,0.98,.02,15.3947486517,1.9302143006,0.1192995053,0.0247532410
220000.78,1,0,15.7184845045,0.0000000000,0.0951883754,0.0000000000
240000.76,0,1.00,0.0000000000,104.7486834451,0.0000000000,0.8721458046
240000.76,0.02,.98,0.3381991076,102.4794213693,0.0054994611,1.4314560895
240000.76,0.04,.96,0.6819022872,100.4973637219,0.0047369769,1.3601046756
240000.76,0.06,.94,1.0255853789,98.5063808650,0.0156549092,0.8435586082
240000.76,0.08,.92,1.3665967860,96.6936267296,0.0107261795,1.7144553830
240000.76,0.1,.90,1.7043137852,94.9486931681,0.0217136782,1.7926904498
240000.76,0.12,.88,2.0468518692,92.1424860781,0.0034011397,0.7401066498
240000.76,0.14,.86,2.3967019321,90.6080662555,0.0316136707,1.0908184212
240000.76,0.16,.84,2.7376932514,88.1950091369,0.0125069699,0.5919245198
240000.76,0.18,.82,3.0803317747,86.5133784506,0.0143163926,0.3835806897
240000.76,0.2,.80,3.4157587585,83.8413800672,0.0261727234,1.3514087453
240000.76,0.22,.78,3.7545605017,82.3388045108,0.0398576811,1.3381345444
240000.76,0.24,.76,4.1047319702,79.7461413234,0.0206739282,0.6003225713
240000.76,0.26,.74,4.4531758833,77.9389516706,0.0150624429,0.9059289212
240000.76,0.28,.72,4.8007560186,75.7380060136,0.0318469382,0.3959833848
240000.76,0.3,.70,5.1401001339,73.7726418137,0.0390826252,0.5540782177
240000.76,0.32,.68,5.4601197338,72.0429141647,0.0394825024,0.4664593499
240000.76,0.34,.66,5.8369477844,69.6075991161,0.0546896582,0.7573406323
240000.76,0.36,.64,6.1695423808,67.4452191794,0.0339707557,0.7541985888
240000.76,0.38,.62,6.5225261488,65.3947349255,0.0928492922,0.5766162576
240000.76,0.4,.60,6.8451370818,63.1285581073,0.0387851732,0.4198319409
240000.76,0.42,.58,7.1977994442,61.3723853930,0.1164305061,0.7290411190
240000.76,0.44,.56,7.5068510759,59.0366249967,0.0688891280,0.5387132208
240000.76,0.46,.54,7.9073627062,57.1832666673,0.0595067124,0.6064920042
240000.76,0.48,.52,8.1976321945,54.9814946020,0.0728408122,0.6665865991
240000.76,0.5,.50,8.5441677614,52.9259968044,0.0616119614,0.4055425871
240000.76,0.52,.48,8.9151904223,50.9174389977,0.0334821367,0.6661014021
240000.76,0.54,.46,9.2442093807,48.4039457247,0.0634763116,0.4012586613
240000.76,0.56,.44,9.6098083209,46.5481632643,0.0450206070,0.4240839539
240000.76,0.58,.42,9.9854511881,44.2120172108,0.0366409870,0.3464614143
240000.76,0.6,.40,10.3175235003,42.4062599990,0.0652303957,0.9733012686
240000.76,0.62,.38,10.6228588790,40.2377095470,0.0775773615,0.3240210264
240000.76,0.64,.36,11.0110767427,38.1183028415,0.2012819405,0.6745156969
240000.76,0.66,.34,11.3593800409,35.8663402460,0.0433961612,0.4380889048
240000.76,0.68,.32,11.7220260666,33.9608080064,0.0827751206,0.2888455543
240000.76,0.7,.30,11.9722604622,31.5886856452,0.0824387481,0.4590373774
240000.76,0.72,.28,12.3331387568,29.4383161757,0.0518307963,0.2337013367
240000.76,0.74,.26,12.6991997177,27.5446291216,0.0715226194,0.4187738518
240000.76,0.76,.24,13.0221320564,25.4034603311,0.0711311108,0.1147937347
240000.76,0.78,.22,13.3119997876,23.3207461537,0.0675239023,0.1861904380
240000.76,0.8,.20,13.6661285633,21.2568740854,0.0613224362,0.1672329014
240000.76,0.82,.18,14.0985397055,19.0292078936,0.0648451115,0.1299998486
240000.76,0.84,.16,14.3717546059,17.0108984692,0.1659946865,0.1029014846
240000.76,0.86,.14,14.7664809343,14.8263156964,0.1262912517,0.1464261750
240000.76,0.88,.12,15.1027114322,12.8137911299,0.1419868684,0.0780998920
240000.76,0.9,.10,15.4847623248,10.5767038836,0.0924547511,0.0350342549
240000.76,0.92,.08,15.8196268487,8.5062756429,0.0949942114,0.1436788273
240000.76,0.94,.06,16.0593352088,6.2934297065,0.1847776231,0.0726014654
240000.76,0.96,.04,16.5009465881,4.2683437340,0.0955650595,0.0626451981
240000.76,0.98,.02,16.8656616628,2.0982506532,0.0792205390,0.0202711249
240000.76,1,0,17.1824471182,0.0000000000,0.2892003458,0.0000000000
260000.74,0,1.00,0.0000000000,113.4100483774,0.0000000000,1.2165282148
260000.74,0.02,.98,0.3695160718,111.5603813384,0.0132850940,1.5824610974
260000.74,0.04,.96,0.7417640917,109.2751420356,0.0135895220,1.5879104239
260000.74,0.06,.94,1.1001715803,107.2420674497,0.0190851022,0.6540803538
260000.74,0.08,.92,1.4819412429,104.4439040670,0.0171471898,0.7287931207
260000.74,0.1,.90,1.8489664208,101.8777961328,0.0286109205,0.7846514019
260000.74,0.12,.88,2.2017292225,99.8557954179,0.0095154656,0.7875200301
260000.74,0.14,.86,2.5823940532,97.0861155744,0.0291352277,1.0593627312
260000.74,0.16,.84,2.9468680736,95.1876353523,0.0171496378,1.0858878014
260000.74,0.18,.82,3.3195781142,93.3562043896,0.0372769771,1.6101592029
260000.74,0.2,.80,3.6979931052,90.8102057237,0.0252491568,0.7504680432
260000.74,0.22,.78,4.0659624122,88.6614890708,0.0240521784,0.5722656851
260000.74,0.24,.76,4.4294320400,86.6723794060,0.0466583771,0.6657879617
260000.74,0.26,.74,4.8083693153,84.5400807311,0.0393554958,0.9170056748
260000.74,0.28,.72,5.1700109483,81.7794913788,0.0375521204,0.6017205712
260000.74,0.3,.70,5.5409130820,79.2253939117,0.0234757666,0.7600604740
260000.74,0.32,.68,5.9200713237,77.8515176733,0.0624687658,1.2700252499
260000.74,0.34,.66,6.3073249704,75.5291450913,0.0551693791,0.6815497802
260000.74,0.36,.64,6.6466289100,72.7530743569,0.0705802910,0.6583695858
260000.74,0.38,.62,7.0229949399,70.7029757602,0.0605185481,0.8839860664
260000.74,0.4,.60,7.4415655508,68.4927743303,0.0333512074,0.8017806992
260000.74,0.42,.58,7.7841638984,65.9031413067,0.0414345159,0.7142366049
260000.74,0.44,.56,8.1754953795,63.8713889740,0.0753426390,0.3643636251
260000.74,0.46,.54,8.5243008740,61.7287877424,0.0356277753,0.3873710464
260000.74,0.48,.52,8.9024547229,59.4644290225,0.0466146033,0.2932146870
260000.74,0.5,.50,9.2523449615,57.1359961130,0.0856823620,0.4210427570
260000.74,0.52,.48,9.6401811560,54.6908192588,0.0785437994,0.4805181444
260000.74,0.54,.46,10.0173105244,52.6850712403,0.0806493522,0.5703674918
260000.74,0.56,.44,10.3168204254,50.0465699397,0.0382538810,0.5828752532
260000.74,0.58,.42,10.7909540401,48.1488059381,0.0726448233,0.3327105867
260000.74,0.6,.40,11.0873302360,45.4326773519,0.0998519855,0.5747893272
260000.74,0.62,.38,11.4405751462,43.2215944198,0.0790334070,0.4177161484
260000.74,0.64,.36,11.9605291555,41.4047082430,0.0914099310,0.5162153451
260000.74,0.66,.34,12.2515619823,38.6841170521,0.0929853499,0.2365854090
260000.74,0.68,.32,12.6273052887,36.4914354780,0.0880396034,0.2736914094
260000.74,0.7,.30,12.9626117454,34.2039924198,0.1302817945,0.3128588676
260000.74,0.72,.28,13.3621189830,31.9797971428,0.0696799443,0.5146650402
260000.74,0.74,.26,13.7432257464,29.8550463304,0.0951562656,0.5076861436
260000.74,0.76,.24,14.0965911837,27.4570849366,0.1216305255,0.3279574002
260000.74,0.78,.22,14.5089345599,25.1975744786,0.0476722818,0.2318282543
260000.74,0.8,.20,14.8561129382,22.9717263851,0.0709593266,0.2584743443
260000.74,0.82,.18,15.2852095846,20.5750872446,0.1073115608,0.2716818175
260000.74,0.84,.16,15.6763200992,18.4666993163,0.1115669528,0.1872397772
260000.74,0.86,.14,16.0411557011,16.1588715202,0.1265136436,0.1480889833
260000.74,0.88,.12,16.3523969088,13.8403004163,0.1243428107,0.1569489809
260000.74,0.9,.10,16.6784830405,11.5031626728,0.1032887103,0.1382088753
260000.74,0.92,.08,17.1306405431,9.2667365531,0.1077187106,0.0598559873
260000.74,0.94,.06,17.3614700718,6.8491066420,0.1471628981,0.0843788843
260000.74,0.96,.04,17.8588453334,4.5803404112,0.1972699770,0.0460657324
260000.74,0.98,.02,18.1015266959,2.2787382242,0.1221588189,0.0212477415
260000.74,1,0,18.6413275049,0.0000000000,0.1514480469,0.0000000000
280000.72,0,1.00,0.0000000000,121.1711792104,0.0000000000,1.6249702693
280000.72,0.02,.98,0.3980006486,119.9966877459,0.0054861572,1.2284679016
280000.72,0.04,.96,0.7907583673,116.8990890921,0.0138727718,1.3509292368
280000.72,0.06,.94,1.1841789851,113.3800222095,0.0188111173,1.1246599745
280000.72,0.08,.92,1.5953773537,111.9717673861,0.0202722997,0.9038561565
280000.72,0.1,.90,1.9884363902,108.9793980549,0.0303419836,0.6643339148
280000.72,0.12,.88,2.3754288948,106.8068257493,0.0275397655,0.7123577556
280000.72,0.14,.86,2.7750566595,104.4025285586,0.0111435019,1.1848775603
280000.72,0.16,.84,3.1755281141,101.8123445961,0.0320873297,0.8231334144
280000.72,0.18,.82,3.5514120356,99.7728791193,0.0341919918,0.5578900860
280000.72,0.2,.80,3.9768928682,96.9486563285,0.0202037325,0.6429567608
280000.72,0.22,.78,4.3720611294,95.2709373081,0.0359336028,0.5013381535
280000.72,0.24,.76,4.7428226481,92.4106831158,0.0457795153,0.8748001508
280000.72,0.26,.74,5.1669977702,90.4421234705,0.0357029318,0.9017107244
280000.72,0.28,.72,5.5713060049,87.9921534482,0.0208944596,0.4774772601
280000.72,0.3,.70,5.9367643302,84.8057985439,0.0241677089,0.2920733964
280000.72,0.32,.68,6.3440857430,83.1345255081,0.0452289089,0.7323376118
280000.72,0.34,.66,6.7402583968,80.3353704355,0.0567244645,0.3467830851
280000.72,0.36,.64,7.1176890830,77.9678759608,0.0676941492,1.1312230461
280000.72,0.38,.62,7.5154888530,75.7351962254,0.0547848146,0.7325445615
280000.72,0.4,.60,7.9599326197,73.5233419789,0.0760222179,0.1373290595
280000.72,0.42,.58,8.3431887836,71.0077000444,0.0749535347,0.4933559453
280000.72,0.44,.56,8.7375535306,68.7352425232,0.0675518846,0.7823979592
280000.72,0.46,.54,9.1748259334,66.1236821328,0.0445201354,0.6085015379
280000.72,0.48,.52,9.5423332198,63.5220386420,0.0705930336,0.9646083616
280000.72,0.5,.50,9.9212905829,61.0165890764,0.0566026754,0.6601913258
280000.72,0.52,.48,10.3371895093,58.9073196459,0.0622332422,0.2294668348
280000.72,0.54,.46,10.7763702582,56.4616469467,0.0570639603,0.5177998247
280000.72,0.56,.44,11.1083220433,53.6419969485,0.0566447282,0.4180857048
280000.72,0.58,.42,11.5456747976,51.9260427711,0.0806187127,0.3738080923
280000.72,0.6,.40,12.0092422011,49.2498572524,0.1029842209,0.3923817966
280000.72,0.62,.38,12.3814902210,46.7729463197,0.1184382262,0.2110650762
280000.72,0.64,.36,12.7725605600,44.0926287595,0.0980529819,0.4367693945
280000.72,0.66,.34,13.2543275592,41.8557618888,0.0963921330,0.2566226385
280000.72,0.68,.32,13.5492775174,39.3658487990,0.0879862090,0.4392251138
280000.72,0.7,.30,13.9331965804,37.0085466932,0.0826284325,0.2403990486
280000.72,0.72,.28,14.3156492301,34.1666938589,0.1537547263,0.5351817085
280000.72,0.74,.26,14.7971751750,32.1405060087,0.1827461124,0.7529900066
280000.72,0.76,.24,15.2289234180,29.6813904013,0.1201880302,0.3949317193
280000.72,0.78,.22,15.5699147373,27.1467410760,0.0834483442,0.3155333621
280000.72,0.8,.20,15.9641187815,24.7458046124,0.1765747946,0.0852078344
280000.72,0.82,.18,16.4386541533,22.1230050693,0.1275947087,0.2266554048
280000.72,0.84,.16,16.7596982337,19.7550147495,0.1409106799,0.2061740922
280000.72,0.86,.14,17.2580979759,17.3839942660,0.1394503350,0.2115082901
280000.72,0.88,.12,17.5669085533,14.8779937615,0.1204017765,0.1891128953
280000.72,0.9,.10,17.9580793315,12.3751887025,0.1337360033,0.1182160319
280000.72,0.92,.08,18.3636932767,9.9198194793,0.0955387804,0.1053064805
280000.72,0.94,.06,18.8518281255,7.4204853350,0.0634867821,0.0680076947
280000.72,0.96,.04,19.1658012814,4.9444008107,0.1320380051,0.0633661649
280000.72,0.98,.02,19.5500417500,2.4492538018,0.2050593394,0.0178069135
280000.72,1,0,19.9180110571,0.0000000000,0.1940916978,0.0000000000
300000.7,0,1.00,0.0000000000,129.3807191826,0.0000000000,1.5856371872
300000.7,0.02,.98,0.4243157371,127.3797643323,0.0084075034,1.3042808759
300000.7,0.04,.96,0.8502585904,124.7662756559,0.0159375478,0.4015092458
300000.7,0.06,.94,1.2761210923,121.8303775580,0.0099318433,1.2164101039
300000.7,0.08,.92,1.6925623907,119.7555969002,0.0338842567,0.9254874962
300000.7,0.1,.90,2.1219603548,117.0862981172,0.0273364482,1.3187287881
300000.7,0.12,.88,2.5565610731,114.3994243846,0.0107124000,1.0251600990
300000.7,0.14,.86,2.9727412294,111.7937590401,0.0294839630,1.0201871596
300000.7,0.16,.84,3.3819308126,108.8251902676,0.0227152448,1.2468489168
300000.7,0.18,.82,3.7946156823,106.9805918661,0.0329755558,1.1291090477
300000.7,0.2,.80,4.2183287838,103.5146905836,0.0149095145,0.8177995300
300000.7,0.22,.78,4.6516639673,100.5488214116,0.0488525028,1.1419904736
300000.7,0.24,.76,5.0653733176,99.2162655877,0.0412089431,1.1990832134
300000.7,0.26,.74,5.5069646090,96.2613600991,0.0386444509,0.8013349119
300000.7,0.28,.72,5.9419670844,93.8345846028,0.0455942975,0.6127448635
300000.7,0.3,.70,6.3421372211,91.3231298036,0.0337607595,0.4591906028
300000.7,0.32,.68,6.7226413490,88.0660343495,0.0558948156,0.3955115755
300000.7,0.34,.66,7.1953487261,86.0478351128,0.0635408212,1.0799624152
300000.7,0.36,.64,7.6097008877,83.1474725714,0.0552811360,0.5746941956
300000.7,0.38,.62,8.0252784083,80.7479685488,0.0357174522,0.5825943251
300000.7,0.4,.60,8.4906938945,77.9869935393,0.0877893635,0.9937637385
300000.7,0.42,.58,8.8932544858,75.5570225976,0.0668578253,0.9084786779
300000.7,0.44,.56,9.3399882679,73.4487999510,0.0819521162,0.3733930089
300000.7,0.46,.54,9.7688036842,70.3369870746,0.0426810868,0.6659290742
300000.7,0.48,.52,10.2118212133,67.9331306350,0.0424558383,1.0936340291
300000.7,0.5,.50,10.5806542981,65.6762095897,0.0902530898,0.5462874382
300000.7,0.52,.48,11.0567163467,62.7974989455,0.1217058900,0.4506030104
300000.7,0.54,.46,11.4438494663,59.8339988106,0.1136682488,0.6948625876
300000.7,0.56,.44,11.9298148270,57.9156296956,0.0563568870,0.7038539556
300000.7,0.58,.42,12.3357300899,55.2621428579,0.1574905073,0.4649460741
300000.7,0.6,.40,12.7730828442,52.4646956958,0.0555187072,0.3915584450
300000.7,0.62,.38,13.2001506173,49.7793645920,0.1292168221,0.5030787550
300000.7,0.64,.36,13.5880671632,47.1268143504,0.0498783380,0.3351690807
300000.7,0.66,.34,14.0742936659,44.9706049289,0.0846149894,0.6620625341
300000.7,0.68,.32,14.5169496136,41.8124030004,0.0622012051,0.3632809168
300000.7,0.7,.30,14.9348573254,39.6125592211,0.0559279075,0.2523225353
300000.7,0.72,.28,15.3206847345,36.8223844520,0.1291941989,0.4205687628
300000.7,0.74,.26,15.7649477105,34.4039832264,0.0913971988,0.2896258400
300000.7,0.76,.24,16.3160178055,31.6199789725,0.0705030375,0.4820923188
300000.7,0.78,.22,16.6812350765,28.9372923752,0.1198096907,0.2509978208
300000.7,0.8,.20,17.1007699044,26.3044657448,0.1750980888,0.4820365304
300000.7,0.82,.18,17.4790844562,23.6794073524,0.0649891266,0.2877627193
300000.7,0.84,.16,18.0000830339,21.0908762065,0.0455050535,0.2210774631
300000.7,0.86,.14,18.3401101363,18.5701656344,0.0804860419,0.1998644077
300000.7,0.88,.12,18.8207923913,15.9575033664,0.1326946194,0.1862273691
300000.7,0.9,.10,19.3163195704,13.3176247186,0.0929532903,0.1733032943
300000.7,0.92,.08,19.6519273448,10.6151594162,0.2104947217,0.1764953069
300000.7,0.94,.06,20.0614985972,7.9931311875,0.1375494070,0.1262447299
300000.7,0.96,.04,20.4610058348,5.2824018021,0.1491780628,0.0527800301
300000.7,0.98,.02,20.9248142926,2.6468755713,0.2386619409,0.0566224335
300000.7,1,0,21.3172706935,0.0000000000,0.1190161683,0.0000000000
320000.68,0,1.00,0.0000000000,138.0447286215,0.0000000000,1.1332639586
320000.68,0.02,.98,0.4512334613,136.4843044846,0.0077678107,1.8963704991
320000.68,0.04,.96,0.8995541838,133.4456562890,0.0090928478,1.5865514070
320000.68,0.06,.94,1.3594053344,130.1942905991,0.0224894431,1.6179922725
320000.68,0.08,.92,1.8154598806,127.1162502749,0.0224121904,1.4408436106
320000.68,0.1,.90,2.2587988153,124.7064436956,0.0116649858,1.2934825867
320000.68,0.12,.88,2.7061151451,121.4646643418,0.0396881975,1.3143460315
320000.68,0.14,.86,3.1382651452,119.2925327873,0.0193327839,0.7891005526
320000.68,0.16,.84,3.6185255553,116.3323933794,0.0178701275,0.9454291223
320000.68,0.18,.82,4.0238783584,113.3820055894,0.0400173757,0.9551539127
320000.68,0.2,.80,4.4922668469,110.3393355401,0.0357388847,1.4785124843
320000.68,0.22,.78,4.9354049031,108.3006964717,0.0443424911,1.1331226932
320000.68,0.24,.76,5.4127927501,105.6656109920,0.0359172435,0.9044934918
320000.68,0.26,.74,5.8553080828,102.7082813723,0.0328407370,1.1809311450
320000.68,0.28,.72,6.3105992906,99.2841412554,0.0575923076,0.2572201522
320000.68,0.3,.70,6.7190054474,96.4385420368,0.0726474879,1.1921544624
320000.68,0.32,.68,7.1687925833,93.6515076192,0.0574365687,0.7979781358
320000.68,0.34,.66,7.6066877096,91.2664932887,0.0553427666,0.8366478135
320000.68,0.36,.64,8.0851402128,88.6130615449,0.0418083548,1.2103944256
320000.68,0.38,.62,8.5373178033,86.0115833357,0.0498317765,0.7052348658
320000.68,0.4,.60,8.9831275440,82.9650016205,0.0399857172,0.8282733503
320000.68,0.42,.58,9.4263861273,80.5469860522,0.0556578022,1.0559515381
320000.68,0.44,.56,9.8866591229,77.7191821588,0.1025133477,0.8438348454
320000.68,0.46,.54,10.2988016205,74.3175203475,0.0438995475,0.4761694758
320000.68,0.48,.52,10.8368146105,72.5100552252,0.0885823532,0.7336339934
320000.68,0.5,.50,11.2807561808,69.1022228987,0.0369511362,0.4480203503
320000.68,0.52,.48,11.6972577428,66.1607052243,0.0587119139,0.3531586378
320000.68,0.54,.46,12.1660881641,63.9313311221,0.0303176079,0.6259339084
320000.68,0.56,.44,12.6555889870,61.4468723271,0.0967195001,0.8119328123
320000.68,0.58,.42,13.1520000316,58.7107446602,0.1206333829,0.9635330687
320000.68,0.6,.40,13.6351129170,55.5676935504,0.0197283994,0.2430718122
320000.68,0.62,.38,14.0473759418,52.9384480226,0.0835404842,0.8963584749
320000.68,0.64,.36,14.5119678259,49.9136283925,0.0501443360,0.9256100673
320000.68,0.66,.34,14.9501843579,47.4200791062,0.0660311831,0.3920476756
320000.68,0.68,.32,15.4547711590,44.7795393318,0.1350078716,0.2919215949
320000.68,0.7,.30,15.8455401802,41.7516344440,0.1362988838,0.2723523914
320000.68,0.72,.28,16.3896799656,39.1461343812,0.1002387001,0.6654537496
320000.68,0.74,.26,16.8317734534,36.5522591283,0.1593472964,0.3101224709
320000.68,0.76,.24,17.2332894763,33.7244001410,0.2047489120,0.4545913767
320000.68,0.78,.22,17.7668027870,30.8515294488,0.1195898353,0.3843090473
320000.68,0.8,.20,18.1962208390,28.1452626682,0.1214192944,0.3483181249
320000.68,0.82,.18,18.5975962470,25.2791134301,0.1060560507,0.2534791477
320000.68,0.84,.16,19.0407142154,22.4085566811,0.0776482076,0.1848286697
320000.68,0.86,.14,19.5736650662,19.7039978110,0.0791794898,0.1889947062
320000.68,0.88,.12,20.0417723247,17.0391065389,0.2482015635,0.1353480056
320000.68,0.9,.10,20.3934704701,13.9762170334,0.1709538289,0.1192951603
320000.68,0.92,.08,20.8940798762,11.2657080236,0.2061149375,0.1839863040
320000.68,0.94,.06,21.3784783842,8.4767453199,0.0854166988,0.1135080685
320000.68,0.96,.04,21.9114894986,5.6654695924,0.1596124997,0.0522872447
320000.68,0.98,.02,22.2380175631,2.8173360550,0.0828666395,0.0542436015
320000.68,1,0,22.8049771505,0.0000000000,0.2977868277,0.0000000000
340000.66,0,1.00,0.0000000000,147.7968974053,0.0000000000,2.5157223431
340000.66,0.02,.98,0.4804612887,145.1336038559,0.0084784027,1.9996409014
340000.66,0.04,.96,0.9593356369,140.8633318359,0.0130327125,1.3737892561
340000.66,0.06,.94,1.4408214061,137.6675558770,0.0118060844,2.0715505637
340000.66,0.08,.92,1.9189926794,134.8276864226,0.0212874558,0.6200943290
340000.66,0.1,.90,2.3930057670,131.8891438181,0.0240072419,1.0497707443
340000.66,0.12,.88,2.8749334689,129.0617255819,0.0345203430,1.8821377499
340000.66,0.14,.86,3.3567205560,125.8144919334,0.0271118869,0.6228330609
340000.66,0.16,.84,3.8077933144,122.9924178042,0.0324281000,0.8408404288
340000.66,0.18,.82,4.2942809592,120.0842319310,0.0082617160,1.0677427122
340000.66,0.2,.80,4.7730548682,117.1467912042,0.0328744995,1.3858941942
340000.66,0.22,.78,5.2684012565,114.6985841862,0.0385706725,1.2509015498
340000.66,0.24,.76,5.6894828492,110.7012472781,0.0591506034,1.3944048797
340000.66,0.26,.74,6.1812937753,108.6889430872,0.0649748902,0.6605089448
340000.66,0.28,.72,6.7098453861,105.5467734796,0.0282694560,0.4995621659
340000.66,0.3,.70,7.1598534883,102.6298827723,0.0410005438,1.5957054493
340000.66,0.32,.68,7.5956795657,98.7535871320,0.0621261081,0.5993953258
340000.66,0.34,.66,8.0941194835,96.8822681957,0.0763865661,0.3909315028
340000.66,0.36,.64,8.5499329755,93.5127812139,0.0853760154,1.3095825150
340000.66,0.38,.62,9.0590998073,90.6610114801,0.1032459057,1.1322765640
340000.66,0.4,.60,9.5386772304,88.3703178826,0.0344562136,1.2633764226
340000.66,0.42,.58,10.0325371176,85.5159036422,0.0813270198,1.0484812927
340000.66,0.44,.56,10.5021710530,81.9542491856,0.0500675048,0.9720380892
340000.66,0.46,.54,11.0157572127,79.7556725657,0.0894117557,0.5925225976
340000.66,0.48,.52,11.5112241282,76.6682662809,0.0474636636,0.7123657182
340000.66,0.5,.50,11.9100885545,73.4096281980,0.0699566738,1.1483289502
340000.66,0.52,.48,12.4534650014,70.8963002066,0.0620432398,0.6852425683
340000.66,0.54,.46,12.9644799158,67.6473035538,0.0828767145,0.4989930282
340000.66,0.56,.44,13.3993819519,64.6884863992,0.0970691031,0.5917762350
340000.66,0.58,.42,13.9063792955,62.1925680758,0.1657290621,0.2652804238
340000.66,0.6,.40,14.3781626313,59.0656594747,0.0862416610,0.5113887510
340000.66,0.62,.38,14.8066365542,56.1968657300,0.0890384548,0.3234746706
340000.66,0.64,.36,15.3713463019,53.1427912463,0.1350248285,0.4568801703
340000.66,0.66,.34,15.9362368404,50.7215802325,0.1082957566,0.3678086487
340000.66,0.68,.32,16.3421119276,47.1237841866,0.1612319771,0.4993283958
340000.66,0.7,.30,16.8441877470,44.3865546420,0.1010130982,0.4662526545
340000.66,0.72,.28,17.3677374822,41.8359831837,0.0663036664,0.4755949190
340000.66,0.74,.26,17.8726055133,38.5206534919,0.1234894164,0.4848641005
340000.66,0.76,.24,18.2748246112,35.5432696977,0.0785459076,0.4300940908
340000.66,0.78,.22,18.8012268216,32.8572774672,0.1451388816,0.1529503011
340000.66,0.8,.20,19.2815675832,29.7447483703,0.0682725981,0.1552943576
340000.66,0.82,.18,19.7125123121,26.8518235035,0.1330916359,0.2234848817
340000.66,0.84,.16,20.2989571177,23.9804403462,0.1199240310,0.3591694319
340000.66,0.86,.14,20.7133695429,20.9174406530,0.1059131933,0.0854339407
340000.66,0.88,.12,21.1621321981,17.7681088401,0.2009792016,0.2632642467
340000.66,0.9,.10,21.7141464222,14.9953988329,0.0778845183,0.0850862060
340000.66,0.92,.08,22.1194992253,11.9637475608,0.1464191303,0.1930707488
340000.66,0.94,.06,22.7243846808,9.0305490633,0.2201135426,0.1180000626
340000.66,0.96,.04,23.3688030327,6.0485924765,0.1769224404,0.1206425784
340000.66,0.98,.02,23.6350072720,2.9763370104,0.1284344811,0.0285814895
340000.66,1,0,24.2181777575,0.0000000000,0.0760344472,0.0000000000
360000.64,0,1.00,0.0000000000,157.3469267209,0.0000000000,1.1895349659
360000.64,0.02,.98,0.5068366408,152.9049821517,0.0084318789,0.6720026799
360000.64,0.04,.96,1.0210053482,148.6933300265,0.0087691254,0.5833346620
360000.64,0.06,.94,1.5171351629,146.6183289932,0.0263014062,1.4648115092
360000.64,0.08,.92,2.0342366970,143.9278190641,0.0090621027,0.4026474652
360000.64,0.1,.90,2.5421781697,140.5141467856,0.0075768117,0.5196039046
360000.64,0.12,.88,3.0451177669,136.9443384338,0.0252955444,1.0575092241
360000.64,0.14,.86,3.5467315656,133.8208456536,0.0452133338,0.6863546158
360000.64,0.16,.84,4.0419574269,131.5680015558,0.0212271867,1.2151198192
360000.64,0.18,.82,4.5597218602,127.3548618957,0.0403488779,1.1050736843
360000.64,0.2,.80,5.0503476029,123.2189087701,0.0363815637,1.8128359523
360000.64,0.22,.78,5.5204435589,120.2752975281,0.0429620815,0.9021766123
360000.64,0.24,.76,6.0328244474,116.8740213740,0.0276724017,1.2898446316
360000.64,0.26,.74,6.5541846065,114.5385915409,0.0552392836,1.0264935105
360000.64,0.28,.72,7.0351480915,112.0520391782,0.0528084554,1.2714883910
360000.64,0.3,.70,7.5770782130,109.2350887804,0.0532498069,0.6346640150
360000.64,0.32,.68,8.0940190443,105.5148190256,0.0563345220,0.8825984399
360000.64,0.34,.66,8.5587314555,102.1606481442,0.0422783464,0.6981444581
360000.64,0.36,.64,9.0452994517,98.9028915634,0.1052665546,0.6036764876
360000.64,0.38,.62,9.5586646450,95.6721309869,0.0810254007,0.9364725370
360000.64,0.4,.60,10.0404718199,92.7924286528,0.0472964023,0.8983528937
360000.64,0.42,.58,10.5482927655,90.0975112128,0.0730047300,0.9403654967
360000.64,0.44,.56,11.0233905972,86.5816948694,0.0884153192,0.8688860470
360000.64,0.46,.54,11.5604393702,83.3736880678,0.1099068633,0.9625333818
360000.64,0.48,.52,12.0490362396,81.3110831589,0.0558248825,0.5365475371
360000.64,0.5,.50,12.5694723575,77.4548416931,0.0910657236,1.2249452802
360000.64,0.52,.48,13.0598369581,74.3831922598,0.1222673637,0.4854657277
360000.64,0.54,.46,13.6164513007,71.0049453501,0.0706968047,0.9445456547
360000.64,0.56,.44,14.1094273223,68.1050786536,0.0693278398,0.5535115718
360000.64,0.58,.42,14.6481433872,65.3515413187,0.0952641676,0.7489924708
360000.64,0.6,.40,15.1923032605,62.0821048341,0.0493565962,0.1831923901
360000.64,0.62,.38,15.7071750428,59.3209094491,0.1381018299,0.5843017776
360000.64,0.64,.36,16.2080857667,56.0584698880,0.1289474820,0.7354398058
360000.64,0.66,.34,16.6676556873,52.9738182975,0.0716275401,0.4859534365
360000.64,0.68,.32,17.2389944268,49.7841026662,0.1025682598,0.6905610028
360000.64,0.7,.30,17.7710011485,46.4551647846,0.2011277581,0.3307359201
360000.64,0.72,.28,18.1937701209,43.7543522987,0.0854294669,0.5932923373
360000.64,0.74,.26,18.8484332782,40.6982944351,0.0644054132,0.4197336068
360000.64,0.76,.24,19.3999252181,37.6193175148,0.1337925747,0.3470166564
360000.64,0.78,.22,19.9848433469,34.5310848217,0.1757932311,0.2595378798
360000.64,0.8,.20,20.4270774496,31.4585538862,0.1400791776,0.2348320296
360000.64,0.82,.18,20.9585819749,28.4153328980,0.1734988688,0.2182323426
360000.64,0.84,.16,21.3151012053,25.0271690888,0.3008017013,0.2987879632
360000.64,0.86,.14,22.0150624731,22.2074089028,0.1341804448,0.2763911148
360000.64,0.88,.12,22.5336906841,18.9154941127,0.1090123142,0.1104678732
360000.64,0.9,.10,22.9591514289,15.8135430419,0.2006986322,0.1621683503
360000.64,0.92,.08,23.5007199690,12.6729711570,0.1446691965,0.1034064148
360000.64,0.94,.06,24.2147628223,9.5165873267,0.1258850222,0.1604651508
360000.64,0.96,.04,24.5281132547,6.3622970641,0.2915939023,0.0950653649
360000.64,0.98,.02,25.1456540581,3.1438775181,0.2679047369,0.0459289389
360000.64,1,0,25.5632202763,0.0000000000,0.2129847338,0.0000000000
380000.62,0,1.00,0.0000000000,165.8068133116,0.0000000000,0.3501116807
380000.62,0.02,.98,0.5396802818,162.4229468256,0.0064342677,1.3358219720
380000.62,0.04,.96,1.0721490241,158.5741981283,0.0164497782,1.2894102344
380000.62,0.06,.94,1.6110057040,153.7975031070,0.0184435616,1.8768660433
380000.62,0.08,.92,2.1303570777,149.6734502607,0.0127101901,0.9737065579
380000.62,0.1,.90,2.6566186732,147.4629733615,0.0365809580,0.7349690092
380000.62,0.12,.88,3.1998344173,144.5463581236,0.0189821763,0.7540852235
380000.62,0.14,.86,3.7235850310,140.6982705530,0.0143265434,1.2633845782
380000.62,0.16,.84,4.2550092049,137.5357713014,0.0284149676,1.6093121594
380000.62,0.18,.82,4.7936047427,133.4495128610,0.0321111851,0.7847154695
380000.62,0.2,.80,5.3293879809,131.2736900161,0.0563749408,0.8685905309
380000.62,0.22,.78,5.8275265809,127.0068338170,0.0486708494,1.4756658989
380000.62,0.24,.76,6.3687335397,123.9216863816,0.0155810913,1.5116405668
380000.62,0.26,.74,6.9045368657,120.7918578044,0.0325369949,1.0725918144
380000.62,0.28,.72,7.4408825638,118.0217372098,0.0633790071,1.8866300724
380000.62,0.3,.70,7.9358071072,114.2319389707,0.0643119200,1.3953281516
380000.62,0.32,.68,8.5190780320,111.6363558074,0.0622687711,1.1368029804
380000.62,0.34,.66,9.0193459445,107.6298733141,0.0334704094,0.6709291811
380000.62,0.36,.64,9.5172033146,104.0419941677,0.0694557791,1.3743658825
380000.62,0.38,.62,10.1227717571,101.0517184041,0.0721152812,1.2786010424
380000.62,0.4,.60,10.6029116401,97.5736413728,0.0629428013,0.8870242818
380000.62,0.42,.58,11.1230464402,94.5307509479,0.0572245173,0.7129789843
380000.62,0.44,.56,11.6574235286,91.0841325256,0.1020332237,0.9698633960
380000.62,0.46,.54,12.2067660681,88.4004542383,0.0851863073,0.9304241679
380000.62,0.48,.52,12.7590213465,84.8688810435,0.0460316747,0.7454752160
380000.62,0.5,.50,13.2146339599,81.1471237538,0.1206029360,0.7195047748
380000.62,0.52,.48,13.7783594029,78.2999819064,0.0368134551,0.8197738566
380000.62,0.54,.46,14.3428481842,75.3166479724,0.1528586173,0.1388152110
380000.62,0.56,.44,14.8743727974,71.9073832049,0.1277211559,0.4907461411
380000.62,0.58,.42,15.3832784871,68.4911215137,0.0601379280,0.8834723426
380000.62,0.6,.40,15.8924051432,65.3298343276,0.0895404133,0.7835516604
380000.62,0.62,.38,16.4974513015,61.9581986842,0.2087861117,0.6750380569
380000.62,0.64,.36,17.0642501861,58.9598241194,0.0490716937,0.6461597184
380000.62,0.66,.34,17.6177910871,55.5532589522,0.1112438998,0.5249743361
380000.62,0.68,.32,18.1545385423,52.4168191088,0.1097103402,0.4221476758
380000.62,0.7,.30,18.6196727984,49.0558716793,0.0993976772,0.2427672937
380000.62,0.72,.28,19.1356293249,46.0512164114,0.1242213733,0.4718648791
380000.62,0.74,.26,19.8062623260,42.7693287086,0.1787946646,0.3581274215
380000.62,0.76,.24,20.3335885778,39.7326087990,0.1556954557,0.4682217438
380000.62,0.78,.22,20.8133267037,36.1418096766,0.1404016458,0.5792454612
380000.62,0.8,.20,21.4766276382,33.1909811355,0.1045799914,0.1921517162
380000.62,0.82,.18,22.0025678280,29.6153879257,0.0821981946,0.2342912899
380000.62,0.84,.16,22.6171155412,26.6221921862,0.2171209742,0.2565494128
380000.62,0.86,.14,23.1376922740,23.3614054417,0.2079685376,0.2368760274
380000.62,0.88,.12,23.6562200457,19.9799630866,0.0886306609,0.1335699336
380000.62,0.9,.10,24.1215752683,16.7102511326,0.1819379749,0.1905849800
380000.62,0.92,.08,24.7925497629,13.4144797704,0.2971916529,0.1364566417
380000.62,0.94,.06,25.3303417865,10.0096225137,0.1821583060,0.1434371109
380000.62,0.96,.04,25.7921615468,6.6996920228,0.2146659169,0.0267886326
380000.62,0.98,.02,26.3267997773,3.3201228598,0.1411912594,0.0595446008
380000.62,1,0,26.8623419613,0.0000000000,0.1671164241,0.0000000000
400000.6,0,1.00,0.0000000000,174.1092966697,0.0000000000,0.8105615712
400000.6,0.02,.98,0.5640870243,170.6758456861,0.0072757443,2.4124782532
400000.6,0.04,.96,1.1320911801,166.6750378632,0.0151220915,1.2598332651
400000.6,0.06,.94,1.7053985293,163.8216153127,0.0113987705,0.8447423088
400000.6,0.08,.92,2.2570913477,157.9386350579,0.0135540078,1.3582658067
400000.6,0.1,.90,2.8100497010,157.1265511764,0.0169444684,1.4197095431
400000.6,0.12,.88,3.3752013815,152.0455726219,0.0085086073,1.2722258460
400000.6,0.14,.86,3.9410561369,148.4439200040,0.0207216291,1.4353349879
400000.6,0.16,.84,4.5026321795,146.0994547736,0.0279293837,2.0971211089
400000.6,0.18,.82,5.0522559490,141.3832528393,0.0111082857,0.7368344470
400000.6,0.2,.80,5.5977617085,136.7082611317,0.0252933008,2.0337848432
400000.6,0.22,.78,6.1250678723,134.1819860771,0.0376448956,0.6568101550
400000.6,0.24,.76,6.6950607256,130.6705772447,0.0709397024,0.4017365596
400000.6,0.26,.74,7.2887170708,127.2581170317,0.0550919642,0.7826895362
400000.6,0.28,.72,7.8203622111,123.5172972574,0.0736976511,1.7516368900
400000.6,0.3,.70,8.3531322712,120.0537650119,0.0841340982,1.3121244649
400000.6,0.32,.68,8.9378696093,116.8718727124,0.0791256577,1.4494503038
400000.6,0.34,.66,9.4948455333,113.6262367866,0.0567723429,0.9916303522
400000.6,0.36,.64,10.0199420332,109.8938463769,0.0514196518,1.5337862679
400000.6,0.38,.62,10.6097415105,106.9915004556,0.0453204294,1.2943626111
400000.6,0.4,.60,11.1085229218,102.4500563280,0.1061111222,1.4013530322
400000.6,0.42,.58,11.6869928495,99.6273210721,0.0678725370,0.6474581395
400000.6,0.44,.56,12.2668086633,96.0938746852,0.0661010558,0.8627414371
400000.6,0.46,.54,12.7422479885,91.8929107739,0.0590736945,1.0288128186
400000.6,0.48,.52,13.3343575690,88.7962487163,0.0634424515,0.6455912857
400000.6,0.5,.50,13.8967170378,85.6675771107,0.1045248420,0.6299855689
400000.6,0.52,.48,14.4063659781,81.8551903783,0.1078273866,1.1552314925
400000.6,0.54,.46,15.0565495441,78.6969884498,0.1090829414,0.7470888792
400000.6,0.56,.44,15.5620603865,75.0237137799,0.1038591268,0.4340498132
400000.6,0.58,.42,16.1523218843,71.3339660380,0.1538025952,0.3974025002
400000.6,0.6,.40,16.7697622485,68.8559532277,0.1350244542,0.4051385109
400000.6,0.62,.38,17.3154086229,65.2189854287,0.0887714506,0.3186463386
400000.6,0.64,.36,17.9257780625,61.6422903412,0.0477891429,0.8097698379
400000.6,0.66,.34,18.3703825320,58.4344488213,0.1197622882,0.7084025722
400000.6,0.68,.32,19.0388661328,55.3910625515,0.1058944967,0.3260260874
400000.6,0.7,.30,19.5017907251,51.5185683893,0.0962919701,0.4685148357
400000.6,0.72,.28,20.1678436955,48.2940885158,0.1135838078,0.5644580792
400000.6,0.74,.26,20.7431799180,45.0566615790,0.1985856805,0.4408422669
400000.6,0.76,.24,21.4080477051,41.4361668520,0.1172119599,0.2116268653
400000.6,0.78,.22,21.8090213560,38.0554407174,0.1455091327,0.3205881088
400000.6,0.8,.20,22.4343562467,34.6492061136,0.2219970521,0.2191024094
400000.6,0.82,.18,22.9874351271,31.1203325192,0.1279266182,0.2120356477
400000.6,0.84,.16,23.7126669151,27.8902881632,0.1311856621,0.2888554742
400000.6,0.86,.14,24.1894320386,24.3649405775,0.1616442067,0.1237896851
400000.6,0.88,.12,24.9242457329,20.8556253127,0.0989127572,0.1910570049
400000.6,0.9,.10,25.4427935924,17.5280647783,0.1553063017,0.2412747352
400000.6,0.92,.08,25.9279554389,14.0152235048,0.1557990281,0.1307540851
400000.6,0.94,.06,26.5050393046,10.5428211437,0.2963217282,0.1650500436
400000.6,0.96,.04,27.1891713436,6.9997333267,0.0591726529,0.0530713896
400000.6,0.98,.02,27.7903204583,3.4964783893,0.1033178639,0.0704458876
400000.6,1,0,28.2862293065,0.0000000000,0.2731454533,0.0000000000
420000.58,0,1.00,0.0000000000,182.3428024824,0.0000000000,2.6905050403
420000.58,0.02,.98,0.5952231978,179.5614427350,0.0086844079,1.1366503838
420000.58,0.04,.96,1.1924350931,175.8216697445,0.0162356713,2.0582214068
420000.58,0.06,.94,1.7776344518,171.9209124188,0.0115454806,1.8280215610
420000.58,0.08,.92,2.3672933140,168.5067993892,0.0178009545,1.7096767459
420000.58,0.1,.90,2.9561486621,163.8371517886,0.0160187515,1.8143402092
420000.58,0.12,.88,3.5548068829,159.6518345410,0.0184207864,1.9233598412
420000.58,0.14,.86,4.1535454551,156.5774304133,0.0273878732,2.5923322445
420000.58,0.16,.84,4.7194403862,152.4188337005,0.0389872895,1.2882709698
420000.58,0.18,.82,5.2984325981,148.7911216744,0.0246586727,0.8168918371
420000.58,0.2,.80,5.8914059562,144.8314138905,0.0397971713,0.7000314662
420000.58,0.22,.78,6.4525802417,141.8159602209,0.0325298262,0.6114145970
420000.58,0.24,.76,7.0556979660,137.2626158140,0.0374914768,1.3832774760
420000.58,0.26,.74,7.5958603563,133.7908194856,0.0246463743,1.0553441097
420000.58,0.28,.72,8.1801959373,129.6985558117,0.0446455442,0.7884394427
420000.58,0.3,.70,8.7745553574,125.2082388105,0.0567485800,0.4315752690
420000.58,0.32,.68,9.3597145404,121.8739568219,0.0564904505,0.3045907159
420000.58,0.34,.66,9.8949754944,118.4915778707,0.0652178809,0.5901341709
420000.58,0.36,.64,10.4869243719,115.0542152212,0.1027846347,1.2433463293
420000.58,0.38,.62,11.0953452897,111.4113523764,0.1071925353,0.6235355544
420000.58,0.4,.60,11.6663224479,107.9420352730,0.0324710314,1.0637760499
420000.58,0.42,.58,12.2427434144,104.1715198940,0.0640882657,0.3754366896
420000.58,0.44,.56,12.8124952135,100.4992369140,0.0931952622,0.6900430886
420000.58,0.46,.54,13.4384729155,96.7804546942,0.0419025782,0.7094377498
420000.58,0.48,.52,14.0094500737,93.4981813341,0.0287456458,0.5947434606
420000.58,0.5,.50,14.5810700432,90.1117254354,0.0959265614,0.2805281548
420000.58,0.52,.48,15.1224979683,85.9944491371,0.0413257588,1.0105090465
420000.58,0.54,.46,15.6720212985,82.5067306757,0.1122121669,0.5773427877
420000.58,0.56,.44,16.3547471877,79.1070522443,0.1122693081,0.3413401661
420000.58,0.58,.42,16.8560395808,75.2774211255,0.0445199957,0.8035006152
420000.58,0.6,.40,17.5284202253,71.4372119806,0.1266523666,0.4904155169
420000.58,0.62,.38,18.1570696119,68.5856626223,0.1777716928,0.6301614438
420000.58,0.64,.36,18.7913034218,64.4649154093,0.0435393630,0.3841280236
420000.58,0.66,.34,19.3155160562,60.9773622295,0.1367844556,0.2515230571
420000.58,0.68,.32,19.8338630372,57.3927336223,0.0892218806,0.8538653957
420000.58,0.7,.30,20.4668915760,54.0982294196,0.1383175131,0.4047314161
420000.58,0.72,.28,21.0133615524,50.4934915440,0.1345849949,0.4915481445
420000.58,0.74,.26,21.7796730015,46.9958561830,0.2564503800,0.4054254841
420000.58,0.76,.24,22.3034236153,43.2269385268,0.1526278037,0.6509164173
420000.58,0.78,.22,22.9693158829,39.9171182237,0.1588020016,0.3004163705
420000.58,0.8,.20,23.5426031443,36.4189319239,0.2085354034,0.2170930664
420000.58,0.82,.18,24.0264793681,32.3337202673,0.2432273910,0.4564554228
420000.58,0.84,.16,24.7406628364,28.9048971702,0.2046882140,0.4880408647
420000.58,0.86,.14,25.4039235952,25.5863169391,0.0704061471,0.2630349379
420000.58,0.88,.12,25.9322542396,22.0004211726,0.1729716755,0.2469780897
420000.58,0.9,.10,26.6206047279,18.1282024799,0.1369016769,0.1598724530
420000.58,0.92,.08,27.1754312516,14.5928278069,0.2044829402,0.1772631691
420000.58,0.94,.06,27.6976351005,10.9372382745,0.1188534256,0.1093889064
420000.58,0.96,.04,28.4206371367,7.3274317614,0.1583380702,0.0729950705
420000.58,0.98,.02,29.1189110248,3.6977363554,0.2171766547,0.0645264466
420000.58,1,0,29.5650220834,0.0000000000,0.3559316199,0.0000000000
440000.56,0,1.00,0.0000000000,192.7773090459,0.0000000000,2.5145126424
440000.56,0.02,.98,0.6263191955,189.1801190327,0.0133424338,2.4812995935
440000.56,0.04,.96,1.2426547277,184.7362461775,0.0304757907,3.2121203553
440000.56,0.06,.94,1.8628471278,180.0027447629,0.0088073399,0.6638701941
440000.56,0.08,.92,2.4975228706,176.6982685667,0.0123800214,1.6166641756
440000.56,0.1,.90,3.0907171951,172.4594000618,0.0279199741,2.2595593190
440000.56,0.12,.88,3.7049635905,167.3029428834,0.0439577704,1.7037642339
440000.56,0.14,.86,4.3350392147,164.5385520529,0.0372514003,2.1814975390
440000.56,0.16,.84,4.9523188760,160.5402785487,0.0464222682,1.0470995509
440000.56,0.18,.82,5.5462162754,154.8670958123,0.0446506110,0.6267643151
440000.56,0.2,.80,6.2075887760,152.5276992195,0.0740530185,1.9469096089
440000.56,0.22,.78,6.7766375002,147.8327084313,0.0555138481,2.1220484233
440000.56,0.24,.76,7.3712580623,143.9220342060,0.0385446433,0.7846291332
440000.56,0.26,.74,8.0208992562,140.3479285311,0.0430612548,1.2033906546
440000.56,0.28,.72,8.6093528472,136.2689424837,0.0445505086,1.1524398782
440000.56,0.3,.70,9.2113858274,132.6454175930,0.0612026074,1.3710927264
440000.56,0.32,.68,9.7768790015,128.3636860446,0.0335302108,0.8250862179
440000.56,0.34,.66,10.3977744765,124.5548253210,0.0642591947,0.9110363120
440000.56,0.36,.64,11.0010328158,120.4410199375,0.0822626138,1.6311976934
440000.56,0.38,.62,11.6294813239,116.4766842672,0.1014169880,1.1503307451
440000.56,0.4,.60,12.1946129166,112.5553218280,0.1042990115,0.8855324627
440000.56,0.42,.58,12.8694844549,109.5302267284,0.1208872034,1.1363158014
440000.56,0.44,.56,13.4171195269,105.1295474799,0.0667071349,0.7956554965
440000.56,0.46,.54,14.0816659083,100.9535961929,0.0943392556,0.9074261961
440000.56,0.48,.52,14.6406104420,98.2408283338,0.0674511009,0.6755968784
440000.56,0.5,.50,15.2542742896,93.5947058226,0.0781920494,0.9488959223
440000.56,0.52,.48,15.9021075766,89.7905280792,0.0620585621,0.6280409911
440000.56,0.54,.46,16.5156910728,86.4021989884,0.0541177345,0.5565575223
440000.56,0.56,.44,17.1494829500,82.8432992261,0.1236564373,0.8517931095
440000.56,0.58,.42,17.7002919029,78.6668520941,0.1152658939,0.5557900821
440000.56,0.6,.40,18.1847506745,75.0068550507,0.1462697476,0.8575780260
440000.56,0.62,.38,18.8734426563,71.2997527347,0.1298282105,0.5893956083
440000.56,0.64,.36,19.5016300222,67.7813469787,0.1027423465,0.7702520952
440000.56,0.66,.34,20.0764037848,63.6525560583,0.0524634862,0.5246618488
440000.56,0.68,.32,20.7776506752,59.9897492267,0.1086466411,0.6710915288
440000.56,0.7,.30,21.3609617756,56.1408352478,0.1763829889,0.4721760826
440000.56,0.72,.28,21.9728578921,52.5586858655,0.1572508260,0.3323638080
440000.56,0.74,.26,22.5977508500,48.9843598151,0.2087004438,1.1022048005
440000.56,0.76,.24,23.2878690695,45.5172464671,0.0595662550,0.4714525032
440000.56,0.78,.22,23.9401618600,41.8076098323,0.1088305991,0.2876759547
440000.56,0.8,.20,24.5907873588,37.8021741229,0.0652413949,0.3399740985
440000.56,0.82,.18,25.2649357344,34.2951728013,0.1265479147,0.4896681719
440000.56,0.84,.16,25.8220321855,30.3658217487,0.0943257649,0.2884199315
440000.56,0.86,.14,26.3782045954,26.5424162390,0.1184576534,0.2625581921
440000.56,0.88,.12,27.0145878057,22.7906878753,0.3057088048,0.1691329046
440000.56,0.9,.10,27.8261170138,19.1145483233,0.1364067202,0.2038591577
440000.56,0.92,.08,28.4971718599,15.2303742572,0.2404276390,0.1966994858
440000.56,0.94,.06,29.0902456573,11.6385834449,0.0336069817,0.1205102760
440000.56,0.96,.04,29.8341993251,7.6679119776,0.2573332398,0.1055321918
440000.56,0.98,.02,30.4064219302,3.8354159768,0.2773262753,0.0399057826
440000.56,1,0,30.9504612763,0.0000000000,0.2037503446,0.0000000000
460000.54,0,1.00,0.0000000000,202.5054018015,0.0000000000,2.4125894030
460000.54,0.02,.98,0.6400592876,196.6889198672,0.0086319716,1.9855874420
460000.54,0.04,.96,1.3072773536,194.8195843109,0.0085618900,2.0955242690
460000.54,0.06,.94,1.9569386353,189.0348364550,0.0314316673,2.0702575644
460000.54,0.08,.92,2.5985647755,184.0725852252,0.0243990086,2.0468203622
460000.54,0.1,.90,3.2458356026,180.1616355305,0.0234584079,1.8117538504
460000.54,0.12,.88,3.8725766431,175.4128731094,0.0271514280,1.6881923616
460000.54,0.14,.86,4.5393527763,171.8692343536,0.0434696363,0.4715179649
460000.54,0.16,.84,5.1973706053,168.5888892795,0.0244716416,1.1460246861
460000.54,0.18,.82,5.8257789376,162.5625547330,0.0364388277,1.2941014406
460000.54,0.2,.80,6.4549305206,158.3943165901,0.0364376543,0.5348340755
460000.54,0.22,.78,7.1136112487,156.2793173955,0.0440937715,1.4554589450
460000.54,0.24,.76,7.7709059149,152.0326255587,0.0663428746,0.7375107027
460000.54,0.26,.74,8.3486928555,146.6021313907,0.0559267121,1.6587733567
460000.54,0.28,.72,8.9777239113,142.8378416209,0.0666959461,2.0315070760
460000.54,0.3,.70,9.6156739743,138.8197894115,0.0454576894,0.9866220235
460000.54,0.32,.68,10.3062943900,134.5427959374,0.1092119085,1.2046639546
460000.54,0.34,.66,10.9219871109,130.8307902655,0.0797426637,0.7352554316
460000.54,0.36,.64,11.5225135021,126.6518088148,0.0783621150,1.2961866056
460000.54,0.38,.62,12.1239438467,121.9093821907,0.0388669059,1.0901413507
460000.54,0.4,.60,12.8053037618,118.4936163445,0.0823728056,0.7598602565
460000.54,0.42,.58,13.4423699592,113.6406713848,0.0728973552,0.6181118040
460000.54,0.44,.56,14.0697337231,109.8351713881,0.1125418212,1.5141888970
460000.54,0.46,.54,14.5854291074,105.1653585059,0.1025531605,0.6632211034
460000.54,0.48,.52,15.2890463646,101.7216600595,0.1439357083,0.8003452835
460000.54,0.5,.50,15.9586749731,98.1952105961,0.0856709745,1.0877356102
460000.54,0.52,.48,16.5152491401,93.9211921918,0.1658726277,0.9721954531
460000.54,0.54,.46,17.2688449777,90.5580410069,0.0884433632,0.6158724346
460000.54,0.56,.44,17.8551692562,86.2953168493,0.1627142740,1.1802168627
460000.54,0.58,.42,18.5299202674,81.9274184630,0.0869757211,0.9819358367
460000.54,0.6,.40,19.1799632183,78.0554752397,0.1955276146,1.2483616465
460000.54,0.62,.38,19.6640804964,74.3378499915,0.0990250761,0.8626855502
460000.54,0.64,.36,20.3929280981,70.1794736542,0.1087369467,0.5265348127
460000.54,0.66,.34,20.9699918759,66.8979716085,0.1286511379,0.6244531095
460000.54,0.68,.32,21.6421113783,62.4255050264,0.0784204366,0.7410380226
460000.54,0.7,.30,22.4069765019,58.9921091367,0.0772730985,0.5610609477
460000.54,0.72,.28,23.0065587640,54.8339531749,0.2405276116,0.5867085156
460000.54,0.74,.26,23.6390851064,50.9289536199,0.1154505299,0.5057030255
460000.54,0.76,.24,24.2559228349,47.3010212183,0.2244916462,0.4427617046
460000.54,0.78,.22,24.9100034445,43.2504636162,0.2867693988,0.3753297935
460000.54,0.8,.20,25.5701304981,39.3805588666,0.1254585734,0.3482837909
460000.54,0.82,.18,26.3177602431,35.4231099321,0.2401078031,0.3945749936
460000.54,0.84,.16,26.9752557878,31.6459832868,0.1034515608,0.3213574666
460000.54,0.86,.14,27.6985591418,27.8299052640,0.1825710785,0.2919966043
460000.54,0.88,.12,28.1722709116,23.7951045133,0.2138660956,0.2462019208
460000.54,0.9,.10,28.8681543450,19.6911609355,0.1337278765,0.1366989800
460000.54,0.92,.08,29.6540916274,16.0695643308,0.2744993321,0.2414486921
460000.54,0.94,.06,30.1804737500,12.0164724099,0.3545805051,0.1867769846
460000.54,0.96,.04,30.9822603490,8.0150585541,0.2757657129,0.1401352669
460000.54,0.98,.02,31.6896139470,4.0230106591,0.1786423930,0.0535763921
460000.54,1,0,32.3277247128,0.0000000000,0.2264576960,0.0000000000
480000.52,0,1.00,0.0000000000,211.8864030745,0.0000000000,1.7411683280
480000.52,0.02,.98,0.6759763703,207.1626532777,0.0100484907,1.5665580741
480000.52,0.04,.96,1.3615547347,202.5269986049,0.0208382771,1.7221163497
480000.52,0.06,.94,2.0569359719,198.3671347326,0.0147673247,1.2719694768
480000.52,0.08,.92,2.7173241675,193.0872121554,0.0231620909,0.9943932000
480000.52,0.1,.90,3.3665234286,188.6795910772,0.0216254967,1.9310211332
480000.52,0.12,.88,4.0764884477,183.7355759237,0.0264855841,1.8915798845
480000.52,0.14,.86,4.7270335950,179.5261826479,0.0182786487,2.2036141231
480000.52,0.16,.84,5.3926647205,175.3636191752,0.0277528837,0.9599085953
480000.52,0.18,.82,6.0727390130,171.1839765979,0.0244363224,1.1442806978
480000.52,0.2,.80,6.7228623154,165.5901841514,0.0646452652,1.0356886770
480000.52,0.22,.78,7.3969303396,162.5782564906,0.0438648956,1.5653428511
480000.52,0.24,.76,8.0413085157,157.7061939523,0.0506593924,2.2427868648
480000.52,0.26,.74,8.7512333590,153.7362387056,0.0469192348,1.0245859940
480000.52,0.28,.72,9.3691759195,149.4617795502,0.0508728156,0.7722926797
480000.52,0.3,.70,10.0560399066,145.0491449285,0.0491824797,0.8878586649
480000.52,0.32,.68,10.7183967120,141.1756039824,0.0534795256,1.0766983001
480000.52,0.34,.66,11.3226393561,136.5309690062,0.0590775765,1.1936611702
480000.52,0.36,.64,12.0194870066,131.6179166167,0.0807842088,1.3908782404
480000.52,0.38,.62,12.6580397051,127.4872525041,0.0943981156,0.8288016882
480000.52,0.4,.60,13.3565144718,123.9174441523,0.0809093386,1.0144318792
480000.52,0.42,.58,13.9641720511,119.3382056189,0.0179220381,0.9228674220
480000.52,0.44,.56,14.6503530511,115.0585676382,0.1090308113,0.3332233218
480000.52,0.46,.54,15.2938272739,110.3215953088,0.1165931836,0.7747337069
480000.52,0.48,.52,15.9242443916,106.5583523228,0.1122823114,0.5032417530
480000.52,0.5,.50,16.6311359690,101.9590045209,0.0974107001,0.6580113618
480000.52,0.52,.48,17.1942186006,98.5222479042,0.1923820885,0.8067134423
480000.52,0.54,.46,17.9162564198,93.9890127656,0.1639880345,1.0912418940
480000.52,0.56,.44,18.5640696190,90.1598223980,0.1191518175,1.3594680568
480000.52,0.58,.42,19.1869537915,86.0245303990,0.0991043037,0.5380062729
480000.52,0.6,.40,19.8450720597,81.4479914659,0.1191854464,0.6011571797
480000.52,0.62,.38,20.5806892681,77.6899273053,0.0782830572,0.5614696354
480000.52,0.64,.36,21.1416024115,73.1076035142,0.0680574482,0.4877355156
480000.52,0.66,.34,21.8637406699,69.2784682404,0.1838496468,0.3407518906
480000.52,0.68,.32,22.4928922529,65.1229016913,0.0704760615,0.6381543687
480000.52,0.7,.30,23.2657322545,60.9278328258,0.1623851865,0.4776262840
480000.52,0.72,.28,23.9063540020,57.6140457629,0.1438547131,0.3377403507
480000.52,0.74,.26,24.4812683795,53.1014157378,0.1952888061,0.6002550920
480000.52,0.76,.24,25.3095910335,49.1452339626,0.1707996375,0.4708581325
480000.52,0.78,.22,25.9429208900,44.9122605035,0.2012668424,0.4192977562
480000.52,0.8,.20,26.6189374360,40.8534388184,0.3038344830,0.6620672153
480000.52,0.82,.18,27.2672528316,36.6440455426,0.2829361520,0.6901466381
480000.52,0.84,.16,28.0708071617,32.9555649601,0.1932402100,0.2163601014
480000.52,0.86,.14,28.6714540800,28.8462772753,0.1709055328,0.3920921222
480000.52,0.88,.12,29.3117343340,24.7213429269,0.2403509463,0.3944098760
480000.52,0.9,.10,30.1903569741,20.7286339052,0.2172106724,0.2008484607
480000.52,0.92,.08,30.7383536274,16.5537844960,0.2251488657,0.2316488905
480000.52,0.94,.06,31.5566926180,12.5084057191,0.2182978723,0.0893965771
480000.52,0.96,.04,32.2446212614,8.3387902290,0.1469017165,0.0972131103
480000.52,0.98,.02,32.9208788616,4.1780448546,0.1206980539,0.0603117638
480000.52,1,0,33.7995215895,0.0000000000,0.2950463667,0.0000000000
500000.5,0,1.00,0.0000000000,220.8681940485,0.0000000000,2.1061504011
500000.5,0.02,.98,0.7079763215,214.3539480464,0.0090740191,1.8854916818
500000.5,0.04,.96,1.4227825133,211.4179397607,0.0123899391,2.5751448061
500000.5,0.06,.94,2.1365642246,206.0909119108,0.0259115206,2.5757306470
500000.5,0.08,.92,2.8212386356,201.7952967032,0.0216240587,1.8101438154
500000.5,0.1,.90,3.5316254995,197.0970002818,0.0248791297,2.1085897384
500000.5,0.12,.88,4.2364681158,192.1283030673,0.0326286146,1.4842781840
500000.5,0.14,.86,4.9132279124,187.4452676524,0.0505111665,1.7010972439
500000.5,0.16,.84,5.6482625731,183.6829061686,0.0330511688,1.7266837480
500000.5,0.18,.82,6.3349055938,178.3286068451,0.0268117884,1.0241916004
500000.5,0.2,.80,7.0286998904,173.7903030690,0.0349093261,1.0114445857
500000.5,0.22,.78,7.7326586411,168.9575775655,0.0755163010,1.5648205080
500000.5,0.24,.76,8.4201051760,165.2533952255,0.0446094852,0.6515355386
500000.5,0.26,.74,9.0922045905,160.0751208681,0.0415836135,1.0667719417
500000.5,0.28,.72,9.7804546395,155.4355545294,0.0518970788,0.3941797316
500000.5,0.3,.70,10.4930310795,150.8646902666,0.0446498275,1.3847316790
500000.5,0.32,.68,11.1414067386,146.2142153384,0.0798982991,0.6416909240
500000.5,0.34,.66,11.7969939372,141.6311202330,0.0463398365,1.0844964709
500000.5,0.36,.64,12.4980399491,137.1202532122,0.0228460822,1.7883547574
500000.5,0.38,.62,13.2808435263,133.3157999994,0.0752903590,1.1900002199
500000.5,0.4,.60,13.8725513496,128.4456106533,0.1139795680,1.4866202724
500000.5,0.42,.58,14.6060392455,124.4096529310,0.0783528486,1.1267953410
500000.5,0.44,.56,15.1886070953,118.9662667936,0.0739448004,1.0296171794
500000.5,0.46,.54,15.9255099264,115.2788880888,0.0395470322,0.5510266171
500000.5,0.48,.52,16.6105459188,110.5881946238,0.1148878422,0.6453059075
500000.5,0.5,.50,17.1644484012,105.9360668790,0.0990329656,0.5598787287
500000.5,0.52,.48,17.9484773374,101.6613873481,0.1112870021,1.2194624939
500000.5,0.54,.46,18.5724060783,97.1418705872,0.0944202661,0.8534947764
500000.5,0.56,.44,19.3207790739,93.2867860930,0.1979763392,1.1112696070
500000.5,0.58,.42,19.9774309288,89.2298926940,0.0798829828,0.3502597163
500000.5,0.6,.40,20.6038304758,84.6877323459,0.2020590521,1.0874383176
500000.5,0.62,.38,21.3901494273,80.9813462504,0.2152921379,0.8283927989
500000.5,0.64,.36,22.0687773943,76.1970482728,0.1513011064,0.6868086643
500000.5,0.66,.34,22.7569872676,72.2700662572,0.1479876309,0.2271874471
500000.5,0.68,.32,23.4328029351,67.7730828958,0.2088559034,0.6959994933
500000.5,0.7,.30,24.0906399733,63.3250779991,0.1750505097,0.7864678505
500000.5,0.72,.28,24.7625786850,59.2061488843,0.1161900539,0.2985092339
500000.5,0.74,.26,25.6246891092,55.2418683078,0.0771050066,0.3219934557
500000.5,0.76,.24,26.2787295430,50.8463127907,0.2401746916,0.4204831036
500000.5,0.78,.22,26.9863041075,46.8744843519,0.1806290494,0.2780361555
500000.5,0.8,.20,27.6890174112,42.7024447308,0.2580881518,0.6806933167
500000.5,0.82,.18,28.4636050561,38.3647928881,0.2220491326,0.4840873241
500000.5,0.84,.16,29.2187677463,34.1857563435,0.2576151406,0.2879040801
500000.5,0.86,.14,29.8907064580,29.7026566413,0.0820485232,0.0905198587
500000.5,0.88,.12,30.4763477495,25.7102230891,0.3567087298,0.4332387557
500000.5,0.9,.10,31.2884795933,21.5660609744,0.1198748579,0.2224322296
500000.5,0.92,.08,31.9207447935,17.2703355790,0.3302534732,0.1008531251
500000.5,0.94,.06,32.8038872007,12.9613325570,0.2571460210,0.1478547934
500000.5,0.96,.04,33.4760669666,8.6345342098,0.1891183091,0.1541658219
500000.5,0.98,.02,34.0744841332,4.3077909565,0.1202680543,0.0543676505
500000.5,1,0,35.0969960704,0.0000000000,0.2919138176,0.0000000000
520000.48,0,1.00,0.0000000000,230.4253304754,0.0000000000,3.1349646049
520000.48,0.02,.98,0.7396749549,223.5323140062,0.0074578851,1.3798293489
520000.48,0.04,.96,1.4814792223,219.7528183238,0.0178459671,1.5359385434
520000.48,0.06,.94,2.2203908387,215.5078343975,0.0126816558,1.6850966976
520000.48,0.08,.92,2.9399980276,211.0646777628,0.0173168180,0.6372856760
520000.48,0.1,.90,3.6728632000,205.0265531247,0.0252755602,0.6313349754
520000.48,0.12,.88,4.3891960687,200.9287249682,0.0317505414,1.1803104993
520000.48,0.14,.86,5.1243512565,196.3033177582,0.0402297475,1.3746038565
520000.48,0.16,.84,5.8375705079,190.8750824395,0.0156284685,1.1283630703
520000.48,0.18,.82,6.5996233319,186.0883052370,0.0466376288,1.4952227326
520000.48,0.2,.80,7.3069970178,180.9775208902,0.0324105949,1.1875971375
520000.48,0.22,.78,8.0146921094,176.2950364142,0.0267828650,1.3219851301
520000.48,0.24,.76,8.7647323968,171.4836873384,0.0597950964,0.9294452681
520000.48,0.26,.74,9.4254821739,167.3303245448,0.0772479030,1.2379389162
520000.48,0.28,.72,10.1590303334,161.2528628719,0.0552194084,1.4591912222
520000.48,0.3,.70,10.8550543818,158.0003402104,0.0545512441,1.1522934935
520000.48,0.32,.68,11.5513395724,152.0196234016,0.0735112759,0.8753968239
520000.48,0.34,.66,12.3096359678,148.0838263642,0.0923175661,1.2956134904
520000.48,0.36,.64,13.0801457783,142.8335993916,0.0736289481,1.0855137196
520000.48,0.38,.62,13.6986307109,138.7067367572,0.0883541894,1.3742882337
520000.48,0.4,.60,14.4910764579,134.1146062544,0.0617912507,1.0850740532
520000.48,0.42,.58,15.1689812621,128.1203363496,0.0752406258,1.0118588639
520000.48,0.44,.56,15.8356167804,124.5056815745,0.0613218023,0.7391158514
520000.48,0.46,.54,16.6008635732,119.9755867875,0.0910150697,0.2255522471
520000.48,0.48,.52,17.2756949358,114.9685993222,0.0872547786,0.9771286649
520000.48,0.5,.50,17.8938383749,110.2954808068,0.1115121287,0.5613165868
520000.48,0.52,.48,18.6469320161,106.4221602363,0.1540235982,1.5802920068
520000.48,0.54,.46,19.4217607153,102.3034514970,0.1342760360,0.6044100417
520000.48,0.56,.44,19.9765671511,97.0744907644,0.1547152560,1.0444097734
520000.48,0.58,.42,20.7969350149,92.5734855493,0.1234619596,0.7198091550
520000.48,0.6,.40,21.5849614341,88.0895594389,0.0864927116,0.6161013165
520000.48,0.62,.38,22.1853271224,83.6482759963,0.0853028385,0.9475698976
520000.48,0.64,.36,22.9661821777,79.3543686991,0.0916773998,0.4366850385
520000.48,0.66,.34,23.5914166292,74.6779445505,0.1271034489,0.7401297998
520000.48,0.68,.32,24.3418385859,70.3235441664,0.1981322481,0.3909092889
520000.48,0.7,.30,25.1121876936,65.9580699111,0.1316414664,0.4423502894
520000.48,0.72,.28,25.7987503629,61.2960803607,0.1218710813,0.5414181934
520000.48,0.74,.26,26.4206703184,56.9704940790,0.1716014087,0.4416260008
520000.48,0.76,.24,27.2492541145,52.6721792710,0.1554651235,0.1734899592
520000.48,0.78,.22,27.8969668744,48.3706139236,0.1955326481,0.5750025885
520000.48,0.8,.20,28.7207697613,44.0061313583,0.3612140461,0.4037895145
520000.48,0.82,.18,29.3737857146,39.4820968988,0.1125141664,0.1898149084
520000.48,0.84,.16,30.2450361123,35.6108148021,0.2363110496,0.3862447656
520000.48,0.86,.14,30.9682591149,30.9246941296,0.2163189171,0.3388027939
520000.48,0.88,.12,31.5834094637,26.5813676165,0.2106887293,0.3192185820
520000.48,0.9,.10,32.2006891250,22.1256495758,0.3020088878,0.2210644753
520000.48,0.92,.08,33.1582369428,17.6433211881,0.2012001792,0.1474121556
520000.48,0.94,.06,34.0514031891,13.4323852834,0.1091426968,0.0963172064
520000.48,0.96,.04,34.8598388677,9.0448183798,0.2172340780,0.0617449368
520000.48,0.98,.02,35.4375655448,4.4994074924,0.3472479168,0.0449562205
520000.48,1,0,36.2832441045,0.0000000000,0.2948841551,0.0000000000
540000.46,0,1.00,0.0000000000,238.2580833604,0.0000000000,2.0954449176
540000.46,0.02,.98,0.7656083742,235.5307156214,0.0171537624,3.0753962579
540000.46,0.04,.96,1.5361985362,228.9809891567,0.0121686068,1.7145497648
540000.46,0.06,.94,2.2937315932,223.1770686284,0.0122518846,1.9145467210
540000.46,0.08,.92,3.0701271449,219.3657286799,0.0230011651,1.7184969912
540000.46,0.1,.90,3.8094204306,212.7524789644,0.0445735017,2.4889491952
540000.46,0.12,.88,4.5859164216,210.1897317572,0.0238044838,1.4194932365
540000.46,0.14,.86,5.3442529927,203.7776849139,0.0396518456,1.7165162445
540000.46,0.16,.84,6.0726586616,198.5112052449,0.0546429853,1.6804627077
540000.46,0.18,.82,6.8298100493,193.4723735133,0.0457044127,1.2037371597
540000.46,0.2,.80,7.5697461463,187.5093969359,0.0321111851,0.9155790274
540000.46,0.22,.78,8.3401354298,183.9782644921,0.0513956225,1.2734483941
540000.46,0.24,.76,9.0496585160,179.2780948786,0.0253597559,2.2303426416
540000.46,0.26,.74,9.8311764705,173.7463381479,0.0498610190,1.9803593018
540000.46,0.28,.72,10.5553034265,168.7445295079,0.1051610796,1.1930477842
540000.46,0.3,.70,11.3209921521,163.7045408047,0.1379950309,0.7077247780
540000.46,0.32,.68,11.9929308638,157.7797442903,0.0668708935,1.2639552953
540000.46,0.34,.66,12.7887513702,153.0460225002,0.0625387279,2.2332617638
540000.46,0.36,.64,13.5380484071,149.3307111951,0.0561290969,0.6317400314
540000.46,0.38,.62,14.2363222952,144.3865858539,0.0775951768,1.9330054966
540000.46,0.4,.60,15.0035778734,138.8195139421,0.1201243078,1.2605289867
540000.46,0.42,.58,15.7023740457,134.1506927498,0.0734026721,0.9511400458
540000.46,0.44,.56,16.4614538674,128.8094506773,0.0967052321,0.9384205433
540000.46,0.46,.54,17.1854000327,124.3511432239,0.0732111819,1.1256742584
540000.46,0.48,.52,18.0076963306,119.6626535143,0.1300910721,0.8011266957
540000.46,0.5,.50,18.7407824694,115.8393581924,0.0826745585,1.1017650170
540000.46,0.52,.48,19.3722441555,110.6363466802,0.1477076300,0.9927237199
540000.46,0.54,.46,20.1782291160,105.9968354354,0.1061153641,0.8740568057
540000.46,0.56,.44,20.8933968892,101.1387116503,0.1476163130,1.0563256538
540000.46,0.58,.42,21.5998465338,96.1540372089,0.0906883185,1.0990044286
540000.46,0.6,.40,22.3624216421,91.6217937603,0.1698106679,0.7413739003
540000.46,0.62,.38,23.0677061911,86.8793671361,0.0819015304,1.1856504700
540000.46,0.64,.36,23.7736134637,81.9600891375,0.1208139214,0.4540500089
540000.46,0.66,.34,24.4494090433,77.3907675036,0.0912665590,0.7259850367
540000.46,0.68,.32,25.1973802818,73.4628488920,0.1348742152,0.5980556744
540000.46,0.7,.30,26.0091304564,68.2182414957,0.0990281378,0.4602122759
540000.46,0.72,.28,26.6835801498,63.7668758720,0.2270198159,0.3865698491
540000.46,0.74,.26,27.4498112475,58.9137105367,0.2858342407,0.4276533238
540000.46,0.76,.24,28.3103347312,54.7658571317,0.0750416120,0.4586639708
540000.46,0.78,.22,29.1034032016,50.2704714929,0.1153296786,0.3583424859
540000.46,0.8,.20,29.7289188830,45.7355835378,0.1158345170,0.2519876584
540000.46,0.82,.18,30.3791024489,41.0776709350,0.2181445123,0.2422202958
540000.46,0.84,.16,31.2093133612,36.5227838992,0.1783013273,0.5268398069
540000.46,0.86,.14,31.9602576021,32.3329489529,0.2982729661,0.2893692658
540000.46,0.88,.12,32.7334190094,27.5087630018,0.1225924469,0.2056325844
540000.46,0.9,.10,33.5784547578,23.2104481937,0.0685854948,0.1944015260
540000.46,0.92,.08,34.3496877311,18.4966703903,0.2328678727,0.3382994314
540000.46,0.94,.06,35.1879538727,13.9603499942,0.3741960792,0.0993297867
540000.46,0.96,.04,35.9080632579,9.3067347145,0.2110824706,0.1721847607
540000.46,0.98,.02,36.7289935817,4.6425414086,0.2060849428,0.0511079204
540000.46,1,0,37.4253591236,0.0000000000,0.2291007613,0.0000000000
560000.44,0,1.00,0.0000000000,248.7189248015,0.0000000000,2.0136364756
560000.44,0.02,.98,0.7939121603,244.3168131119,0.0112684444,1.2350379336
560000.44,0.04,.96,1.5901946874,237.4188381930,0.0286973584,1.9995234637
560000.44,0.06,.94,2.3778796130,232.8418585089,0.0178033126,1.8937546538
560000.44,0.08,.92,3.1751866206,228.8272772144,0.0244815510,0.8171034074
560000.44,0.1,.90,3.9535306942,221.7507981043,0.0157207177,0.9906061576
560000.44,0.12,.88,4.7499136605,216.8168100381,0.0102462245,1.2561780683
560000.44,0.14,.86,5.5244008662,210.6526305885,0.0224548490,1.9670629571
560000.44,0.16,.84,6.3183130265,206.8528052621,0.0399562323,2.1726374306
560000.44,0.18,.82,7.0769710032,201.3174123349,0.0595174894,2.6742638961
560000.44,0.2,.80,7.8987450169,195.3294231331,0.0422564593,1.2938858381
560000.44,0.22,.78,8.6526823480,191.2604641730,0.0536054955,0.5695349941
560000.44,0.24,.76,9.3900471997,184.2903162632,0.0354308499,1.3199540115
560000.44,0.26,.74,10.2337370619,180.9668877702,0.0632321855,1.6877369895
560000.44,0.28,.72,10.9830140109,175.8957710214,0.0817954370,2.0109733321
560000.44,0.3,.70,11.7323512235,169.8120837394,0.0533610822,1.0901048147
560000.44,0.32,.68,12.4965534480,163.9963180257,0.1303056189,0.8364780365
560000.44,0.34,.66,13.2653357031,160.0648183114,0.0808296176,1.0326854547
560000.44,0.36,.64,14.0416709913,154.1085080942,0.0988976265,1.6247659788
560000.44,0.38,.62,14.7927156714,150.0306239245,0.0919011536,0.4403517250
560000.44,0.4,.60,15.5947232369,144.1562383159,0.1004151147,0.6870524456
560000.44,0.42,.58,16.3098709222,139.2754158498,0.1054800625,1.2853424408
560000.44,0.44,.56,17.1325288014,134.8328652479,0.0566832389,1.2208078691
560000.44,0.46,.54,17.7428982410,128.8139683760,0.0465918833,0.7556766632
560000.44,0.48,.52,18.7099877894,124.9690762508,0.1774501148,1.5969035614
560000.44,0.5,.50,19.3099517207,119.1847691460,0.1695822891,0.9285773125
560000.44,0.52,.48,20.0920321351,114.5957789947,0.1801194677,0.5537623221
560000.44,0.54,.46,20.8645909067,109.8967663528,0.0331967970,0.4332684495
560000.44,0.56,.44,21.6898200312,104.4674291564,0.0941082470,0.8250794069
560000.44,0.58,.42,22.3544266762,99.4570258701,0.1594415732,1.0745858625
560000.44,0.6,.40,23.1819458160,94.8256685204,0.1592136869,0.9419936270
560000.44,0.62,.38,23.9273658971,89.6100956022,0.1537049356,0.6017176168
560000.44,0.64,.36,24.6432367452,85.4316650903,0.1141228526,0.6494909857
560000.44,0.66,.34,25.4288124462,80.9653139296,0.1609097721,0.2849786677
560000.44,0.68,.32,26.1252985152,75.6971814439,0.0911021510,0.6423110626
560000.44,0.7,.30,26.9012119585,70.8458893008,0.2116656347,0.7544537146
560000.44,0.72,.28,27.8182425751,66.2346412195,0.1622034988,0.4132241943
560000.44,0.74,.26,28.2954898072,61.2844555508,0.3117497235,0.0926223772
560000.44,0.76,.24,29.2795134164,56.5283656428,0.2897553866,0.7088647388
560000.44,0.78,.22,30.0328079362,51.7681987874,0.2918083068,0.5220332894
560000.44,0.8,.20,30.8747903308,47.6936202509,0.2574388201,0.3315009190
560000.44,0.82,.18,31.4268648185,42.7313690210,0.1859386305,0.7822559910
560000.44,0.84,.16,32.3301955188,37.7871334920,0.2857923450,0.2504397061
560000.44,0.86,.14,33.0982144355,33.2698204866,0.1294073731,0.3586805818
560000.44,0.88,.12,34.0607239533,28.5994015716,0.3727752407,0.3155429249
560000.44,0.9,.10,34.6525322159,23.6976434287,0.2711882996,0.3295626207
560000.44,0.92,.08,35.4606464889,19.0650740135,0.2383772686,0.1191859454
560000.44,0.94,.06,36.3034926612,14.3481558586,0.3321648965,0.1348090304
560000.44,0.96,.04,37.1018844129,9.6226981514,0.2147209704,0.0980190148
560000.44,0.98,.02,38.2208381366,4.8522838331,0.2197568111,0.0746354182
560000.44,1,0,38.9177862263,0.0000000000,0.1592786095,0.0000000000
580000.42,0,1.00,0.0000000000,259.6648679100,0.0000000000,1.2569126937
580000.42,0.02,.98,0.8271776463,253.5063080367,0.0127358530,2.0787114555
580000.42,0.04,.96,1.6429253038,247.3975530365,0.0157478922,1.9401008541
580000.42,0.06,.94,2.4615656122,240.4851435194,0.0125298230,2.2939546806
580000.42,0.08,.92,3.2929215321,236.1901894384,0.0324140487,1.1745486592
580000.42,0.1,.90,4.1292592398,231.2939406842,0.0274339032,1.8154964193
580000.42,0.12,.88,4.9127257161,224.7079624423,0.0411307872,1.4532830505
580000.42,0.14,.86,5.7404457344,220.0448159203,0.0188192982,1.3932842012
580000.42,0.16,.84,6.5318067373,214.3075589943,0.0409705748,1.8544065543
580000.42,0.18,.82,7.3462085086,207.6697374056,0.0535857543,2.0772826201
580000.42,0.2,.80,8.1498431901,203.2319248779,0.0417051772,2.0937307523
580000.42,0.22,.78,8.9665148889,198.0240100098,0.0725707531,1.0710059750
580000.42,0.24,.76,9.7987747622,192.9100853115,0.0609607512,2.4183700141
580000.42,0.26,.74,10.5352356605,187.4057102422,0.0619266387,0.2290700132
580000.42,0.28,.72,11.3811753623,182.0697020888,0.0387154583,2.1478023595
580000.42,0.3,.70,12.1930058883,176.9656391961,0.1134036870,1.9118197489
580000.42,0.32,.68,12.9544159010,170.7509386529,0.0983621221,0.9908931573
580000.42,0.34,.66,13.7581510219,165.5938754418,0.0727797392,0.8859845954
580000.42,0.36,.64,14.5948904866,159.8757911881,0.0421857179,0.5288303663
580000.42,0.38,.62,15.3230751891,154.9542543402,0.0740459321,0.9317830217
580000.42,0.4,.60,16.1323545576,150.0486396253,0.1364918560,1.7127515724
580000.42,0.42,.58,16.9580457027,144.4050423057,0.0470382809,1.1695529065
580000.42,0.44,.56,17.6973992520,138.8422677171,0.1446744196,0.6890234823
580000.42,0.46,.54,18.5040471116,133.5677994346,0.1003629208,0.3891046432
580000.42,0.48,.52,19.2636693054,129.1722439175,0.0462177469,0.5980220767
580000.42,0.5,.50,20.0850013862,123.8305610939,0.1448146957,0.7677904603
580000.42,0.52,.48,20.8804402234,118.6857838193,0.1178215551,1.1855971975
580000.42,0.54,.46,21.6281302320,113.7190148909,0.1155797637,0.5866391115
580000.42,0.56,.44,22.4652915417,108.1711156515,0.0937269855,1.0803977641
580000.42,0.58,.42,23.1721429434,103.4173396868,0.1667011340,0.8471724446
580000.42,0.6,.40,23.9201141819,98.1592342885,0.0930466372,0.9957575581
580000.42,0.62,.38,24.7341342839,93.2270092266,0.2046395181,0.5689784282
580000.42,0.64,.36,25.6005435088,88.3021116516,0.1267914038,0.4354772285
580000.42,0.66,.34,26.3061494636,83.5297139533,0.1026106954,0.3310968026
580000.42,0.68,.32,27.0264597273,78.5559481013,0.2085081320,0.4760791670
580000.42,0.7,.30,27.9957388518,73.4842804137,0.1774617765,0.7222383479
580000.42,0.72,.28,28.7308538639,68.7164004141,0.2435331228,0.9869521911
580000.42,0.74,.26,29.3583984185,63.4797816314,0.1138212761,0.2962738077
580000.42,0.76,.24,30.1304148181,58.7750392253,0.2930217928,0.4576980761
580000.42,0.78,.22,31.0113073857,53.4326952751,0.1483098189,0.3156621571
580000.42,0.8,.20,31.8634743222,48.7264102402,0.2591549173,0.2591743541
580000.42,0.82,.18,32.6274354924,43.7459229341,0.2535027348,0.3233851731
580000.42,0.84,.16,33.3214507555,39.0436046591,0.1253217237,0.0721481911
580000.42,0.86,.14,34.1942278300,34.3691087965,0.2181822451,0.2017192959
580000.42,0.88,.12,35.1595295595,29.4683423436,0.3045251726,0.4239272401
580000.42,0.9,.10,35.8693941392,24.5224539980,0.1281032563,0.0710728114
580000.42,0.92,.08,36.6728279423,19.7590916971,0.2536105963,0.1357604170
580000.42,0.94,.06,37.4740922571,14.8244425042,0.2746176307,0.1363664043
580000.42,0.96,.04,38.3749923271,9.9857117671,0.2923358786,0.0897995296
580000.42,0.98,.02,39.4333008199,4.9663281774,0.1964733702,0.0895795466
580000.42,1,0,39.6825308228,0.0000000000,0.2134163698,0.0000000000
600000.4,0,1.00,0.0000000000,268.6330506941,0.0000000000,2.8631932028
600000.4,0.02,.98,0.8552805539,262.9425133836,0.0107070284,1.0417193715
600000.4,0.04,.96,1.7057400228,256.2906428539,0.0145770564,2.4944617160
600000.4,0.06,.94,2.5582283650,250.2399017159,0.0241188622,1.3899308002
600000.4,0.08,.92,3.4122634719,244.9743586429,0.0253551879,1.1863343950
600000.4,0.1,.90,4.2682872763,238.4409950623,0.0290073242,2.3028202160
600000.4,0.12,.88,5.1113745029,233.6151012007,0.0212844245,0.5568460098
600000.4,0.14,.86,5.8936156201,227.2413446082,0.0392600702,1.3389841262
600000.4,0.16,.84,6.7675577902,221.7406057354,0.0472895806,1.8804584085
600000.4,0.18,.82,7.6085157043,216.8164243809,0.0514786719,1.2543006129
600000.4,0.2,.80,8.4579908684,209.8157544582,0.0237298089,2.2554000749
600000.4,0.22,.78,9.2493518712,204.4877900122,0.0570972189,1.2285611116
600000.4,0.24,.76,10.1147968792,199.2971195305,0.0689004796,1.2568516522
600000.4,0.26,.74,10.9510743233,193.5211316026,0.0236683688,2.4487592898
600000.4,0.28,.72,11.8006901023,186.7739486499,0.0900426731,1.6555408400
600000.4,0.3,.70,12.6194107622,182.6089610463,0.0838191810,1.2896772518
600000.4,0.32,.68,13.4101892173,177.3576321959,0.0881088134,2.0442549362
600000.4,0.34,.66,14.2249525699,171.4439095527,0.0936521823,2.0365225222
600000.4,0.36,.64,15.0768382765,166.6078784160,0.0961746731,1.5483866126
600000.4,0.38,.62,15.8622934503,160.8857723087,0.0333274232,1.0708327693
600000.4,0.4,.60,16.6861365129,155.4254723482,0.1805899274,1.8184734010
600000.4,0.42,.58,17.6044125764,149.7398934874,0.0999563274,0.5031249460
600000.4,0.44,.56,18.3520222336,144.1440074732,0.1093771131,1.4015663556
600000.4,0.46,.54,19.1378992524,138.6308173821,0.1082939763,0.9412299441
600000.4,0.48,.52,20.0018778469,134.3320618230,0.0716392283,0.6135814927
600000.4,0.5,.50,20.7954083380,128.1106398257,0.1660919442,0.8677803247
600000.4,0.52,.48,21.5407279799,122.8780979905,0.1133301071,1.4077362541
600000.4,0.54,.46,22.3988610090,117.5627500445,0.1994161965,0.5668574522
600000.4,0.56,.44,23.1510306090,112.4556018941,0.0992878783,0.6921283970
600000.4,0.58,.42,24.1007843395,106.9748070081,0.1640095413,1.6700467676
600000.4,0.6,.40,24.7202134012,101.5999025711,0.1666748301,1.0693438087
600000.4,0.62,.38,25.6097236580,96.6171013218,0.2424427278,0.6274942794
600000.4,0.64,.36,26.4256922819,91.5354065469,0.2489335152,1.1850585925
600000.4,0.66,.34,27.1411412850,85.7622835010,0.2035881723,0.5622948347
600000.4,0.68,.32,27.9720753600,81.0193610318,0.1968030893,0.4646171904
600000.4,0.7,.30,28.8693797041,76.3047017263,0.2227599138,0.8857285286
600000.4,0.72,.28,29.6295241821,70.8986692437,0.2078106673,0.6410611367
600000.4,0.74,.26,30.4044734084,66.0633543275,0.1801170162,0.6828924487
600000.4,0.76,.24,31.2762661781,60.6304360285,0.1683380458,0.6064049416
600000.4,0.78,.22,32.1034438244,55.6113830021,0.2734751927,0.3636082293
600000.4,0.8,.20,32.9143503091,50.4352022124,0.2963394573,0.4126546317
600000.4,0.82,.18,33.6982788060,45.2991848658,0.0717804316,0.2532359909
600000.4,0.84,.16,34.4645902551,40.6014393833,0.2833631625,0.4213985446
600000.4,0.86,.14,35.3579172042,35.2972204023,0.2629962736,0.2416669301
600000.4,0.88,.12,35.9723443903,30.4202545082,0.2435011414,0.1818465995
600000.4,0.9,.10,37.0823791068,25.4983870969,0.1569954837,0.1793261635
600000.4,0.92,.08,37.8060842179,20.4594451776,0.2000622948,0.1772091911
600000.4,0.94,.06,38.6827985118,15.3125743353,0.2501742716,0.2382488317
600000.4,0.96,.04,39.6836959183,10.3131898263,0.2961948176,0.0517069396
600000.4,0.98,.02,40.4186703154,5.1415267353,0.2716444820,0.0745707511
600000.4,1,0,41.4093630921,0.0000000000,0.4017378333,0.0000000000
620000.38,0,1.00,0.0000000000,279.3412085901,0.0000000000,2.9300511563
620000.38,0.02,.98,0.8828009137,272.8110404549,0.0071519217,2.3682694819
620000.38,0.04,.96,1.7609615331,265.2516083390,0.0139673220,1.3001966319
620000.38,0.06,.94,2.6309062202,259.8657402188,0.0162666695,0.9882148933
620000.38,0.08,.92,3.5310429518,252.5790228393,0.0192853564,2.3893343368
620000.38,0.1,.90,4.3776455528,247.4111612264,0.0422616103,1.4122546896
620000.38,0.12,.88,5.2765569252,241.9191271876,0.0381971807,1.7675027250
620000.38,0.14,.86,6.1483496949,236.0617104959,0.0310190323,1.2850514561
620000.38,0.16,.84,7.0280972548,229.5865260591,0.0692894344,1.6768486676
620000.38,0.18,.82,7.8837996536,224.2799380410,0.0379683453,2.6428118883
620000.38,0.2,.80,8.6955699160,217.6319240834,0.0566967190,2.4792965672
620000.38,0.22,.78,9.5958472625,212.2866601572,0.0299926496,1.6414457717
620000.38,0.24,.76,10.4151906458,206.4286925267,0.0512425478,1.2533997809
620000.38,0.26,.74,11.2915031827,200.2266635773,0.0778798269,1.6781581647
620000.38,0.28,.72,12.1706079312,194.9798524256,0.0869675423,1.4108699271
620000.38,0.3,.70,13.0342852080,189.4473794744,0.1135143099,1.3151939108
620000.38,0.32,.68,13.8957126451,183.1057977114,0.0545808209,2.1167564515
620000.38,0.34,.66,14.6442262557,176.9326930522,0.0647479310,1.1760742331
620000.38,0.36,.64,15.5629040763,172.0021208069,0.1090119576,2.1648482188
620000.38,0.38,.62,16.3891978571,166.1550617659,0.0825984048,0.5964935756
620000.38,0.4,.60,17.2310396367,161.1276895627,0.0372383549,1.0969307261
620000.38,0.42,.58,18.1013860810,154.9769530212,0.0598959260,1.0369893778
620000.38,0.44,.56,18.9710897139,149.2457013288,0.0490571959,1.5144248895
620000.38,0.46,.54,19.7708072640,143.5991840333,0.0375121029,0.8655029925
620000.38,0.48,.52,20.6255856215,138.8411107455,0.1542580685,1.8466880951
620000.38,0.5,.50,21.4958316265,132.3719866361,0.0993869539,1.1779144618
620000.38,0.52,.48,22.3719231969,127.6902183806,0.0753006734,1.0319404774
620000.38,0.54,.46,23.1480174309,121.8042630559,0.1504701699,1.0341530246
620000.38,0.56,.44,23.9465096219,116.3034139953,0.1538087111,1.5316519284
620000.38,0.58,.42,24.7361631572,109.9870101383,0.0894837183,0.7824550143
620000.38,0.6,.40,25.6330255685,104.9807939874,0.1696886647,0.8060038709
620000.38,0.62,.38,26.2775644475,99.2179184043,0.1583812457,0.5008083188
620000.38,0.64,.36,27.3020449944,94.4253012499,0.2489707722,0.7251703136
620000.38,0.66,.34,28.0943300386,89.4337951665,0.2153919675,0.7906843204
620000.38,0.68,.32,28.8511600207,83.5715302129,0.1750121351,1.3362280431
620000.38,0.7,.30,29.7038090657,78.2029064790,0.3686924186,0.7290940002
620000.38,0.72,.28,30.4972592054,73.1620913676,0.2007045353,0.6218926173
620000.38,0.74,.26,31.4876908400,67.7799145377,0.2068784683,0.6987238921
620000.38,0.76,.24,32.2992401360,62.7054921557,0.1770837245,0.8084997160
620000.38,0.78,.22,33.1025534119,57.5885372936,0.1732128293,0.3551843171
620000.38,0.8,.20,33.9347931974,52.5265661299,0.1564466228,0.6608958728
620000.38,0.82,.18,34.7171347539,46.9764080412,0.3683244108,0.3877976476
620000.38,0.84,.16,35.5467028548,41.7871149067,0.2190189145,0.3494669419
620000.38,0.86,.14,36.5772298458,36.9033724646,0.0876711096,0.3805269627
620000.38,0.88,.12,37.3084679020,31.3529389065,0.1522545217,0.6017167421
620000.38,0.9,.10,38.1267265412,26.1136205233,0.2003459865,0.2129257361
620000.38,0.92,.08,39.0769021167,20.9800824015,0.1769875040,0.2386996566
620000.38,0.94,.06,39.9322831098,15.8031302974,0.2830782592,0.2376796511
620000.38,0.96,.04,40.7269786965,10.5739491893,0.2797537119,0.1416490322
620000.38,0.98,.02,41.5836654001,5.2908862606,0.2479022729,0.0709735151
620000.38,1,0,42.4582503815,0.0000000000,0.2397221071,0.0000000000
640000.36,0,1.00,0.0000000000,287.9366261407,0.0000000000,1.9342399759
640000.36,0.02,.98,0.9180149215,281.9032395768,0.0078506357,1.7661400909
640000.36,0.04,.96,1.8213456218,275.9757985558,0.0188951124,1.8831142565
640000.36,0.06,.94,2.7315262802,269.3729064910,0.0262838728,0.9727345140
640000.36,0.08,.92,3.6282480766,261.8471367395,0.0156488000,1.4093708602
640000.36,0.1,.90,4.5275612061,255.7048295627,0.0225431314,1.0650045469
640000.36,0.12,.88,5.4312333999,249.9799687611,0.0296907197,1.7043567464
640000.36,0.14,.86,6.3491880578,243.9791977777,0.0193817399,1.2788251208
640000.36,0.16,.84,7.2267460416,237.8869158495,0.0222466792,1.7392741027
640000.36,0.18,.82,8.1106718751,230.9087242323,0.0425691594,0.5454909708
640000.36,0.2,.80,8.9971890417,225.1344442149,0.0313036850,1.4000646657
640000.36,0.22,.78,9.9325598689,219.8722618689,0.0413585532,1.6287833110
640000.36,0.24,.76,10.7921392235,213.7317727904,0.0807292031,1.9967858913
640000.36,0.26,.74,11.6834774751,206.8504913189,0.0648196907,1.5198426783
640000.36,0.28,.72,12.5759406464,201.2899755796,0.0465055901,0.7507797397
640000.36,0.3,.70,13.4285896914,195.7879695474,0.0762977794,1.8505234539
640000.36,0.32,.68,14.4277796303,190.0703260448,0.0388937989,0.5231024475
640000.36,0.34,.66,15.1982492652,183.9347403221,0.0215062505,1.0976554405
640000.36,0.36,.64,16.1359502834,177.1149987214,0.0553908569,1.1857142991
640000.36,0.38,.62,16.9848428998,172.5336115264,0.0226508126,1.8800570370
640000.36,0.4,.60,17.7416929697,165.5743171122,0.1087588717,1.4292543810
640000.36,0.42,.58,18.6479564967,160.4277768333,0.0731402894,1.0221834262
640000.36,0.44,.56,19.5219589303,153.6399345927,0.1094312166,1.5480604838
640000.36,0.46,.54,20.4278407881,148.5013278333,0.1217691231,1.2966646252
640000.36,0.48,.52,21.3285600674,142.7805439793,0.0742012478,0.8208873748
640000.36,0.5,.50,22.1625675840,137.3150651936,0.1667022439,1.0760679828
640000.36,0.52,.48,22.9985035346,131.6442514942,0.1198626912,1.1986070684
640000.36,0.54,.46,23.8384369681,125.7689292896,0.1392417386,1.2283748464
640000.36,0.56,.44,24.7148901199,119.9082620587,0.0982864330,0.6676653722
640000.36,0.58,.42,25.6106075236,114.4847648142,0.1213000638,0.5955735356
640000.36,0.6,.40,26.4584957472,108.8074500363,0.1309355788,0.7022528947
640000.36,0.62,.38,27.3069866065,103.5359017297,0.1267981235,0.8187243585
640000.36,0.64,.36,28.2500711696,97.5414114494,0.0617915904,1.0006652541
640000.36,0.66,.34,29.0574622798,91.9671773324,0.0516888928,0.6124158596
640000.36,0.68,.32,29.7864504965,86.6369540372,0.2021564834,0.8408978927
640000.36,0.7,.30,30.7560912024,81.0485056976,0.0981470626,0.4532491433
640000.36,0.72,.28,31.5541615484,75.4457329477,0.1391021242,0.8942173014
640000.36,0.74,.26,32.4310566330,69.9162350662,0.2587358419,0.5097951048
640000.36,0.76,.24,33.1679192884,64.6872743337,0.0828710956,0.6390583737
640000.36,0.78,.22,34.0284829478,59.2698374167,0.1396793589,0.6671480119
640000.36,0.8,.20,35.0808856116,53.7621016203,0.2722219110,0.5954350868
640000.36,0.82,.18,35.9369495918,48.3846628646,0.3532235620,0.3630544107
640000.36,0.84,.16,36.6544274681,42.9371446857,0.2231868564,0.4131964283
640000.36,0.86,.14,37.6276839877,37.3764636648,0.1998264196,0.2123099354
640000.36,0.88,.12,38.4749695758,32.2678279795,0.1436656622,0.3235602215
640000.36,0.9,.10,39.4392468247,26.8395375669,0.0813836370,0.2060695482
640000.36,0.92,.08,40.1207674426,21.6344875809,0.1689590422,0.1937648811
640000.36,0.94,.06,41.0805851880,16.2436059170,0.2092833696,0.1540388136
640000.36,0.96,.04,42.0753557991,10.8930529778,0.1434085520,0.1543442233
640000.36,0.98,.02,42.9827040701,5.4199161419,0.3807665564,0.0872597656
640000.36,1,0,43.8230392607,0.0000000000,0.3844042123,0.0000000000
660000.34,0,1.00,0.0000000000,298.1768165679,0.0000000000,2.7314935560
660000.34,0.02,.98,0.9428033331,291.8327555800,0.0143166098,1.3113273073
660000.34,0.04,.96,1.8931596993,284.3200430796,0.0211749347,2.2155282365
660000.34,0.06,.94,2.8149511373,277.6921934843,0.0163986589,3.1501768507
660000.34,0.08,.92,3.7628567853,272.3214210889,0.0293043048,1.5077377693
660000.34,0.1,.90,4.7069256533,265.6003526382,0.0492940261,2.9368967762
660000.34,0.12,.88,5.6124459296,257.8443455367,0.0468520327,1.9202965423
660000.34,0.14,.86,6.5139486352,251.1281804419,0.0351423747,1.6232916873
660000.34,0.16,.84,7.4686439778,245.2968782523,0.0339256204,1.0642084482
660000.34,0.18,.82,8.3798692047,238.5403293390,0.0107641627,1.1988744626
660000.34,0.2,.80,9.3099569263,233.7025351980,0.0395930044,0.9069012801
660000.34,0.22,.78,10.2394219245,227.4386909083,0.0394206279,1.0303774119
660000.34,0.24,.76,11.1631016208,221.1054834161,0.0799996690,1.5399529167
660000.34,0.26,.74,12.0437933098,214.7509545899,0.0295977542,2.9572271954
660000.34,0.28,.72,12.9395508892,208.3654629997,0.0834903580,1.7942891478
660000.34,0.3,.70,13.8159036017,201.1883824536,0.0744962162,1.8755769876
660000.34,0.32,.68,14.7575820150,195.7824601587,0.0854309502,0.9885285274
660000.34,0.34,.66,15.7284079043,189.6798205799,0.1524729605,2.0677527586
660000.34,0.36,.64,16.5688636220,182.9003526100,0.0582019076,0.7134514071
660000.34,0.38,.62,17.5225143962,177.4070514118,0.0700499244,1.8262760612
660000.34,0.4,.60,18.4003335221,171.1136767992,0.1466396244,1.0277194663
660000.34,0.42,.58,19.3043271216,166.3768697514,0.0848035096,0.5418158596
660000.34,0.44,.56,20.1733075918,159.2921265585,0.0831587204,1.3694057559
660000.34,0.46,.54,21.0162341155,152.6886284609,0.0426714322,1.2272436533
660000.34,0.48,.52,21.9605239499,147.0634875931,0.1557222114,1.2141788991
660000.34,0.5,.50,22.8502752609,141.7097943024,0.1546264334,1.4383965109
660000.34,0.52,.48,23.6803656461,135.6415333085,0.0849172429,0.4471420466
660000.34,0.54,.46,24.6255192581,129.8067602040,0.1131391799,1.0276098714
660000.34,0.56,.44,25.5304569867,123.4387333757,0.0911912123,0.6221702660
660000.34,0.58,.42,26.4491950709,118.2574839486,0.1964633949,1.1316001662
660000.34,0.6,.40,27.2928648452,112.5840257427,0.1832814265,0.8418271388
660000.34,0.62,.38,28.2425181365,106.3397948765,0.1829650497,1.1734344983
660000.34,0.64,.36,28.9523023649,100.3134052361,0.2032664916,0.5864985736
660000.34,0.66,.34,29.9333529718,94.9116149828,0.1232416367,0.6358662257
660000.34,0.68,.32,30.7384540667,89.2392035607,0.2477104746,0.4696657898
660000.34,0.7,.30,31.7421235970,83.9038014402,0.2486253971,0.2135041579
660000.34,0.72,.28,32.6635936293,78.0006017291,0.2323066482,0.7331597641
660000.34,0.74,.26,33.4003759333,72.0744278676,0.1626113676,0.5004404193
660000.34,0.76,.24,34.2664436647,66.3485202821,0.1898259685,0.5702184929
660000.34,0.78,.22,35.2384547373,60.8273415775,0.1602108227,0.2093102432
660000.34,0.8,.20,36.0026971375,55.5052170835,0.1828381672,0.8945602571
660000.34,0.82,.18,36.9680792183,49.8292245589,0.2997196237,0.6955327800
660000.34,0.84,.16,37.8467420341,44.1326269209,0.1739263868,0.3106015179
660000.34,0.86,.14,38.7485058818,38.5719458999,0.2652920124,0.2894319659
660000.34,0.88,.12,39.6054537275,33.3798429772,0.2051209168,0.4853098331
660000.34,0.9,.10,40.4141103726,27.8308969540,0.1188209982,0.2645947343
660000.34,0.92,.08,41.3589827546,22.2954489328,0.1654323000,0.1723786415
660000.34,0.94,.06,42.2809951590,16.7246857307,0.4576027504,0.2171283772
660000.34,0.96,.04,43.3785553183,11.1831222883,0.2922527909,0.1308222699
660000.34,0.98,.02,44.3224032199,5.6549466601,0.5064242465,0.0455114665
660000.34,1,0,45.0570160356,0.0000000000,0.4154112308,0.0000000000
680000.32,0,1.00,0.0000000000,305.5097026240,0.0000000000,2.7769620993
680000.32,0.02,.98,0.9775352325,301.6331315142,0.0156954775,0.9444050522
680000.32,0.04,.96,1.9371320114,293.9512807834,0.0211371229,2.1797776594
680000.32,0.06,.94,2.9058687639,286.5444036382,0.0214894714,1.5979610513
680000.32,0.08,.92,3.8605239308,280.2748846783,0.0250516720,2.8223740153
680000.32,0.1,.90,4.8285776962,274.7425219148,0.0344955619,1.8669158587
680000.32,0.12,.88,5.7934575808,265.6025012998,0.0421128455,1.5701294581
680000.32,0.14,.86,6.7280248938,260.4491844729,0.0698216918,2.8397366866
680000.32,0.16,.84,7.7039330101,253.5677377198,0.0412131120,2.2418042167
680000.32,0.18,.82,8.6160019268,246.3380425124,0.0384106908,2.4229724068
680000.32,0.2,.80,9.6240305215,241.8740052948,0.0440540494,1.9694604159
680000.32,0.22,.78,10.5057466910,232.8265424085,0.0587393163,2.1872445713
680000.32,0.24,.76,11.4861143109,226.7360785785,0.0766519341,0.3579111659
680000.32,0.26,.74,12.3669265270,220.2792954997,0.0553652514,1.3344422682
680000.32,0.28,.72,13.4017322308,214.7778404063,0.0666612491,0.8624699740
680000.32,0.3,.70,14.2994785077,209.0806918294,0.0986086782,1.3075500956
680000.32,0.32,.68,15.2397306834,202.4277194220,0.0961657973,1.6818395298
680000.32,0.34,.66,16.1905088945,195.3543255696,0.0834519587,2.3945272673
680000.32,0.36,.64,17.0400844979,188.8682325434,0.1014273434,0.9648606339
680000.32,0.38,.62,18.0519498726,183.3384040986,0.1383753240,2.2379321999
680000.32,0.4,.60,18.9333245486,176.1606624259,0.1238449603,1.3600625231
680000.32,0.42,.58,19.9005145364,170.4084199629,0.0913771825,0.9520583876
680000.32,0.44,.56,20.7805031505,164.0274460713,0.1270569198,0.8591085660
680000.32,0.46,.54,21.6855413183,158.2833024095,0.0449753947,0.9058792749
680000.32,0.48,.52,22.6023308807,152.1170844861,0.2018160579,1.1595573629
680000.32,0.5,.50,23.5235397710,145.9616649644,0.1201372504,1.0316243114
680000.32,0.52,.48,24.4536074047,139.4025725390,0.1403039836,1.4586991224
680000.32,0.54,.46,25.3193939062,133.3185546937,0.2162252285,1.4704124020
680000.32,0.56,.44,26.2420089462,127.2080366892,0.1127608440,1.2292067330
680000.32,0.58,.42,27.2080740141,121.4041161610,0.1808865811,0.4518441451
680000.32,0.6,.40,28.0279396816,115.4979413801,0.1868829116,0.7935574475
680000.32,0.62,.38,28.9398679833,109.1992226605,0.0946127158,0.5919668998
680000.32,0.64,.36,29.8759619733,103.9162699196,0.1112566317,0.6581962376
680000.32,0.66,.34,30.7696705916,97.6599734923,0.1177686130,0.7566871455
680000.32,0.68,.32,31.8507587107,92.1823189578,0.1199910797,0.5293195037
680000.32,0.7,.30,32.4995963904,86.2572469740,0.2685212696,0.5321751172
680000.32,0.72,.28,33.5597328780,79.5668658179,0.3160673853,0.9495064564
680000.32,0.74,.26,34.5388550509,74.1582439227,0.2366660653,0.7283919795
680000.32,0.76,.24,35.4501606292,68.5975078078,0.1214791379,1.2168131094
680000.32,0.78,.22,36.2595203491,62.7227916359,0.3114374711,0.4989830317
680000.32,0.8,.20,37.2976003731,57.0437689476,0.2130476511,0.7703812992
680000.32,0.82,.18,37.9763689551,51.2695991179,0.2132682990,0.1389496116
680000.32,0.84,.16,39.1355988257,45.5326176613,0.2620929253,0.4546496197
680000.32,0.86,.14,39.8813202246,39.8620243375,0.2516019313,0.3802502336
680000.32,0.88,.12,40.7792472922,34.2101629350,0.1428981174,0.2146743321
680000.32,0.9,.10,41.5915197510,28.3936259069,0.1500921279,0.2662523049
680000.32,0.92,.08,42.7019964003,22.9583936646,0.4139445197,0.3833947617
680000.32,0.94,.06,43.6583188590,17.1957935510,0.2223335499,0.2401704308
680000.32,0.96,.04,44.4651876851,11.5038237994,0.2918335986,0.0460662401
680000.32,0.98,.02,45.4116670955,5.7922957182,0.4731438868,0.0935410437
680000.32,1,0,46.4544275894,0.0000000000,0.4941434522,0.0000000000
700000.3,0,1.00,0.0000000000,316.1652458586,0.0000000000,2.4908994489
700000.3,0.02,.98,0.9902508440,310.0123055618,0.0098598839,2.8851538106
700000.3,0.04,.96,1.9977370665,302.8762148670,0.0169800793,3.0258878108
700000.3,0.06,.94,2.9829056835,295.2365109590,0.0138471388,1.9779762300
700000.3,0.08,.92,3.9772544496,287.0592009102,0.0318638991,1.9725695784
700000.3,0.1,.90,4.9676659964,281.7683697435,0.0361674671,2.3768775332
700000.3,0.12,.88,5.9491183603,275.3811702429,0.0503080935,1.0176961340
700000.3,0.14,.86,6.9430452816,269.2148972256,0.0367419457,1.1474903289
700000.3,0.16,.84,7.9256426532,261.1526783049,0.0356554761,1.6174593360
700000.3,0.18,.82,8.8989795242,255.0473942195,0.0659386746,2.5126503837
700000.3,0.2,.80,9.8541971510,248.2939305639,0.0500362390,1.2101884570
700000.3,0.22,.78,10.8246413711,243.1205595624,0.0415748633,1.5412387822
700000.3,0.24,.76,11.7906260876,233.9477580851,0.0711999421,1.2119453526
700000.3,0.26,.74,12.7667953459,227.8398845871,0.0383642339,1.0835808786
700000.3,0.28,.72,13.7331818195,219.9323142048,0.1000202374,2.3872652962
700000.3,0.3,.70,14.7561557774,215.0812975311,0.0376228959,1.0194201021
700000.3,0.32,.68,15.6419096056,207.7209196258,0.0634641001,1.3575182697
700000.3,0.34,.66,16.6602231814,201.6367915928,0.0727134939,1.3077092985
700000.3,0.36,.64,17.5256481014,194.4372878350,0.0598993395,0.8699461146
700000.3,0.38,.62,18.5740331945,188.5639490103,0.0947322751,1.3855316328
700000.3,0.4,.60,19.5234454315,181.7406814009,0.1165230522,1.1102146797
700000.3,0.42,.58,20.4646819121,175.5098383490,0.0676631236,1.7389806728
700000.3,0.44,.56,21.3761682810,168.3073044275,0.0923190987,1.3785667602
700000.3,0.46,.54,22.3676243962,162.2135900583,0.0934835376,1.5191097540
700000.3,0.48,.52,23.3287076764,155.6598417398,0.0788688599,1.1810363903
700000.3,0.5,.50,24.3678523566,150.8192929045,0.0637213325,0.8908527831
700000.3,0.52,.48,25.1402303376,143.6104231861,0.1383471015,0.8424827672
700000.3,0.54,.46,26.0203193910,137.9582863141,0.1827864530,1.4912231719
700000.3,0.56,.44,27.0067736305,131.4601828207,0.1426123978,0.6956112178
700000.3,0.58,.42,28.0599195449,125.6866190237,0.0666876932,0.8454639872
700000.3,0.6,.40,28.8827983905,118.9911692301,0.1686461378,1.1334730971
700000.3,0.62,.38,29.7794398355,113.2387063916,0.1543246931,1.1281386988
700000.3,0.64,.36,30.8061300463,106.6460617895,0.2095749960,1.5618899229
700000.3,0.66,.34,31.7742641632,100.4015554539,0.2384650187,0.6365385718
700000.3,0.68,.32,32.5711694137,94.8999350789,0.0710875448,0.9922605836
700000.3,0.7,.30,33.5553738137,87.9978281185,0.2380324183,0.8513504790
700000.3,0.72,.28,34.5273045349,82.5980212450,0.1811923129,0.8711133057
700000.3,0.74,.26,35.4511650218,76.4175340051,0.2868097992,0.5700145419
700000.3,0.76,.24,36.4353493339,70.6948218650,0.0852349619,0.8342483329
700000.3,0.78,.22,37.2114435679,64.4863469310,0.2405377666,0.6455938672
700000.3,0.8,.20,38.3105705798,58.6546039902,0.4638467704,0.6675950382
700000.3,0.82,.18,39.2411604977,52.9340956056,0.3581712425,0.2066686597
700000.3,0.84,.16,40.2031075556,46.8391691709,0.3136495491,0.6101882085
700000.3,0.86,.14,40.9758471179,40.8704077354,0.2508162570,0.4067381598
700000.3,0.88,.12,42.1454423212,35.3247122514,0.3674492193,0.0557701937
700000.3,0.9,.10,42.9608484851,29.3540225299,0.2469093576,0.2047730229
700000.3,0.92,.08,43.7293495103,23.4733011244,0.2594348627,0.1703962114
700000.3,0.94,.06,44.7544929564,17.6795178712,0.2901088122,0.1197630100
700000.3,0.96,.04,45.5505545171,11.8368663411,0.3407871510,0.1667632234
700000.3,0.98,.02,46.7234240405,5.9348786955,0.3681046839,0.0894845145
700000.3,1,0,47.7201431734,0.0000000000,0.3447784115,0.0000000000
720000.28,0,1.00,0.0000000000,326.2213125184,0.0000000000,2.7820355123
720000.28,0.02,.98,1.0212865782,318.3271850443,0.0154957886,1.2096343291
720000.28,0.04,.96,2.0502266287,312.3374879320,0.0227702785,1.5580213360
720000.28,0.06,.94,3.0751089327,305.5494804097,0.0311610600,2.2190039775
720000.28,0.08,.92,4.1092316495,299.6149873714,0.0172141578,1.9237531052
720000.28,0.1,.90,5.0948020235,289.7947225443,0.0408808022,2.0053187117
720000.28,0.12,.88,6.1388883158,284.0179633020,0.0365484925,1.5221432338
720000.28,0.14,.86,7.1386608025,276.7204475208,0.0504262924,2.2338758918
720000.28,0.16,.84,8.1470710663,269.8283125537,0.0683683504,1.2671025199
720000.28,0.18,.82,9.1370808560,262.0194704154,0.0502489052,1.8211630052
720000.28,0.2,.80,10.1566800545,255.1663419197,0.0323924804,1.8980150610
720000.28,0.22,.78,11.1548856885,247.6444287403,0.0555552138,1.0287625998
720000.28,0.24,.76,12.1599814565,242.2158077644,0.0893270124,0.8031930988
720000.28,0.26,.74,13.1713848106,234.3480702618,0.0428648371,1.2470029031
720000.28,0.28,.72,14.1592050242,228.1344165024,0.1207295586,2.5415591335
720000.28,0.3,.70,15.1045996905,220.6041290523,0.1161810946,2.0423315365
720000.28,0.32,.68,16.1558372588,213.6865407099,0.0710036720,1.7314657563
720000.28,0.34,.66,17.0977567263,206.5499541700,0.0543394212,1.7566965909
720000.28,0.36,.64,18.0255142569,200.7964445476,0.0888584123,1.3770323621
720000.28,0.38,.62,19.1127291715,194.7307729664,0.1191564237,2.6857338111
720000.28,0.4,.60,20.0191132256,187.8499322460,0.0441395522,1.7474378099
720000.28,0.42,.58,21.0263784817,181.0689767412,0.1266058559,0.6286985178
720000.28,0.44,.56,21.9785427548,174.3400849587,0.1464675125,2.0742453844
720000.28,0.46,.54,22.9741168800,168.1294062692,0.1221613008,1.2067013215
720000.28,0.48,.52,23.9676621320,161.2050964727,0.1569424563,1.2224204510
720000.28,0.5,.50,25.0360949032,155.0301737152,0.1694037314,0.7350089970
720000.28,0.52,.48,26.0049320949,148.3034856882,0.1416916248,1.1686898963
720000.28,0.54,.46,26.8955672716,142.4349951255,0.1422821386,1.6718549702
720000.28,0.56,.44,27.9089994989,135.2627628413,0.2215774478,1.7825013760
720000.28,0.58,.42,28.9346652292,129.1731254197,0.1112371140,2.0036775680
720000.28,0.6,.40,29.8277712119,123.2800629837,0.1101581727,1.2251204776
720000.28,0.62,.38,30.8167966967,116.4840117540,0.0785574076,0.5260657740
720000.28,0.64,.36,31.7233213658,109.7871295194,0.1075169517,0.8445229832
720000.28,0.66,.34,32.7293612629,103.7237167875,0.1671459794,0.4398577244
720000.28,0.68,.32,33.5758232489,97.7480135224,0.1508128089,1.6904052812
720000.28,0.7,.30,34.3975369990,91.1260589729,0.2400549155,0.7111471710
720000.28,0.72,.28,35.5096809401,84.5380422573,0.2438188536,0.3945151151
720000.28,0.74,.26,36.5179305012,78.4390939688,0.1606364365,0.6447243415
720000.28,0.76,.24,37.5162767502,72.5064190287,0.1940506388,0.3960076028
720000.28,0.78,.22,38.4059878856,66.6875680574,0.1073928406,0.6077089162
720000.28,0.8,.20,39.3194227764,60.3600352354,0.2039745058,0.3501682472
720000.28,0.82,.18,40.1793235366,54.3745252585,0.2685821529,0.8475466979
720000.28,0.84,.16,41.1437012248,48.1938727369,0.2037565942,0.3089937633
720000.28,0.86,.14,42.3324401528,42.3844979140,0.3389918466,0.2723373398
720000.28,0.88,.12,43.0661490151,36.0399961751,0.3890611042,0.3698558812
720000.28,0.9,.10,44.2092282512,30.3596512334,0.2979354357,0.2786213073
720000.28,0.92,.08,45.1471502358,24.2592154101,0.4318959755,0.3093149051
720000.28,0.94,.06,46.1398517980,18.1760790669,0.2056685380,0.0883029837
720000.28,0.96,.04,47.0889627172,12.2673148734,0.2333066706,0.1204045916
720000.28,0.98,.02,48.0215815084,6.1202145285,0.4661361312,0.1004787917
720000.28,1,0,48.8858413330,0.0000000000,0.1909116357,0.0000000000
740000.26,0,1.00,0.0000000000,337.5476238167,0.0000000000,2.7149380111
740000.26,0.02,.98,1.0638728284,330.7200588842,0.0167821494,2.6596284715
740000.26,0.04,.96,2.1043433070,321.0196232594,0.0186789446,1.3756276084
740000.26,0.06,.94,3.1667898977,314.9920766474,0.0150690478,2.6536389316
740000.26,0.08,.92,4.1953281911,307.1714995113,0.0157742313,2.0143258236
740000.26,0.1,.90,5.2514872836,299.0154006086,0.0219785757,1.6576032247
740000.26,0.12,.88,6.2906520517,292.6758573195,0.0266050704,1.3458409279
740000.26,0.14,.86,7.3466906170,283.9838601865,0.0106294210,1.5266284460
740000.26,0.16,.84,8.3719545903,278.0622040236,0.0571306077,1.6575071068
740000.26,0.18,.82,9.4143133272,270.7477193255,0.0425386142,1.7958662832
740000.26,0.2,.80,10.4372671972,262.9615758682,0.0317432441,1.5592825922
740000.26,0.22,.78,11.4595380802,255.8709376294,0.0891461313,0.8167903879
740000.26,0.24,.76,12.4440638858,248.0105827075,0.0356437222,0.9641159742
740000.26,0.26,.74,13.5177194990,243.1871680707,0.0635206675,1.3436537042
740000.26,0.28,.72,14.5291027652,234.8283787610,0.0985143833,1.4441418769
740000.26,0.3,.70,15.5533422579,228.0852176621,0.0614734144,2.5832617228
740000.26,0.32,.68,16.5805547530,220.5935510262,0.1037562146,1.1326078478
740000.26,0.34,.66,17.5787001235,213.5564089508,0.1027536503,1.0306060447
740000.26,0.36,.64,18.6470726311,207.2530623448,0.1134026930,1.1276778899
740000.26,0.38,.62,19.6182400139,199.9665102470,0.0515615876,1.0022322109
740000.26,0.4,.60,20.6300049493,192.6968719722,0.1924510549,1.1073223972
740000.26,0.42,.58,21.6449839414,186.3937457417,0.1098271184,1.0995590525
740000.26,0.44,.56,22.5688243405,179.3551161315,0.0694718948,1.8797540700
740000.26,0.46,.54,23.6843229533,173.1256504268,0.0710535918,0.9548799447
740000.26,0.48,.52,24.6029405104,166.3144483784,0.0824258091,1.0401636868
740000.26,0.5,.50,25.6408799194,159.9441627008,0.1219412991,0.9765109682
740000.26,0.52,.48,26.6187365575,151.7402423050,0.1957535749,1.2633057784
740000.26,0.54,.46,27.6970726406,145.6837714028,0.0414650120,0.7890769198
740000.26,0.56,.44,28.6827836296,139.2531028259,0.2131464822,1.1718230916
740000.26,0.58,.42,29.4834051331,132.2038951895,0.1822039437,1.1093442096
740000.26,0.6,.40,30.7160360218,126.0477594473,0.1122138504,1.2681005228
740000.26,0.62,.38,31.6089813016,119.6116916696,0.1337044061,0.7461984677
740000.26,0.64,.36,32.6082716798,113.1805272478,0.2949233015,1.2945027330
740000.26,0.66,.34,33.5344422699,106.5647432136,0.1900179022,0.9287547526
740000.26,0.68,.32,34.4927534263,99.6116193146,0.2209543477,0.4011446664
740000.26,0.7,.30,35.5431473047,93.6608735798,0.2041360856,0.5713373766
740000.26,0.72,.28,36.4942670093,87.2120240206,0.2311314644,0.9444264699
740000.26,0.74,.26,37.4777080708,81.1074010619,0.2565389512,0.9094921040
740000.26,0.76,.24,38.5191628543,74.7881323228,0.4054005001,0.7837882118
740000.26,0.78,.22,39.4932429759,68.4350359376,0.3356637335,0.6668132275
740000.26,0.8,.20,40.4328523402,62.5043443774,0.1853696506,0.3907457501
740000.26,0.82,.18,41.3879896156,55.6771100083,0.2180836322,0.7727956675
740000.26,0.84,.16,42.3329825248,49.6727579223,0.1992248808,0.4133733375
740000.26,0.86,.14,43.4700153170,43.4606467917,0.2260567133,0.6769772080
740000.26,0.88,.12,44.4489767870,37.1475485679,0.1900622048,0.3705391453
740000.26,0.9,.10,45.2595216903,30.7999615714,0.2093807250,0.2722659994
740000.26,0.92,.08,46.2508974541,24.7854171165,0.2531624278,0.1253449453
740000.26,0.94,.06,47.1721264322,18.6483989527,0.1637866342,0.1461718399
740000.26,0.96,.04,48.1321048804,12.5861982863,0.2902906850,0.0882558202
740000.26,0.98,.02,49.4018380351,6.2934848004,0.2732236817,0.0630769314
740000.26,1,0,50.3081618256,0.0000000000,0.3742200116,0.0000000000
760000.24,0,1.00,0.0000000000,348.3896598559,0.0000000000,1.3053760022
760000.24,0.02,.98,1.0874559688,339.8054263641,0.0156730242,1.9284389328
760000.24,0.04,.96,2.1636828273,331.4032230722,0.0240960956,1.5863175442
760000.24,0.06,.94,3.2628098392,323.7383963521,0.0199792349,1.8669465736
760000.24,0.08,.92,4.3398803875,316.0969845337,0.0445464077,1.8403799627
760000.24,0.1,.90,5.3788844528,306.6735058746,0.0353510249,2.4590267558
760000.24,0.12,.88,6.4751188137,301.1828491829,0.0424524873,4.2937663655
760000.24,0.14,.86,7.5399759469,293.9761281260,0.0602041424,2.0883448917
760000.24,0.16,.84,8.6112812812,285.9122563888,0.0416040607,0.5367487452
760000.24,0.18,.82,9.6718195258,277.4673553350,0.0699552514,1.3113676820
760000.24,0.2,.80,10.7387657958,270.5059122592,0.0672014361,2.7736534764
760000.24,0.22,.78,11.8057321537,262.4103615375,0.0658075834,1.1429650919
760000.24,0.24,.76,12.8494166889,255.4339880185,0.0724370148,1.1888870722
760000.24,0.26,.74,13.9052744635,247.9315780748,0.0906381227,2.4583790420
760000.24,0.28,.72,14.9344555683,241.1907309191,0.1189065124,2.2595182343
760000.24,0.3,.70,16.0274557847,234.7683815190,0.1195556569,0.5956060441
760000.24,0.32,.68,16.9811668225,227.1875729754,0.0492633740,1.4074340279
760000.24,0.34,.66,18.0859987849,219.0811687580,0.0347384819,1.0192349287
760000.24,0.36,.64,19.1246412688,211.9946625607,0.1414350319,1.4740735163
760000.24,0.38,.62,20.1333126748,204.8022108204,0.1943953372,2.6412401803
760000.24,0.4,.60,21.1964020768,198.3183766434,0.0649448759,1.1455476976
760000.24,0.42,.58,22.1723101931,191.2405201862,0.1397963550,1.7217251193
760000.24,0.44,.56,23.2129212867,184.8135979936,0.0595760817,1.9509289786
760000.24,0.46,.54,24.2534721167,176.6337536261,0.0968702262,0.6813055663
760000.24,0.48,.52,25.3275696627,170.3879250372,0.0689217109,0.7132730401
760000.24,0.5,.50,26.2935945549,163.6783161149,0.1449592284,1.6377765448
760000.24,0.52,.48,27.4105796689,156.6742303712,0.1090607394,0.6288198879
760000.24,0.54,.46,28.3905455316,149.8045737097,0.1539445625,1.0211413372
760000.24,0.56,.44,29.3765578384,142.8164100992,0.1578364502,1.2150001083
760000.24,0.58,.42,30.4508562629,136.2810631387,0.1842932700,0.2583537985
760000.24,0.6,.40,31.4657749914,130.4467307853,0.2060738521,0.7100560236
760000.24,0.62,.38,32.4698663667,123.1254144453,0.0855294440,0.9748771539
760000.24,0.64,.36,33.4286797194,116.1874413650,0.2231216241,0.6991607411
760000.24,0.66,.34,34.5268023386,109.9011738637,0.2299943622,0.5378656068
760000.24,0.68,.32,35.3854978276,103.1578474831,0.1945921124,0.7929292881
760000.24,0.7,.30,36.5426385614,96.5016245365,0.2124919193,0.6009315391
760000.24,0.72,.28,37.5694894751,90.0844539617,0.1512726334,0.8088600095
760000.24,0.74,.26,38.4704899843,82.8570176037,0.1745008077,0.3464828829
760000.24,0.76,.24,39.5044921740,76.5524589322,0.1723230150,0.5604452601
760000.24,0.78,.22,40.6232249313,70.4812779624,0.0924384793,0.6416768625
760000.24,0.8,.20,41.4933303213,63.8693505002,0.2211294517,0.4780264836
760000.24,0.82,.18,42.4722516157,57.5074390933,0.1686428096,0.7685208571
760000.24,0.84,.16,43.4268666069,50.8656507448,0.2031481486,0.3550461090
760000.24,0.86,.14,44.4347344986,44.3011040247,0.3569587845,0.4348847055
760000.24,0.88,.12,45.6433202262,38.0727401977,0.4626832431,0.3653590110
760000.24,0.9,.10,46.6032183230,31.7422323058,0.2797376829,0.2223496642
760000.24,0.92,.08,47.7358317873,25.4461029989,0.0805770058,0.2272556467
760000.24,0.94,.06,48.6699370797,19.1294236725,0.5427483111,0.3152856299
760000.24,0.96,.04,49.6672387603,12.8512549725,0.3787567739,0.1799711252
760000.24,0.98,.02,50.6074909360,6.4165094481,0.2865018032,0.0468763648
760000.24,1,0,51.2250116516,0.0000000000,0.4625060013,0.0000000000
780000.22,0,1.00,0.0000000000,356.2733745855,0.0000000000,3.2772457199
780000.22,0.02,.98,1.1241966535,350.6043789844,0.0139357836,3.0584995260
780000.22,0.04,.96,2.2185427562,342.2138005024,0.0132269178,3.1233219534
780000.22,0.06,.94,3.3353269916,333.2130572315,0.0289677938,1.8063629573
780000.22,0.08,.92,4.4505845501,326.1621967785,0.0214158720,2.1800279418
780000.22,0.1,.90,5.5378195525,316.9471382906,0.0440905097,3.2833159030
780000.22,0.12,.88,6.6290520378,310.0183658893,0.0174983562,2.7199894575
780000.22,0.14,.86,7.7169700273,300.3539065722,0.0291104558,2.6169836865
780000.22,0.16,.84,8.8307009089,294.6755450104,0.0469957045,2.4239629739
780000.22,0.18,.82,9.9371800753,285.8615700135,0.0332544489,1.5005660493
780000.22,0.2,.80,10.9994659632,277.6718638404,0.0657390071,0.6774515169
780000.22,0.22,.78,12.1225979605,272.1877082272,0.0717606311,1.9385706237
780000.22,0.24,.76,13.1640929196,262.6333264946,0.0588986060,2.8584091338
780000.22,0.26,.74,14.2400787239,255.1672785158,0.0988620270,1.7377539461
780000.22,0.28,.72,15.3493099262,248.6116570052,0.1079460578,2.0150136153
780000.22,0.3,.70,16.3932355157,240.5894362458,0.0331430091,1.7515459456
780000.22,0.32,.68,17.4275992867,231.9137469031,0.0376461346,1.9490403517
780000.22,0.34,.66,18.5513138318,225.4531623461,0.1195867930,1.0706178396
780000.22,0.36,.64,19.5640630720,217.5665827344,0.1343993149,1.2819000213
780000.22,0.38,.62,20.6362321840,210.8319060939,0.0519547187,1.7943019299
780000.22,0.4,.60,21.8074545034,204.1329302916,0.1468029188,1.4066626556
780000.22,0.42,.58,22.8481660363,195.6841726659,0.1515165484,1.1259393412
780000.22,0.44,.56,23.8569780572,189.2449094428,0.0797618277,2.2082786141
780000.22,0.46,.54,24.9697848976,182.1568055228,0.0745166669,1.8666597018
780000.22,0.48,.52,26.0253815301,174.9091497086,0.1264281588,1.7587948381
780000.22,0.5,.50,27.1323829807,168.2176115809,0.1552048549,0.8705982864
780000.22,0.52,.48,28.0881831553,160.7015934473,0.1045434341,1.0633861224
780000.22,0.54,.46,29.1869887615,154.1261381377,0.2315686378,0.7693440192
780000.22,0.56,.44,30.1185830722,147.0029945062,0.1670524487,0.9903447311
780000.22,0.58,.42,31.2182725440,139.9724636971,0.1264217330,1.5524302376
780000.22,0.6,.40,32.1820074209,132.4838272250,0.2236392859,0.8722184566
780000.22,0.62,.38,33.3427237927,126.3673039868,0.1945421760,1.1504864981
780000.22,0.64,.36,34.2932609496,118.9042861717,0.3027666264,0.8847451939
780000.22,0.66,.34,35.5200663606,112.4625988177,0.1027539908,0.5530001392
780000.22,0.68,.32,36.3761303408,105.2594588634,0.0891549473,0.5665681690
780000.22,0.7,.30,37.4968317077,98.6405344777,0.2102606854,0.9601870846
780000.22,0.72,.28,38.4599438611,91.6235567647,0.1695364315,1.0833970261
780000.22,0.74,.26,39.5010169753,85.5054358038,0.1930099782,0.2662239052
780000.22,0.76,.24,40.6245105539,78.3906113491,0.3407636196,0.5636734164
780000.22,0.78,.22,41.6549772813,72.1365737712,0.1106110377,0.5517001346
780000.22,0.8,.20,42.6810246808,65.3854240587,0.1794153973,0.1493022907
780000.22,0.82,.18,43.5537615797,58.5883811391,0.3696257779,0.8900769936
780000.22,0.84,.16,44.4304758736,52.2355051295,0.4000449246,0.2878802743
780000.22,0.86,.14,45.6018187201,45.5857832614,0.1902886699,0.2046816200
780000.22,0.88,.12,46.6633613575,39.0746776108,0.2459287640,0.4832495250
780000.22,0.9,.10,47.7985058913,32.5316175063,0.1234382880,0.4477752780
780000.22,0.92,.08,48.7781503484,26.1056870037,0.4763280959,0.1955627176
780000.22,0.94,.06,49.6388546228,19.5269811548,0.1743291386,0.1155601309
780000.22,0.96,.04,50.5654068822,13.0774153751,0.1631602169,0.0820738463
780000.22,0.98,.02,51.8220226684,6.6003026522,0.1908144680,0.0581528456
780000.22,1,0,52.9493731149,0.0000000000,0.1668676061,0.0000000000
800000.2,0,1.00,0.0000000000,368.0763581866,0.0000000000,1.8620118301
800000.2,0.02,.98,1.1430189726,358.9087355346,0.0158315420,1.3836820707
800000.2,0.04,.96,2.2770184988,350.7909268829,0.0217476639,4.1169617135
800000.2,0.06,.94,3.4374335528,344.3283589460,0.0314107114,1.3733938649
800000.2,0.08,.92,4.5484927499,333.6998668094,0.0438371154,2.6856912768
800000.2,0.1,.90,5.6804031392,326.3726554235,0.0409630791,2.4986611414
800000.2,0.12,.88,6.8190027840,318.6533959440,0.0350065960,2.2490535688
800000.2,0.14,.86,7.9613588574,310.8267584804,0.0376046253,2.3850222370
800000.2,0.16,.84,9.0568298798,301.6602377062,0.0545061928,1.8167355071
800000.2,0.18,.82,10.1477811352,293.5559270565,0.0710319471,1.8826766883
800000.2,0.2,.80,11.3032947529,286.1991302538,0.0573322546,1.9057613785
800000.2,0.22,.78,12.4341203981,278.1957516036,0.1091108959,2.9896056475
800000.2,0.24,.76,13.5278839531,271.0865467252,0.0629411833,1.2095780616
800000.2,0.26,.74,14.6296424738,262.7028549789,0.0839183252,1.4771369622
800000.2,0.28,.72,15.7285686071,254.1136630374,0.0472465560,1.6046418692
800000.2,0.3,.70,16.8314922234,247.4650981409,0.0660757534,1.4883394553
800000.2,0.32,.68,17.8747950894,239.6074428195,0.0960849639,3.1239171444
800000.2,0.34,.66,19.0282195703,232.4608842863,0.0614361981,1.0874796913
800000.2,0.36,.64,20.1250565668,224.6794238093,0.0768045306,1.8425506261
800000.2,0.38,.62,21.2004196476,216.9895844650,0.1790063835,1.1428049417
800000.2,0.4,.60,22.3170833559,208.9446650246,0.0891603882,1.1551958306
800000.2,0.42,.58,23.3798513523,202.1658581813,0.1019805391,1.7162123610
800000.2,0.44,.56,24.5352042671,194.8827769982,0.2211239568,2.1367092865
800000.2,0.46,.54,25.5685033819,186.5511489744,0.0877319091,0.6691665195
800000.2,0.48,.52,26.6226938647,180.0597118412,0.1224479690,1.3849921370
800000.2,0.5,.50,27.6908855816,172.7853905860,0.0907279137,1.1087488914
800000.2,0.52,.48,28.8135354704,165.1831505207,0.0947927118,1.2547732682
800000.2,0.54,.46,29.9248959853,158.0444153193,0.1971575493,0.8012372368
800000.2,0.56,.44,31.0675734643,151.2774536615,0.1676868713,0.6986877784
800000.2,0.58,.42,32.0046919348,144.1056621285,0.1288595335,1.1563575183
800000.2,0.6,.40,33.0194901362,135.7488011048,0.2738856492,2.1558234369
800000.2,0.62,.38,34.1758675316,129.7939784225,0.1439870792,0.4183366099
800000.2,0.64,.36,35.1823091858,122.0804487071,0.2274695945,0.3788749930
800000.2,0.66,.34,36.2369215135,114.3041670554,0.2332022390,0.6797346543
800000.2,0.68,.32,37.4337759344,108.3459285522,0.2156690696,0.6302895277
800000.2,0.7,.30,38.4330663126,100.6154850138,0.0472751776,0.5001105915
800000.2,0.72,.28,39.5153998787,94.2825529909,0.3069317662,0.8171701475
800000.2,0.74,.26,40.5689475501,87.3798399977,0.3396775588,0.9941818905
800000.2,0.76,.24,41.5873013016,80.5796016328,0.1672288636,0.4148335580
800000.2,0.78,.22,42.5495295895,73.5816864043,0.2377502556,0.5359806650
800000.2,0.8,.20,43.5767019088,66.9175850320,0.2590828230,0.7261670699
800000.2,0.82,.18,44.7044340246,59.9031416377,0.1487838327,0.3301066417
800000.2,0.84,.16,45.7398222762,53.4786435761,0.3429349823,0.6375559242
800000.2,0.86,.14,46.9845259650,46.9507342903,0.2706755613,0.2679135021
800000.2,0.88,.12,47.8193570836,40.0302259719,0.2440053063,0.1887600578
800000.2,0.9,.10,48.9172185607,33.2361030283,0.2708263151,0.3328756016
800000.2,0.92,.08,50.0007975737,26.6683608627,0.3248281374,0.2659793841
800000.2,0.94,.06,50.9768463050,20.1308652407,0.1329125730,0.2097638837
800000.2,0.96,.04,52.1185595671,13.5001507633,0.4142358489,0.1017950002
800000.2,0.98,.02,53.1595523299,6.7797434393,0.3659868775,0.0399593794
800000.2,1,0,54.2009066740,0.0000000000,0.2646577530,0.0000000000
820000.18,0,1.00,0.0000000000,376.0789655225,0.0000000000,2.9423809002
820000.18,0.02,.98,1.1714633736,367.9720103663,0.0069120226,2.5922961518
820000.18,0.04,.96,2.3535733098,359.6674334405,0.0211517926,2.7377218189
820000.18,0.06,.94,3.5057322559,351.4611991015,0.0306800191,2.9621066401
820000.18,0.08,.92,4.6828804922,344.8052516243,0.0430860350,2.1627248776
820000.18,0.1,.90,5.8320463480,335.1308203138,0.0139422531,2.7443325872
820000.18,0.12,.88,7.0022240990,328.1878336899,0.0341660169,2.7492444894
820000.18,0.14,.86,8.1519122391,318.9101334534,0.0633431191,2.3769612368
820000.18,0.16,.84,9.2980649169,308.9087750226,0.0326660472,1.7747855544
820000.18,0.18,.82,10.4340933163,300.9913979286,0.0728270005,2.6207703463
820000.18,0.2,.80,11.5881003449,293.3497657346,0.0734837750,2.6329290298
820000.18,0.22,.78,12.7105091794,285.4109571189,0.0508626831,1.4910775233
820000.18,0.24,.76,13.8951100095,278.7514285391,0.0721572894,1.9164315592
820000.18,0.26,.74,14.9862420555,270.0408096725,0.0652863258,0.4846197412
820000.18,0.28,.72,16.1231543205,261.6921576379,0.0739329299,0.9071615167
820000.18,0.3,.70,17.2149894415,252.6359348236,0.0497399295,1.4008262337
820000.18,0.32,.68,18.3906110009,245.3299896779,0.0680251599,1.7814062443
820000.18,0.34,.66,19.5074153241,239.0549062355,0.1005528490,1.2193019602
820000.18,0.36,.64,20.6084105064,230.2894138584,0.0975550194,0.8269191219
820000.18,0.38,.62,21.7167779311,221.1979860509,0.0586957577,2.2333525178
820000.18,0.4,.60,22.8386644814,214.0248171707,0.0634458089,1.0608552055
820000.18,0.42,.58,23.9745321780,206.9098274342,0.1119037254,0.3940931146
820000.18,0.44,.56,25.1329987102,199.6323658276,0.1739783396,0.9600302437
820000.18,0.46,.54,26.2479147752,192.9233629380,0.1181920518,1.3583077481
820000.18,0.48,.52,27.2742032290,184.5024277248,0.1076458667,1.1677505849
820000.18,0.5,.50,28.4981561648,176.8228909372,0.1401621438,0.9034112593
820000.18,0.52,.48,29.4732607669,170.4322756156,0.1693353315,1.1088092313
820000.18,0.54,.46,30.5662007198,162.1582757966,0.1945736105,1.0510334495
820000.18,0.56,.44,31.7149849064,154.7662189068,0.1386827517,1.1449587669
820000.18,0.58,.42,32.7770096522,147.0155008183,0.1109933677,0.8799343496
820000.18,0.6,.40,33.9914409453,140.1583504689,0.2123005665,0.6547822776
820000.18,0.62,.38,35.1270876755,132.8734511877,0.1126151086,0.8760991783
820000.18,0.64,.36,36.2093208023,125.7023207813,0.1970829957,0.6669961808
820000.18,0.66,.34,37.1210281376,118.2166593789,0.2913721203,0.5668144225
820000.18,0.68,.32,38.2995423480,111.0288906189,0.2341115387,0.6334645723
820000.18,0.7,.30,39.3613059517,104.0337851787,0.2207982451,0.7928040022
820000.18,0.72,.28,40.5405835005,96.6713687996,0.2980249603,0.9195841066
820000.18,0.74,.26,41.3818427323,89.5563239693,0.1833551642,0.3817313972
820000.18,0.76,.24,42.5579664881,82.9210917933,0.1772536293,0.6840444877
820000.18,0.78,.22,43.8351120609,75.7254997014,0.2662462606,0.6662761692
820000.18,0.8,.20,44.8183924195,68.8432816339,0.1878078878,0.4468336926
820000.18,0.82,.18,45.7091481233,61.8469090343,0.3355806732,0.6321060667
820000.18,0.84,.16,46.7967045314,54.8471206137,0.4168539181,0.4116577766
820000.18,0.86,.14,47.9174661619,48.0630247574,0.2035026083,0.6074244263
820000.18,0.88,.12,48.9522919536,41.0000436494,0.1070975448,0.1949175652
820000.18,0.9,.10,49.8910576281,34.1473008110,0.4386344465,0.4109866841
820000.18,0.92,.08,51.2607479436,27.4842462224,0.3480975948,0.3016034746
820000.18,0.94,.06,52.1292663932,20.7099019839,0.4179255997,0.2760899871
820000.18,0.96,.04,53.4703114291,13.8483441237,0.3280608510,0.1789742568
820000.18,0.98,.02,54.4558014517,6.8930164692,0.3689610921,0.0737323737
820000.18,1,0,55.4153379671,0.0000000000,0.4999729359,0.0000000000
840000.16,0,1.00,0.0000000000,387.5449949160,0.0000000000,3.1602972049
840000.16,0.02,.98,1.2027803378,379.8183528558,0.0074212070,2.3692462207
840000.16,0.04,.96,2.3998758130,370.5999336408,0.0199223055,1.4530091050
840000.16,0.06,.94,3.5848784001,360.4337893966,0.0166308242,1.1289114446
840000.16,0.08,.92,4.7831791465,352.9973819285,0.0384664297,3.0692060427
840000.16,0.1,.90,5.9744692319,344.6658640924,0.0310190323,2.5219890828
840000.16,0.12,.88,7.1631478963,335.8717779884,0.0445949314,1.4586674321
840000.16,0.14,.86,8.3075328429,326.9731236885,0.0229065037,1.9173027604
840000.16,0.16,.84,9.5362466001,318.5308671413,0.0381764360,2.5297397596
840000.16,0.18,.82,10.7065850539,310.6938720271,0.0728557097,2.0466424108
840000.16,0.2,.80,11.8773252648,301.7912509674,0.0430636920,1.6418666598
840000.16,0.22,.78,13.0634326839,294.6030965502,0.0440251348,1.3091911736
840000.16,0.24,.76,14.2264792468,284.4290187864,0.0476148620,1.9907520428
840000.16,0.26,.74,15.3441071721,277.8167056670,0.0609858430,1.8158197368
840000.16,0.28,.72,16.5450595152,269.5190154770,0.1164138325,1.9260288191
840000.16,0.3,.70,17.6779742973,261.5225786564,0.0497784097,2.1648939363
840000.16,0.32,.68,18.7973900416,251.9367383148,0.1184549233,2.4520822179
840000.16,0.34,.66,19.9788370786,244.3190719613,0.1100620195,2.5453474540
840000.16,0.36,.64,21.1977881387,237.6787711477,0.0866649224,1.0697525831
840000.16,0.38,.62,22.2898442261,227.8035777162,0.1323350655,0.9891240754
840000.16,0.4,.60,23.5284412073,220.1678405680,0.0764803526,1.6379437507
840000.16,0.42,.58,24.5725475875,212.2940978318,0.1564209303,0.9435334240
840000.16,0.44,.56,25.7392702276,205.2929320641,0.1605995212,1.7378960685
840000.16,0.46,.54,26.7874946178,196.2003472850,0.1107047058,1.4178355114
840000.16,0.48,.52,27.9620314331,188.7404147275,0.1496447342,1.6397845116
840000.16,0.5,.50,29.1805003847,181.6737423292,0.1440634672,0.6704672745
840000.16,0.52,.48,30.3225551403,173.9459432974,0.1470660362,1.0427700849
840000.16,0.54,.46,31.2998091428,166.5100867681,0.1791514289,0.7038390839
840000.16,0.56,.44,32.4397747616,158.8574357969,0.1429473161,1.4509790598
840000.16,0.58,.42,33.6811438667,150.2952398596,0.1690697689,1.3798810896
840000.16,0.6,.40,34.6914022131,143.5418312978,0.2151346875,0.7890657220
840000.16,0.62,.38,35.7137333597,136.2659674139,0.2614388182,0.9799592830
840000.16,0.64,.36,36.8769205375,128.6057685803,0.1188611632,0.7814406159
840000.16,0.66,.34,37.9884417552,121.8594120359,0.2282933262,0.7020939796
840000.16,0.68,.32,39.1946772039,113.7217144913,0.1350286053,1.6550913377
840000.16,0.7,.30,40.2863917977,106.2611759010,0.2765874510,0.8074093175
840000.16,0.72,.28,41.5386284317,99.8856563042,0.1889662766,0.7549104542
840000.16,0.74,.26,42.6679274001,91.9792428935,0.3225311006,0.5183157090
840000.16,0.76,.24,43.7700073265,84.5842660278,0.3157884752,0.8603999527
840000.16,0.78,.22,44.8678888915,77.7516875516,0.1758623153,0.6694627079
840000.16,0.8,.20,45.6965932147,70.2861905116,0.4763036729,0.6492561403
840000.16,0.82,.18,46.9696207774,63.0715910290,0.3396068047,0.4873806889
840000.16,0.84,.16,48.1423898616,56.2897540220,0.3027850643,0.4736572357
840000.16,0.86,.14,49.0857154789,49.1988403138,0.1391188614,0.7456658309
840000.16,0.88,.12,50.3174223263,42.0099696761,0.2065213631,0.4467050158
840000.16,0.9,.10,51.1472716571,34.9187254045,0.1231248464,0.3129936956
840000.16,0.92,.08,52.4456300036,28.0583245159,0.2496097610,0.1976781429
840000.16,0.94,.06,53.5971260505,21.1773736077,0.4146870845,0.1062972023
840000.16,0.96,.04,54.5938451834,14.1719105169,0.4531453624,0.1624467070
840000.16,0.98,.02,55.9568261558,7.1150448303,0.3835942098,0.0296241298
840000.16,1,0,56.8666050572,0.0000000000,0.3175929711,0.0000000000
860000.14,0,1.00,0.0000000000,397.9284294471,0.0000000000,2.0683994468
860000.14,0.02,.98,1.2361261752,389.2626019100,0.0060462039,2.7078230426
860000.14,0.04,.96,2.4542536334,378.8206576719,0.0126515825,1.5964364134
860000.14,0.06,.94,3.6696893191,369.2722260789,0.0299860652,2.4313019576
860000.14,0.08,.92,4.8946064719,362.4356808430,0.0372743075,3.0754099825
860000.14,0.1,.90,6.1239630404,353.4364251070,0.0248394141,0.8488403738
860000.14,0.12,.88,7.3564332262,343.9260082956,0.0241178952,1.4967662012
860000.14,0.14,.86,8.5551959932,337.1553553474,0.0502671577,1.5043950153
860000.14,0.16,.84,9.7427698256,326.8401821412,0.0554612811,2.8354734844
860000.14,0.18,.82,10.9582858628,317.8775638396,0.0401616691,1.3332605838
860000.14,0.2,.80,12.1323606574,309.1414915976,0.0359212041,1.0811185297
860000.14,0.22,.78,13.3616770502,301.0766281704,0.0651088163,2.4036925546
860000.14,0.24,.76,14.5128316036,291.3099696946,0.0369334806,1.9160278227
860000.14,0.26,.74,15.7411034279,284.6550690012,0.0601600679,1.5970252785
860000.14,0.28,.72,16.8810087832,276.2317096569,0.0839646685,1.3564441812
860000.14,0.3,.70,18.1348926212,266.6070832195,0.0586368823,1.2368977994
860000.14,0.32,.68,19.3493440021,258.7581327320,0.0339025831,1.8360980112
860000.14,0.34,.66,20.5198833345,251.2098846751,0.0431951114,1.5952566639
860000.14,0.36,.64,21.6101114271,242.2993300958,0.0821646793,2.1573797734
860000.14,0.38,.62,22.8118070208,233.8018694747,0.0921122706,0.5279978868
860000.14,0.4,.60,23.9857612883,226.8335947570,0.1884191898,1.1671255556
860000.14,0.42,.58,25.2035874287,217.0463862616,0.1304511556,1.1780926228
860000.14,0.44,.56,26.2641859368,209.5146112766,0.0759836561,1.1854609007
860000.14,0.46,.54,27.5283547561,201.8927026938,0.1121528547,1.1168490373
860000.14,0.48,.52,28.6653875482,193.3763999637,0.1190879258,1.3719539345
860000.14,0.5,.50,29.8590279125,185.7970789549,0.1545290178,1.4204269442
860000.14,0.52,.48,31.0442514660,177.7870339444,0.1522836330,1.2141755422
860000.14,0.54,.46,32.0829943892,170.2704648720,0.0951006133,1.3669228167
860000.14,0.56,.44,33.3836025753,162.8538912029,0.1389132762,1.4512202944
860000.14,0.58,.42,34.5131827736,155.0367849816,0.1146814643,1.0095062357
860000.14,0.6,.40,35.6139369017,146.8092844025,0.2294756832,0.8264558111
860000.14,0.62,.38,36.8246519418,139.4414688226,0.2148394846,1.3850175122
860000.14,0.64,.36,37.8645800483,131.8207723054,0.1595557427,1.1079947531
860000.14,0.66,.34,38.9609550242,124.4167049484,0.1430144535,0.8148746264
860000.14,0.68,.32,40.1877202595,116.4545916189,0.1850010310,0.8998530787
860000.14,0.7,.30,41.3321252940,108.6537380940,0.3492599905,0.7387074441
860000.14,0.72,.28,42.2132589158,101.5112565084,0.2245375256,0.6455599446
860000.14,0.74,.26,43.4532821347,94.2147324171,0.4186335409,1.5073902381
860000.14,0.76,.24,44.6875401395,86.7714933071,0.2055095590,0.7608230951
860000.14,0.78,.22,45.7546672002,79.1998303485,0.1742740564,0.5800211864
860000.14,0.8,.20,46.9603803647,71.9460040190,0.1172129083,0.2909298999
860000.14,0.82,.18,48.1720997974,64.9476480395,0.1922283303,0.3801406454
860000.14,0.84,.16,49.3462147678,57.2531257149,0.3050141509,0.3595349704
860000.14,0.86,.14,50.3246941294,50.2577998991,0.2887809383,0.4506171427
860000.14,0.88,.12,51.4527074751,42.8222739332,0.3975972767,0.4107026855
860000.14,0.9,.10,52.7507243281,35.9182937806,0.2786846730,0.2892897952
860000.14,0.92,.08,53.8480836088,28.7715699657,0.2979679849,0.1938875517
860000.14,0.94,.06,54.6340409790,21.5224266166,0.1932502954,0.2184613801
860000.14,0.96,.04,55.9882234714,14.5014821437,0.2108181320,0.1473816073
860000.14,0.98,.02,57.1172612976,7.2553138644,0.3089608657,0.0550639362
860000.14,1,0,58.0393138777,0.0000000000,0.1799415979,0.0000000000
880000.12,0,1.00,0.0000000000,409.1752402678,0.0000000000,2.1867400836
880000.12,0.02,.98,1.2513728563,399.1994454001,0.0128665416,1.9741614756
880000.12,0.04,.96,2.5103389214,388.6119982087,0.0189060533,1.5726081782
880000.12,0.06,.94,3.7526923313,381.0365888659,0.0083223741,3.1604263357
880000.12,0.08,.92,5.0144506080,369.3847828883,0.0237804355,2.4597264070
880000.12,0.1,.90,6.2770927503,361.7481642380,0.0507183622,1.9996895187
880000.12,0.12,.88,7.4993382185,354.6533388639,0.0498555773,1.3030602395
880000.12,0.14,.86,8.7346207039,345.1509106659,0.0551179082,1.6152568227
880000.12,0.16,.84,9.9761505118,333.8052614135,0.0653106961,2.3595258485
880000.12,0.18,.82,11.2108504494,326.3923239409,0.0539613464,1.5183297552
880000.12,0.2,.80,12.4306451994,317.7116761484,0.0715921927,1.5453697587
880000.12,0.22,.78,13.6841674561,308.4111670431,0.0713340489,1.1251967608
880000.12,0.24,.76,14.8537425715,298.9363959759,0.0461200009,0.6975022875
880000.12,0.26,.74,16.1346646608,289.6638745648,0.1205639445,0.9274845835
880000.12,0.28,.72,17.3315190817,282.2093412081,0.0511424577,3.7440900683
880000.12,0.3,.70,18.5440420287,272.6287347857,0.0595225310,1.4932136648
880000.12,0.32,.68,19.7475254413,264.9116790616,0.1204937564,1.6972388087
880000.12,0.34,.66,21.0021123543,256.8348602611,0.1060397033,1.4725027549
880000.12,0.36,.64,22.1598155480,249.4778430829,0.0490435340,2.8813228922
880000.12,0.38,.62,23.3658501181,239.4050829757,0.1043409743,2.1096148622
880000.12,0.4,.60,24.5431992330,230.8041560365,0.1781299866,1.7236941673
880000.12,0.42,.58,25.7270969881,222.5415606519,0.0980364656,1.6277441820
880000.12,0.44,.56,26.9346381473,214.7302392887,0.1927570488,1.4886116719
880000.12,0.46,.54,28.0781191405,206.1857284888,0.1623456857,1.4096966604
880000.12,0.48,.52,29.2811204447,198.1994289433,0.0580879008,0.4738529760
880000.12,0.5,.50,30.5217663871,190.9329861138,0.1918197997,1.7696553892
880000.12,0.52,.48,31.6611695459,182.1883192257,0.1298566201,1.3837236854
880000.12,0.54,.46,32.8311665063,173.9013723435,0.1463053793,0.7727342062
880000.12,0.56,.44,34.0965004210,166.6248473329,0.1178757134,1.2706989027
880000.12,0.58,.42,35.1803204882,158.5560722398,0.3132234684,2.0952256064
880000.12,0.6,.40,36.3662270288,150.0740930007,0.1120022609,0.7294384561
880000.12,0.62,.38,37.4523772871,142.3740061935,0.2906184817,1.2819764420
880000.12,0.64,.36,38.8230719953,135.1470105866,0.2071720803,0.8155563249
880000.12,0.66,.34,39.8259179237,127.3162961754,0.1618083864,0.7076288086
880000.12,0.68,.32,41.1586867638,119.1998648708,0.1314738456,0.7349620155
880000.12,0.7,.30,42.2603046696,111.7963484527,0.1832671190,0.6373530974
880000.12,0.72,.28,43.3778924191,103.8782000443,0.1539526421,0.4093976222
880000.12,0.74,.26,44.4001633022,96.3507223824,0.1480702610,0.3009479854
880000.12,0.76,.24,45.6817282028,88.5829802830,0.1271629466,0.6624628196
880000.12,0.78,.22,46.9600790468,81.4667233872,0.4052309953,0.6701353001
880000.12,0.8,.20,47.9691321220,73.6863096941,0.1271035712,0.8935818968
880000.12,0.82,.18,49.0726985496,66.2846664681,0.2700797065,0.4636465576
880000.12,0.84,.16,50.2213421213,58.7383466972,0.1485122900,0.3588810575
880000.12,0.86,.14,51.3607854558,51.2677259258,0.3604415402,0.3694564592
880000.12,0.88,.12,52.5988802407,44.1191289188,0.1620138390,0.2167840204
880000.12,0.9,.10,53.7686361468,36.7947273211,0.1536343384,0.1933162882
880000.12,0.92,.08,54.7935586265,29.4742924833,0.2098766408,0.2714235776
880000.12,0.94,.06,55.9969817756,22.1494501346,0.2425625908,0.2155469324
880000.12,0.96,.04,57.2536176497,14.7072027145,0.5255947320,0.0706904255
880000.12,0.98,.02,58.4119636547,7.4049488591,0.2070205498,0.0658210870
880000.12,1,0,59.3988397392,0.0000000000,0.7813067761,0.0000000000
900000.1,0,1.00,0.0000000000,419.6651161868,0.0000000000,3.6830268041
900000.1,0.02,.98,1.2904236442,410.0879255854,0.0083312435,2.5455345322
900000.1,0.04,.96,2.5738165396,402.6309130038,0.0213937537,1.4784716114
900000.1,0.06,.94,3.8509018488,389.5999417748,0.0284980992,4.3369306219
900000.1,0.08,.92,5.1402005732,381.1771884633,0.0080840321,3.4809260820
900000.1,0.1,.90,6.4061772993,371.4083813259,0.0246852983,1.8903091256
900000.1,0.12,.88,7.6808922417,362.2281972678,0.0447621098,2.2876555676
900000.1,0.14,.86,8.9514690863,351.6755694124,0.0250244732,3.5460496093
900000.1,0.16,.84,10.1994069196,345.3336019923,0.0710080842,2.2910005602
900000.1,0.18,.82,11.4918192614,333.0347734160,0.0336469996,0.9156919344
900000.1,0.2,.80,12.7184438817,325.3084619191,0.0401566167,2.0984774640
900000.1,0.22,.78,13.9399661872,315.4283651317,0.0506091411,0.5731686783
900000.1,0.24,.76,15.2316553662,307.2517713034,0.1045877443,1.7606988702
900000.1,0.26,.74,16.4186868265,297.0279988543,0.0825173291,1.4722203267
900000.1,0.28,.72,17.7002718151,288.7191246054,0.0810149900,1.7709622892
900000.1,0.3,.70,18.8979498380,279.4147038342,0.1012384798,3.0031381835
900000.1,0.32,.68,20.1837532758,271.6317007284,0.0738415404,0.9632830287
900000.1,0.34,.66,21.3520427685,262.0667960635,0.0570318001,3.6185737806
900000.1,0.36,.64,22.5889121943,253.9757079465,0.1258730658,1.5124665419
900000.1,0.38,.62,23.8205989539,245.1382078603,0.0455507982,0.9203378002
900000.1,0.4,.60,25.0102217474,235.4604158227,0.0794505979,0.6196526237
900000.1,0.42,.58,26.2937954334,227.7813197862,0.1664994810,1.9741757353
900000.1,0.44,.56,27.4982229753,219.5605957551,0.1108819124,1.8734839817
900000.1,0.46,.54,28.7287044635,210.3340777389,0.1264407943,1.1745471407
900000.1,0.48,.52,29.9761401005,202.3295421170,0.1095765821,1.2094738591
900000.1,0.5,.50,31.0216928061,194.8030561450,0.1154561995,0.3266049347
900000.1,0.52,.48,32.3834283315,186.8585177651,0.1703087532,1.0933208079
900000.1,0.54,.46,33.5095132433,178.2824381685,0.1823404684,0.7457744383
900000.1,0.56,.44,34.7813957984,170.7735271462,0.1503210169,1.4081908048
900000.1,0.58,.42,35.9437794621,162.0505121553,0.1194763595,1.2080585656
900000.1,0.6,.40,37.2732538942,154.0044908372,0.1791511078,0.8816892562
900000.1,0.62,.38,38.3904800624,145.7320887409,0.1754809149,0.5245407259
900000.1,0.64,.36,39.6164819593,137.8567482820,0.2116811479,0.7355375766
900000.1,0.66,.34,40.8585742271,130.0493936786,0.2548942967,0.7647599930
900000.1,0.68,.32,42.0092064963,122.3030280071,0.1523627139,0.7131061008
900000.1,0.7,.30,43.2415360671,114.8401203797,0.1378382727,0.6149365609
900000.1,0.72,.28,44.5044192637,105.8175599299,0.1944352000,0.3156427977
900000.1,0.74,.26,45.3946727711,97.7998568692,0.2306654405,0.2924206608
900000.1,0.76,.24,46.8848500341,91.0761990060,0.2218902967,1.0597972888
900000.1,0.78,.22,47.9034247520,83.2315458416,0.2574943897,1.2409946113
900000.1,0.8,.20,49.0582553827,75.7139299853,0.0786925496,0.4650999304
900000.1,0.82,.18,50.2752579210,67.7701629198,0.3720274192,0.4610670394
900000.1,0.84,.16,51.4726948897,60.3390444648,0.3573460400,0.2082593434
900000.1,0.86,.14,52.6085023227,52.6824818277,0.1737558727,0.5162003578
900000.1,0.88,.12,53.8640333648,45.1136286573,0.2098892936,0.4573289848
900000.1,0.9,.10,54.9094655433,37.6316034515,0.2325939607,0.1687583924
900000.1,0.92,.08,56.1733732204,30.0905175997,0.4143393706,0.1971341214
900000.1,0.94,.06,57.3494768883,22.5061830473,0.4795270331,0.1129959577
900000.1,0.96,.04,58.5734298241,15.1812305108,0.2998024520,0.1374983453
900000.1,0.98,.02,59.4721403180,7.5837285196,0.3469321895,0.0407095087
900000.1,1,0,60.6933010421,0.0000000000,0.5963920792,0.0000000000
920000.08,0,1.00,0.0000000000,427.6214446584,0.0000000000,1.8738042749
920000.08,0.02,.98,1.3266219569,422.6090028983,0.0144474200,2.6384992195
920000.08,0.04,.96,2.6304241117,410.0645106838,0.0078429081,2.5607826142
920000.08,0.06,.94,3.9389469123,399.9274560115,0.0231390548,2.5679323572
920000.08,0.08,.92,5.2672964246,390.2718117161,0.0300950135,1.4994577613
920000.08,0.1,.90,6.5454263022,380.3181094969,0.0341822819,2.7341749648
920000.08,0.12,.88,7.8384011039,370.5575113485,0.0328815930,1.5025190703
920000.08,0.14,.86,9.1736407500,361.6867345550,0.0397807397,2.1466846096
920000.08,0.16,.84,10.4253350120,351.5754087275,0.0769913044,1.8441659868
920000.08,0.18,.82,11.7253204746,342.8967443149,0.0678892117,1.3371343916
920000.08,0.2,.80,13.0170297415,332.6817868876,0.0418935792,1.6565459240
920000.08,0.22,.78,14.2526336325,322.3863372926,0.0554502346,2.0028201429
920000.08,0.24,.76,15.5033435896,313.7987981677,0.0793653762,2.2796611323
920000.08,0.26,.74,16.8583095083,305.4152717031,0.1013856316,1.7030485153
920000.08,0.28,.72,18.1254513299,295.4762244576,0.0616831725,2.3714132726
920000.08,0.3,.70,19.3852209091,285.7529799640,0.0261333673,2.2804733244
920000.08,0.32,.68,20.6151600253,276.4875105702,0.1337090109,1.8741237675
920000.08,0.34,.66,21.9131166147,268.3600604884,0.0229259081,1.3961393910
920000.08,0.36,.64,23.1719420648,259.1970106289,0.0713279239,1.3711522133
920000.08,0.38,.62,24.3889044275,250.4687066250,0.0852176581,0.8874771634
920000.08,0.4,.60,25.6818792291,241.8225476052,0.0420192602,1.3908599178
920000.08,0.42,.58,26.8448655284,234.0993764598,0.0956569467,1.0524574721
920000.08,0.44,.56,28.2023022531,226.2977516205,0.0904020337,1.3947004746
920000.08,0.46,.54,29.4987321656,216.3909893922,0.2143151606,2.2314874968
920000.08,0.48,.52,30.6748760092,208.3310293208,0.1311000868,1.8266038382
920000.08,0.5,.50,31.8466407007,198.4085102411,0.1296670230,1.1567839325
920000.08,0.52,.48,33.1904779483,191.6526224545,0.1819626492,0.4667877876
920000.08,0.54,.46,34.3501095760,181.4539728175,0.1242088813,1.1596746281
920000.08,0.56,.44,35.6816329692,173.5793485791,0.1595547926,0.8852590113
920000.08,0.58,.42,36.8579977792,165.8032873029,0.1431513547,0.6969397854
920000.08,0.6,.40,38.0469375857,158.1478816374,0.1667535337,1.5700750221
920000.08,0.62,.38,39.2544184813,149.1249355304,0.2166462102,1.4628033639
920000.08,0.64,.36,40.5131234043,141.0007910818,0.1369050045,1.5944861194
920000.08,0.66,.34,41.6404336751,132.7474514701,0.3108643810,0.8628245727
920000.08,0.68,.32,42.9276633505,124.7728318284,0.2202651187,0.9026053384
920000.08,0.7,.30,44.0605982205,116.9701051114,0.1268471132,0.5450489420
920000.08,0.72,.28,45.3476872809,108.7109255478,0.3080594232,1.4968011675
920000.08,0.74,.26,46.5315247726,100.7034699499,0.1540895522,0.9789374830
920000.08,0.76,.24,47.6267346529,92.5539272197,0.2125212439,0.4659650295
920000.08,0.78,.22,49.0621725142,85.1221476380,0.3816165749,0.5004965165
920000.08,0.8,.20,50.1078457469,76.8959693122,0.1279981238,0.6412768521
920000.08,0.82,.18,51.2490367248,69.1126907370,0.2494225483,0.7428806484
920000.08,0.84,.16,52.5232896467,61.6381582997,0.3568355557,0.4760825448
920000.08,0.86,.14,53.5794688270,53.6839784897,0.3762410422,0.3871399349
920000.08,0.88,.12,54.8688679906,45.6255059533,0.3168651419,0.4310276498
920000.08,0.9,.10,56.0975214842,38.5859948409,0.3007114522,0.3011384652
920000.08,0.92,.08,57.5358921721,30.8743383176,0.4233593946,0.2160430507
920000.08,0.94,.06,58.5624819437,23.1465392858,0.4604099076,0.1036090637
920000.08,0.96,.04,59.7936665069,15.3894303065,0.3174275624,0.1644460987
920000.08,0.98,.02,61.1267768405,7.7189840101,0.5432145696,0.0912843533
920000.08,1,0,62.1353277194,0.0000000000,0.3982272485,0.0000000000
940000.06,0,1.00,0.0000000000,438.8663822869,0.0000000000,4.3063247273
940000.06,0.02,.98,1.3537807353,431.2682191691,0.0275262125,2.1573885502
940000.06,0.04,.96,2.6940423449,418.2494787827,0.0203168495,3.1254095432
940000.06,0.06,.94,4.0445487600,410.7999038758,0.0232276150,3.3614606370
940000.06,0.08,.92,5.3593590588,399.7283467070,0.0277014347,3.1711484403
940000.06,0.1,.90,6.6923890411,389.9294032138,0.0439964663,3.4457473520
940000.06,0.12,.88,8.0266644703,380.9739471173,0.0261559656,1.3297709593
940000.06,0.14,.86,9.3821124974,370.8048828972,0.0454611951,3.1163977601
940000.06,0.16,.84,10.6489931769,358.0984146574,0.0578522665,2.3652412119
940000.06,0.18,.82,12.0112108108,350.9234827729,0.0523066554,3.2238265529
940000.06,0.2,.80,13.2782722810,340.6353055709,0.1072924122,4.5686781436
940000.06,0.22,.78,14.5774341416,330.3712594911,0.0885407450,1.4011810772
940000.06,0.24,.76,15.8762946844,321.0991788310,0.0504047817,2.0551784286
940000.06,0.26,.74,17.2264997817,312.3115387116,0.0593350113,2.5996051790
940000.06,0.28,.72,18.4821513509,302.1075449677,0.0988897970,2.5242340333
940000.06,0.3,.70,19.7307119077,292.9692322631,0.0613620273,1.4674947608
940000.06,0.32,.68,21.0932710351,284.4167879437,0.0540730983,1.8201581424
940000.06,0.34,.66,22.3041869537,274.9575533524,0.0765753340,1.3936624484
940000.06,0.36,.64,23.6098171033,265.5534677412,0.1686055494,3.0509978104
940000.06,0.38,.62,24.9262344304,257.1660296107,0.1150806104,1.8595968903
940000.06,0.4,.60,26.1618584093,247.0700198835,0.1258042516,0.8521436967
940000.06,0.42,.58,27.3739193356,238.1026635076,0.1348240195,1.1153182732
940000.06,0.44,.56,28.7626328487,230.5781058217,0.1194403457,2.3150099641
940000.06,0.46,.54,30.0198110948,220.0233843986,0.1453930389,0.5508297751
940000.06,0.48,.52,31.3176471571,212.5925414130,0.1585473775,1.2243751160
940000.06,0.5,.50,32.5667299980,203.9143177515,0.1077512398,1.0730394727
940000.06,0.52,.48,33.8290105590,195.6173437820,0.2844872570,2.4048568308
940000.06,0.54,.46,35.2329908411,186.3577143402,0.1353759696,1.3630210552
940000.06,0.56,.44,36.2757513350,177.8191536800,0.1982273661,0.9309288039
940000.06,0.58,.42,37.7003015794,169.3802578599,0.3432993758,0.8973962103
940000.06,0.6,.40,38.8481014612,160.7929942044,0.1229108579,0.8075070209
940000.06,0.62,.38,40.1025879349,152.7894502725,0.2020113695,1.0168260090
940000.06,0.64,.36,41.4553843653,144.1104002027,0.2320804485,0.2810782247
940000.06,0.66,.34,42.6091503397,136.5710222614,0.1646456129,0.3646188127
940000.06,0.68,.32,43.9253868761,126.9096482019,0.3159671255,0.5149261561
940000.06,0.7,.30,45.0996022858,119.1539165698,0.2561606756,1.0938280561
940000.06,0.72,.28,46.3759845201,111.3751005994,0.1077836870,0.4081461006
940000.06,0.74,.26,47.4966858870,102.6097184100,0.1900203405,0.5013508673
940000.06,0.76,.24,48.7521767534,94.6225373622,0.2886599553,0.7538186472
940000.06,0.78,.22,49.9628114421,86.2887606768,0.2829713057,0.6458333674
940000.06,0.8,.20,51.2206324994,78.9129564835,0.2078208012,0.5456759144
940000.06,0.82,.18,52.5036236377,70.6155417629,0.2503365146,0.2378321919
940000.06,0.84,.16,53.8388431960,62.6103450144,0.1894180024,0.3564376407
940000.06,0.86,.14,54.8888353174,55.1150421820,0.2302734123,0.6589282997
940000.06,0.88,.12,56.2301414954,47.1503394397,0.4416372337,0.2226948416
940000.06,0.9,.10,57.5030686189,39.2535674591,0.2586266010,0.3225891833
940000.06,0.92,.08,58.5392202089,31.3134916840,0.4269932722,0.3183299814
940000.06,0.94,.06,59.7524663186,23.5335738358,0.3296627606,0.1973069548
940000.06,0.96,.04,61.1266764013,15.8572324936,0.3154162460,0.1557252934
940000.06,0.98,.02,62.2748177766,7.9116473299,0.5033242628,0.0870669516
940000.06,1,0,63.4815554216,0.0000000000,0.2311430983,0.0000000000
960000.04,0,1.00,0.0000000000,451.8006637458,0.0000000000,4.4817033781
960000.04,0.02,.98,1.3752546511,439.5137354489,0.0167174502,2.2979388431
960000.04,0.04,.96,2.7482393746,429.2713963602,0.0277902540,2.4820331272
960000.04,0.06,.94,4.1091111223,418.4988888053,0.0302403529,3.9766217801
960000.04,0.08,.92,5.4794643371,408.3357196309,0.0403615536,3.4327887747
960000.04,0.1,.90,6.8275401219,399.1011579073,0.0502676217,1.3427720156
960000.04,0.12,.88,8.1936146237,387.8658617089,0.0564921018,3.5954582970
960000.04,0.14,.86,9.5546269864,378.4321906808,0.0566382775,1.8780013237
960000.04,0.16,.84,10.8643952339,367.7903658237,0.0348111814,2.3578225170
960000.04,0.18,.82,12.2158256902,357.5703397589,0.0198305100,1.7265002552
960000.04,0.2,.80,13.5507640186,348.0640549889,0.0445974242,1.9925144769
960000.04,0.22,.78,14.8680451234,337.1915520306,0.0531153101,1.0401970017
960000.04,0.24,.76,16.2719249662,328.7527113044,0.0950987005,3.1011369455
960000.04,0.26,.74,17.5546951381,319.4481803453,0.0689187444,1.5818328413
960000.04,0.28,.72,18.9153860951,310.3732807037,0.0881745659,1.2491764453
960000.04,0.3,.70,20.2297946369,299.5182425074,0.1352289496,2.3578106967
960000.04,0.32,.68,21.5106564626,290.2709540960,0.0535236256,1.3068366106
960000.04,0.34,.66,22.8584108418,281.5607759806,0.1340359356,1.9842502652
960000.04,0.36,.64,24.1277020637,271.5510983730,0.0504853651,1.2556777486
960000.04,0.38,.62,25.5299748782,262.1727967005,0.1426466760,1.9404616777
960000.04,0.4,.60,26.7530640363,252.4971533245,0.1193243692,1.9490542550
960000.04,0.42,.58,28.0423225850,244.3976358429,0.1690466572,1.3902637556
960000.04,0.44,.56,29.3323645599,234.9532766009,0.1619789943,1.0759202404
960000.04,0.46,.54,30.6198553775,225.4473223942,0.1119223142,2.0668700205
960000.04,0.48,.52,32.1410482868,218.2559725316,0.1539271647,1.6971778581
960000.04,0.5,.50,33.2274596872,208.2326867341,0.1309745869,1.3009977823
960000.04,0.52,.48,34.5399397950,199.4484624357,0.1429316908,0.4935978041
960000.04,0.54,.46,35.7896654473,190.5388444525,0.2137426336,1.2778046084
960000.04,0.56,.44,37.0844481558,182.3192222991,0.1159278205,1.2284825010
960000.04,0.58,.42,38.3090840786,172.5558143625,0.0906333194,0.5333052305
960000.04,0.6,.40,39.6198968944,164.2574630459,0.1520399823,1.4759163834
960000.04,0.62,.38,40.8716715078,156.4809610187,0.1337493666,0.5826975201
960000.04,0.64,.36,42.2209927396,147.1947763238,0.2052636354,0.6690862139
960000.04,0.66,.34,43.4951452221,138.6761596504,0.2610121038,1.5441878602
960000.04,0.68,.32,44.6524868345,129.7025225715,0.1919910868,0.3519575089
960000.04,0.7,.30,45.9435733779,121.8294960558,0.2703710210,0.3601073557
960000.04,0.72,.28,47.2188708681,113.5651376669,0.2478607435,0.8439896803
960000.04,0.74,.26,48.6935202201,105.3825386050,0.1247691352,0.4548605335
960000.04,0.76,.24,49.9319765864,96.9100906082,0.1932529504,0.7884611292
960000.04,0.78,.22,51.2073745159,88.7464438432,0.3127033153,0.6540406128
960000.04,0.8,.20,52.4632269636,80.6618568048,0.2222921468,0.3961813978
960000.04,0.82,.18,53.5363201169,72.0213173614,0.2551132618,0.1210519514
960000.04,0.84,.16,54.7461914671,63.8874212948,0.2816230591,0.7391247679
960000.04,0.86,.14,56.1270908051,56.0703701674,0.4173072203,0.4370864408
960000.04,0.88,.12,57.3356363570,47.8731161319,0.3413984176,0.3049757113
960000.04,0.9,.10,58.4158807862,39.9262087149,0.4478378954,0.0907159699
960000.04,0.92,.08,59.7048982807,32.0199605858,0.3883135813,0.2060825162
960000.04,0.94,.06,61.0858177065,23.9952055077,0.3369146130,0.1355999155
960000.04,0.96,.04,62.2884373415,16.1162288523,0.2569233418,0.1701057340
960000.04,0.98,.02,63.4320187740,8.0934020602,0.1669116725,0.0699289977
960000.04,1,0,64.8359990561,0.0000000000,0.3525618220,0.0000000000
980000.02,0,1.00,0.0000000000,463.2935238619,0.0000000000,4.0823609268
980000.02,0.02,.98,1.4027147473,451.1808575268,0.0194593978,2.5740031422
980000.02,0.04,.96,2.8063535359,439.9087586125,0.0226116182,4.2742682691
980000.02,0.06,.94,4.2165208769,430.5596016057,0.0179821012,2.1218886120
980000.02,0.08,.92,5.5885212957,418.2849592454,0.0248781923,1.6682538267
980000.02,0.1,.90,6.9770339303,407.0978151035,0.0188006587,3.1745003177
980000.02,0.12,.88,8.3598416144,398.1664350352,0.0355668450,2.2979906946
980000.02,0.14,.86,9.7309983433,387.1868846562,0.0398756211,2.1376041228
980000.02,0.16,.84,11.0753779630,375.7127564614,0.0594636637,2.3039519300
980000.02,0.18,.82,12.4905270918,366.9229125866,0.0248279254,2.9394880988
980000.02,0.2,.80,13.8560391337,357.0986809997,0.0708811701,3.5104172204
980000.02,0.22,.78,15.2121299722,346.4812627343,0.0827091831,1.6100799523
980000.02,0.24,.76,16.5967455632,335.7614249345,0.0931035840,1.7722499030
980000.02,0.26,.74,17.9040831803,326.1271019731,0.0644321075,3.3070363800
980000.02,0.28,.72,19.2244578147,317.0900518312,0.0334222260,2.5647362555
980000.02,0.3,.70,20.6200011981,306.5662380783,0.0919374360,1.1639852569
980000.02,0.32,.68,21.9655258255,295.9573593651,0.1181181375,0.9046884023
980000.02,0.34,.66,23.3378677377,287.2738466906,0.1261764277,2.1311661735
980000.02,0.36,.64,24.6924921629,276.6653536346,0.1403438554,2.1938956261
980000.02,0.38,.62,25.9550539538,267.5365170785,0.0837475586,2.3440687133
980000.02,0.4,.60,27.3083525806,258.9128914582,0.1241982408,1.3457207739
980000.02,0.42,.58,28.6788464103,250.2489922071,0.0623997220,1.0625911170
980000.02,0.44,.56,30.0349171609,240.2984854332,0.2304529826,1.1428441882
980000.02,0.46,.54,31.2891224046,230.3171811770,0.1199841083,1.5172916535
980000.02,0.48,.52,32.5777381419,222.0576710501,0.1487030368,1.7502181357
980000.02,0.5,.50,33.8539596735,212.2378469741,0.2457392406,1.6906230819
980000.02,0.52,.48,35.2121396487,202.7255569705,0.1289664593,1.4089316693
980000.02,0.54,.46,36.5336793786,194.4619698960,0.1964305808,0.8331510928
980000.02,0.56,.44,37.8832014889,185.1685679020,0.1728017894,1.3365805673
980000.02,0.58,.42,39.1360407585,175.8733478097,0.1313862451,1.2960011528
980000.02,0.6,.40,40.4248774622,167.4539001314,0.3120893989,0.7937675535
980000.02,0.62,.38,41.8779323713,159.0263536518,0.1086227396,1.6715234743
980000.02,0.64,.36,42.9560876638,149.6601726342,0.1496094768,0.8608240042
980000.02,0.66,.34,44.3529568456,142.0667475906,0.2480501566,0.6401688022
980000.02,0.68,.32,45.7218838227,132.6311482765,0.2611262862,0.8769930001
980000.02,0.7,.30,47.1592702057,124.7617579573,0.3420109465,1.4052504152
980000.02,0.72,.28,48.3878232600,115.8353363388,0.1875863143,0.7816114022
980000.02,0.74,.26,49.6645871636,107.4509834659,0.1509270980,0.4080621759
980000.02,0.76,.24,50.8431013740,98.4176797083,0.2597603896,0.7191153259
980000.02,0.78,.22,52.2679127605,90.5735774828,0.1579089842,1.2628532646
980000.02,0.8,.20,53.5112906510,81.7673156299,0.0942461827,0.4984444523
980000.02,0.82,.18,54.5870755767,73.6838304692,0.3163764195,0.5112487793
980000.02,0.84,.16,56.0724920183,65.4898820668,0.0685495881,0.5405021867
980000.02,0.86,.14,57.3391718193,57.4030361790,0.2932442385,0.4845352195
980000.02,0.88,.12,58.5606338612,48.7261347708,0.3881807561,0.2287941443
980000.02,0.9,.10,59.9245991384,40.8990565561,0.7107530619,0.4719509390
980000.02,0.92,.08,61.0805145131,32.7216363196,0.4276081743,0.2790916086
980000.02,0.94,.06,62.3566958689,24.4756241948,0.1349186476,0.0744102130
980000.02,0.96,.04,63.4868987907,16.3729663617,0.3157855112,0.1109237687
980000.02,0.98,.02,64.9233611325,8.2422657405,0.5736403931,0.0728788170
980000.02,1,0,66.0655163274,0.0000000000,0.4951608904,0.0000000000
1000000,0,1.00,0.0000000000,475.0079164941,0.0000000000,4.6396508034
1000000,0.02,.98,1.4385113029,463.0146386103,0.0094992755,4.6778947369
1000000,0.04,.96,2.8671795574,450.9332656025,0.0239501817,2.1264886985
1000000,0.06,.94,4.2893594350,439.5918034855,0.0254840027,3.6730615883
1000000,0.08,.92,5.7040666311,428.3584906670,0.0248380057,2.6062779444
1000000,0.1,.90,7.1144750264,417.7024515874,0.0240117749,2.6105538839
1000000,0.12,.88,8.5230353392,405.1093665653,0.0612143303,0.7157026020
1000000,0.14,.86,9.9123113122,394.2822609692,0.0495680693,2.1775718556
1000000,0.16,.84,11.3827422149,385.1224065551,0.0655179699,2.9728304784
1000000,0.18,.82,12.7561889591,374.8831527241,0.1157824926,2.9687218335
1000000,0.2,.80,14.1387756768,364.5857197492,0.0410972246,3.6048112727
1000000,0.22,.78,15.5585048363,352.2725116687,0.0740388975,2.4018461683
1000000,0.24,.76,16.9170664809,344.3209763652,0.0942853061,1.6626555192
1000000,0.26,.74,18.3190982411,334.2200632822,0.0867012442,2.1584047670
1000000,0.28,.72,19.6746868832,324.2232776440,0.0465791673,1.9324600989
1000000,0.3,.70,21.0493188108,314.1832433051,0.0916111489,1.8125476496
1000000,0.32,.68,22.3717424062,303.2366941639,0.0592902120,1.6885485745
1000000,0.34,.66,23.8222059822,294.5462396597,0.1393035300,1.7197106254
1000000,0.36,.64,25.2055359505,283.3617951182,0.1073115753,0.7701213508
1000000,0.38,.62,26.5313142175,274.6261636273,0.1443349936,1.3531537633
1000000,0.4,.60,27.8440554673,263.5856794103,0.0660050648,0.4865298351
1000000,0.42,.58,29.1956868023,255.3862216192,0.0831857142,1.9048470104
1000000,0.44,.56,30.5724882181,245.1293377446,0.1258566981,1.6777004559
1000000,0.46,.54,31.8988691207,236.0329514874,0.2393843447,1.7571642364
1000000,0.48,.52,33.3745228654,226.6210976382,0.2194974823,0.7557458875
1000000,0.5,.50,34.6834273351,217.2432367167,0.1283103364,1.4783784784
1000000,0.52,.48,35.9631240654,207.4577361318,0.2057612753,1.7277658531
1000000,0.54,.46,37.2965959804,199.2863211288,0.1470282306,0.5117696905
1000000,0.56,.44,38.6342461690,190.8108429683,0.1226956028,0.6536057977
1000000,0.58,.42,40.0020683142,180.3058713244,0.1057953207,1.0173736734
1000000,0.6,.40,41.2866865686,171.4131120703,0.3009154466,1.2433032566
1000000,0.62,.38,42.6373135108,162.1661542223,0.1983453097,1.0794270469
1000000,0.64,.36,44.1854040565,154.2622751304,0.2823520303,1.4281194518
1000000,0.66,.34,45.2665323513,144.0977837028,0.2875153083,0.9000469216
1000000,0.68,.32,46.6148090147,135.8292932724,0.1253674085,0.9428243920
1000000,0.7,.30,47.7183955301,126.9194549136,0.2965368381,0.5598264929
1000000,0.72,.28,49.1761108213,118.6277148634,0.3005625873,1.0380834725
1000000,0.74,.26,50.5358978249,109.6283489396,0.2658878163,0.6687384875
1000000,0.76,.24,51.9215780721,101.3057563131,0.1280011302,0.8615705809
1000000,0.78,.22,53.2380154870,92.2392860360,0.3694630689,0.4890297802
1000000,0.8,.20,54.5331396891,83.8654010015,0.2271627081,0.5467855570
1000000,0.82,.18,55.5432574205,74.5899596144,0.2117465490,0.4980040762
1000000,0.84,.16,57.0836141424,66.9573628178,0.2907684459,0.4716302258
1000000,0.86,.14,58.4243578606,58.2231637680,0.3332984155,0.4822175433
1000000,0.88,.12,59.4958640734,49.8059198451,0.3495596404,0.3891437007
1000000,0.9,.10,60.9267219039,41.5199095589,0.4854936037,0.1257803938
1000000,0.92,.08,62.2137908766,33.2270676309,0.2044955161,0.3084963923
1000000,0.94,.06,63.6767490976,25.0296483137,0.4989030707,0.2035468827
1000000,0.96,.04,64.8088603655,16.6737238861,0.4874817020,0.1434951942
1000000,0.98,.02,66.2316830545,8.4006055693,0.2629849965,0.0753104872
1000000,1,0,67.4557163417,0.0000000000,0.3721452937,0.0000000000
